court_id,facility_id,price_day,price_night,basePrice,original_summary
VN_0004_C01,VN_0004,120000,220000,120000,120.000đ - 220.000đ/h
VN_0004_C02,VN_0004,120000,220000,120000,120.000đ - 220.000đ/h
VN_0004_C03,VN_0004,120000,220000,120000,120.000đ - 220.000đ/h
VN_0004_C04,VN_0004,120000,220000,120000,120.000đ - 220.000đ/h
VN_0007_C01,VN_0007,120000,220000,120000,120.000đ - 220.000đ/h
VN_0007_C02,VN_0007,120000,220000,120000,120.000đ - 220.000đ/h
VN_0007_C03,VN_0007,120000,220000,120000,120.000đ - 220.000đ/h
VN_0007_C04,VN_0007,120000,220000,120000,120.000đ - 220.000đ/h
VN_0005_C01,VN_0005,120000,220000,120000,120.000đ - 220.000đ/h
VN_0005_C02,VN_0005,120000,220000,120000,120.000đ - 220.000đ/h
VN_0005_C03,VN_0005,120000,220000,120000,120.000đ - 220.000đ/h
VN_0005_C04,VN_0005,120000,220000,120000,120.000đ - 220.000đ/h
VN_0005_C05,VN_0005,120000,220000,120000,120.000đ - 220.000đ/h
VN_0005_C06,VN_0005,120000,220000,120000,120.000đ - 220.000đ/h
VN_0001_C01,VN_0001,120000,220000,120000,120.000đ - 220.000đ/h
VN_0001_C02,VN_0001,120000,220000,120000,120.000đ - 220.000đ/h
VN_0001_C03,VN_0001,120000,220000,120000,120.000đ - 220.000đ/h
VN_0001_C04,VN_0001,120000,220000,120000,120.000đ - 220.000đ/h
VN_0014_C01,VN_0014,120000,220000,120000,120.000đ - 220.000đ/h
VN_0014_C02,VN_0014,120000,220000,120000,120.000đ - 220.000đ/h
VN_0014_C03,VN_0014,120000,220000,120000,120.000đ - 220.000đ/h
VN_0003_C01,VN_0003,120000,220000,120000,120.000đ - 220.000đ/h
VN_0003_C02,VN_0003,120000,220000,120000,120.000đ - 220.000đ/h
VN_0003_C03,VN_0003,120000,220000,120000,120.000đ - 220.000đ/h
VN_0003_C04,VN_0003,120000,220000,120000,120.000đ - 220.000đ/h
VN_0003_C05,VN_0003,120000,220000,120000,120.000đ - 220.000đ/h
VN_0003_C06,VN_0003,120000,220000,120000,120.000đ - 220.000đ/h
VN_0003_C07,VN_0003,120000,220000,120000,120.000đ - 220.000đ/h
VN_0003_C08,VN_0003,120000,220000,120000,120.000đ - 220.000đ/h
VN_0006_C01,VN_0006,120000,220000,120000,120.000đ - 220.000đ/h
VN_0006_C02,VN_0006,120000,220000,120000,120.000đ - 220.000đ/h
VN_0006_C03,VN_0006,120000,220000,120000,120.000đ - 220.000đ/h
VN_0006_C04,VN_0006,120000,220000,120000,120.000đ - 220.000đ/h
VN_0006_C05,VN_0006,120000,220000,120000,120.000đ - 220.000đ/h
VN_0006_C06,VN_0006,120000,220000,120000,120.000đ - 220.000đ/h
VN_0006_C07,VN_0006,120000,220000,120000,120.000đ - 220.000đ/h
VN_0006_C08,VN_0006,120000,220000,120000,120.000đ - 220.000đ/h
VN_0015_C01,VN_0015,120000,220000,120000,120.000đ - 220.000đ/h
VN_0015_C02,VN_0015,120000,220000,120000,120.000đ - 220.000đ/h
VN_0015_C03,VN_0015,120000,220000,120000,120.000đ - 220.000đ/h
VN_0015_C04,VN_0015,120000,220000,120000,120.000đ - 220.000đ/h
VN_0016_C01,VN_0016,120000,220000,120000,120.000đ - 220.000đ/h
VN_0016_C02,VN_0016,120000,220000,120000,120.000đ - 220.000đ/h
VN_0016_C03,VN_0016,120000,220000,120000,120.000đ - 220.000đ/h
VN_0016_C04,VN_0016,120000,220000,120000,120.000đ - 220.000đ/h
VN_0016_C05,VN_0016,120000,220000,120000,120.000đ - 220.000đ/h
VN_0008_C01,VN_0008,120000,220000,120000,120.000đ - 220.000đ/h
VN_0008_C02,VN_0008,120000,220000,120000,120.000đ - 220.000đ/h
VN_0008_C03,VN_0008,120000,220000,120000,120.000đ - 220.000đ/h
VN_0008_C04,VN_0008,120000,220000,120000,120.000đ - 220.000đ/h
VN_0011_C01,VN_0011,100000,120000,100000,cao về chất lượng mặt sân mà còn bởi các dịch vụ tiện ích đa dạng, đáp ứng mọi nhu cầu của người chơi
VN_0011_C02,VN_0011,100000,120000,100000,cao về chất lượng mặt sân mà còn bởi các dịch vụ tiện ích đa dạng, đáp ứng mọi nhu cầu của người chơi
VN_0011_C03,VN_0011,100000,120000,100000,cao về chất lượng mặt sân mà còn bởi các dịch vụ tiện ích đa dạng, đáp ứng mọi nhu cầu của người chơi
VN_0011_C04,VN_0011,100000,120000,100000,cao về chất lượng mặt sân mà còn bởi các dịch vụ tiện ích đa dạng, đáp ứng mọi nhu cầu của người chơi
VN_0002_C01,VN_0002,120000,220000,120000,120.000đ - 220.000đ/h
VN_0002_C02,VN_0002,120000,220000,120000,120.000đ - 220.000đ/h
VN_0002_C03,VN_0002,120000,220000,120000,120.000đ - 220.000đ/h
VN_0002_C04,VN_0002,120000,220000,120000,120.000đ - 220.000đ/h
VN_0002_C05,VN_0002,120000,220000,120000,120.000đ - 220.000đ/h
VN_0002_C06,VN_0002,120000,220000,120000,120.000đ - 220.000đ/h
VN_0002_C07,VN_0002,120000,220000,120000,120.000đ - 220.000đ/h
VN_0002_C08,VN_0002,120000,220000,120000,120.000đ - 220.000đ/h
VN_0013_C01,VN_0013,100000,120000,100000,cả hợp lý để tập luyện và thi đấu
VN_0013_C02,VN_0013,100000,120000,100000,cả hợp lý để tập luyện và thi đấu
VN_0013_C03,VN_0013,100000,120000,100000,cả hợp lý để tập luyện và thi đấu
VN_0013_C04,VN_0013,100000,120000,100000,cả hợp lý để tập luyện và thi đấu
VN_0012_C01,VN_0012,120000,220000,120000,120.000đ - 220.000đ/h
VN_0012_C02,VN_0012,120000,220000,120000,120.000đ - 220.000đ/h
VN_0012_C03,VN_0012,120000,220000,120000,120.000đ - 220.000đ/h
VN_0012_C04,VN_0012,120000,220000,120000,120.000đ - 220.000đ/h
VN_0012_C05,VN_0012,120000,220000,120000,120.000đ - 220.000đ/h
VN_0012_C06,VN_0012,120000,220000,120000,120.000đ - 220.000đ/h
VN_0012_C07,VN_0012,120000,220000,120000,120.000đ - 220.000đ/h
VN_0012_C08,VN_0012,120000,220000,120000,120.000đ - 220.000đ/h
VN_0012_C09,VN_0012,120000,220000,120000,120.000đ - 220.000đ/h
VN_0018_C01,VN_0018,141180,141180,141180,hợp lý, ưu đãi hấp dẫn! Hệ thống 14 sân PICKLE BALL có mái che không bị ảnh hưởng bởi thời tiết đảm bảo chất lượng chơi, không ngại mưa nắng, kín gió … Hệ thống có 1 sân trung tâm có khán đài với 180 ghế dành cho khán giả, thích hợp tổ chức giải đấu lớn, quy mô
VN_0018_C02,VN_0018,141180,141180,141180,hợp lý, ưu đãi hấp dẫn! Hệ thống 14 sân PICKLE BALL có mái che không bị ảnh hưởng bởi thời tiết đảm bảo chất lượng chơi, không ngại mưa nắng, kín gió … Hệ thống có 1 sân trung tâm có khán đài với 180 ghế dành cho khán giả, thích hợp tổ chức giải đấu lớn, quy mô
VN_0018_C03,VN_0018,141180,141180,141180,hợp lý, ưu đãi hấp dẫn! Hệ thống 14 sân PICKLE BALL có mái che không bị ảnh hưởng bởi thời tiết đảm bảo chất lượng chơi, không ngại mưa nắng, kín gió … Hệ thống có 1 sân trung tâm có khán đài với 180 ghế dành cho khán giả, thích hợp tổ chức giải đấu lớn, quy mô
VN_0018_C04,VN_0018,141180,141180,141180,hợp lý, ưu đãi hấp dẫn! Hệ thống 14 sân PICKLE BALL có mái che không bị ảnh hưởng bởi thời tiết đảm bảo chất lượng chơi, không ngại mưa nắng, kín gió … Hệ thống có 1 sân trung tâm có khán đài với 180 ghế dành cho khán giả, thích hợp tổ chức giải đấu lớn, quy mô
VN_0009_C01,VN_0009,100000,120000,100000,c thoải mái tối đa cho người chơi
VN_0009_C02,VN_0009,100000,120000,100000,c thoải mái tối đa cho người chơi
VN_0009_C03,VN_0009,100000,120000,100000,c thoải mái tối đa cho người chơi
VN_0009_C04,VN_0009,100000,120000,100000,c thoải mái tối đa cho người chơi
VN_0020_C01,VN_0020,100000,120000,100000,c bóng chân thực, độ nảy chuẩn, kháng nước, chống trơn trượt, không làm mòn đế giày
VN_0020_C02,VN_0020,100000,120000,100000,c bóng chân thực, độ nảy chuẩn, kháng nước, chống trơn trượt, không làm mòn đế giày
VN_0020_C03,VN_0020,100000,120000,100000,c bóng chân thực, độ nảy chuẩn, kháng nước, chống trơn trượt, không làm mòn đế giày
VN_0020_C04,VN_0020,100000,120000,100000,c bóng chân thực, độ nảy chuẩn, kháng nước, chống trơn trượt, không làm mòn đế giày
VN_0023_C01,VN_0023,120000,220000,120000,120.000đ - 220.000đ/h
VN_0023_C02,VN_0023,120000,220000,120000,120.000đ - 220.000đ/h
VN_0023_C03,VN_0023,120000,220000,120000,120.000đ - 220.000đ/h
VN_0023_C04,VN_0023,120000,220000,120000,120.000đ - 220.000đ/h
VN_0025_C01,VN_0025,160000,160000,160000,hợp lý Mức giá thuê dao động từ 160
VN_0025_C02,VN_0025,160000,160000,160000,hợp lý Mức giá thuê dao động từ 160
VN_0025_C03,VN_0025,160000,160000,160000,hợp lý Mức giá thuê dao động từ 160
VN_0025_C04,VN_0025,160000,160000,160000,hợp lý Mức giá thuê dao động từ 160
VN_0021_C01,VN_0021,100000,120000,100000,cả hợp lý để tập luyện và thi đấu
VN_0021_C02,VN_0021,100000,120000,100000,cả hợp lý để tập luyện và thi đấu
VN_0010_C01,VN_0010,120000,220000,120000,120.000đ - 220.000đ/h
VN_0010_C02,VN_0010,120000,220000,120000,120.000đ - 220.000đ/h
VN_0010_C03,VN_0010,120000,220000,120000,120.000đ - 220.000đ/h
VN_0010_C04,VN_0010,120000,220000,120000,120.000đ - 220.000đ/h
VN_0017_C01,VN_0017,120000,220000,120000,120.000đ - 220.000đ/h
VN_0017_C02,VN_0017,120000,220000,120000,120.000đ - 220.000đ/h
VN_0017_C03,VN_0017,120000,220000,120000,120.000đ - 220.000đ/h
VN_0019_C01,VN_0019,120000,220000,120000,120.000đ - 220.000đ/h
VN_0019_C02,VN_0019,120000,220000,120000,120.000đ - 220.000đ/h
VN_0019_C03,VN_0019,120000,220000,120000,120.000đ - 220.000đ/h
VN_0019_C04,VN_0019,120000,220000,120000,120.000đ - 220.000đ/h
VN_0019_C05,VN_0019,120000,220000,120000,120.000đ - 220.000đ/h
VN_0019_C06,VN_0019,120000,220000,120000,120.000đ - 220.000đ/h
VN_0019_C07,VN_0019,120000,220000,120000,120.000đ - 220.000đ/h
VN_0019_C08,VN_0019,120000,220000,120000,120.000đ - 220.000đ/h
VN_0026_C01,VN_0026,120000,220000,120000,120.000đ - 220.000đ/h
VN_0026_C02,VN_0026,120000,220000,120000,120.000đ - 220.000đ/h
VN_0026_C03,VN_0026,120000,220000,120000,120.000đ - 220.000đ/h
VN_0026_C04,VN_0026,120000,220000,120000,120.000đ - 220.000đ/h
VN_0024_C01,VN_0024,120000,220000,120000,120.000đ - 220.000đ/h
VN_0024_C02,VN_0024,120000,220000,120000,120.000đ - 220.000đ/h
VN_0027_C01,VN_0027,120000,220000,120000,120.000đ - 220.000đ/h
VN_0027_C02,VN_0027,120000,220000,120000,120.000đ - 220.000đ/h
VN_0027_C03,VN_0027,120000,220000,120000,120.000đ - 220.000đ/h
VN_0027_C04,VN_0027,120000,220000,120000,120.000đ - 220.000đ/h
VN_0022_C01,VN_0022,120000,220000,120000,120.000đ - 220.000đ/h
VN_0022_C02,VN_0022,120000,220000,120000,120.000đ - 220.000đ/h
VN_0028_C01,VN_0028,120000,220000,120000,120.000đ - 220.000đ/h
VN_0028_C02,VN_0028,120000,220000,120000,120.000đ - 220.000đ/h
VN_0028_C03,VN_0028,120000,220000,120000,120.000đ - 220.000đ/h
VN_0028_C04,VN_0028,120000,220000,120000,120.000đ - 220.000đ/h
VN_0028_C05,VN_0028,120000,220000,120000,120.000đ - 220.000đ/h
VN_0028_C06,VN_0028,120000,220000,120000,120.000đ - 220.000đ/h
VN_0028_C07,VN_0028,120000,220000,120000,120.000đ - 220.000đ/h
VN_0028_C08,VN_0028,120000,220000,120000,120.000đ - 220.000đ/h
VN_0029_C01,VN_0029,200000,200000,200000,tham khảo: 200
VN_0029_C02,VN_0029,200000,200000,200000,tham khảo: 200
VN_0029_C03,VN_0029,200000,200000,200000,tham khảo: 200
VN_0029_C04,VN_0029,200000,200000,200000,tham khảo: 200
VN_0030_C01,VN_0030,150000,300000,150000,150.000đ - 300.000đ/h
VN_0030_C02,VN_0030,150000,300000,150000,150.000đ - 300.000đ/h
VN_0030_C03,VN_0030,150000,300000,150000,150.000đ - 300.000đ/h
VN_0030_C04,VN_0030,150000,300000,150000,150.000đ - 300.000đ/h
VN_0030_C05,VN_0030,150000,300000,150000,150.000đ - 300.000đ/h
VN_0030_C06,VN_0030,150000,300000,150000,150.000đ - 300.000đ/h
VN_0031_C01,VN_0031,100000,120000,100000,c di chuyển mượt mà như chơi trên một tấm thảm cao cấp! Full mái che, thoải mái thi đấu bất kể nắng hay mưa! Chỗ đỗ ô tô, xe máy rộng rãi, thuận tiện, đến là vào sân ngay!
VN_0031_C02,VN_0031,100000,120000,100000,c di chuyển mượt mà như chơi trên một tấm thảm cao cấp! Full mái che, thoải mái thi đấu bất kể nắng hay mưa! Chỗ đỗ ô tô, xe máy rộng rãi, thuận tiện, đến là vào sân ngay!
VN_0031_C03,VN_0031,100000,120000,100000,c di chuyển mượt mà như chơi trên một tấm thảm cao cấp! Full mái che, thoải mái thi đấu bất kể nắng hay mưa! Chỗ đỗ ô tô, xe máy rộng rãi, thuận tiện, đến là vào sân ngay!
VN_0031_C04,VN_0031,100000,120000,100000,c di chuyển mượt mà như chơi trên một tấm thảm cao cấp! Full mái che, thoải mái thi đấu bất kể nắng hay mưa! Chỗ đỗ ô tô, xe máy rộng rãi, thuận tiện, đến là vào sân ngay!
VN_0033_C01,VN_0033,120000,220000,120000,120.000đ - 220.000đ/h
VN_0033_C02,VN_0033,120000,220000,120000,120.000đ - 220.000đ/h
VN_0033_C03,VN_0033,120000,220000,120000,120.000đ - 220.000đ/h
VN_0033_C04,VN_0033,120000,220000,120000,120.000đ - 220.000đ/h
VN_0036_C01,VN_0036,120000,220000,120000,120.000đ - 220.000đ/h
VN_0036_C02,VN_0036,120000,220000,120000,120.000đ - 220.000đ/h
VN_0036_C03,VN_0036,120000,220000,120000,120.000đ - 220.000đ/h
VN_0036_C04,VN_0036,120000,220000,120000,120.000đ - 220.000đ/h
VN_0032_C01,VN_0032,100000,120000,100000,c thoải mái khi chơi
VN_0032_C02,VN_0032,100000,120000,100000,c thoải mái khi chơi
VN_0032_C03,VN_0032,100000,120000,100000,c thoải mái khi chơi
VN_0032_C04,VN_0032,100000,120000,100000,c thoải mái khi chơi
VN_0039_C01,VN_0039,100000,120000,100000,c thoải mái khi chơi trong nhà
VN_0039_C02,VN_0039,100000,120000,100000,c thoải mái khi chơi trong nhà
VN_0039_C03,VN_0039,100000,120000,100000,c thoải mái khi chơi trong nhà
VN_0039_C04,VN_0039,100000,120000,100000,c thoải mái khi chơi trong nhà
VN_0037_C01,VN_0037,120000,220000,120000,120.000đ - 220.000đ/h
VN_0037_C02,VN_0037,120000,220000,120000,120.000đ - 220.000đ/h
VN_0037_C03,VN_0037,120000,220000,120000,120.000đ - 220.000đ/h
VN_0037_C04,VN_0037,120000,220000,120000,120.000đ - 220.000đ/h
VN_0040_C01,VN_0040,120000,220000,120000,120.000đ - 220.000đ/h
VN_0040_C02,VN_0040,120000,220000,120000,120.000đ - 220.000đ/h
VN_0040_C03,VN_0040,120000,220000,120000,120.000đ - 220.000đ/h
VN_0040_C04,VN_0040,120000,220000,120000,120.000đ - 220.000đ/h
VN_0042_C01,VN_0042,100000,120000,100000,c thoải mái sau những trận đấu căng thẳng
VN_0042_C02,VN_0042,100000,120000,100000,c thoải mái sau những trận đấu căng thẳng
VN_0042_C03,VN_0042,100000,120000,100000,c thoải mái sau những trận đấu căng thẳng
VN_0042_C04,VN_0042,100000,120000,100000,c thoải mái sau những trận đấu căng thẳng
VN_0041_C01,VN_0041,100000,120000,100000,- SMASHZONE - SÂN PICKLEBALL TRONG NHÀ - Đã sẵn sàng thử thách bản thân? SmashZone mang đến sân Pickleball trong nhà, giúp bạn thoải mái chơi trong mọi điều kiện thời tiết! Tại SMASHZONE có: + Cho thuê sân theo giờ + Đào tạo Pickleball + Dịch vụ: cho thuê vợt, bóng, nhân viên nhặt bóng + Đồ ăn, uống đa dạng sau mỗi buổi tập
VN_0041_C02,VN_0041,100000,120000,100000,- SMASHZONE - SÂN PICKLEBALL TRONG NHÀ - Đã sẵn sàng thử thách bản thân? SmashZone mang đến sân Pickleball trong nhà, giúp bạn thoải mái chơi trong mọi điều kiện thời tiết! Tại SMASHZONE có: + Cho thuê sân theo giờ + Đào tạo Pickleball + Dịch vụ: cho thuê vợt, bóng, nhân viên nhặt bóng + Đồ ăn, uống đa dạng sau mỗi buổi tập
VN_0041_C03,VN_0041,100000,120000,100000,- SMASHZONE - SÂN PICKLEBALL TRONG NHÀ - Đã sẵn sàng thử thách bản thân? SmashZone mang đến sân Pickleball trong nhà, giúp bạn thoải mái chơi trong mọi điều kiện thời tiết! Tại SMASHZONE có: + Cho thuê sân theo giờ + Đào tạo Pickleball + Dịch vụ: cho thuê vợt, bóng, nhân viên nhặt bóng + Đồ ăn, uống đa dạng sau mỗi buổi tập
VN_0041_C04,VN_0041,100000,120000,100000,- SMASHZONE - SÂN PICKLEBALL TRONG NHÀ - Đã sẵn sàng thử thách bản thân? SmashZone mang đến sân Pickleball trong nhà, giúp bạn thoải mái chơi trong mọi điều kiện thời tiết! Tại SMASHZONE có: + Cho thuê sân theo giờ + Đào tạo Pickleball + Dịch vụ: cho thuê vợt, bóng, nhân viên nhặt bóng + Đồ ăn, uống đa dạng sau mỗi buổi tập
VN_0038_C01,VN_0038,120000,220000,120000,120.000đ - 220.000đ/h
VN_0038_C02,VN_0038,120000,220000,120000,120.000đ - 220.000đ/h
VN_0038_C03,VN_0038,120000,220000,120000,120.000đ - 220.000đ/h
VN_0038_C04,VN_0038,120000,220000,120000,120.000đ - 220.000đ/h
VN_0045_C01,VN_0045,120000,220000,120000,120.000đ - 220.000đ/h
VN_0045_C02,VN_0045,120000,220000,120000,120.000đ - 220.000đ/h
VN_0045_C03,VN_0045,120000,220000,120000,120.000đ - 220.000đ/h
VN_0045_C04,VN_0045,120000,220000,120000,120.000đ - 220.000đ/h
VN_0045_C05,VN_0045,120000,220000,120000,120.000đ - 220.000đ/h
VN_0045_C06,VN_0045,120000,220000,120000,120.000đ - 220.000đ/h
VN_0044_C01,VN_0044,110000,110000,110000,tại HK Pickleball Club Phạm Tu Mức giá thuê sân dao động từ 110
VN_0044_C02,VN_0044,110000,110000,110000,tại HK Pickleball Club Phạm Tu Mức giá thuê sân dao động từ 110
VN_0044_C03,VN_0044,110000,110000,110000,tại HK Pickleball Club Phạm Tu Mức giá thuê sân dao động từ 110
VN_0035_C01,VN_0035,130000,130000,130000,Pickleball Ace Chi phí thuê sân dao động từ 130
VN_0035_C02,VN_0035,130000,130000,130000,Pickleball Ace Chi phí thuê sân dao động từ 130
VN_0035_C03,VN_0035,130000,130000,130000,Pickleball Ace Chi phí thuê sân dao động từ 130
VN_0035_C04,VN_0035,130000,130000,130000,Pickleball Ace Chi phí thuê sân dao động từ 130
VN_0046_C01,VN_0046,120000,220000,120000,120.000đ - 220.000đ/h
VN_0046_C02,VN_0046,120000,220000,120000,120.000đ - 220.000đ/h
VN_0046_C03,VN_0046,120000,220000,120000,120.000đ - 220.000đ/h
VN_0046_C04,VN_0046,120000,220000,120000,120.000đ - 220.000đ/h
VN_0034_C01,VN_0034,120000,220000,120000,120.000đ - 220.000đ/h
VN_0034_C02,VN_0034,120000,220000,120000,120.000đ - 220.000đ/h
VN_0034_C03,VN_0034,120000,220000,120000,120.000đ - 220.000đ/h
VN_0034_C04,VN_0034,120000,220000,120000,120.000đ - 220.000đ/h
VN_0047_C01,VN_0047,120000,220000,120000,120.000đ - 220.000đ/h
VN_0047_C02,VN_0047,120000,220000,120000,120.000đ - 220.000đ/h
VN_0047_C03,VN_0047,120000,220000,120000,120.000đ - 220.000đ/h
VN_0047_C04,VN_0047,120000,220000,120000,120.000đ - 220.000đ/h
VN_0043_C01,VN_0043,1009699,1009699,1009699,vé: 100k/ người CLB 9699 là nơi giao lưu, rèn luyện mọi trình độ của các Pick thủ, trao đổi - tư vấn mọi thông tin trong hệ sinh thái Pickleball: vợt/ bóng/ sân/ kỹ chiến thuật
VN_0043_C02,VN_0043,1009699,1009699,1009699,vé: 100k/ người CLB 9699 là nơi giao lưu, rèn luyện mọi trình độ của các Pick thủ, trao đổi - tư vấn mọi thông tin trong hệ sinh thái Pickleball: vợt/ bóng/ sân/ kỹ chiến thuật
VN_0043_C03,VN_0043,1009699,1009699,1009699,vé: 100k/ người CLB 9699 là nơi giao lưu, rèn luyện mọi trình độ của các Pick thủ, trao đổi - tư vấn mọi thông tin trong hệ sinh thái Pickleball: vợt/ bóng/ sân/ kỹ chiến thuật
VN_0043_C04,VN_0043,1009699,1009699,1009699,vé: 100k/ người CLB 9699 là nơi giao lưu, rèn luyện mọi trình độ của các Pick thủ, trao đổi - tư vấn mọi thông tin trong hệ sinh thái Pickleball: vợt/ bóng/ sân/ kỹ chiến thuật
VN_0048_C01,VN_0048,100000,120000,100000,cả hợp lý để tập luyện
VN_0048_C02,VN_0048,100000,120000,100000,cả hợp lý để tập luyện
VN_0048_C03,VN_0048,100000,120000,100000,cả hợp lý để tập luyện
VN_0049_C01,VN_0049,100000,100000,100000,dao động từ 100
VN_0049_C02,VN_0049,100000,100000,100000,dao động từ 100
VN_0049_C03,VN_0049,100000,100000,100000,dao động từ 100
VN_0049_C04,VN_0049,100000,100000,100000,dao động từ 100
VN_0050_C01,VN_0050,120000,220000,120000,120.000đ - 220.000đ/h
VN_0050_C02,VN_0050,120000,220000,120000,120.000đ - 220.000đ/h
VN_0050_C03,VN_0050,120000,220000,120000,120.000đ - 220.000đ/h
VN_0050_C04,VN_0050,120000,220000,120000,120.000đ - 220.000đ/h
VN_0051_C01,VN_0051,120000,220000,120000,120.000đ - 220.000đ/h
VN_0051_C02,VN_0051,120000,220000,120000,120.000đ - 220.000đ/h
VN_0051_C03,VN_0051,120000,220000,120000,120.000đ - 220.000đ/h
VN_0051_C04,VN_0051,120000,220000,120000,120.000đ - 220.000đ/h
VN_0053_C01,VN_0053,120000,220000,120000,120.000đ - 220.000đ/h
VN_0053_C02,VN_0053,120000,220000,120000,120.000đ - 220.000đ/h
VN_0053_C03,VN_0053,120000,220000,120000,120.000đ - 220.000đ/h
VN_0053_C04,VN_0053,120000,220000,120000,120.000đ - 220.000đ/h
VN_0054_C01,VN_0054,100000,120000,100000,hợp lý, bạn hoàn toàn có thể yên tâm tập luyện và vui chơi mà không lo về chi phí
VN_0054_C02,VN_0054,100000,120000,100000,hợp lý, bạn hoàn toàn có thể yên tâm tập luyện và vui chơi mà không lo về chi phí
VN_0054_C03,VN_0054,100000,120000,100000,hợp lý, bạn hoàn toàn có thể yên tâm tập luyện và vui chơi mà không lo về chi phí
VN_0054_C04,VN_0054,100000,120000,100000,hợp lý, bạn hoàn toàn có thể yên tâm tập luyện và vui chơi mà không lo về chi phí
VN_0058_C01,VN_0058,120000,220000,120000,120.000đ - 220.000đ/h
VN_0058_C02,VN_0058,120000,220000,120000,120.000đ - 220.000đ/h
VN_0058_C03,VN_0058,120000,220000,120000,120.000đ - 220.000đ/h
VN_0058_C04,VN_0058,120000,220000,120000,120.000đ - 220.000đ/h
VN_0055_C01,VN_0055,120000,220000,120000,120.000đ - 220.000đ/h
VN_0055_C02,VN_0055,120000,220000,120000,120.000đ - 220.000đ/h
VN_0055_C03,VN_0055,120000,220000,120000,120.000đ - 220.000đ/h
VN_0055_C04,VN_0055,120000,220000,120000,120.000đ - 220.000đ/h
VN_0056_C01,VN_0056,120000,220000,120000,120.000đ - 220.000đ/h
VN_0056_C02,VN_0056,120000,220000,120000,120.000đ - 220.000đ/h
VN_0056_C03,VN_0056,120000,220000,120000,120.000đ - 220.000đ/h
VN_0056_C04,VN_0056,120000,220000,120000,120.000đ - 220.000đ/h
VN_0057_C01,VN_0057,120000,220000,120000,120.000đ - 220.000đ/h
VN_0057_C02,VN_0057,120000,220000,120000,120.000đ - 220.000đ/h
VN_0057_C03,VN_0057,120000,220000,120000,120.000đ - 220.000đ/h
VN_0057_C04,VN_0057,120000,220000,120000,120.000đ - 220.000đ/h
VN_0059_C01,VN_0059,100000,120000,100000,c chơi bóng chân thực, độ đàn hồi tốt và giảm thiểu chấn thương, phù hợp cho cả tập luyện lẫn thi đấu cường độ cao
VN_0059_C02,VN_0059,100000,120000,100000,c chơi bóng chân thực, độ đàn hồi tốt và giảm thiểu chấn thương, phù hợp cho cả tập luyện lẫn thi đấu cường độ cao
VN_0059_C03,VN_0059,100000,120000,100000,c chơi bóng chân thực, độ đàn hồi tốt và giảm thiểu chấn thương, phù hợp cho cả tập luyện lẫn thi đấu cường độ cao
VN_0059_C04,VN_0059,100000,120000,100000,c chơi bóng chân thực, độ đàn hồi tốt và giảm thiểu chấn thương, phù hợp cho cả tập luyện lẫn thi đấu cường độ cao
VN_0059_C05,VN_0059,100000,120000,100000,c chơi bóng chân thực, độ đàn hồi tốt và giảm thiểu chấn thương, phù hợp cho cả tập luyện lẫn thi đấu cường độ cao
VN_0059_C06,VN_0059,100000,120000,100000,c chơi bóng chân thực, độ đàn hồi tốt và giảm thiểu chấn thương, phù hợp cho cả tập luyện lẫn thi đấu cường độ cao
VN_0061_C01,VN_0061,20000,20000,20000,cực chill! Giảm ngay chi phí sân – trải nghiệm thể thao không lo về giá! ✨ Vì sao bạn không thể bỏ lỡ?✅ Tiết kiệm đến 20% so với giá gốc✅ Sân rộng rãi – thoáng mát – mặt sân chuẩn thi đấu✅ Trang bị hiện đại, hệ thống chiếu sáng xịn xò✅ Đặt sân nhanh – gọn – tiện lợi, không mất thời gian 📲 Đặt sân ngay hôm nay để giữ chỗ khung giờ đẹp – số lượng có hạn!
VN_0061_C02,VN_0061,20000,20000,20000,cực chill! Giảm ngay chi phí sân – trải nghiệm thể thao không lo về giá! ✨ Vì sao bạn không thể bỏ lỡ?✅ Tiết kiệm đến 20% so với giá gốc✅ Sân rộng rãi – thoáng mát – mặt sân chuẩn thi đấu✅ Trang bị hiện đại, hệ thống chiếu sáng xịn xò✅ Đặt sân nhanh – gọn – tiện lợi, không mất thời gian 📲 Đặt sân ngay hôm nay để giữ chỗ khung giờ đẹp – số lượng có hạn!
VN_0061_C03,VN_0061,20000,20000,20000,cực chill! Giảm ngay chi phí sân – trải nghiệm thể thao không lo về giá! ✨ Vì sao bạn không thể bỏ lỡ?✅ Tiết kiệm đến 20% so với giá gốc✅ Sân rộng rãi – thoáng mát – mặt sân chuẩn thi đấu✅ Trang bị hiện đại, hệ thống chiếu sáng xịn xò✅ Đặt sân nhanh – gọn – tiện lợi, không mất thời gian 📲 Đặt sân ngay hôm nay để giữ chỗ khung giờ đẹp – số lượng có hạn!
VN_0061_C04,VN_0061,20000,20000,20000,cực chill! Giảm ngay chi phí sân – trải nghiệm thể thao không lo về giá! ✨ Vì sao bạn không thể bỏ lỡ?✅ Tiết kiệm đến 20% so với giá gốc✅ Sân rộng rãi – thoáng mát – mặt sân chuẩn thi đấu✅ Trang bị hiện đại, hệ thống chiếu sáng xịn xò✅ Đặt sân nhanh – gọn – tiện lợi, không mất thời gian 📲 Đặt sân ngay hôm nay để giữ chỗ khung giờ đẹp – số lượng có hạn!
VN_0062_C01,VN_0062,120000,220000,120000,120.000đ - 220.000đ/h
VN_0062_C02,VN_0062,120000,220000,120000,120.000đ - 220.000đ/h
VN_0062_C03,VN_0062,120000,220000,120000,120.000đ - 220.000đ/h
VN_0062_C04,VN_0062,120000,220000,120000,120.000đ - 220.000đ/h
VN_0060_C01,VN_0060,100000,120000,100000,Cực Yêu! Bạn đam mê Pickleball? Hãy đến ngay TOP Pickleball để trải nghiệm sân chơi "sang - xịn - mịn" với mức giá siêu hợp lý! 🔥 Mặt sân chất lượng, không gian thoáng mát Hệ thống đèn LED hiện đại, chơi ngày hay đêm đều chuẩn Cộng đồng Pickleball năng động, thân thiện TOP Pickleball cam kết mang đến dịch vụ tốt nhất, giúp bạn tận hưởng những trận đấu đỉnh cao!
VN_0060_C02,VN_0060,100000,120000,100000,Cực Yêu! Bạn đam mê Pickleball? Hãy đến ngay TOP Pickleball để trải nghiệm sân chơi "sang - xịn - mịn" với mức giá siêu hợp lý! 🔥 Mặt sân chất lượng, không gian thoáng mát Hệ thống đèn LED hiện đại, chơi ngày hay đêm đều chuẩn Cộng đồng Pickleball năng động, thân thiện TOP Pickleball cam kết mang đến dịch vụ tốt nhất, giúp bạn tận hưởng những trận đấu đỉnh cao!
VN_0060_C03,VN_0060,100000,120000,100000,Cực Yêu! Bạn đam mê Pickleball? Hãy đến ngay TOP Pickleball để trải nghiệm sân chơi "sang - xịn - mịn" với mức giá siêu hợp lý! 🔥 Mặt sân chất lượng, không gian thoáng mát Hệ thống đèn LED hiện đại, chơi ngày hay đêm đều chuẩn Cộng đồng Pickleball năng động, thân thiện TOP Pickleball cam kết mang đến dịch vụ tốt nhất, giúp bạn tận hưởng những trận đấu đỉnh cao!
VN_0060_C04,VN_0060,100000,120000,100000,Cực Yêu! Bạn đam mê Pickleball? Hãy đến ngay TOP Pickleball để trải nghiệm sân chơi "sang - xịn - mịn" với mức giá siêu hợp lý! 🔥 Mặt sân chất lượng, không gian thoáng mát Hệ thống đèn LED hiện đại, chơi ngày hay đêm đều chuẩn Cộng đồng Pickleball năng động, thân thiện TOP Pickleball cam kết mang đến dịch vụ tốt nhất, giúp bạn tận hưởng những trận đấu đỉnh cao!
VN_0063_C01,VN_0063,120000,220000,120000,120.000đ - 220.000đ/h
VN_0063_C02,VN_0063,120000,220000,120000,120.000đ - 220.000đ/h
VN_0063_C03,VN_0063,120000,220000,120000,120.000đ - 220.000đ/h
VN_0063_C04,VN_0063,120000,220000,120000,120.000đ - 220.000đ/h
VN_0064_C01,VN_0064,120000,220000,120000,120.000đ - 220.000đ/h
VN_0064_C02,VN_0064,120000,220000,120000,120.000đ - 220.000đ/h
VN_0064_C03,VN_0064,120000,220000,120000,120.000đ - 220.000đ/h
VN_0064_C04,VN_0064,120000,220000,120000,120.000đ - 220.000đ/h
VN_0065_C01,VN_0065,120000,220000,120000,120.000đ - 220.000đ/h
VN_0065_C02,VN_0065,120000,220000,120000,120.000đ - 220.000đ/h
VN_0065_C03,VN_0065,120000,220000,120000,120.000đ - 220.000đ/h
VN_0066_C01,VN_0066,120000,220000,120000,120.000đ - 220.000đ/h
VN_0066_C02,VN_0066,120000,220000,120000,120.000đ - 220.000đ/h
VN_0066_C03,VN_0066,120000,220000,120000,120.000đ - 220.000đ/h
VN_0066_C04,VN_0066,120000,220000,120000,120.000đ - 220.000đ/h
VN_0067_C01,VN_0067,120000,220000,120000,120.000đ - 220.000đ/h
VN_0067_C02,VN_0067,120000,220000,120000,120.000đ - 220.000đ/h
VN_0067_C03,VN_0067,120000,220000,120000,120.000đ - 220.000đ/h
VN_0067_C04,VN_0067,120000,220000,120000,120.000đ - 220.000đ/h
VN_0068_C01,VN_0068,120000,220000,120000,120.000đ - 220.000đ/h
VN_0068_C02,VN_0068,120000,220000,120000,120.000đ - 220.000đ/h
VN_0068_C03,VN_0068,120000,220000,120000,120.000đ - 220.000đ/h
VN_0068_C04,VN_0068,120000,220000,120000,120.000đ - 220.000đ/h
VN_0069_C01,VN_0069,120000,220000,120000,120.000đ - 220.000đ/h
VN_0069_C02,VN_0069,120000,220000,120000,120.000đ - 220.000đ/h
VN_0069_C03,VN_0069,120000,220000,120000,120.000đ - 220.000đ/h
VN_0069_C04,VN_0069,120000,220000,120000,120.000đ - 220.000đ/h
VN_0071_C01,VN_0071,120000,220000,120000,120.000đ - 220.000đ/h
VN_0071_C02,VN_0071,120000,220000,120000,120.000đ - 220.000đ/h
VN_0071_C03,VN_0071,120000,220000,120000,120.000đ - 220.000đ/h
VN_0071_C04,VN_0071,120000,220000,120000,120.000đ - 220.000đ/h
VN_0073_C01,VN_0073,100000,120000,100000,cả hợp lý để tập luyện và thi đấu
VN_0073_C02,VN_0073,100000,120000,100000,cả hợp lý để tập luyện và thi đấu
VN_0073_C03,VN_0073,100000,120000,100000,cả hợp lý để tập luyện và thi đấu
VN_0073_C04,VN_0073,100000,120000,100000,cả hợp lý để tập luyện và thi đấu
VN_0072_C01,VN_0072,120000,220000,120000,120.000đ - 220.000đ/h
VN_0072_C02,VN_0072,120000,220000,120000,120.000đ - 220.000đ/h
VN_0072_C03,VN_0072,120000,220000,120000,120.000đ - 220.000đ/h
VN_0072_C04,VN_0072,120000,220000,120000,120.000đ - 220.000đ/h
VN_0070_C01,VN_0070,120000,220000,120000,120.000đ - 220.000đ/h
VN_0070_C02,VN_0070,120000,220000,120000,120.000đ - 220.000đ/h
VN_0070_C03,VN_0070,120000,220000,120000,120.000đ - 220.000đ/h
VN_0070_C04,VN_0070,120000,220000,120000,120.000đ - 220.000đ/h
VN_0052_C01,VN_0052,120000,220000,120000,120.000đ - 220.000đ/h
VN_0052_C02,VN_0052,120000,220000,120000,120.000đ - 220.000đ/h
VN_0052_C03,VN_0052,120000,220000,120000,120.000đ - 220.000đ/h
VN_0052_C04,VN_0052,120000,220000,120000,120.000đ - 220.000đ/h
VN_0074_C01,VN_0074,100000,120000,100000,SÂN TẬP:- Khung 16h-24h SÂN ĐÔI GIẢM 35% Chỉ còn 130K/1H🔥🔥🔥- Khung 5h-16h SÂN ĐÔI GIẢM 45% Chỉ còn 80K/1H🔥🔥🔥⚡️ Trải nghiệm Ưu Điểm của sân tập Pickleball trải thảm chuẩn Olympics trong nhà tại CLB 728 Trương Định cùng với ƯU ĐÃI lên đến 45% 🥰✨ Thảm PVC 7 lớp hấp thụ sốc
VN_0074_C02,VN_0074,100000,120000,100000,SÂN TẬP:- Khung 16h-24h SÂN ĐÔI GIẢM 35% Chỉ còn 130K/1H🔥🔥🔥- Khung 5h-16h SÂN ĐÔI GIẢM 45% Chỉ còn 80K/1H🔥🔥🔥⚡️ Trải nghiệm Ưu Điểm của sân tập Pickleball trải thảm chuẩn Olympics trong nhà tại CLB 728 Trương Định cùng với ƯU ĐÃI lên đến 45% 🥰✨ Thảm PVC 7 lớp hấp thụ sốc
VN_0074_C03,VN_0074,100000,120000,100000,SÂN TẬP:- Khung 16h-24h SÂN ĐÔI GIẢM 35% Chỉ còn 130K/1H🔥🔥🔥- Khung 5h-16h SÂN ĐÔI GIẢM 45% Chỉ còn 80K/1H🔥🔥🔥⚡️ Trải nghiệm Ưu Điểm của sân tập Pickleball trải thảm chuẩn Olympics trong nhà tại CLB 728 Trương Định cùng với ƯU ĐÃI lên đến 45% 🥰✨ Thảm PVC 7 lớp hấp thụ sốc
VN_0074_C04,VN_0074,100000,120000,100000,SÂN TẬP:- Khung 16h-24h SÂN ĐÔI GIẢM 35% Chỉ còn 130K/1H🔥🔥🔥- Khung 5h-16h SÂN ĐÔI GIẢM 45% Chỉ còn 80K/1H🔥🔥🔥⚡️ Trải nghiệm Ưu Điểm của sân tập Pickleball trải thảm chuẩn Olympics trong nhà tại CLB 728 Trương Định cùng với ƯU ĐÃI lên đến 45% 🥰✨ Thảm PVC 7 lớp hấp thụ sốc
VN_0076_C01,VN_0076,120000,220000,120000,120.000đ - 220.000đ/h
VN_0076_C02,VN_0076,120000,220000,120000,120.000đ - 220.000đ/h
VN_0076_C03,VN_0076,120000,220000,120000,120.000đ - 220.000đ/h
VN_0075_C01,VN_0075,120000,220000,120000,120.000đ - 220.000đ/h
VN_0075_C02,VN_0075,120000,220000,120000,120.000đ - 220.000đ/h
VN_0075_C03,VN_0075,120000,220000,120000,120.000đ - 220.000đ/h
VN_0075_C04,VN_0075,120000,220000,120000,120.000đ - 220.000đ/h
VN_0075_C05,VN_0075,120000,220000,120000,120.000đ - 220.000đ/h
VN_0077_C01,VN_0077,120000,220000,120000,120.000đ - 220.000đ/h
VN_0077_C02,VN_0077,120000,220000,120000,120.000đ - 220.000đ/h
VN_0077_C03,VN_0077,120000,220000,120000,120.000đ - 220.000đ/h
VN_0077_C04,VN_0077,120000,220000,120000,120.000đ - 220.000đ/h
VN_0079_C01,VN_0079,120000,220000,120000,120.000đ - 220.000đ/h
VN_0079_C02,VN_0079,120000,220000,120000,120.000đ - 220.000đ/h
VN_0079_C03,VN_0079,120000,220000,120000,120.000đ - 220.000đ/h
VN_0079_C04,VN_0079,120000,220000,120000,120.000đ - 220.000đ/h
VN_0078_C01,VN_0078,120000,220000,120000,120.000đ - 220.000đ/h
VN_0078_C02,VN_0078,120000,220000,120000,120.000đ - 220.000đ/h
VN_0078_C03,VN_0078,120000,220000,120000,120.000đ - 220.000đ/h
VN_0078_C04,VN_0078,120000,220000,120000,120.000đ - 220.000đ/h
VN_0082_C01,VN_0082,120000,220000,120000,120.000đ - 220.000đ/h
VN_0082_C02,VN_0082,120000,220000,120000,120.000đ - 220.000đ/h
VN_0082_C03,VN_0082,120000,220000,120000,120.000đ - 220.000đ/h
VN_0082_C04,VN_0082,120000,220000,120000,120.000đ - 220.000đ/h
VN_0081_C01,VN_0081,120000,220000,120000,120.000đ - 220.000đ/h
VN_0081_C02,VN_0081,120000,220000,120000,120.000đ - 220.000đ/h
VN_0081_C03,VN_0081,120000,220000,120000,120.000đ - 220.000đ/h
VN_0081_C04,VN_0081,120000,220000,120000,120.000đ - 220.000đ/h
VN_0084_C01,VN_0084,120000,220000,120000,120.000đ - 220.000đ/h
VN_0084_C02,VN_0084,120000,220000,120000,120.000đ - 220.000đ/h
VN_0084_C03,VN_0084,120000,220000,120000,120.000đ - 220.000đ/h
VN_0084_C04,VN_0084,120000,220000,120000,120.000đ - 220.000đ/h
VN_0085_C01,VN_0085,120000,220000,120000,120.000đ - 220.000đ/h
VN_0085_C02,VN_0085,120000,220000,120000,120.000đ - 220.000đ/h
VN_0085_C03,VN_0085,120000,220000,120000,120.000đ - 220.000đ/h
VN_0085_C04,VN_0085,120000,220000,120000,120.000đ - 220.000đ/h
VN_0083_C01,VN_0083,100000,120000,100000,dễ chịu, thích hợp cho cả người chơi lâu năm lẫn người mới làm quen với bộ môn Pickleball
VN_0083_C02,VN_0083,100000,120000,100000,dễ chịu, thích hợp cho cả người chơi lâu năm lẫn người mới làm quen với bộ môn Pickleball
VN_0083_C03,VN_0083,100000,120000,100000,dễ chịu, thích hợp cho cả người chơi lâu năm lẫn người mới làm quen với bộ môn Pickleball
VN_0083_C04,VN_0083,100000,120000,100000,dễ chịu, thích hợp cho cả người chơi lâu năm lẫn người mới làm quen với bộ môn Pickleball
VN_0087_C01,VN_0087,120000,220000,120000,120.000đ - 220.000đ/h
VN_0087_C02,VN_0087,120000,220000,120000,120.000đ - 220.000đ/h
VN_0080_C01,VN_0080,120000,220000,120000,120.000đ - 220.000đ/h
VN_0080_C02,VN_0080,120000,220000,120000,120.000đ - 220.000đ/h
VN_0080_C03,VN_0080,120000,220000,120000,120.000đ - 220.000đ/h
VN_0080_C04,VN_0080,120000,220000,120000,120.000đ - 220.000đ/h
VN_0086_C01,VN_0086,120000,220000,120000,120.000đ - 220.000đ/h
VN_0086_C02,VN_0086,120000,220000,120000,120.000đ - 220.000đ/h
VN_0086_C03,VN_0086,120000,220000,120000,120.000đ - 220.000đ/h
VN_0086_C04,VN_0086,120000,220000,120000,120.000đ - 220.000đ/h
VN_0090_C01,VN_0090,120000,220000,120000,120.000đ - 220.000đ/h
VN_0090_C02,VN_0090,120000,220000,120000,120.000đ - 220.000đ/h
VN_0090_C03,VN_0090,120000,220000,120000,120.000đ - 220.000đ/h
VN_0090_C04,VN_0090,120000,220000,120000,120.000đ - 220.000đ/h
VN_0088_C01,VN_0088,120000,220000,120000,120.000đ - 220.000đ/h
VN_0088_C02,VN_0088,120000,220000,120000,120.000đ - 220.000đ/h
VN_0088_C03,VN_0088,120000,220000,120000,120.000đ - 220.000đ/h
VN_0088_C04,VN_0088,120000,220000,120000,120.000đ - 220.000đ/h
VN_0091_C01,VN_0091,120000,220000,120000,120.000đ - 220.000đ/h
VN_0091_C02,VN_0091,120000,220000,120000,120.000đ - 220.000đ/h
VN_0091_C03,VN_0091,120000,220000,120000,120.000đ - 220.000đ/h
VN_0091_C04,VN_0091,120000,220000,120000,120.000đ - 220.000đ/h
VN_0089_C01,VN_0089,120000,220000,120000,120.000đ - 220.000đ/h
VN_0089_C02,VN_0089,120000,220000,120000,120.000đ - 220.000đ/h
VN_0089_C03,VN_0089,120000,220000,120000,120.000đ - 220.000đ/h
VN_0089_C04,VN_0089,120000,220000,120000,120.000đ - 220.000đ/h
VN_0093_C01,VN_0093,120000,220000,120000,120.000đ - 220.000đ/h
VN_0093_C02,VN_0093,120000,220000,120000,120.000đ - 220.000đ/h
VN_0093_C03,VN_0093,120000,220000,120000,120.000đ - 220.000đ/h
VN_0093_C04,VN_0093,120000,220000,120000,120.000đ - 220.000đ/h
VN_0094_C01,VN_0094,100000,120000,100000,c chơi vô cùng mượt mà, bảo vệ cơ thể khỏi chấn thương đảm bảo mọi trận đấu luôn an toàn và đầy cảm hứng
VN_0094_C02,VN_0094,100000,120000,100000,c chơi vô cùng mượt mà, bảo vệ cơ thể khỏi chấn thương đảm bảo mọi trận đấu luôn an toàn và đầy cảm hứng
VN_0094_C03,VN_0094,100000,120000,100000,c chơi vô cùng mượt mà, bảo vệ cơ thể khỏi chấn thương đảm bảo mọi trận đấu luôn an toàn và đầy cảm hứng
VN_0094_C04,VN_0094,100000,120000,100000,c chơi vô cùng mượt mà, bảo vệ cơ thể khỏi chấn thương đảm bảo mọi trận đấu luôn an toàn và đầy cảm hứng
VN_0092_C01,VN_0092,150000,300000,150000,150.000đ - 300.000đ/h
VN_0092_C02,VN_0092,150000,300000,150000,150.000đ - 300.000đ/h
VN_0092_C03,VN_0092,150000,300000,150000,150.000đ - 300.000đ/h
VN_0092_C04,VN_0092,150000,300000,150000,150.000đ - 300.000đ/h
VN_0092_C05,VN_0092,150000,300000,150000,150.000đ - 300.000đ/h
VN_0092_C06,VN_0092,150000,300000,150000,150.000đ - 300.000đ/h
VN_0095_C01,VN_0095,120000,220000,120000,120.000đ - 220.000đ/h
VN_0095_C02,VN_0095,120000,220000,120000,120.000đ - 220.000đ/h
VN_0095_C03,VN_0095,120000,220000,120000,120.000đ - 220.000đ/h
VN_0095_C04,VN_0095,120000,220000,120000,120.000đ - 220.000đ/h
VN_0096_C01,VN_0096,170488,170488,170488,đã bao gồm 1 nước chỉ 70k📍 Địa chỉ: số 488 Minh Khai - Vĩnh Tuy - Hai Bà Trưng - HN
VN_0096_C02,VN_0096,170488,170488,170488,đã bao gồm 1 nước chỉ 70k📍 Địa chỉ: số 488 Minh Khai - Vĩnh Tuy - Hai Bà Trưng - HN
VN_0096_C03,VN_0096,170488,170488,170488,đã bao gồm 1 nước chỉ 70k📍 Địa chỉ: số 488 Minh Khai - Vĩnh Tuy - Hai Bà Trưng - HN
VN_0096_C04,VN_0096,170488,170488,170488,đã bao gồm 1 nước chỉ 70k📍 Địa chỉ: số 488 Minh Khai - Vĩnh Tuy - Hai Bà Trưng - HN
VN_0100_C01,VN_0100,120000,220000,120000,120.000đ - 220.000đ/h
VN_0100_C02,VN_0100,120000,220000,120000,120.000đ - 220.000đ/h
VN_0100_C03,VN_0100,120000,220000,120000,120.000đ - 220.000đ/h
VN_0100_C04,VN_0100,120000,220000,120000,120.000đ - 220.000đ/h
VN_0098_C01,VN_0098,120000,220000,120000,120.000đ - 220.000đ/h
VN_0098_C02,VN_0098,120000,220000,120000,120.000đ - 220.000đ/h
VN_0098_C03,VN_0098,120000,220000,120000,120.000đ - 220.000đ/h
VN_0098_C04,VN_0098,120000,220000,120000,120.000đ - 220.000đ/h
VN_0104_C01,VN_0104,120000,220000,120000,120.000đ - 220.000đ/h
VN_0104_C02,VN_0104,120000,220000,120000,120.000đ - 220.000đ/h
VN_0104_C03,VN_0104,120000,220000,120000,120.000đ - 220.000đ/h
VN_0104_C04,VN_0104,120000,220000,120000,120.000đ - 220.000đ/h
VN_0102_C01,VN_0102,120000,220000,120000,120.000đ - 220.000đ/h
VN_0102_C02,VN_0102,120000,220000,120000,120.000đ - 220.000đ/h
VN_0102_C03,VN_0102,120000,220000,120000,120.000đ - 220.000đ/h
VN_0102_C04,VN_0102,120000,220000,120000,120.000đ - 220.000đ/h
VN_0108_C01,VN_0108,120000,220000,120000,120.000đ - 220.000đ/h
VN_0108_C02,VN_0108,120000,220000,120000,120.000đ - 220.000đ/h
VN_0108_C03,VN_0108,120000,220000,120000,120.000đ - 220.000đ/h
VN_0108_C04,VN_0108,120000,220000,120000,120.000đ - 220.000đ/h
VN_0107_C01,VN_0107,120000,220000,120000,120.000đ - 220.000đ/h
VN_0107_C02,VN_0107,120000,220000,120000,120.000đ - 220.000đ/h
VN_0107_C03,VN_0107,120000,220000,120000,120.000đ - 220.000đ/h
VN_0107_C04,VN_0107,120000,220000,120000,120.000đ - 220.000đ/h
VN_0101_C01,VN_0101,120000,220000,120000,120.000đ - 220.000đ/h
VN_0101_C02,VN_0101,120000,220000,120000,120.000đ - 220.000đ/h
VN_0101_C03,VN_0101,120000,220000,120000,120.000đ - 220.000đ/h
VN_0101_C04,VN_0101,120000,220000,120000,120.000đ - 220.000đ/h
VN_0110_C01,VN_0110,120000,220000,120000,120.000đ - 220.000đ/h
VN_0110_C02,VN_0110,120000,220000,120000,120.000đ - 220.000đ/h
VN_0110_C03,VN_0110,120000,220000,120000,120.000đ - 220.000đ/h
VN_0110_C04,VN_0110,120000,220000,120000,120.000đ - 220.000đ/h
VN_0109_C01,VN_0109,120000,220000,120000,120.000đ - 220.000đ/h
VN_0109_C02,VN_0109,120000,220000,120000,120.000đ - 220.000đ/h
VN_0109_C03,VN_0109,120000,220000,120000,120.000đ - 220.000đ/h
VN_0109_C04,VN_0109,120000,220000,120000,120.000đ - 220.000đ/h
VN_0099_C01,VN_0099,100000,120000,100000,sân mới nhất:✅ Thứ 2 - Thứ 6 (6h - 17h): 80K/h✅ Thứ 7 - Chủ Nhật (6h - 17h): 120K/h✅ Tất cả các ngày (17h - 23h): 180K/h✅ Xé vé chỉ từ 40k🕒 Khung giờ trống – Đặt sân ngay!⏳ 6:00 - 10:00⏳ 11:00 - 17:00⏳ 17:00 - 23:00📍 Địa chỉ: 34 ngõ 1 Phan Đình Giót, Phương Liệt, Thanh Xuân, Hà Nội
VN_0099_C02,VN_0099,100000,120000,100000,sân mới nhất:✅ Thứ 2 - Thứ 6 (6h - 17h): 80K/h✅ Thứ 7 - Chủ Nhật (6h - 17h): 120K/h✅ Tất cả các ngày (17h - 23h): 180K/h✅ Xé vé chỉ từ 40k🕒 Khung giờ trống – Đặt sân ngay!⏳ 6:00 - 10:00⏳ 11:00 - 17:00⏳ 17:00 - 23:00📍 Địa chỉ: 34 ngõ 1 Phan Đình Giót, Phương Liệt, Thanh Xuân, Hà Nội
VN_0099_C03,VN_0099,100000,120000,100000,sân mới nhất:✅ Thứ 2 - Thứ 6 (6h - 17h): 80K/h✅ Thứ 7 - Chủ Nhật (6h - 17h): 120K/h✅ Tất cả các ngày (17h - 23h): 180K/h✅ Xé vé chỉ từ 40k🕒 Khung giờ trống – Đặt sân ngay!⏳ 6:00 - 10:00⏳ 11:00 - 17:00⏳ 17:00 - 23:00📍 Địa chỉ: 34 ngõ 1 Phan Đình Giót, Phương Liệt, Thanh Xuân, Hà Nội
VN_0099_C04,VN_0099,100000,120000,100000,sân mới nhất:✅ Thứ 2 - Thứ 6 (6h - 17h): 80K/h✅ Thứ 7 - Chủ Nhật (6h - 17h): 120K/h✅ Tất cả các ngày (17h - 23h): 180K/h✅ Xé vé chỉ từ 40k🕒 Khung giờ trống – Đặt sân ngay!⏳ 6:00 - 10:00⏳ 11:00 - 17:00⏳ 17:00 - 23:00📍 Địa chỉ: 34 ngõ 1 Phan Đình Giót, Phương Liệt, Thanh Xuân, Hà Nội
VN_0111_C01,VN_0111,120000,220000,120000,120.000đ - 220.000đ/h
VN_0111_C02,VN_0111,120000,220000,120000,120.000đ - 220.000đ/h
VN_0111_C03,VN_0111,120000,220000,120000,120.000đ - 220.000đ/h
VN_0111_C04,VN_0111,120000,220000,120000,120.000đ - 220.000đ/h
VN_0105_C01,VN_0105,120000,220000,120000,120.000đ - 220.000đ/h
VN_0105_C02,VN_0105,120000,220000,120000,120.000đ - 220.000đ/h
VN_0105_C03,VN_0105,120000,220000,120000,120.000đ - 220.000đ/h
VN_0105_C04,VN_0105,120000,220000,120000,120.000đ - 220.000đ/h
VN_0106_C01,VN_0106,120000,220000,120000,120.000đ - 220.000đ/h
VN_0106_C02,VN_0106,120000,220000,120000,120.000đ - 220.000đ/h
VN_0106_C03,VN_0106,120000,220000,120000,120.000đ - 220.000đ/h
VN_0106_C04,VN_0106,120000,220000,120000,120.000đ - 220.000đ/h
VN_0097_C01,VN_0097,99000,99000,99000,RẺ NHẤT khu vực – Chỉ từ 99k/giờ✅ Gần Vinsmart City – Di chuyển siêu tiện lợi
VN_0097_C02,VN_0097,99000,99000,99000,RẺ NHẤT khu vực – Chỉ từ 99k/giờ✅ Gần Vinsmart City – Di chuyển siêu tiện lợi
VN_0097_C03,VN_0097,99000,99000,99000,RẺ NHẤT khu vực – Chỉ từ 99k/giờ✅ Gần Vinsmart City – Di chuyển siêu tiện lợi
VN_0097_C04,VN_0097,99000,99000,99000,RẺ NHẤT khu vực – Chỉ từ 99k/giờ✅ Gần Vinsmart City – Di chuyển siêu tiện lợi
VN_0103_C01,VN_0103,120000,220000,120000,120.000đ - 220.000đ/h
VN_0103_C02,VN_0103,120000,220000,120000,120.000đ - 220.000đ/h
VN_0103_C03,VN_0103,120000,220000,120000,120.000đ - 220.000đ/h
VN_0103_C04,VN_0103,120000,220000,120000,120.000đ - 220.000đ/h
VN_0114_C01,VN_0114,120000,220000,120000,120.000đ - 220.000đ/h
VN_0114_C02,VN_0114,120000,220000,120000,120.000đ - 220.000đ/h
VN_0114_C03,VN_0114,120000,220000,120000,120.000đ - 220.000đ/h
VN_0114_C04,VN_0114,120000,220000,120000,120.000đ - 220.000đ/h
VN_0115_C01,VN_0115,120000,220000,120000,120.000đ - 220.000đ/h
VN_0115_C02,VN_0115,120000,220000,120000,120.000đ - 220.000đ/h
VN_0115_C03,VN_0115,120000,220000,120000,120.000đ - 220.000đ/h
VN_0115_C04,VN_0115,120000,220000,120000,120.000đ - 220.000đ/h
VN_0116_C01,VN_0116,120000,220000,120000,120.000đ - 220.000đ/h
VN_0116_C02,VN_0116,120000,220000,120000,120.000đ - 220.000đ/h
VN_0116_C03,VN_0116,120000,220000,120000,120.000đ - 220.000đ/h
VN_0116_C04,VN_0116,120000,220000,120000,120.000đ - 220.000đ/h
VN_0117_C01,VN_0117,120000,220000,120000,120.000đ - 220.000đ/h
VN_0117_C02,VN_0117,120000,220000,120000,120.000đ - 220.000đ/h
VN_0117_C03,VN_0117,120000,220000,120000,120.000đ - 220.000đ/h
VN_0117_C04,VN_0117,120000,220000,120000,120.000đ - 220.000đ/h
VN_0113_C01,VN_0113,120000,220000,120000,120.000đ - 220.000đ/h
VN_0113_C02,VN_0113,120000,220000,120000,120.000đ - 220.000đ/h
VN_0113_C03,VN_0113,120000,220000,120000,120.000đ - 220.000đ/h
VN_0113_C04,VN_0113,120000,220000,120000,120.000đ - 220.000đ/h
VN_0119_C01,VN_0119,120000,220000,120000,120.000đ - 220.000đ/h
VN_0119_C02,VN_0119,120000,220000,120000,120.000đ - 220.000đ/h
VN_0119_C03,VN_0119,120000,220000,120000,120.000đ - 220.000đ/h
VN_0119_C04,VN_0119,120000,220000,120000,120.000đ - 220.000đ/h
VN_0118_C01,VN_0118,120000,220000,120000,120.000đ - 220.000đ/h
VN_0118_C02,VN_0118,120000,220000,120000,120.000đ - 220.000đ/h
VN_0118_C03,VN_0118,120000,220000,120000,120.000đ - 220.000đ/h
VN_0118_C04,VN_0118,120000,220000,120000,120.000đ - 220.000đ/h
VN_0120_C01,VN_0120,150000,300000,150000,150.000đ - 300.000đ/h
VN_0120_C02,VN_0120,150000,300000,150000,150.000đ - 300.000đ/h
VN_0120_C03,VN_0120,150000,300000,150000,150.000đ - 300.000đ/h
VN_0120_C04,VN_0120,150000,300000,150000,150.000đ - 300.000đ/h
VN_0120_C05,VN_0120,150000,300000,150000,150.000đ - 300.000đ/h
VN_0120_C06,VN_0120,150000,300000,150000,150.000đ - 300.000đ/h
VN_0121_C01,VN_0121,120000,220000,120000,120.000đ - 220.000đ/h
VN_0121_C02,VN_0121,120000,220000,120000,120.000đ - 220.000đ/h
VN_0121_C03,VN_0121,120000,220000,120000,120.000đ - 220.000đ/h
VN_0121_C04,VN_0121,120000,220000,120000,120.000đ - 220.000đ/h
VN_0123_C01,VN_0123,120000,220000,120000,120.000đ - 220.000đ/h
VN_0123_C02,VN_0123,120000,220000,120000,120.000đ - 220.000đ/h
VN_0123_C03,VN_0123,120000,220000,120000,120.000đ - 220.000đ/h
VN_0123_C04,VN_0123,120000,220000,120000,120.000đ - 220.000đ/h
VN_0112_C01,VN_0112,120000,220000,120000,120.000đ - 220.000đ/h
VN_0112_C02,VN_0112,120000,220000,120000,120.000đ - 220.000đ/h
VN_0112_C03,VN_0112,120000,220000,120000,120.000đ - 220.000đ/h
VN_0112_C04,VN_0112,120000,220000,120000,120.000đ - 220.000đ/h
VN_0124_C01,VN_0124,120000,220000,120000,120.000đ - 220.000đ/h
VN_0124_C02,VN_0124,120000,220000,120000,120.000đ - 220.000đ/h
VN_0124_C03,VN_0124,120000,220000,120000,120.000đ - 220.000đ/h
VN_0124_C04,VN_0124,120000,220000,120000,120.000đ - 220.000đ/h
VN_0125_C01,VN_0125,100000,120000,100000,hợp lý, phù hợp cho người mới bắt đầu
VN_0125_C02,VN_0125,100000,120000,100000,hợp lý, phù hợp cho người mới bắt đầu
VN_0125_C03,VN_0125,100000,120000,100000,hợp lý, phù hợp cho người mới bắt đầu
VN_0125_C04,VN_0125,100000,120000,100000,hợp lý, phù hợp cho người mới bắt đầu
VN_0127_C01,VN_0127,100000,120000,100000,hợp lý, phù hợp cho người mới bắt đầu
VN_0127_C02,VN_0127,100000,120000,100000,hợp lý, phù hợp cho người mới bắt đầu
VN_0127_C03,VN_0127,100000,120000,100000,hợp lý, phù hợp cho người mới bắt đầu
VN_0127_C04,VN_0127,100000,120000,100000,hợp lý, phù hợp cho người mới bắt đầu
VN_0126_C01,VN_0126,120000,220000,120000,120.000đ - 220.000đ/h
VN_0126_C02,VN_0126,120000,220000,120000,120.000đ - 220.000đ/h
VN_0126_C03,VN_0126,120000,220000,120000,120.000đ - 220.000đ/h
VN_0126_C04,VN_0126,120000,220000,120000,120.000đ - 220.000đ/h
VN_0132_C01,VN_0132,50000,50000,50000,CHƠI PICK THẢ GA CHỈ TỪ 50K/GIỜBạn yêu thích bộ môn Pickleball nhưng e ngại về giá thuê sân
VN_0132_C02,VN_0132,50000,50000,50000,CHƠI PICK THẢ GA CHỈ TỪ 50K/GIỜBạn yêu thích bộ môn Pickleball nhưng e ngại về giá thuê sân
VN_0132_C03,VN_0132,50000,50000,50000,CHƠI PICK THẢ GA CHỈ TỪ 50K/GIỜBạn yêu thích bộ môn Pickleball nhưng e ngại về giá thuê sân
VN_0132_C04,VN_0132,50000,50000,50000,CHƠI PICK THẢ GA CHỈ TỪ 50K/GIỜBạn yêu thích bộ môn Pickleball nhưng e ngại về giá thuê sân
VN_0130_C01,VN_0130,300000,600000,300000,300.000đ - 600.000đ/h
VN_0130_C02,VN_0130,300000,600000,300000,300.000đ - 600.000đ/h
VN_0130_C03,VN_0130,300000,600000,300000,300.000đ - 600.000đ/h
VN_0128_C01,VN_0128,120000,220000,120000,120.000đ - 220.000đ/h
VN_0128_C02,VN_0128,120000,220000,120000,120.000đ - 220.000đ/h
VN_0128_C03,VN_0128,120000,220000,120000,120.000đ - 220.000đ/h
VN_0128_C04,VN_0128,120000,220000,120000,120.000đ - 220.000đ/h
VN_0134_C01,VN_0134,300000,600000,300000,300.000đ - 600.000đ/h
VN_0134_C02,VN_0134,300000,600000,300000,300.000đ - 600.000đ/h
VN_0134_C03,VN_0134,300000,600000,300000,300.000đ - 600.000đ/h
VN_0133_C01,VN_0133,120000,220000,120000,120.000đ - 220.000đ/h
VN_0133_C02,VN_0133,120000,220000,120000,120.000đ - 220.000đ/h
VN_0133_C03,VN_0133,120000,220000,120000,120.000đ - 220.000đ/h
VN_0133_C04,VN_0133,120000,220000,120000,120.000đ - 220.000đ/h
VN_0136_C01,VN_0136,120000,220000,120000,120.000đ - 220.000đ/h
VN_0136_C02,VN_0136,120000,220000,120000,120.000đ - 220.000đ/h
VN_0136_C03,VN_0136,120000,220000,120000,120.000đ - 220.000đ/h
VN_0136_C04,VN_0136,120000,220000,120000,120.000đ - 220.000đ/h
VN_0129_C01,VN_0129,300000,600000,300000,300.000đ - 600.000đ/h
VN_0129_C02,VN_0129,300000,600000,300000,300.000đ - 600.000đ/h
VN_0129_C03,VN_0129,300000,600000,300000,300.000đ - 600.000đ/h
VN_0139_C01,VN_0139,120000,220000,120000,120.000đ - 220.000đ/h
VN_0139_C02,VN_0139,120000,220000,120000,120.000đ - 220.000đ/h
VN_0139_C03,VN_0139,120000,220000,120000,120.000đ - 220.000đ/h
VN_0139_C04,VN_0139,120000,220000,120000,120.000đ - 220.000đ/h
VN_0135_C01,VN_0135,300000,600000,300000,300.000đ - 600.000đ/h
VN_0135_C02,VN_0135,300000,600000,300000,300.000đ - 600.000đ/h
VN_0135_C03,VN_0135,300000,600000,300000,300.000đ - 600.000đ/h
VN_0137_C01,VN_0137,120000,220000,120000,120.000đ - 220.000đ/h
VN_0137_C02,VN_0137,120000,220000,120000,120.000đ - 220.000đ/h
VN_0137_C03,VN_0137,120000,220000,120000,120.000đ - 220.000đ/h
VN_0137_C04,VN_0137,120000,220000,120000,120.000đ - 220.000đ/h
VN_0138_C01,VN_0138,120000,220000,120000,120.000đ - 220.000đ/h
VN_0138_C02,VN_0138,120000,220000,120000,120.000đ - 220.000đ/h
VN_0138_C03,VN_0138,120000,220000,120000,120.000đ - 220.000đ/h
VN_0138_C04,VN_0138,120000,220000,120000,120.000đ - 220.000đ/h
VN_0141_C01,VN_0141,100000,120000,100000,cả hợp lý để tập luyện và thi đấu
VN_0141_C02,VN_0141,100000,120000,100000,cả hợp lý để tập luyện và thi đấu
VN_0141_C03,VN_0141,100000,120000,100000,cả hợp lý để tập luyện và thi đấu
VN_0141_C04,VN_0141,100000,120000,100000,cả hợp lý để tập luyện và thi đấu
VN_0141_C05,VN_0141,100000,120000,100000,cả hợp lý để tập luyện và thi đấu
VN_0141_C06,VN_0141,100000,120000,100000,cả hợp lý để tập luyện và thi đấu
VN_0141_C07,VN_0141,100000,120000,100000,cả hợp lý để tập luyện và thi đấu
VN_0141_C08,VN_0141,100000,120000,100000,cả hợp lý để tập luyện và thi đấu
VN_0141_C09,VN_0141,100000,120000,100000,cả hợp lý để tập luyện và thi đấu
VN_0141_C10,VN_0141,100000,120000,100000,cả hợp lý để tập luyện và thi đấu
VN_0141_C11,VN_0141,100000,120000,100000,cả hợp lý để tập luyện và thi đấu
VN_0141_C12,VN_0141,100000,120000,100000,cả hợp lý để tập luyện và thi đấu
VN_0141_C13,VN_0141,100000,120000,100000,cả hợp lý để tập luyện và thi đấu
VN_0141_C14,VN_0141,100000,120000,100000,cả hợp lý để tập luyện và thi đấu
VN_0141_C15,VN_0141,100000,120000,100000,cả hợp lý để tập luyện và thi đấu
VN_0141_C16,VN_0141,100000,120000,100000,cả hợp lý để tập luyện và thi đấu
VN_0131_C01,VN_0131,300000,600000,300000,300.000đ - 600.000đ/h
VN_0131_C02,VN_0131,300000,600000,300000,300.000đ - 600.000đ/h
VN_0131_C03,VN_0131,300000,600000,300000,300.000đ - 600.000đ/h
VN_0122_C01,VN_0122,120000,220000,120000,120.000đ - 220.000đ/h
VN_0122_C02,VN_0122,120000,220000,120000,120.000đ - 220.000đ/h
VN_0122_C03,VN_0122,120000,220000,120000,120.000đ - 220.000đ/h
VN_0122_C04,VN_0122,120000,220000,120000,120.000đ - 220.000đ/h
VN_0140_C01,VN_0140,100000,120000,100000,hợp lý, phù hợp cho người mới bắt đầu
VN_0140_C02,VN_0140,100000,120000,100000,hợp lý, phù hợp cho người mới bắt đầu
VN_0140_C03,VN_0140,100000,120000,100000,hợp lý, phù hợp cho người mới bắt đầu
VN_0140_C04,VN_0140,100000,120000,100000,hợp lý, phù hợp cho người mới bắt đầu
VN_0142_C01,VN_0142,150000,300000,150000,150.000đ - 300.000đ/h
VN_0142_C02,VN_0142,150000,300000,150000,150.000đ - 300.000đ/h
VN_0142_C03,VN_0142,150000,300000,150000,150.000đ - 300.000đ/h
VN_0142_C04,VN_0142,150000,300000,150000,150.000đ - 300.000đ/h
VN_0142_C05,VN_0142,150000,300000,150000,150.000đ - 300.000đ/h
VN_0142_C06,VN_0142,150000,300000,150000,150.000đ - 300.000đ/h
VN_0143_C01,VN_0143,120000,220000,120000,120.000đ - 220.000đ/h
VN_0143_C02,VN_0143,120000,220000,120000,120.000đ - 220.000đ/h
VN_0143_C03,VN_0143,120000,220000,120000,120.000đ - 220.000đ/h
VN_0143_C04,VN_0143,120000,220000,120000,120.000đ - 220.000đ/h
VN_0147_C01,VN_0147,120000,220000,120000,120.000đ - 220.000đ/h
VN_0147_C02,VN_0147,120000,220000,120000,120.000đ - 220.000đ/h
VN_0147_C03,VN_0147,120000,220000,120000,120.000đ - 220.000đ/h
VN_0147_C04,VN_0147,120000,220000,120000,120.000đ - 220.000đ/h
VN_0145_C01,VN_0145,120000,220000,120000,120.000đ - 220.000đ/h
VN_0145_C02,VN_0145,120000,220000,120000,120.000đ - 220.000đ/h
VN_0145_C03,VN_0145,120000,220000,120000,120.000đ - 220.000đ/h
VN_0145_C04,VN_0145,120000,220000,120000,120.000đ - 220.000đ/h
VN_0146_C01,VN_0146,7160150140,7160150140,7160150140,p giữa quận Thanh Xuân & Hoàng Mai🏟 Cụm 7 Sân 🏟🌈 Khung giờ vàng chỉ có 160k/h🌈 Ưu đãi chỉ còn 150k/h khi quý khách đặt gói cố định theo tháng 🌈 Ưu đãi chỉ còn 140k/h khi đặt gói cố định theo quý
VN_0146_C02,VN_0146,7160150140,7160150140,7160150140,p giữa quận Thanh Xuân & Hoàng Mai🏟 Cụm 7 Sân 🏟🌈 Khung giờ vàng chỉ có 160k/h🌈 Ưu đãi chỉ còn 150k/h khi quý khách đặt gói cố định theo tháng 🌈 Ưu đãi chỉ còn 140k/h khi đặt gói cố định theo quý
VN_0146_C03,VN_0146,7160150140,7160150140,7160150140,p giữa quận Thanh Xuân & Hoàng Mai🏟 Cụm 7 Sân 🏟🌈 Khung giờ vàng chỉ có 160k/h🌈 Ưu đãi chỉ còn 150k/h khi quý khách đặt gói cố định theo tháng 🌈 Ưu đãi chỉ còn 140k/h khi đặt gói cố định theo quý
VN_0146_C04,VN_0146,7160150140,7160150140,7160150140,p giữa quận Thanh Xuân & Hoàng Mai🏟 Cụm 7 Sân 🏟🌈 Khung giờ vàng chỉ có 160k/h🌈 Ưu đãi chỉ còn 150k/h khi quý khách đặt gói cố định theo tháng 🌈 Ưu đãi chỉ còn 140k/h khi đặt gói cố định theo quý
VN_0148_C01,VN_0148,120000,220000,120000,120.000đ - 220.000đ/h
VN_0148_C02,VN_0148,120000,220000,120000,120.000đ - 220.000đ/h
VN_0148_C03,VN_0148,120000,220000,120000,120.000đ - 220.000đ/h
VN_0148_C04,VN_0148,120000,220000,120000,120.000đ - 220.000đ/h
VN_0144_C01,VN_0144,300000,600000,300000,300.000đ - 600.000đ/h
VN_0144_C02,VN_0144,300000,600000,300000,300.000đ - 600.000đ/h
VN_0144_C03,VN_0144,300000,600000,300000,300.000đ - 600.000đ/h
VN_0150_C01,VN_0150,300000,600000,300000,300.000đ - 600.000đ/h
VN_0150_C02,VN_0150,300000,600000,300000,300.000đ - 600.000đ/h
VN_0150_C03,VN_0150,300000,600000,300000,300.000đ - 600.000đ/h
VN_0153_C01,VN_0153,150000,300000,150000,150.000đ - 300.000đ/h
VN_0153_C02,VN_0153,150000,300000,150000,150.000đ - 300.000đ/h
VN_0153_C03,VN_0153,150000,300000,150000,150.000đ - 300.000đ/h
VN_0153_C04,VN_0153,150000,300000,150000,150.000đ - 300.000đ/h
VN_0153_C05,VN_0153,150000,300000,150000,150.000đ - 300.000đ/h
VN_0153_C06,VN_0153,150000,300000,150000,150.000đ - 300.000đ/h
VN_0151_C01,VN_0151,300000,600000,300000,300.000đ - 600.000đ/h
VN_0151_C02,VN_0151,300000,600000,300000,300.000đ - 600.000đ/h
VN_0151_C03,VN_0151,300000,600000,300000,300.000đ - 600.000đ/h
VN_0152_C01,VN_0152,300000,600000,300000,300.000đ - 600.000đ/h
VN_0152_C02,VN_0152,300000,600000,300000,300.000đ - 600.000đ/h
VN_0152_C03,VN_0152,300000,600000,300000,300.000đ - 600.000đ/h
VN_0156_C01,VN_0156,300000,600000,300000,300.000đ - 600.000đ/h
VN_0156_C02,VN_0156,300000,600000,300000,300.000đ - 600.000đ/h
VN_0156_C03,VN_0156,300000,600000,300000,300.000đ - 600.000đ/h
VN_0163_C01,VN_0163,300000,600000,300000,300.000đ - 600.000đ/h
VN_0163_C02,VN_0163,300000,600000,300000,300.000đ - 600.000đ/h
VN_0163_C03,VN_0163,300000,600000,300000,300.000đ - 600.000đ/h
VN_0155_C01,VN_0155,300000,600000,300000,300.000đ - 600.000đ/h
VN_0155_C02,VN_0155,300000,600000,300000,300.000đ - 600.000đ/h
VN_0155_C03,VN_0155,300000,600000,300000,300.000đ - 600.000đ/h
VN_0149_C01,VN_0149,300000,600000,300000,300.000đ - 600.000đ/h
VN_0149_C02,VN_0149,300000,600000,300000,300.000đ - 600.000đ/h
VN_0149_C03,VN_0149,300000,600000,300000,300.000đ - 600.000đ/h
VN_0158_C01,VN_0158,300000,600000,300000,300.000đ - 600.000đ/h
VN_0158_C02,VN_0158,300000,600000,300000,300.000đ - 600.000đ/h
VN_0158_C03,VN_0158,300000,600000,300000,300.000đ - 600.000đ/h
VN_0154_C01,VN_0154,300000,600000,300000,300.000đ - 600.000đ/h
VN_0154_C02,VN_0154,300000,600000,300000,300.000đ - 600.000đ/h
VN_0154_C03,VN_0154,300000,600000,300000,300.000đ - 600.000đ/h
VN_0159_C01,VN_0159,300000,600000,300000,300.000đ - 600.000đ/h
VN_0159_C02,VN_0159,300000,600000,300000,300.000đ - 600.000đ/h
VN_0159_C03,VN_0159,300000,600000,300000,300.000đ - 600.000đ/h
VN_0157_C01,VN_0157,300000,600000,300000,300.000đ - 600.000đ/h
VN_0157_C02,VN_0157,300000,600000,300000,300.000đ - 600.000đ/h
VN_0157_C03,VN_0157,300000,600000,300000,300.000đ - 600.000đ/h
VN_0160_C01,VN_0160,300000,600000,300000,300.000đ - 600.000đ/h
VN_0160_C02,VN_0160,300000,600000,300000,300.000đ - 600.000đ/h
VN_0160_C03,VN_0160,300000,600000,300000,300.000đ - 600.000đ/h
VN_0161_C01,VN_0161,180000,320000,180000,180.000đ - 320.000đ/h
VN_0161_C02,VN_0161,180000,320000,180000,180.000đ - 320.000đ/h
VN_0161_C03,VN_0161,180000,320000,180000,180.000đ - 320.000đ/h
VN_0162_C01,VN_0162,300000,600000,300000,300.000đ - 600.000đ/h
VN_0162_C02,VN_0162,300000,600000,300000,300.000đ - 600.000đ/h
VN_0162_C03,VN_0162,300000,600000,300000,300.000đ - 600.000đ/h
VN_0164_C01,VN_0164,300000,600000,300000,300.000đ - 600.000đ/h
VN_0164_C02,VN_0164,300000,600000,300000,300.000đ - 600.000đ/h
VN_0164_C03,VN_0164,300000,600000,300000,300.000đ - 600.000đ/h
VN_0165_C01,VN_0165,300000,600000,300000,300.000đ - 600.000đ/h
VN_0165_C02,VN_0165,300000,600000,300000,300.000đ - 600.000đ/h
VN_0165_C03,VN_0165,300000,600000,300000,300.000đ - 600.000đ/h
VN_0167_C01,VN_0167,150000,300000,150000,150.000đ - 300.000đ/h
VN_0167_C02,VN_0167,150000,300000,150000,150.000đ - 300.000đ/h
VN_0167_C03,VN_0167,150000,300000,150000,150.000đ - 300.000đ/h
VN_0167_C04,VN_0167,150000,300000,150000,150.000đ - 300.000đ/h
VN_0167_C05,VN_0167,150000,300000,150000,150.000đ - 300.000đ/h
VN_0167_C06,VN_0167,150000,300000,150000,150.000đ - 300.000đ/h
VN_0168_C01,VN_0168,300000,600000,300000,300.000đ - 600.000đ/h
VN_0168_C02,VN_0168,300000,600000,300000,300.000đ - 600.000đ/h
VN_0168_C03,VN_0168,300000,600000,300000,300.000đ - 600.000đ/h
VN_0166_C01,VN_0166,300000,600000,300000,300.000đ - 600.000đ/h
VN_0166_C02,VN_0166,300000,600000,300000,300.000đ - 600.000đ/h
VN_0166_C03,VN_0166,300000,600000,300000,300.000đ - 600.000đ/h
VN_0169_C01,VN_0169,300000,600000,300000,300.000đ - 600.000đ/h
VN_0169_C02,VN_0169,300000,600000,300000,300.000đ - 600.000đ/h
VN_0169_C03,VN_0169,300000,600000,300000,300.000đ - 600.000đ/h
VN_0172_C01,VN_0172,300000,600000,300000,300.000đ - 600.000đ/h
VN_0172_C02,VN_0172,300000,600000,300000,300.000đ - 600.000đ/h
VN_0172_C03,VN_0172,300000,600000,300000,300.000đ - 600.000đ/h
VN_0170_C01,VN_0170,300000,600000,300000,300.000đ - 600.000đ/h
VN_0170_C02,VN_0170,300000,600000,300000,300.000đ - 600.000đ/h
VN_0170_C03,VN_0170,300000,600000,300000,300.000đ - 600.000đ/h
VN_0173_C01,VN_0173,300000,600000,300000,300.000đ - 600.000đ/h
VN_0173_C02,VN_0173,300000,600000,300000,300.000đ - 600.000đ/h
VN_0173_C03,VN_0173,300000,600000,300000,300.000đ - 600.000đ/h
VN_0175_C01,VN_0175,300000,600000,300000,300.000đ - 600.000đ/h
VN_0175_C02,VN_0175,300000,600000,300000,300.000đ - 600.000đ/h
VN_0175_C03,VN_0175,300000,600000,300000,300.000đ - 600.000đ/h
VN_0174_C01,VN_0174,300000,600000,300000,300.000đ - 600.000đ/h
VN_0174_C02,VN_0174,300000,600000,300000,300.000đ - 600.000đ/h
VN_0174_C03,VN_0174,300000,600000,300000,300.000đ - 600.000đ/h
VN_0171_C01,VN_0171,300000,600000,300000,300.000đ - 600.000đ/h
VN_0171_C02,VN_0171,300000,600000,300000,300.000đ - 600.000đ/h
VN_0171_C03,VN_0171,300000,600000,300000,300.000đ - 600.000đ/h
VN_0178_C01,VN_0178,150000,300000,150000,150.000đ - 300.000đ/h
VN_0178_C02,VN_0178,150000,300000,150000,150.000đ - 300.000đ/h
VN_0178_C03,VN_0178,150000,300000,150000,150.000đ - 300.000đ/h
VN_0178_C04,VN_0178,150000,300000,150000,150.000đ - 300.000đ/h
VN_0178_C05,VN_0178,150000,300000,150000,150.000đ - 300.000đ/h
VN_0178_C06,VN_0178,150000,300000,150000,150.000đ - 300.000đ/h
VN_0176_C01,VN_0176,300000,600000,300000,300.000đ - 600.000đ/h
VN_0176_C02,VN_0176,300000,600000,300000,300.000đ - 600.000đ/h
VN_0176_C03,VN_0176,300000,600000,300000,300.000đ - 600.000đ/h
VN_0177_C01,VN_0177,300000,600000,300000,300.000đ - 600.000đ/h
VN_0177_C02,VN_0177,300000,600000,300000,300.000đ - 600.000đ/h
VN_0177_C03,VN_0177,300000,600000,300000,300.000đ - 600.000đ/h
VN_0181_C01,VN_0181,100000,120000,100000,c thoáng đãng cho người chơi, phù hợp cho các buổi thi đấu giao hữu lẫn luyện tập cá nhân
VN_0181_C02,VN_0181,100000,120000,100000,c thoáng đãng cho người chơi, phù hợp cho các buổi thi đấu giao hữu lẫn luyện tập cá nhân
VN_0181_C03,VN_0181,100000,120000,100000,c thoáng đãng cho người chơi, phù hợp cho các buổi thi đấu giao hữu lẫn luyện tập cá nhân
VN_0181_C04,VN_0181,100000,120000,100000,c thoáng đãng cho người chơi, phù hợp cho các buổi thi đấu giao hữu lẫn luyện tập cá nhân
VN_0182_C01,VN_0182,120000,220000,120000,120.000đ - 220.000đ/h
VN_0182_C02,VN_0182,120000,220000,120000,120.000đ - 220.000đ/h
VN_0182_C03,VN_0182,120000,220000,120000,120.000đ - 220.000đ/h
VN_0182_C04,VN_0182,120000,220000,120000,120.000đ - 220.000đ/h
VN_0183_C01,VN_0183,120000,220000,120000,120.000đ - 220.000đ/h
VN_0183_C02,VN_0183,120000,220000,120000,120.000đ - 220.000đ/h
VN_0183_C03,VN_0183,120000,220000,120000,120.000đ - 220.000đ/h
VN_0183_C04,VN_0183,120000,220000,120000,120.000đ - 220.000đ/h
VN_0184_C01,VN_0184,120000,220000,120000,120.000đ - 220.000đ/h
VN_0184_C02,VN_0184,120000,220000,120000,120.000đ - 220.000đ/h
VN_0184_C03,VN_0184,120000,220000,120000,120.000đ - 220.000đ/h
VN_0184_C04,VN_0184,120000,220000,120000,120.000đ - 220.000đ/h
VN_0185_C01,VN_0185,120000,220000,120000,120.000đ - 220.000đ/h
VN_0185_C02,VN_0185,120000,220000,120000,120.000đ - 220.000đ/h
VN_0185_C03,VN_0185,120000,220000,120000,120.000đ - 220.000đ/h
VN_0185_C04,VN_0185,120000,220000,120000,120.000đ - 220.000đ/h
VN_0186_C01,VN_0186,100000,120000,100000,c cho mọi bước chân được chắc chắn, và độ tưng bóng tuyệt vời 📌 Đa dạng món nước ngon, từ cafe đến trà sữa trà trái cây, giá thành bình dân, phù hợp cả người lớn và trẻ em
VN_0186_C02,VN_0186,100000,120000,100000,c cho mọi bước chân được chắc chắn, và độ tưng bóng tuyệt vời 📌 Đa dạng món nước ngon, từ cafe đến trà sữa trà trái cây, giá thành bình dân, phù hợp cả người lớn và trẻ em
VN_0186_C03,VN_0186,100000,120000,100000,c cho mọi bước chân được chắc chắn, và độ tưng bóng tuyệt vời 📌 Đa dạng món nước ngon, từ cafe đến trà sữa trà trái cây, giá thành bình dân, phù hợp cả người lớn và trẻ em
VN_0186_C04,VN_0186,100000,120000,100000,c cho mọi bước chân được chắc chắn, và độ tưng bóng tuyệt vời 📌 Đa dạng món nước ngon, từ cafe đến trà sữa trà trái cây, giá thành bình dân, phù hợp cả người lớn và trẻ em
VN_0187_C01,VN_0187,120000,220000,120000,120.000đ - 220.000đ/h
VN_0187_C02,VN_0187,120000,220000,120000,120.000đ - 220.000đ/h
VN_0187_C03,VN_0187,120000,220000,120000,120.000đ - 220.000đ/h
VN_0187_C04,VN_0187,120000,220000,120000,120.000đ - 220.000đ/h
VN_0188_C01,VN_0188,120000,220000,120000,120.000đ - 220.000đ/h
VN_0188_C02,VN_0188,120000,220000,120000,120.000đ - 220.000đ/h
VN_0188_C03,VN_0188,120000,220000,120000,120.000đ - 220.000đ/h
VN_0188_C04,VN_0188,120000,220000,120000,120.000đ - 220.000đ/h
VN_0179_C01,VN_0179,120000,220000,120000,120.000đ - 220.000đ/h
VN_0179_C02,VN_0179,120000,220000,120000,120.000đ - 220.000đ/h
VN_0179_C03,VN_0179,120000,220000,120000,120.000đ - 220.000đ/h
VN_0179_C04,VN_0179,120000,220000,120000,120.000đ - 220.000đ/h
VN_0189_C01,VN_0189,120000,220000,120000,120.000đ - 220.000đ/h
VN_0189_C02,VN_0189,120000,220000,120000,120.000đ - 220.000đ/h
VN_0189_C03,VN_0189,120000,220000,120000,120.000đ - 220.000đ/h
VN_0189_C04,VN_0189,120000,220000,120000,120.000đ - 220.000đ/h
VN_0193_C01,VN_0193,120000,220000,120000,120.000đ - 220.000đ/h
VN_0193_C02,VN_0193,120000,220000,120000,120.000đ - 220.000đ/h
VN_0193_C03,VN_0193,120000,220000,120000,120.000đ - 220.000đ/h
VN_0193_C04,VN_0193,120000,220000,120000,120.000đ - 220.000đ/h
VN_0192_C01,VN_0192,120000,220000,120000,120.000đ - 220.000đ/h
VN_0192_C02,VN_0192,120000,220000,120000,120.000đ - 220.000đ/h
VN_0192_C03,VN_0192,120000,220000,120000,120.000đ - 220.000đ/h
VN_0192_C04,VN_0192,120000,220000,120000,120.000đ - 220.000đ/h
VN_0190_C01,VN_0190,120000,220000,120000,120.000đ - 220.000đ/h
VN_0190_C02,VN_0190,120000,220000,120000,120.000đ - 220.000đ/h
VN_0190_C03,VN_0190,120000,220000,120000,120.000đ - 220.000đ/h
VN_0190_C04,VN_0190,120000,220000,120000,120.000đ - 220.000đ/h
VN_0194_C01,VN_0194,120000,220000,120000,120.000đ - 220.000đ/h
VN_0194_C02,VN_0194,120000,220000,120000,120.000đ - 220.000đ/h
VN_0194_C03,VN_0194,120000,220000,120000,120.000đ - 220.000đ/h
VN_0194_C04,VN_0194,120000,220000,120000,120.000đ - 220.000đ/h
VN_0180_C01,VN_0180,120000,220000,120000,120.000đ - 220.000đ/h
VN_0180_C02,VN_0180,120000,220000,120000,120.000đ - 220.000đ/h
VN_0180_C03,VN_0180,120000,220000,120000,120.000đ - 220.000đ/h
VN_0180_C04,VN_0180,120000,220000,120000,120.000đ - 220.000đ/h
VN_0195_C01,VN_0195,120000,220000,120000,120.000đ - 220.000đ/h
VN_0195_C02,VN_0195,120000,220000,120000,120.000đ - 220.000đ/h
VN_0195_C03,VN_0195,120000,220000,120000,120.000đ - 220.000đ/h
VN_0195_C04,VN_0195,120000,220000,120000,120.000đ - 220.000đ/h
VN_0191_C01,VN_0191,120000,220000,120000,120.000đ - 220.000đ/h
VN_0191_C02,VN_0191,120000,220000,120000,120.000đ - 220.000đ/h
VN_0191_C03,VN_0191,120000,220000,120000,120.000đ - 220.000đ/h
VN_0191_C04,VN_0191,120000,220000,120000,120.000đ - 220.000đ/h
VN_0196_C01,VN_0196,120000,220000,120000,120.000đ - 220.000đ/h
VN_0196_C02,VN_0196,120000,220000,120000,120.000đ - 220.000đ/h
VN_0196_C03,VN_0196,120000,220000,120000,120.000đ - 220.000đ/h
VN_0196_C04,VN_0196,120000,220000,120000,120.000đ - 220.000đ/h
VN_0197_C01,VN_0197,120000,220000,120000,120.000đ - 220.000đ/h
VN_0197_C02,VN_0197,120000,220000,120000,120.000đ - 220.000đ/h
VN_0197_C03,VN_0197,120000,220000,120000,120.000đ - 220.000đ/h
VN_0197_C04,VN_0197,120000,220000,120000,120.000đ - 220.000đ/h
VN_0199_C01,VN_0199,120000,220000,120000,120.000đ - 220.000đ/h
VN_0199_C02,VN_0199,120000,220000,120000,120.000đ - 220.000đ/h
VN_0199_C03,VN_0199,120000,220000,120000,120.000đ - 220.000đ/h
VN_0199_C04,VN_0199,120000,220000,120000,120.000đ - 220.000đ/h
VN_0200_C01,VN_0200,120000,220000,120000,120.000đ - 220.000đ/h
VN_0200_C02,VN_0200,120000,220000,120000,120.000đ - 220.000đ/h
VN_0200_C03,VN_0200,120000,220000,120000,120.000đ - 220.000đ/h
VN_0200_C04,VN_0200,120000,220000,120000,120.000đ - 220.000đ/h
VN_0198_C01,VN_0198,120000,220000,120000,120.000đ - 220.000đ/h
VN_0198_C02,VN_0198,120000,220000,120000,120.000đ - 220.000đ/h
VN_0198_C03,VN_0198,120000,220000,120000,120.000đ - 220.000đ/h
VN_0198_C04,VN_0198,120000,220000,120000,120.000đ - 220.000đ/h
VN_0202_C01,VN_0202,120000,220000,120000,120.000đ - 220.000đ/h
VN_0202_C02,VN_0202,120000,220000,120000,120.000đ - 220.000đ/h
VN_0202_C03,VN_0202,120000,220000,120000,120.000đ - 220.000đ/h
VN_0202_C04,VN_0202,120000,220000,120000,120.000đ - 220.000đ/h
VN_0205_C01,VN_0205,120000,220000,120000,120.000đ - 220.000đ/h
VN_0205_C02,VN_0205,120000,220000,120000,120.000đ - 220.000đ/h
VN_0205_C03,VN_0205,120000,220000,120000,120.000đ - 220.000đ/h
VN_0205_C04,VN_0205,120000,220000,120000,120.000đ - 220.000đ/h
VN_0208_C01,VN_0208,120000,220000,120000,120.000đ - 220.000đ/h
VN_0208_C02,VN_0208,120000,220000,120000,120.000đ - 220.000đ/h
VN_0208_C03,VN_0208,120000,220000,120000,120.000đ - 220.000đ/h
VN_0208_C04,VN_0208,120000,220000,120000,120.000đ - 220.000đ/h
VN_0209_C01,VN_0209,120000,220000,120000,120.000đ - 220.000đ/h
VN_0209_C02,VN_0209,120000,220000,120000,120.000đ - 220.000đ/h
VN_0209_C03,VN_0209,120000,220000,120000,120.000đ - 220.000đ/h
VN_0209_C04,VN_0209,120000,220000,120000,120.000đ - 220.000đ/h
VN_0206_C01,VN_0206,100000,120000,100000,cực kì ưu đãi
VN_0206_C02,VN_0206,100000,120000,100000,cực kì ưu đãi
VN_0206_C03,VN_0206,100000,120000,100000,cực kì ưu đãi
VN_0206_C04,VN_0206,100000,120000,100000,cực kì ưu đãi
VN_0204_C01,VN_0204,120000,220000,120000,120.000đ - 220.000đ/h
VN_0204_C02,VN_0204,120000,220000,120000,120.000đ - 220.000đ/h
VN_0204_C03,VN_0204,120000,220000,120000,120.000đ - 220.000đ/h
VN_0204_C04,VN_0204,120000,220000,120000,120.000đ - 220.000đ/h
VN_0210_C01,VN_0210,120000,220000,120000,120.000đ - 220.000đ/h
VN_0210_C02,VN_0210,120000,220000,120000,120.000đ - 220.000đ/h
VN_0210_C03,VN_0210,120000,220000,120000,120.000đ - 220.000đ/h
VN_0210_C04,VN_0210,120000,220000,120000,120.000đ - 220.000đ/h
VN_0203_C01,VN_0203,396100,2040396,396100,chính thức cho các anh em "bôn thủ"👇👇👇Đến với Pickleball 396 để đươc trải nghiệm:🔻 Hệ thống sân Pickleball chuẩn quốc tế, mặt sân thiết kế chuyên nghiệp với đầy đủ mái che 🔻 Khang trang, tiện nghi với 100% đồ chơi mới toanhh, ghế chờ mát mẻ, WC & phòng thay đồ miễn phí🔻 Nhân viên nhiệt tình, sẵn sàng hỗ trợ từ A-Z 🔻 Thường xuyên tổ chức các trận Social và Group cộng đồng giao lưu 🔥🔥 Đặc biệt: ▪️ #Giảm_20% khi đặt sân theo tháng ▪️ #Miễn_phí vợt và bóng chuẩn thi đấu Quốc tế▪️ Pickleball social kết nối cộng đồng chỉ từ #40KHãy đến và trải nghiệm môn thể thao đầy thú vị này tại Pickleball 396 ngay!!!
VN_0203_C02,VN_0203,396100,2040396,396100,chính thức cho các anh em "bôn thủ"👇👇👇Đến với Pickleball 396 để đươc trải nghiệm:🔻 Hệ thống sân Pickleball chuẩn quốc tế, mặt sân thiết kế chuyên nghiệp với đầy đủ mái che 🔻 Khang trang, tiện nghi với 100% đồ chơi mới toanhh, ghế chờ mát mẻ, WC & phòng thay đồ miễn phí🔻 Nhân viên nhiệt tình, sẵn sàng hỗ trợ từ A-Z 🔻 Thường xuyên tổ chức các trận Social và Group cộng đồng giao lưu 🔥🔥 Đặc biệt: ▪️ #Giảm_20% khi đặt sân theo tháng ▪️ #Miễn_phí vợt và bóng chuẩn thi đấu Quốc tế▪️ Pickleball social kết nối cộng đồng chỉ từ #40KHãy đến và trải nghiệm môn thể thao đầy thú vị này tại Pickleball 396 ngay!!!
VN_0203_C03,VN_0203,396100,2040396,396100,chính thức cho các anh em "bôn thủ"👇👇👇Đến với Pickleball 396 để đươc trải nghiệm:🔻 Hệ thống sân Pickleball chuẩn quốc tế, mặt sân thiết kế chuyên nghiệp với đầy đủ mái che 🔻 Khang trang, tiện nghi với 100% đồ chơi mới toanhh, ghế chờ mát mẻ, WC & phòng thay đồ miễn phí🔻 Nhân viên nhiệt tình, sẵn sàng hỗ trợ từ A-Z 🔻 Thường xuyên tổ chức các trận Social và Group cộng đồng giao lưu 🔥🔥 Đặc biệt: ▪️ #Giảm_20% khi đặt sân theo tháng ▪️ #Miễn_phí vợt và bóng chuẩn thi đấu Quốc tế▪️ Pickleball social kết nối cộng đồng chỉ từ #40KHãy đến và trải nghiệm môn thể thao đầy thú vị này tại Pickleball 396 ngay!!!
VN_0203_C04,VN_0203,396100,2040396,396100,chính thức cho các anh em "bôn thủ"👇👇👇Đến với Pickleball 396 để đươc trải nghiệm:🔻 Hệ thống sân Pickleball chuẩn quốc tế, mặt sân thiết kế chuyên nghiệp với đầy đủ mái che 🔻 Khang trang, tiện nghi với 100% đồ chơi mới toanhh, ghế chờ mát mẻ, WC & phòng thay đồ miễn phí🔻 Nhân viên nhiệt tình, sẵn sàng hỗ trợ từ A-Z 🔻 Thường xuyên tổ chức các trận Social và Group cộng đồng giao lưu 🔥🔥 Đặc biệt: ▪️ #Giảm_20% khi đặt sân theo tháng ▪️ #Miễn_phí vợt và bóng chuẩn thi đấu Quốc tế▪️ Pickleball social kết nối cộng đồng chỉ từ #40KHãy đến và trải nghiệm môn thể thao đầy thú vị này tại Pickleball 396 ngay!!!
VN_0201_C01,VN_0201,120000,220000,120000,120.000đ - 220.000đ/h
VN_0201_C02,VN_0201,120000,220000,120000,120.000đ - 220.000đ/h
VN_0201_C03,VN_0201,120000,220000,120000,120.000đ - 220.000đ/h
VN_0201_C04,VN_0201,120000,220000,120000,120.000đ - 220.000đ/h
VN_0211_C01,VN_0211,120000,220000,120000,120.000đ - 220.000đ/h
VN_0211_C02,VN_0211,120000,220000,120000,120.000đ - 220.000đ/h
VN_0211_C03,VN_0211,120000,220000,120000,120.000đ - 220.000đ/h
VN_0211_C04,VN_0211,120000,220000,120000,120.000đ - 220.000đ/h
VN_0212_C01,VN_0212,120000,220000,120000,120.000đ - 220.000đ/h
VN_0212_C02,VN_0212,120000,220000,120000,120.000đ - 220.000đ/h
VN_0212_C03,VN_0212,120000,220000,120000,120.000đ - 220.000đ/h
VN_0212_C04,VN_0212,120000,220000,120000,120.000đ - 220.000đ/h
VN_0213_C01,VN_0213,120000,220000,120000,120.000đ - 220.000đ/h
VN_0213_C02,VN_0213,120000,220000,120000,120.000đ - 220.000đ/h
VN_0213_C03,VN_0213,120000,220000,120000,120.000đ - 220.000đ/h
VN_0213_C04,VN_0213,120000,220000,120000,120.000đ - 220.000đ/h
VN_0214_C01,VN_0214,120000,220000,120000,120.000đ - 220.000đ/h
VN_0214_C02,VN_0214,120000,220000,120000,120.000đ - 220.000đ/h
VN_0214_C03,VN_0214,120000,220000,120000,120.000đ - 220.000đ/h
VN_0214_C04,VN_0214,120000,220000,120000,120.000đ - 220.000đ/h
VN_0215_C01,VN_0215,120000,220000,120000,120.000đ - 220.000đ/h
VN_0215_C02,VN_0215,120000,220000,120000,120.000đ - 220.000đ/h
VN_0215_C03,VN_0215,120000,220000,120000,120.000đ - 220.000đ/h
VN_0215_C04,VN_0215,120000,220000,120000,120.000đ - 220.000đ/h
VN_0207_C01,VN_0207,120000,220000,120000,120.000đ - 220.000đ/h
VN_0207_C02,VN_0207,120000,220000,120000,120.000đ - 220.000đ/h
VN_0207_C03,VN_0207,120000,220000,120000,120.000đ - 220.000đ/h
VN_0207_C04,VN_0207,120000,220000,120000,120.000đ - 220.000đ/h
VN_0217_C01,VN_0217,120000,220000,120000,120.000đ - 220.000đ/h
VN_0217_C02,VN_0217,120000,220000,120000,120.000đ - 220.000đ/h
VN_0217_C03,VN_0217,120000,220000,120000,120.000đ - 220.000đ/h
VN_0217_C04,VN_0217,120000,220000,120000,120.000đ - 220.000đ/h
VN_0216_C01,VN_0216,120000,220000,120000,120.000đ - 220.000đ/h
VN_0216_C02,VN_0216,120000,220000,120000,120.000đ - 220.000đ/h
VN_0216_C03,VN_0216,120000,220000,120000,120.000đ - 220.000đ/h
VN_0216_C04,VN_0216,120000,220000,120000,120.000đ - 220.000đ/h
VN_0218_C01,VN_0218,120000,220000,120000,120.000đ - 220.000đ/h
VN_0218_C02,VN_0218,120000,220000,120000,120.000đ - 220.000đ/h
VN_0218_C03,VN_0218,120000,220000,120000,120.000đ - 220.000đ/h
VN_0218_C04,VN_0218,120000,220000,120000,120.000đ - 220.000đ/h
VN_0220_C01,VN_0220,120000,220000,120000,120.000đ - 220.000đ/h
VN_0220_C02,VN_0220,120000,220000,120000,120.000đ - 220.000đ/h
VN_0220_C03,VN_0220,120000,220000,120000,120.000đ - 220.000đ/h
VN_0220_C04,VN_0220,120000,220000,120000,120.000đ - 220.000đ/h
VN_0224_C01,VN_0224,120000,220000,120000,120.000đ - 220.000đ/h
VN_0224_C02,VN_0224,120000,220000,120000,120.000đ - 220.000đ/h
VN_0224_C03,VN_0224,120000,220000,120000,120.000đ - 220.000đ/h
VN_0224_C04,VN_0224,120000,220000,120000,120.000đ - 220.000đ/h
VN_0221_C01,VN_0221,120000,220000,120000,120.000đ - 220.000đ/h
VN_0221_C02,VN_0221,120000,220000,120000,120.000đ - 220.000đ/h
VN_0221_C03,VN_0221,120000,220000,120000,120.000đ - 220.000đ/h
VN_0221_C04,VN_0221,120000,220000,120000,120.000đ - 220.000đ/h
VN_0223_C01,VN_0223,120000,220000,120000,120.000đ - 220.000đ/h
VN_0223_C02,VN_0223,120000,220000,120000,120.000đ - 220.000đ/h
VN_0223_C03,VN_0223,120000,220000,120000,120.000đ - 220.000đ/h
VN_0223_C04,VN_0223,120000,220000,120000,120.000đ - 220.000đ/h
VN_0225_C01,VN_0225,120000,220000,120000,120.000đ - 220.000đ/h
VN_0225_C02,VN_0225,120000,220000,120000,120.000đ - 220.000đ/h
VN_0225_C03,VN_0225,120000,220000,120000,120.000đ - 220.000đ/h
VN_0225_C04,VN_0225,120000,220000,120000,120.000đ - 220.000đ/h
VN_0228_C01,VN_0228,120000,220000,120000,120.000đ - 220.000đ/h
VN_0228_C02,VN_0228,120000,220000,120000,120.000đ - 220.000đ/h
VN_0228_C03,VN_0228,120000,220000,120000,120.000đ - 220.000đ/h
VN_0228_C04,VN_0228,120000,220000,120000,120.000đ - 220.000đ/h
VN_0219_C01,VN_0219,100000,120000,100000,hoặc lịch hoạt động không?
VN_0219_C02,VN_0219,100000,120000,100000,hoặc lịch hoạt động không?
VN_0219_C03,VN_0219,100000,120000,100000,hoặc lịch hoạt động không?
VN_0219_C04,VN_0219,100000,120000,100000,hoặc lịch hoạt động không?
VN_0226_C01,VN_0226,120000,220000,120000,120.000đ - 220.000đ/h
VN_0226_C02,VN_0226,120000,220000,120000,120.000đ - 220.000đ/h
VN_0226_C03,VN_0226,120000,220000,120000,120.000đ - 220.000đ/h
VN_0226_C04,VN_0226,120000,220000,120000,120.000đ - 220.000đ/h
VN_0227_C01,VN_0227,120000,220000,120000,120.000đ - 220.000đ/h
VN_0227_C02,VN_0227,120000,220000,120000,120.000đ - 220.000đ/h
VN_0227_C03,VN_0227,120000,220000,120000,120.000đ - 220.000đ/h
VN_0227_C04,VN_0227,120000,220000,120000,120.000đ - 220.000đ/h
VN_0222_C01,VN_0222,120000,220000,120000,120.000đ - 220.000đ/h
VN_0222_C02,VN_0222,120000,220000,120000,120.000đ - 220.000đ/h
VN_0222_C03,VN_0222,120000,220000,120000,120.000đ - 220.000đ/h
VN_0222_C04,VN_0222,120000,220000,120000,120.000đ - 220.000đ/h
VN_0230_C01,VN_0230,120000,220000,120000,120.000đ - 220.000đ/h
VN_0230_C02,VN_0230,120000,220000,120000,120.000đ - 220.000đ/h
VN_0230_C03,VN_0230,120000,220000,120000,120.000đ - 220.000đ/h
VN_0230_C04,VN_0230,120000,220000,120000,120.000đ - 220.000đ/h
VN_0231_C01,VN_0231,120000,220000,120000,120.000đ - 220.000đ/h
VN_0231_C02,VN_0231,120000,220000,120000,120.000đ - 220.000đ/h
VN_0231_C03,VN_0231,120000,220000,120000,120.000đ - 220.000đ/h
VN_0231_C04,VN_0231,120000,220000,120000,120.000đ - 220.000đ/h
VN_0232_C01,VN_0232,120000,220000,120000,120.000đ - 220.000đ/h
VN_0232_C02,VN_0232,120000,220000,120000,120.000đ - 220.000đ/h
VN_0232_C03,VN_0232,120000,220000,120000,120.000đ - 220.000đ/h
VN_0232_C04,VN_0232,120000,220000,120000,120.000đ - 220.000đ/h
VN_0229_C01,VN_0229,120000,220000,120000,120.000đ - 220.000đ/h
VN_0229_C02,VN_0229,120000,220000,120000,120.000đ - 220.000đ/h
VN_0229_C03,VN_0229,120000,220000,120000,120.000đ - 220.000đ/h
VN_0229_C04,VN_0229,120000,220000,120000,120.000đ - 220.000đ/h
VN_0233_C01,VN_0233,120000,220000,120000,120.000đ - 220.000đ/h
VN_0233_C02,VN_0233,120000,220000,120000,120.000đ - 220.000đ/h
VN_0233_C03,VN_0233,120000,220000,120000,120.000đ - 220.000đ/h
VN_0233_C04,VN_0233,120000,220000,120000,120.000đ - 220.000đ/h
VN_0235_C01,VN_0235,120000,220000,120000,120.000đ - 220.000đ/h
VN_0235_C02,VN_0235,120000,220000,120000,120.000đ - 220.000đ/h
VN_0235_C03,VN_0235,120000,220000,120000,120.000đ - 220.000đ/h
VN_0235_C04,VN_0235,120000,220000,120000,120.000đ - 220.000đ/h
VN_0234_C01,VN_0234,120000,220000,120000,120.000đ - 220.000đ/h
VN_0234_C02,VN_0234,120000,220000,120000,120.000đ - 220.000đ/h
VN_0234_C03,VN_0234,120000,220000,120000,120.000đ - 220.000đ/h
VN_0234_C04,VN_0234,120000,220000,120000,120.000đ - 220.000đ/h
VN_0237_C01,VN_0237,120000,220000,120000,120.000đ - 220.000đ/h
VN_0237_C02,VN_0237,120000,220000,120000,120.000đ - 220.000đ/h
VN_0237_C03,VN_0237,120000,220000,120000,120.000đ - 220.000đ/h
VN_0237_C04,VN_0237,120000,220000,120000,120.000đ - 220.000đ/h
VN_0238_C01,VN_0238,120000,220000,120000,120.000đ - 220.000đ/h
VN_0238_C02,VN_0238,120000,220000,120000,120.000đ - 220.000đ/h
VN_0238_C03,VN_0238,120000,220000,120000,120.000đ - 220.000đ/h
VN_0238_C04,VN_0238,120000,220000,120000,120.000đ - 220.000đ/h
VN_0236_C01,VN_0236,120000,220000,120000,120.000đ - 220.000đ/h
VN_0236_C02,VN_0236,120000,220000,120000,120.000đ - 220.000đ/h
VN_0236_C03,VN_0236,120000,220000,120000,120.000đ - 220.000đ/h
VN_0236_C04,VN_0236,120000,220000,120000,120.000đ - 220.000đ/h
VN_0239_C01,VN_0239,120000,220000,120000,120.000đ - 220.000đ/h
VN_0239_C02,VN_0239,120000,220000,120000,120.000đ - 220.000đ/h
VN_0239_C03,VN_0239,120000,220000,120000,120.000đ - 220.000đ/h
VN_0239_C04,VN_0239,120000,220000,120000,120.000đ - 220.000đ/h
VN_0240_C01,VN_0240,120000,220000,120000,120.000đ - 220.000đ/h
VN_0240_C02,VN_0240,120000,220000,120000,120.000đ - 220.000đ/h
VN_0240_C03,VN_0240,120000,220000,120000,120.000đ - 220.000đ/h
VN_0240_C04,VN_0240,120000,220000,120000,120.000đ - 220.000đ/h
VN_0241_C01,VN_0241,120000,220000,120000,120.000đ - 220.000đ/h
VN_0242_C01,VN_0242,120000,220000,120000,120.000đ - 220.000đ/h
VN_0242_C02,VN_0242,120000,220000,120000,120.000đ - 220.000đ/h
VN_0242_C03,VN_0242,120000,220000,120000,120.000đ - 220.000đ/h
VN_0242_C04,VN_0242,120000,220000,120000,120.000đ - 220.000đ/h
VN_0242_C05,VN_0242,120000,220000,120000,120.000đ - 220.000đ/h
VN_0242_C06,VN_0242,120000,220000,120000,120.000đ - 220.000đ/h
VN_0245_C01,VN_0245,100000,100000,100000,dao động từ 100
VN_0245_C02,VN_0245,100000,100000,100000,dao động từ 100
VN_0245_C03,VN_0245,100000,100000,100000,dao động từ 100
VN_0245_C04,VN_0245,100000,100000,100000,dao động từ 100
VN_0243_C01,VN_0243,120000,220000,120000,120.000đ - 220.000đ/h
VN_0243_C02,VN_0243,120000,220000,120000,120.000đ - 220.000đ/h
VN_0243_C03,VN_0243,120000,220000,120000,120.000đ - 220.000đ/h
VN_0243_C04,VN_0243,120000,220000,120000,120.000đ - 220.000đ/h
VN_0249_C01,VN_0249,120000,220000,120000,120.000đ - 220.000đ/h
VN_0249_C02,VN_0249,120000,220000,120000,120.000đ - 220.000đ/h
VN_0246_C01,VN_0246,120000,220000,120000,120.000đ - 220.000đ/h
VN_0246_C02,VN_0246,120000,220000,120000,120.000đ - 220.000đ/h
VN_0246_C03,VN_0246,120000,220000,120000,120.000đ - 220.000đ/h
VN_0247_C01,VN_0247,120000,220000,120000,120.000đ - 220.000đ/h
VN_0247_C02,VN_0247,120000,220000,120000,120.000đ - 220.000đ/h
VN_0247_C03,VN_0247,120000,220000,120000,120.000đ - 220.000đ/h
VN_0247_C04,VN_0247,120000,220000,120000,120.000đ - 220.000đ/h
VN_0247_C05,VN_0247,120000,220000,120000,120.000đ - 220.000đ/h
VN_0247_C06,VN_0247,120000,220000,120000,120.000đ - 220.000đ/h
VN_0247_C07,VN_0247,120000,220000,120000,120.000đ - 220.000đ/h
VN_0247_C08,VN_0247,120000,220000,120000,120.000đ - 220.000đ/h
VN_0247_C09,VN_0247,120000,220000,120000,120.000đ - 220.000đ/h
VN_0247_C10,VN_0247,120000,220000,120000,120.000đ - 220.000đ/h
VN_0247_C11,VN_0247,120000,220000,120000,120.000đ - 220.000đ/h
VN_0247_C12,VN_0247,120000,220000,120000,120.000đ - 220.000đ/h
VN_0247_C13,VN_0247,120000,220000,120000,120.000đ - 220.000đ/h
VN_0247_C14,VN_0247,120000,220000,120000,120.000đ - 220.000đ/h
VN_0247_C15,VN_0247,120000,220000,120000,120.000đ - 220.000đ/h
VN_0247_C16,VN_0247,120000,220000,120000,120.000đ - 220.000đ/h
VN_0244_C01,VN_0244,120000,220000,120000,120.000đ - 220.000đ/h
VN_0244_C02,VN_0244,120000,220000,120000,120.000đ - 220.000đ/h
VN_0244_C03,VN_0244,120000,220000,120000,120.000đ - 220.000đ/h
VN_0244_C04,VN_0244,120000,220000,120000,120.000đ - 220.000đ/h
VN_0250_C01,VN_0250,120000,220000,120000,120.000đ - 220.000đ/h
VN_0250_C02,VN_0250,120000,220000,120000,120.000đ - 220.000đ/h
VN_0251_C01,VN_0251,120000,220000,120000,120.000đ - 220.000đ/h
VN_0251_C02,VN_0251,120000,220000,120000,120.000đ - 220.000đ/h
VN_0251_C03,VN_0251,120000,220000,120000,120.000đ - 220.000đ/h
VN_0251_C04,VN_0251,120000,220000,120000,120.000đ - 220.000đ/h
VN_0252_C01,VN_0252,120000,220000,120000,120.000đ - 220.000đ/h
VN_0252_C02,VN_0252,120000,220000,120000,120.000đ - 220.000đ/h
VN_0252_C03,VN_0252,120000,220000,120000,120.000đ - 220.000đ/h
VN_0252_C04,VN_0252,120000,220000,120000,120.000đ - 220.000đ/h
VN_0253_C01,VN_0253,120000,220000,120000,120.000đ - 220.000đ/h
VN_0253_C02,VN_0253,120000,220000,120000,120.000đ - 220.000đ/h
VN_0253_C03,VN_0253,120000,220000,120000,120.000đ - 220.000đ/h
VN_0253_C04,VN_0253,120000,220000,120000,120.000đ - 220.000đ/h
VN_0254_C01,VN_0254,120000,220000,120000,120.000đ - 220.000đ/h
VN_0254_C02,VN_0254,120000,220000,120000,120.000đ - 220.000đ/h
VN_0254_C03,VN_0254,120000,220000,120000,120.000đ - 220.000đ/h
VN_0254_C04,VN_0254,120000,220000,120000,120.000đ - 220.000đ/h
VN_0255_C01,VN_0255,120000,220000,120000,120.000đ - 220.000đ/h
VN_0255_C02,VN_0255,120000,220000,120000,120.000đ - 220.000đ/h
VN_0255_C03,VN_0255,120000,220000,120000,120.000đ - 220.000đ/h
VN_0255_C04,VN_0255,120000,220000,120000,120.000đ - 220.000đ/h
VN_0255_C05,VN_0255,120000,220000,120000,120.000đ - 220.000đ/h
VN_0255_C06,VN_0255,120000,220000,120000,120.000đ - 220.000đ/h
VN_0255_C07,VN_0255,120000,220000,120000,120.000đ - 220.000đ/h
VN_0256_C01,VN_0256,120000,220000,120000,120.000đ - 220.000đ/h
VN_0256_C02,VN_0256,120000,220000,120000,120.000đ - 220.000đ/h
VN_0256_C03,VN_0256,120000,220000,120000,120.000đ - 220.000đ/h
VN_0256_C04,VN_0256,120000,220000,120000,120.000đ - 220.000đ/h
VN_0256_C05,VN_0256,120000,220000,120000,120.000đ - 220.000đ/h
VN_0256_C06,VN_0256,120000,220000,120000,120.000đ - 220.000đ/h
VN_0257_C01,VN_0257,120000,220000,120000,120.000đ - 220.000đ/h
VN_0257_C02,VN_0257,120000,220000,120000,120.000đ - 220.000đ/h
VN_0257_C03,VN_0257,120000,220000,120000,120.000đ - 220.000đ/h
VN_0257_C04,VN_0257,120000,220000,120000,120.000đ - 220.000đ/h
VN_0257_C05,VN_0257,120000,220000,120000,120.000đ - 220.000đ/h
VN_0257_C06,VN_0257,120000,220000,120000,120.000đ - 220.000đ/h
VN_0257_C07,VN_0257,120000,220000,120000,120.000đ - 220.000đ/h
VN_0257_C08,VN_0257,120000,220000,120000,120.000đ - 220.000đ/h
VN_0257_C09,VN_0257,120000,220000,120000,120.000đ - 220.000đ/h
VN_0258_C01,VN_0258,120000,220000,120000,120.000đ - 220.000đ/h
VN_0258_C02,VN_0258,120000,220000,120000,120.000đ - 220.000đ/h
VN_0258_C03,VN_0258,120000,220000,120000,120.000đ - 220.000đ/h
VN_0258_C04,VN_0258,120000,220000,120000,120.000đ - 220.000đ/h
VN_0260_C01,VN_0260,120000,220000,120000,120.000đ - 220.000đ/h
VN_0260_C02,VN_0260,120000,220000,120000,120.000đ - 220.000đ/h
VN_0260_C03,VN_0260,120000,220000,120000,120.000đ - 220.000đ/h
VN_0260_C04,VN_0260,120000,220000,120000,120.000đ - 220.000đ/h
VN_0259_C01,VN_0259,120000,220000,120000,120.000đ - 220.000đ/h
VN_0259_C02,VN_0259,120000,220000,120000,120.000đ - 220.000đ/h
VN_0259_C03,VN_0259,120000,220000,120000,120.000đ - 220.000đ/h
VN_0259_C04,VN_0259,120000,220000,120000,120.000đ - 220.000đ/h
VN_0259_C05,VN_0259,120000,220000,120000,120.000đ - 220.000đ/h
VN_0259_C06,VN_0259,120000,220000,120000,120.000đ - 220.000đ/h
VN_0261_C01,VN_0261,120000,220000,120000,120.000đ - 220.000đ/h
VN_0261_C02,VN_0261,120000,220000,120000,120.000đ - 220.000đ/h
VN_0261_C03,VN_0261,120000,220000,120000,120.000đ - 220.000đ/h
VN_0248_C01,VN_0248,120000,220000,120000,120.000đ - 220.000đ/h
VN_0248_C02,VN_0248,120000,220000,120000,120.000đ - 220.000đ/h
VN_0248_C03,VN_0248,120000,220000,120000,120.000đ - 220.000đ/h
VN_0248_C04,VN_0248,120000,220000,120000,120.000đ - 220.000đ/h
VN_0264_C01,VN_0264,120000,220000,120000,120.000đ - 220.000đ/h
VN_0264_C02,VN_0264,120000,220000,120000,120.000đ - 220.000đ/h
VN_0264_C03,VN_0264,120000,220000,120000,120.000đ - 220.000đ/h
VN_0264_C04,VN_0264,120000,220000,120000,120.000đ - 220.000đ/h
VN_0263_C01,VN_0263,120000,220000,120000,120.000đ - 220.000đ/h
VN_0263_C02,VN_0263,120000,220000,120000,120.000đ - 220.000đ/h
VN_0263_C03,VN_0263,120000,220000,120000,120.000đ - 220.000đ/h
VN_0263_C04,VN_0263,120000,220000,120000,120.000đ - 220.000đ/h
VN_0263_C05,VN_0263,120000,220000,120000,120.000đ - 220.000đ/h
VN_0263_C06,VN_0263,120000,220000,120000,120.000đ - 220.000đ/h
VN_0263_C07,VN_0263,120000,220000,120000,120.000đ - 220.000đ/h
VN_0263_C08,VN_0263,120000,220000,120000,120.000đ - 220.000đ/h
VN_0265_C01,VN_0265,120000,220000,120000,120.000đ - 220.000đ/h
VN_0265_C02,VN_0265,120000,220000,120000,120.000đ - 220.000đ/h
VN_0265_C03,VN_0265,120000,220000,120000,120.000đ - 220.000đ/h
VN_0266_C01,VN_0266,120000,220000,120000,120.000đ - 220.000đ/h
VN_0266_C02,VN_0266,120000,220000,120000,120.000đ - 220.000đ/h
VN_0266_C03,VN_0266,120000,220000,120000,120.000đ - 220.000đ/h
VN_0266_C04,VN_0266,120000,220000,120000,120.000đ - 220.000đ/h
VN_0262_C01,VN_0262,120000,220000,120000,120.000đ - 220.000đ/h
VN_0262_C02,VN_0262,120000,220000,120000,120.000đ - 220.000đ/h
VN_0262_C03,VN_0262,120000,220000,120000,120.000đ - 220.000đ/h
VN_0262_C04,VN_0262,120000,220000,120000,120.000đ - 220.000đ/h
VN_0269_C01,VN_0269,150000,300000,150000,150.000đ - 300.000đ/h
VN_0269_C02,VN_0269,150000,300000,150000,150.000đ - 300.000đ/h
VN_0269_C03,VN_0269,150000,300000,150000,150.000đ - 300.000đ/h
VN_0269_C04,VN_0269,150000,300000,150000,150.000đ - 300.000đ/h
VN_0269_C05,VN_0269,150000,300000,150000,150.000đ - 300.000đ/h
VN_0269_C06,VN_0269,150000,300000,150000,150.000đ - 300.000đ/h
VN_0267_C01,VN_0267,120000,220000,120000,120.000đ - 220.000đ/h
VN_0267_C02,VN_0267,120000,220000,120000,120.000đ - 220.000đ/h
VN_0267_C03,VN_0267,120000,220000,120000,120.000đ - 220.000đ/h
VN_0267_C04,VN_0267,120000,220000,120000,120.000đ - 220.000đ/h
VN_0271_C01,VN_0271,300000,600000,300000,300.000đ - 600.000đ/h
VN_0271_C02,VN_0271,300000,600000,300000,300.000đ - 600.000đ/h
VN_0271_C03,VN_0271,300000,600000,300000,300.000đ - 600.000đ/h
VN_0272_C01,VN_0272,150000,250000,150000,150.000đ - 250.000đ/h
VN_0272_C02,VN_0272,150000,250000,150000,150.000đ - 250.000đ/h
VN_0272_C03,VN_0272,150000,250000,150000,150.000đ - 250.000đ/h
VN_0280_C01,VN_0280,180000,320000,180000,180.000đ - 320.000đ/h
VN_0280_C02,VN_0280,180000,320000,180000,180.000đ - 320.000đ/h
VN_0280_C03,VN_0280,180000,320000,180000,180.000đ - 320.000đ/h
VN_0268_C01,VN_0268,300000,600000,300000,300.000đ - 600.000đ/h
VN_0268_C02,VN_0268,300000,600000,300000,300.000đ - 600.000đ/h
VN_0268_C03,VN_0268,300000,600000,300000,300.000đ - 600.000đ/h
VN_0274_C01,VN_0274,300000,600000,300000,300.000đ - 600.000đ/h
VN_0274_C02,VN_0274,300000,600000,300000,300.000đ - 600.000đ/h
VN_0274_C03,VN_0274,300000,600000,300000,300.000đ - 600.000đ/h
VN_0275_C01,VN_0275,300000,600000,300000,300.000đ - 600.000đ/h
VN_0275_C02,VN_0275,300000,600000,300000,300.000đ - 600.000đ/h
VN_0275_C03,VN_0275,300000,600000,300000,300.000đ - 600.000đ/h
VN_0276_C01,VN_0276,300000,600000,300000,300.000đ - 600.000đ/h
VN_0276_C02,VN_0276,300000,600000,300000,300.000đ - 600.000đ/h
VN_0276_C03,VN_0276,300000,600000,300000,300.000đ - 600.000đ/h
VN_0273_C01,VN_0273,150000,300000,150000,150.000đ - 300.000đ/h
VN_0273_C02,VN_0273,150000,300000,150000,150.000đ - 300.000đ/h
VN_0273_C03,VN_0273,150000,300000,150000,150.000đ - 300.000đ/h
VN_0273_C04,VN_0273,150000,300000,150000,150.000đ - 300.000đ/h
VN_0273_C05,VN_0273,150000,300000,150000,150.000đ - 300.000đ/h
VN_0273_C06,VN_0273,150000,300000,150000,150.000đ - 300.000đ/h
VN_0270_C01,VN_0270,150000,300000,150000,150.000đ - 300.000đ/h
VN_0270_C02,VN_0270,150000,300000,150000,150.000đ - 300.000đ/h
VN_0270_C03,VN_0270,150000,300000,150000,150.000đ - 300.000đ/h
VN_0270_C04,VN_0270,150000,300000,150000,150.000đ - 300.000đ/h
VN_0270_C05,VN_0270,150000,300000,150000,150.000đ - 300.000đ/h
VN_0270_C06,VN_0270,150000,300000,150000,150.000đ - 300.000đ/h
VN_0279_C01,VN_0279,120000,220000,120000,120.000đ - 220.000đ/h
VN_0279_C02,VN_0279,120000,220000,120000,120.000đ - 220.000đ/h
VN_0279_C03,VN_0279,120000,220000,120000,120.000đ - 220.000đ/h
VN_0279_C04,VN_0279,120000,220000,120000,120.000đ - 220.000đ/h
VN_0277_C01,VN_0277,150000,300000,150000,150.000đ - 300.000đ/h
VN_0277_C02,VN_0277,150000,300000,150000,150.000đ - 300.000đ/h
VN_0277_C03,VN_0277,150000,300000,150000,150.000đ - 300.000đ/h
VN_0277_C04,VN_0277,150000,300000,150000,150.000đ - 300.000đ/h
VN_0277_C05,VN_0277,150000,300000,150000,150.000đ - 300.000đ/h
VN_0277_C06,VN_0277,150000,300000,150000,150.000đ - 300.000đ/h
VN_0278_C01,VN_0278,120000,220000,120000,120.000đ - 220.000đ/h
VN_0278_C02,VN_0278,120000,220000,120000,120.000đ - 220.000đ/h
VN_0278_C03,VN_0278,120000,220000,120000,120.000đ - 220.000đ/h
VN_0278_C04,VN_0278,120000,220000,120000,120.000đ - 220.000đ/h
VN_0278_C05,VN_0278,120000,220000,120000,120.000đ - 220.000đ/h
VN_0278_C06,VN_0278,120000,220000,120000,120.000đ - 220.000đ/h
VN_0278_C07,VN_0278,120000,220000,120000,120.000đ - 220.000đ/h
VN_0278_C08,VN_0278,120000,220000,120000,120.000đ - 220.000đ/h
VN_0278_C09,VN_0278,120000,220000,120000,120.000đ - 220.000đ/h
VN_0278_C10,VN_0278,120000,220000,120000,120.000đ - 220.000đ/h
VN_0282_C01,VN_0282,300000,600000,300000,300.000đ - 600.000đ/h
VN_0282_C02,VN_0282,300000,600000,300000,300.000đ - 600.000đ/h
VN_0282_C03,VN_0282,300000,600000,300000,300.000đ - 600.000đ/h
VN_0284_C01,VN_0284,180000,320000,180000,180.000đ - 320.000đ/h
VN_0284_C02,VN_0284,180000,320000,180000,180.000đ - 320.000đ/h
VN_0284_C03,VN_0284,180000,320000,180000,180.000đ - 320.000đ/h
VN_0285_C01,VN_0285,300000,600000,300000,300.000đ - 600.000đ/h
VN_0285_C02,VN_0285,300000,600000,300000,300.000đ - 600.000đ/h
VN_0285_C03,VN_0285,300000,600000,300000,300.000đ - 600.000đ/h
VN_0286_C01,VN_0286,300000,600000,300000,300.000đ - 600.000đ/h
VN_0286_C02,VN_0286,300000,600000,300000,300.000đ - 600.000đ/h
VN_0286_C03,VN_0286,300000,600000,300000,300.000đ - 600.000đ/h
VN_0283_C01,VN_0283,300000,600000,300000,300.000đ - 600.000đ/h
VN_0283_C02,VN_0283,300000,600000,300000,300.000đ - 600.000đ/h
VN_0283_C03,VN_0283,300000,600000,300000,300.000đ - 600.000đ/h
VN_0281_C01,VN_0281,100000,120000,100000,hợp lý, phù hợp cho người chơi từ luyện tập đến thi đấu
VN_0281_C02,VN_0281,100000,120000,100000,hợp lý, phù hợp cho người chơi từ luyện tập đến thi đấu
VN_0281_C03,VN_0281,100000,120000,100000,hợp lý, phù hợp cho người chơi từ luyện tập đến thi đấu
VN_0281_C04,VN_0281,100000,120000,100000,hợp lý, phù hợp cho người chơi từ luyện tập đến thi đấu
VN_0281_C05,VN_0281,100000,120000,100000,hợp lý, phù hợp cho người chơi từ luyện tập đến thi đấu
VN_0281_C06,VN_0281,100000,120000,100000,hợp lý, phù hợp cho người chơi từ luyện tập đến thi đấu
VN_0281_C07,VN_0281,100000,120000,100000,hợp lý, phù hợp cho người chơi từ luyện tập đến thi đấu
VN_0281_C08,VN_0281,100000,120000,100000,hợp lý, phù hợp cho người chơi từ luyện tập đến thi đấu
VN_0281_C09,VN_0281,100000,120000,100000,hợp lý, phù hợp cho người chơi từ luyện tập đến thi đấu
VN_0281_C10,VN_0281,100000,120000,100000,hợp lý, phù hợp cho người chơi từ luyện tập đến thi đấu
VN_0281_C11,VN_0281,100000,120000,100000,hợp lý, phù hợp cho người chơi từ luyện tập đến thi đấu
VN_0281_C12,VN_0281,100000,120000,100000,hợp lý, phù hợp cho người chơi từ luyện tập đến thi đấu
VN_0281_C13,VN_0281,100000,120000,100000,hợp lý, phù hợp cho người chơi từ luyện tập đến thi đấu
VN_0281_C14,VN_0281,100000,120000,100000,hợp lý, phù hợp cho người chơi từ luyện tập đến thi đấu
VN_0281_C15,VN_0281,100000,120000,100000,hợp lý, phù hợp cho người chơi từ luyện tập đến thi đấu
VN_0287_C01,VN_0287,300000,600000,300000,300.000đ - 600.000đ/h
VN_0287_C02,VN_0287,300000,600000,300000,300.000đ - 600.000đ/h
VN_0287_C03,VN_0287,300000,600000,300000,300.000đ - 600.000đ/h
VN_0290_C01,VN_0290,300000,600000,300000,300.000đ - 600.000đ/h
VN_0290_C02,VN_0290,300000,600000,300000,300.000đ - 600.000đ/h
VN_0290_C03,VN_0290,300000,600000,300000,300.000đ - 600.000đ/h
VN_0289_C01,VN_0289,120000,220000,120000,120.000đ - 220.000đ/h
VN_0289_C02,VN_0289,120000,220000,120000,120.000đ - 220.000đ/h
VN_0289_C03,VN_0289,120000,220000,120000,120.000đ - 220.000đ/h
VN_0289_C04,VN_0289,120000,220000,120000,120.000đ - 220.000đ/h
VN_0289_C05,VN_0289,120000,220000,120000,120.000đ - 220.000đ/h
VN_0289_C06,VN_0289,120000,220000,120000,120.000đ - 220.000đ/h
VN_0289_C07,VN_0289,120000,220000,120000,120.000đ - 220.000đ/h
VN_0289_C08,VN_0289,120000,220000,120000,120.000đ - 220.000đ/h
VN_0289_C09,VN_0289,120000,220000,120000,120.000đ - 220.000đ/h
VN_0289_C10,VN_0289,120000,220000,120000,120.000đ - 220.000đ/h
VN_0293_C01,VN_0293,300000,600000,300000,300.000đ - 600.000đ/h
VN_0293_C02,VN_0293,300000,600000,300000,300.000đ - 600.000đ/h
VN_0293_C03,VN_0293,300000,600000,300000,300.000đ - 600.000đ/h
VN_0292_C01,VN_0292,150000,300000,150000,150.000đ - 300.000đ/h
VN_0292_C02,VN_0292,150000,300000,150000,150.000đ - 300.000đ/h
VN_0292_C03,VN_0292,150000,300000,150000,150.000đ - 300.000đ/h
VN_0292_C04,VN_0292,150000,300000,150000,150.000đ - 300.000đ/h
VN_0292_C05,VN_0292,150000,300000,150000,150.000đ - 300.000đ/h
VN_0292_C06,VN_0292,150000,300000,150000,150.000đ - 300.000đ/h
VN_0296_C01,VN_0296,300000,600000,300000,300.000đ - 600.000đ/h
VN_0296_C02,VN_0296,300000,600000,300000,300.000đ - 600.000đ/h
VN_0296_C03,VN_0296,300000,600000,300000,300.000đ - 600.000đ/h
VN_0297_C01,VN_0297,150000,300000,150000,150.000đ - 300.000đ/h
VN_0297_C02,VN_0297,150000,300000,150000,150.000đ - 300.000đ/h
VN_0297_C03,VN_0297,150000,300000,150000,150.000đ - 300.000đ/h
VN_0297_C04,VN_0297,150000,300000,150000,150.000đ - 300.000đ/h
VN_0297_C05,VN_0297,150000,300000,150000,150.000đ - 300.000đ/h
VN_0297_C06,VN_0297,150000,300000,150000,150.000đ - 300.000đ/h
VN_0299_C01,VN_0299,70000,130000,70000,70.000đ - 130.000đ/h
VN_0299_C02,VN_0299,70000,130000,70000,70.000đ - 130.000đ/h
VN_0299_C03,VN_0299,70000,130000,70000,70.000đ - 130.000đ/h
VN_0299_C04,VN_0299,70000,130000,70000,70.000đ - 130.000đ/h
VN_0299_C05,VN_0299,70000,130000,70000,70.000đ - 130.000đ/h
VN_0299_C06,VN_0299,70000,130000,70000,70.000đ - 130.000đ/h
VN_0300_C01,VN_0300,300000,600000,300000,300.000đ - 600.000đ/h
VN_0300_C02,VN_0300,300000,600000,300000,300.000đ - 600.000đ/h
VN_0300_C03,VN_0300,300000,600000,300000,300.000đ - 600.000đ/h
VN_0291_C01,VN_0291,300000,600000,300000,300.000đ - 600.000đ/h
VN_0291_C02,VN_0291,300000,600000,300000,300.000đ - 600.000đ/h
VN_0291_C03,VN_0291,300000,600000,300000,300.000đ - 600.000đ/h
VN_0295_C01,VN_0295,150000,300000,150000,150.000đ - 300.000đ/h
VN_0295_C02,VN_0295,150000,300000,150000,150.000đ - 300.000đ/h
VN_0295_C03,VN_0295,150000,300000,150000,150.000đ - 300.000đ/h
VN_0295_C04,VN_0295,150000,300000,150000,150.000đ - 300.000đ/h
VN_0295_C05,VN_0295,150000,300000,150000,150.000đ - 300.000đ/h
VN_0295_C06,VN_0295,150000,300000,150000,150.000đ - 300.000đ/h
VN_0288_C01,VN_0288,120000,220000,120000,120.000đ - 220.000đ/h
VN_0288_C02,VN_0288,120000,220000,120000,120.000đ - 220.000đ/h
VN_0288_C03,VN_0288,120000,220000,120000,120.000đ - 220.000đ/h
VN_0288_C04,VN_0288,120000,220000,120000,120.000đ - 220.000đ/h
VN_0304_C01,VN_0304,150000,300000,150000,150.000đ - 300.000đ/h
VN_0304_C02,VN_0304,150000,300000,150000,150.000đ - 300.000đ/h
VN_0304_C03,VN_0304,150000,300000,150000,150.000đ - 300.000đ/h
VN_0304_C04,VN_0304,150000,300000,150000,150.000đ - 300.000đ/h
VN_0304_C05,VN_0304,150000,300000,150000,150.000đ - 300.000đ/h
VN_0304_C06,VN_0304,150000,300000,150000,150.000đ - 300.000đ/h
VN_0294_C01,VN_0294,150000,300000,150000,150.000đ - 300.000đ/h
VN_0294_C02,VN_0294,150000,300000,150000,150.000đ - 300.000đ/h
VN_0294_C03,VN_0294,150000,300000,150000,150.000đ - 300.000đ/h
VN_0294_C04,VN_0294,150000,300000,150000,150.000đ - 300.000đ/h
VN_0294_C05,VN_0294,150000,300000,150000,150.000đ - 300.000đ/h
VN_0294_C06,VN_0294,150000,300000,150000,150.000đ - 300.000đ/h
VN_0302_C01,VN_0302,150000,300000,150000,150.000đ - 300.000đ/h
VN_0302_C02,VN_0302,150000,300000,150000,150.000đ - 300.000đ/h
VN_0302_C03,VN_0302,150000,300000,150000,150.000đ - 300.000đ/h
VN_0302_C04,VN_0302,150000,300000,150000,150.000đ - 300.000đ/h
VN_0302_C05,VN_0302,150000,300000,150000,150.000đ - 300.000đ/h
VN_0302_C06,VN_0302,150000,300000,150000,150.000đ - 300.000đ/h
VN_0298_C01,VN_0298,300000,600000,300000,300.000đ - 600.000đ/h
VN_0298_C02,VN_0298,300000,600000,300000,300.000đ - 600.000đ/h
VN_0298_C03,VN_0298,300000,600000,300000,300.000đ - 600.000đ/h
VN_0306_C01,VN_0306,300000,600000,300000,300.000đ - 600.000đ/h
VN_0306_C02,VN_0306,300000,600000,300000,300.000đ - 600.000đ/h
VN_0306_C03,VN_0306,300000,600000,300000,300.000đ - 600.000đ/h
VN_0305_C01,VN_0305,300000,600000,300000,300.000đ - 600.000đ/h
VN_0305_C02,VN_0305,300000,600000,300000,300.000đ - 600.000đ/h
VN_0305_C03,VN_0305,300000,600000,300000,300.000đ - 600.000đ/h
VN_0308_C01,VN_0308,300000,600000,300000,300.000đ - 600.000đ/h
VN_0308_C02,VN_0308,300000,600000,300000,300.000đ - 600.000đ/h
VN_0308_C03,VN_0308,300000,600000,300000,300.000đ - 600.000đ/h
VN_0307_C01,VN_0307,300000,600000,300000,300.000đ - 600.000đ/h
VN_0307_C02,VN_0307,300000,600000,300000,300.000đ - 600.000đ/h
VN_0307_C03,VN_0307,300000,600000,300000,300.000đ - 600.000đ/h
VN_0301_C01,VN_0301,300000,600000,300000,300.000đ - 600.000đ/h
VN_0301_C02,VN_0301,300000,600000,300000,300.000đ - 600.000đ/h
VN_0301_C03,VN_0301,300000,600000,300000,300.000đ - 600.000đ/h
VN_0303_C01,VN_0303,300000,600000,300000,300.000đ - 600.000đ/h
VN_0303_C02,VN_0303,300000,600000,300000,300.000đ - 600.000đ/h
VN_0303_C03,VN_0303,300000,600000,300000,300.000đ - 600.000đ/h
VN_0309_C01,VN_0309,150000,300000,150000,150.000đ - 300.000đ/h
VN_0309_C02,VN_0309,150000,300000,150000,150.000đ - 300.000đ/h
VN_0309_C03,VN_0309,150000,300000,150000,150.000đ - 300.000đ/h
VN_0309_C04,VN_0309,150000,300000,150000,150.000đ - 300.000đ/h
VN_0309_C05,VN_0309,150000,300000,150000,150.000đ - 300.000đ/h
VN_0309_C06,VN_0309,150000,300000,150000,150.000đ - 300.000đ/h
VN_0311_C01,VN_0311,120000,220000,120000,120.000đ - 220.000đ/h
VN_0311_C02,VN_0311,120000,220000,120000,120.000đ - 220.000đ/h
VN_0311_C03,VN_0311,120000,220000,120000,120.000đ - 220.000đ/h
VN_0311_C04,VN_0311,120000,220000,120000,120.000đ - 220.000đ/h
VN_0314_C01,VN_0314,150000,250000,150000,150.000đ - 250.000đ/h
VN_0314_C02,VN_0314,150000,250000,150000,150.000đ - 250.000đ/h
VN_0314_C03,VN_0314,150000,250000,150000,150.000đ - 250.000đ/h
VN_0312_C01,VN_0312,150000,300000,150000,150.000đ - 300.000đ/h
VN_0312_C02,VN_0312,150000,300000,150000,150.000đ - 300.000đ/h
VN_0312_C03,VN_0312,150000,300000,150000,150.000đ - 300.000đ/h
VN_0312_C04,VN_0312,150000,300000,150000,150.000đ - 300.000đ/h
VN_0312_C05,VN_0312,150000,300000,150000,150.000đ - 300.000đ/h
VN_0312_C06,VN_0312,150000,300000,150000,150.000đ - 300.000đ/h
VN_0313_C01,VN_0313,300000,600000,300000,300.000đ - 600.000đ/h
VN_0313_C02,VN_0313,300000,600000,300000,300.000đ - 600.000đ/h
VN_0313_C03,VN_0313,300000,600000,300000,300.000đ - 600.000đ/h
VN_0317_C01,VN_0317,300000,600000,300000,300.000đ - 600.000đ/h
VN_0317_C02,VN_0317,300000,600000,300000,300.000đ - 600.000đ/h
VN_0317_C03,VN_0317,300000,600000,300000,300.000đ - 600.000đ/h
VN_0316_C01,VN_0316,150000,250000,150000,150.000đ - 250.000đ/h
VN_0316_C02,VN_0316,150000,250000,150000,150.000đ - 250.000đ/h
VN_0316_C03,VN_0316,150000,250000,150000,150.000đ - 250.000đ/h
VN_0318_C01,VN_0318,300000,600000,300000,300.000đ - 600.000đ/h
VN_0318_C02,VN_0318,300000,600000,300000,300.000đ - 600.000đ/h
VN_0318_C03,VN_0318,300000,600000,300000,300.000đ - 600.000đ/h
VN_0315_C01,VN_0315,300000,600000,300000,300.000đ - 600.000đ/h
VN_0315_C02,VN_0315,300000,600000,300000,300.000đ - 600.000đ/h
VN_0315_C03,VN_0315,300000,600000,300000,300.000đ - 600.000đ/h
VN_0319_C01,VN_0319,150000,300000,150000,150.000đ - 300.000đ/h
VN_0319_C02,VN_0319,150000,300000,150000,150.000đ - 300.000đ/h
VN_0319_C03,VN_0319,150000,300000,150000,150.000đ - 300.000đ/h
VN_0319_C04,VN_0319,150000,300000,150000,150.000đ - 300.000đ/h
VN_0319_C05,VN_0319,150000,300000,150000,150.000đ - 300.000đ/h
VN_0319_C06,VN_0319,150000,300000,150000,150.000đ - 300.000đ/h
VN_0321_C01,VN_0321,300000,600000,300000,300.000đ - 600.000đ/h
VN_0321_C02,VN_0321,300000,600000,300000,300.000đ - 600.000đ/h
VN_0321_C03,VN_0321,300000,600000,300000,300.000đ - 600.000đ/h
VN_0322_C01,VN_0322,300000,600000,300000,300.000đ - 600.000đ/h
VN_0322_C02,VN_0322,300000,600000,300000,300.000đ - 600.000đ/h
VN_0322_C03,VN_0322,300000,600000,300000,300.000đ - 600.000đ/h
VN_0310_C01,VN_0310,300000,600000,300000,300.000đ - 600.000đ/h
VN_0310_C02,VN_0310,300000,600000,300000,300.000đ - 600.000đ/h
VN_0310_C03,VN_0310,300000,600000,300000,300.000đ - 600.000đ/h
VN_0323_C01,VN_0323,300000,600000,300000,300.000đ - 600.000đ/h
VN_0323_C02,VN_0323,300000,600000,300000,300.000đ - 600.000đ/h
VN_0323_C03,VN_0323,300000,600000,300000,300.000đ - 600.000đ/h
VN_0325_C01,VN_0325,300000,600000,300000,300.000đ - 600.000đ/h
VN_0325_C02,VN_0325,300000,600000,300000,300.000đ - 600.000đ/h
VN_0325_C03,VN_0325,300000,600000,300000,300.000đ - 600.000đ/h
VN_0320_C01,VN_0320,150000,300000,150000,150.000đ - 300.000đ/h
VN_0320_C02,VN_0320,150000,300000,150000,150.000đ - 300.000đ/h
VN_0320_C03,VN_0320,150000,300000,150000,150.000đ - 300.000đ/h
VN_0320_C04,VN_0320,150000,300000,150000,150.000đ - 300.000đ/h
VN_0320_C05,VN_0320,150000,300000,150000,150.000đ - 300.000đ/h
VN_0320_C06,VN_0320,150000,300000,150000,150.000đ - 300.000đ/h
VN_0326_C01,VN_0326,300000,600000,300000,300.000đ - 600.000đ/h
VN_0326_C02,VN_0326,300000,600000,300000,300.000đ - 600.000đ/h
VN_0326_C03,VN_0326,300000,600000,300000,300.000đ - 600.000đ/h
VN_0327_C01,VN_0327,300000,600000,300000,300.000đ - 600.000đ/h
VN_0327_C02,VN_0327,300000,600000,300000,300.000đ - 600.000đ/h
VN_0327_C03,VN_0327,300000,600000,300000,300.000đ - 600.000đ/h
VN_0329_C01,VN_0329,300000,600000,300000,300.000đ - 600.000đ/h
VN_0329_C02,VN_0329,300000,600000,300000,300.000đ - 600.000đ/h
VN_0329_C03,VN_0329,300000,600000,300000,300.000đ - 600.000đ/h
VN_0330_C01,VN_0330,300000,600000,300000,300.000đ - 600.000đ/h
VN_0330_C02,VN_0330,300000,600000,300000,300.000đ - 600.000đ/h
VN_0330_C03,VN_0330,300000,600000,300000,300.000đ - 600.000đ/h
VN_0324_C01,VN_0324,300000,600000,300000,300.000đ - 600.000đ/h
VN_0324_C02,VN_0324,300000,600000,300000,300.000đ - 600.000đ/h
VN_0324_C03,VN_0324,300000,600000,300000,300.000đ - 600.000đ/h
VN_0331_C01,VN_0331,300000,600000,300000,300.000đ - 600.000đ/h
VN_0331_C02,VN_0331,300000,600000,300000,300.000đ - 600.000đ/h
VN_0331_C03,VN_0331,300000,600000,300000,300.000đ - 600.000đ/h
VN_0332_C01,VN_0332,300000,600000,300000,300.000đ - 600.000đ/h
VN_0332_C02,VN_0332,300000,600000,300000,300.000đ - 600.000đ/h
VN_0332_C03,VN_0332,300000,600000,300000,300.000đ - 600.000đ/h
VN_0336_C01,VN_0336,300000,600000,300000,300.000đ - 600.000đ/h
VN_0336_C02,VN_0336,300000,600000,300000,300.000đ - 600.000đ/h
VN_0336_C03,VN_0336,300000,600000,300000,300.000đ - 600.000đ/h
VN_0328_C01,VN_0328,300000,600000,300000,300.000đ - 600.000đ/h
VN_0328_C02,VN_0328,300000,600000,300000,300.000đ - 600.000đ/h
VN_0328_C03,VN_0328,300000,600000,300000,300.000đ - 600.000đ/h
VN_0335_C01,VN_0335,300000,600000,300000,300.000đ - 600.000đ/h
VN_0335_C02,VN_0335,300000,600000,300000,300.000đ - 600.000đ/h
VN_0335_C03,VN_0335,300000,600000,300000,300.000đ - 600.000đ/h
VN_0333_C01,VN_0333,300000,600000,300000,300.000đ - 600.000đ/h
VN_0333_C02,VN_0333,300000,600000,300000,300.000đ - 600.000đ/h
VN_0333_C03,VN_0333,300000,600000,300000,300.000đ - 600.000đ/h
VN_0337_C01,VN_0337,150000,300000,150000,150.000đ - 300.000đ/h
VN_0337_C02,VN_0337,150000,300000,150000,150.000đ - 300.000đ/h
VN_0337_C03,VN_0337,150000,300000,150000,150.000đ - 300.000đ/h
VN_0337_C04,VN_0337,150000,300000,150000,150.000đ - 300.000đ/h
VN_0337_C05,VN_0337,150000,300000,150000,150.000đ - 300.000đ/h
VN_0337_C06,VN_0337,150000,300000,150000,150.000đ - 300.000đ/h
VN_0338_C01,VN_0338,300000,600000,300000,300.000đ - 600.000đ/h
VN_0338_C02,VN_0338,300000,600000,300000,300.000đ - 600.000đ/h
VN_0338_C03,VN_0338,300000,600000,300000,300.000đ - 600.000đ/h
VN_0334_C01,VN_0334,150000,300000,150000,150.000đ - 300.000đ/h
VN_0334_C02,VN_0334,150000,300000,150000,150.000đ - 300.000đ/h
VN_0334_C03,VN_0334,150000,300000,150000,150.000đ - 300.000đ/h
VN_0334_C04,VN_0334,150000,300000,150000,150.000đ - 300.000đ/h
VN_0334_C05,VN_0334,150000,300000,150000,150.000đ - 300.000đ/h
VN_0334_C06,VN_0334,150000,300000,150000,150.000đ - 300.000đ/h
VN_0339_C01,VN_0339,300000,600000,300000,300.000đ - 600.000đ/h
VN_0339_C02,VN_0339,300000,600000,300000,300.000đ - 600.000đ/h
VN_0339_C03,VN_0339,300000,600000,300000,300.000đ - 600.000đ/h
VN_0340_C01,VN_0340,300000,600000,300000,300.000đ - 600.000đ/h
VN_0340_C02,VN_0340,300000,600000,300000,300.000đ - 600.000đ/h
VN_0340_C03,VN_0340,300000,600000,300000,300.000đ - 600.000đ/h
VN_0341_C01,VN_0341,300000,600000,300000,300.000đ - 600.000đ/h
VN_0341_C02,VN_0341,300000,600000,300000,300.000đ - 600.000đ/h
VN_0341_C03,VN_0341,300000,600000,300000,300.000đ - 600.000đ/h
VN_0342_C01,VN_0342,300000,600000,300000,300.000đ - 600.000đ/h
VN_0342_C02,VN_0342,300000,600000,300000,300.000đ - 600.000đ/h
VN_0342_C03,VN_0342,300000,600000,300000,300.000đ - 600.000đ/h
VN_0343_C01,VN_0343,300000,600000,300000,300.000đ - 600.000đ/h
VN_0343_C02,VN_0343,300000,600000,300000,300.000đ - 600.000đ/h
VN_0343_C03,VN_0343,300000,600000,300000,300.000đ - 600.000đ/h
VN_0347_C01,VN_0347,300000,600000,300000,300.000đ - 600.000đ/h
VN_0347_C02,VN_0347,300000,600000,300000,300.000đ - 600.000đ/h
VN_0347_C03,VN_0347,300000,600000,300000,300.000đ - 600.000đ/h
VN_0345_C01,VN_0345,150000,300000,150000,150.000đ - 300.000đ/h
VN_0345_C02,VN_0345,150000,300000,150000,150.000đ - 300.000đ/h
VN_0345_C03,VN_0345,150000,300000,150000,150.000đ - 300.000đ/h
VN_0345_C04,VN_0345,150000,300000,150000,150.000đ - 300.000đ/h
VN_0345_C05,VN_0345,150000,300000,150000,150.000đ - 300.000đ/h
VN_0345_C06,VN_0345,150000,300000,150000,150.000đ - 300.000đ/h
VN_0349_C01,VN_0349,300000,600000,300000,300.000đ - 600.000đ/h
VN_0349_C02,VN_0349,300000,600000,300000,300.000đ - 600.000đ/h
VN_0349_C03,VN_0349,300000,600000,300000,300.000đ - 600.000đ/h
VN_0348_C01,VN_0348,150000,300000,150000,150.000đ - 300.000đ/h
VN_0348_C02,VN_0348,150000,300000,150000,150.000đ - 300.000đ/h
VN_0348_C03,VN_0348,150000,300000,150000,150.000đ - 300.000đ/h
VN_0348_C04,VN_0348,150000,300000,150000,150.000đ - 300.000đ/h
VN_0348_C05,VN_0348,150000,300000,150000,150.000đ - 300.000đ/h
VN_0348_C06,VN_0348,150000,300000,150000,150.000đ - 300.000đ/h
VN_0350_C01,VN_0350,150000,300000,150000,150.000đ - 300.000đ/h
VN_0350_C02,VN_0350,150000,300000,150000,150.000đ - 300.000đ/h
VN_0350_C03,VN_0350,150000,300000,150000,150.000đ - 300.000đ/h
VN_0350_C04,VN_0350,150000,300000,150000,150.000đ - 300.000đ/h
VN_0350_C05,VN_0350,150000,300000,150000,150.000đ - 300.000đ/h
VN_0350_C06,VN_0350,150000,300000,150000,150.000đ - 300.000đ/h
VN_0354_C01,VN_0354,150000,300000,150000,150.000đ - 300.000đ/h
VN_0354_C02,VN_0354,150000,300000,150000,150.000đ - 300.000đ/h
VN_0354_C03,VN_0354,150000,300000,150000,150.000đ - 300.000đ/h
VN_0354_C04,VN_0354,150000,300000,150000,150.000đ - 300.000đ/h
VN_0354_C05,VN_0354,150000,300000,150000,150.000đ - 300.000đ/h
VN_0354_C06,VN_0354,150000,300000,150000,150.000đ - 300.000đ/h
VN_0353_C01,VN_0353,300000,600000,300000,300.000đ - 600.000đ/h
VN_0353_C02,VN_0353,300000,600000,300000,300.000đ - 600.000đ/h
VN_0353_C03,VN_0353,300000,600000,300000,300.000đ - 600.000đ/h
VN_0352_C01,VN_0352,300000,600000,300000,300.000đ - 600.000đ/h
VN_0352_C02,VN_0352,300000,600000,300000,300.000đ - 600.000đ/h
VN_0352_C03,VN_0352,300000,600000,300000,300.000đ - 600.000đ/h
VN_0356_C01,VN_0356,150000,300000,150000,150.000đ - 300.000đ/h
VN_0356_C02,VN_0356,150000,300000,150000,150.000đ - 300.000đ/h
VN_0356_C03,VN_0356,150000,300000,150000,150.000đ - 300.000đ/h
VN_0356_C04,VN_0356,150000,300000,150000,150.000đ - 300.000đ/h
VN_0356_C05,VN_0356,150000,300000,150000,150.000đ - 300.000đ/h
VN_0356_C06,VN_0356,150000,300000,150000,150.000đ - 300.000đ/h
VN_0344_C01,VN_0344,300000,600000,300000,300.000đ - 600.000đ/h
VN_0344_C02,VN_0344,300000,600000,300000,300.000đ - 600.000đ/h
VN_0344_C03,VN_0344,300000,600000,300000,300.000đ - 600.000đ/h
VN_0346_C01,VN_0346,300000,600000,300000,300.000đ - 600.000đ/h
VN_0346_C02,VN_0346,300000,600000,300000,300.000đ - 600.000đ/h
VN_0346_C03,VN_0346,300000,600000,300000,300.000đ - 600.000đ/h
VN_0351_C01,VN_0351,300000,600000,300000,300.000đ - 600.000đ/h
VN_0351_C02,VN_0351,300000,600000,300000,300.000đ - 600.000đ/h
VN_0351_C03,VN_0351,300000,600000,300000,300.000đ - 600.000đ/h
VN_0357_C01,VN_0357,120000,220000,120000,120.000đ - 220.000đ/h
VN_0357_C02,VN_0357,120000,220000,120000,120.000đ - 220.000đ/h
VN_0357_C03,VN_0357,120000,220000,120000,120.000đ - 220.000đ/h
VN_0357_C04,VN_0357,120000,220000,120000,120.000đ - 220.000đ/h
VN_0355_C01,VN_0355,300000,600000,300000,300.000đ - 600.000đ/h
VN_0355_C02,VN_0355,300000,600000,300000,300.000đ - 600.000đ/h
VN_0355_C03,VN_0355,300000,600000,300000,300.000đ - 600.000đ/h
VN_0358_C01,VN_0358,120000,220000,120000,120.000đ - 220.000đ/h
VN_0358_C02,VN_0358,120000,220000,120000,120.000đ - 220.000đ/h
VN_0358_C03,VN_0358,120000,220000,120000,120.000đ - 220.000đ/h
VN_0358_C04,VN_0358,120000,220000,120000,120.000đ - 220.000đ/h
VN_0359_C01,VN_0359,120000,220000,120000,120.000đ - 220.000đ/h
VN_0359_C02,VN_0359,120000,220000,120000,120.000đ - 220.000đ/h
VN_0359_C03,VN_0359,120000,220000,120000,120.000đ - 220.000đ/h
VN_0359_C04,VN_0359,120000,220000,120000,120.000đ - 220.000đ/h
VN_0360_C01,VN_0360,120000,220000,120000,120.000đ - 220.000đ/h
VN_0360_C02,VN_0360,120000,220000,120000,120.000đ - 220.000đ/h
VN_0360_C03,VN_0360,120000,220000,120000,120.000đ - 220.000đ/h
VN_0360_C04,VN_0360,120000,220000,120000,120.000đ - 220.000đ/h
VN_0361_C01,VN_0361,120000,220000,120000,120.000đ - 220.000đ/h
VN_0361_C02,VN_0361,120000,220000,120000,120.000đ - 220.000đ/h
VN_0361_C03,VN_0361,120000,220000,120000,120.000đ - 220.000đ/h
VN_0361_C04,VN_0361,120000,220000,120000,120.000đ - 220.000đ/h
VN_0362_C01,VN_0362,300000,600000,300000,300.000đ - 600.000đ/h
VN_0362_C02,VN_0362,300000,600000,300000,300.000đ - 600.000đ/h
VN_0362_C03,VN_0362,300000,600000,300000,300.000đ - 600.000đ/h
VN_0363_C01,VN_0363,120000,220000,120000,120.000đ - 220.000đ/h
VN_0363_C02,VN_0363,120000,220000,120000,120.000đ - 220.000đ/h
VN_0363_C03,VN_0363,120000,220000,120000,120.000đ - 220.000đ/h
VN_0363_C04,VN_0363,120000,220000,120000,120.000đ - 220.000đ/h
VN_0365_C01,VN_0365,120000,220000,120000,120.000đ - 220.000đ/h
VN_0365_C02,VN_0365,120000,220000,120000,120.000đ - 220.000đ/h
VN_0365_C03,VN_0365,120000,220000,120000,120.000đ - 220.000đ/h
VN_0365_C04,VN_0365,120000,220000,120000,120.000đ - 220.000đ/h
VN_0366_C01,VN_0366,120000,220000,120000,120.000đ - 220.000đ/h
VN_0366_C02,VN_0366,120000,220000,120000,120.000đ - 220.000đ/h
VN_0366_C03,VN_0366,120000,220000,120000,120.000đ - 220.000đ/h
VN_0366_C04,VN_0366,120000,220000,120000,120.000đ - 220.000đ/h
VN_0367_C01,VN_0367,120000,220000,120000,120.000đ - 220.000đ/h
VN_0367_C02,VN_0367,120000,220000,120000,120.000đ - 220.000đ/h
VN_0367_C03,VN_0367,120000,220000,120000,120.000đ - 220.000đ/h
VN_0367_C04,VN_0367,120000,220000,120000,120.000đ - 220.000đ/h
VN_0369_C01,VN_0369,120000,220000,120000,120.000đ - 220.000đ/h
VN_0369_C02,VN_0369,120000,220000,120000,120.000đ - 220.000đ/h
VN_0369_C03,VN_0369,120000,220000,120000,120.000đ - 220.000đ/h
VN_0369_C04,VN_0369,120000,220000,120000,120.000đ - 220.000đ/h
VN_0364_C01,VN_0364,120000,220000,120000,120.000đ - 220.000đ/h
VN_0364_C02,VN_0364,120000,220000,120000,120.000đ - 220.000đ/h
VN_0364_C03,VN_0364,120000,220000,120000,120.000đ - 220.000đ/h
VN_0364_C04,VN_0364,120000,220000,120000,120.000đ - 220.000đ/h
VN_0370_C01,VN_0370,120000,220000,120000,120.000đ - 220.000đ/h
VN_0370_C02,VN_0370,120000,220000,120000,120.000đ - 220.000đ/h
VN_0370_C03,VN_0370,120000,220000,120000,120.000đ - 220.000đ/h
VN_0370_C04,VN_0370,120000,220000,120000,120.000đ - 220.000đ/h
VN_0372_C01,VN_0372,150000,300000,150000,150.000đ - 300.000đ/h
VN_0372_C02,VN_0372,150000,300000,150000,150.000đ - 300.000đ/h
VN_0372_C03,VN_0372,150000,300000,150000,150.000đ - 300.000đ/h
VN_0372_C04,VN_0372,150000,300000,150000,150.000đ - 300.000đ/h
VN_0372_C05,VN_0372,150000,300000,150000,150.000đ - 300.000đ/h
VN_0372_C06,VN_0372,150000,300000,150000,150.000đ - 300.000đ/h
VN_0371_C01,VN_0371,300000,600000,300000,300.000đ - 600.000đ/h
VN_0371_C02,VN_0371,300000,600000,300000,300.000đ - 600.000đ/h
VN_0371_C03,VN_0371,300000,600000,300000,300.000đ - 600.000đ/h
VN_0373_C01,VN_0373,120000,220000,120000,120.000đ - 220.000đ/h
VN_0373_C02,VN_0373,120000,220000,120000,120.000đ - 220.000đ/h
VN_0373_C03,VN_0373,120000,220000,120000,120.000đ - 220.000đ/h
VN_0373_C04,VN_0373,120000,220000,120000,120.000đ - 220.000đ/h
VN_0374_C01,VN_0374,92000,92000,92000,ng Hương 9, Khu đô thị thương mại du lịch Euro Village 2, Phường Hòa Xuân, Quận Cẩm Lệ, Đà Nẵng
VN_0374_C02,VN_0374,92000,92000,92000,ng Hương 9, Khu đô thị thương mại du lịch Euro Village 2, Phường Hòa Xuân, Quận Cẩm Lệ, Đà Nẵng
VN_0374_C03,VN_0374,92000,92000,92000,ng Hương 9, Khu đô thị thương mại du lịch Euro Village 2, Phường Hòa Xuân, Quận Cẩm Lệ, Đà Nẵng
VN_0374_C04,VN_0374,92000,92000,92000,ng Hương 9, Khu đô thị thương mại du lịch Euro Village 2, Phường Hòa Xuân, Quận Cẩm Lệ, Đà Nẵng
VN_0378_C01,VN_0378,120000,220000,120000,120.000đ - 220.000đ/h
VN_0378_C02,VN_0378,120000,220000,120000,120.000đ - 220.000đ/h
VN_0378_C03,VN_0378,120000,220000,120000,120.000đ - 220.000đ/h
VN_0378_C04,VN_0378,120000,220000,120000,120.000đ - 220.000đ/h
VN_0368_C01,VN_0368,120000,220000,120000,120.000đ - 220.000đ/h
VN_0368_C02,VN_0368,120000,220000,120000,120.000đ - 220.000đ/h
VN_0368_C03,VN_0368,120000,220000,120000,120.000đ - 220.000đ/h
VN_0368_C04,VN_0368,120000,220000,120000,120.000đ - 220.000đ/h
VN_0376_C01,VN_0376,62000,62000,62000,ng Hương 6, Khu Euro Village 2, Phường Hòa Xuân, Quận Cẩm Lệ, Đà Nẵng
VN_0376_C02,VN_0376,62000,62000,62000,ng Hương 6, Khu Euro Village 2, Phường Hòa Xuân, Quận Cẩm Lệ, Đà Nẵng
VN_0376_C03,VN_0376,62000,62000,62000,ng Hương 6, Khu Euro Village 2, Phường Hòa Xuân, Quận Cẩm Lệ, Đà Nẵng
VN_0376_C04,VN_0376,62000,62000,62000,ng Hương 6, Khu Euro Village 2, Phường Hòa Xuân, Quận Cẩm Lệ, Đà Nẵng
VN_0379_C01,VN_0379,120000,220000,120000,120.000đ - 220.000đ/h
VN_0379_C02,VN_0379,120000,220000,120000,120.000đ - 220.000đ/h
VN_0379_C03,VN_0379,120000,220000,120000,120.000đ - 220.000đ/h
VN_0379_C04,VN_0379,120000,220000,120000,120.000đ - 220.000đ/h
VN_0380_C01,VN_0380,120000,220000,120000,120.000đ - 220.000đ/h
VN_0380_C02,VN_0380,120000,220000,120000,120.000đ - 220.000đ/h
VN_0380_C03,VN_0380,120000,220000,120000,120.000đ - 220.000đ/h
VN_0380_C04,VN_0380,120000,220000,120000,120.000đ - 220.000đ/h
VN_0381_C01,VN_0381,300000,600000,300000,300.000đ - 600.000đ/h
VN_0381_C02,VN_0381,300000,600000,300000,300.000đ - 600.000đ/h
VN_0381_C03,VN_0381,300000,600000,300000,300.000đ - 600.000đ/h
VN_0375_C01,VN_0375,120000,220000,120000,120.000đ - 220.000đ/h
VN_0375_C02,VN_0375,120000,220000,120000,120.000đ - 220.000đ/h
VN_0375_C03,VN_0375,120000,220000,120000,120.000đ - 220.000đ/h
VN_0375_C04,VN_0375,120000,220000,120000,120.000đ - 220.000đ/h
VN_0377_C01,VN_0377,120000,220000,120000,120.000đ - 220.000đ/h
VN_0377_C02,VN_0377,120000,220000,120000,120.000đ - 220.000đ/h
VN_0377_C03,VN_0377,120000,220000,120000,120.000đ - 220.000đ/h
VN_0377_C04,VN_0377,120000,220000,120000,120.000đ - 220.000đ/h
VN_0382_C01,VN_0382,300000,600000,300000,300.000đ - 600.000đ/h
VN_0382_C02,VN_0382,300000,600000,300000,300.000đ - 600.000đ/h
VN_0382_C03,VN_0382,300000,600000,300000,300.000đ - 600.000đ/h
VN_0383_C01,VN_0383,150000,300000,150000,150.000đ - 300.000đ/h
VN_0383_C02,VN_0383,150000,300000,150000,150.000đ - 300.000đ/h
VN_0383_C03,VN_0383,150000,300000,150000,150.000đ - 300.000đ/h
VN_0383_C04,VN_0383,150000,300000,150000,150.000đ - 300.000đ/h
VN_0383_C05,VN_0383,150000,300000,150000,150.000đ - 300.000đ/h
VN_0383_C06,VN_0383,150000,300000,150000,150.000đ - 300.000đ/h
VN_0384_C01,VN_0384,300000,600000,300000,300.000đ - 600.000đ/h
VN_0384_C02,VN_0384,300000,600000,300000,300.000đ - 600.000đ/h
VN_0384_C03,VN_0384,300000,600000,300000,300.000đ - 600.000đ/h
VN_0388_C01,VN_0388,300000,600000,300000,300.000đ - 600.000đ/h
VN_0388_C02,VN_0388,300000,600000,300000,300.000đ - 600.000đ/h
VN_0388_C03,VN_0388,300000,600000,300000,300.000đ - 600.000đ/h
VN_0386_C01,VN_0386,300000,600000,300000,300.000đ - 600.000đ/h
VN_0386_C02,VN_0386,300000,600000,300000,300.000đ - 600.000đ/h
VN_0386_C03,VN_0386,300000,600000,300000,300.000đ - 600.000đ/h
VN_0387_C01,VN_0387,120000,220000,120000,120.000đ - 220.000đ/h
VN_0387_C02,VN_0387,120000,220000,120000,120.000đ - 220.000đ/h
VN_0387_C03,VN_0387,120000,220000,120000,120.000đ - 220.000đ/h
VN_0387_C04,VN_0387,120000,220000,120000,120.000đ - 220.000đ/h
VN_0385_C01,VN_0385,300000,600000,300000,300.000đ - 600.000đ/h
VN_0385_C02,VN_0385,300000,600000,300000,300.000đ - 600.000đ/h
VN_0385_C03,VN_0385,300000,600000,300000,300.000đ - 600.000đ/h
VN_0390_C01,VN_0390,300000,600000,300000,300.000đ - 600.000đ/h
VN_0390_C02,VN_0390,300000,600000,300000,300.000đ - 600.000đ/h
VN_0390_C03,VN_0390,300000,600000,300000,300.000đ - 600.000đ/h
VN_0392_C01,VN_0392,300000,600000,300000,300.000đ - 600.000đ/h
VN_0392_C02,VN_0392,300000,600000,300000,300.000đ - 600.000đ/h
VN_0392_C03,VN_0392,300000,600000,300000,300.000đ - 600.000đ/h
VN_0395_C01,VN_0395,300000,600000,300000,300.000đ - 600.000đ/h
VN_0395_C02,VN_0395,300000,600000,300000,300.000đ - 600.000đ/h
VN_0395_C03,VN_0395,300000,600000,300000,300.000đ - 600.000đ/h
VN_0393_C01,VN_0393,300000,600000,300000,300.000đ - 600.000đ/h
VN_0393_C02,VN_0393,300000,600000,300000,300.000đ - 600.000đ/h
VN_0393_C03,VN_0393,300000,600000,300000,300.000đ - 600.000đ/h
VN_0394_C01,VN_0394,300000,600000,300000,300.000đ - 600.000đ/h
VN_0394_C02,VN_0394,300000,600000,300000,300.000đ - 600.000đ/h
VN_0394_C03,VN_0394,300000,600000,300000,300.000đ - 600.000đ/h
VN_0389_C01,VN_0389,300000,600000,300000,300.000đ - 600.000đ/h
VN_0389_C02,VN_0389,300000,600000,300000,300.000đ - 600.000đ/h
VN_0389_C03,VN_0389,300000,600000,300000,300.000đ - 600.000đ/h
VN_0396_C01,VN_0396,300000,600000,300000,300.000đ - 600.000đ/h
VN_0396_C02,VN_0396,300000,600000,300000,300.000đ - 600.000đ/h
VN_0396_C03,VN_0396,300000,600000,300000,300.000đ - 600.000đ/h
VN_0391_C01,VN_0391,300000,600000,300000,300.000đ - 600.000đ/h
VN_0391_C02,VN_0391,300000,600000,300000,300.000đ - 600.000đ/h
VN_0391_C03,VN_0391,300000,600000,300000,300.000đ - 600.000đ/h
VN_0397_C01,VN_0397,300000,600000,300000,300.000đ - 600.000đ/h
VN_0397_C02,VN_0397,300000,600000,300000,300.000đ - 600.000đ/h
VN_0397_C03,VN_0397,300000,600000,300000,300.000đ - 600.000đ/h
VN_0398_C01,VN_0398,300000,600000,300000,300.000đ - 600.000đ/h
VN_0398_C02,VN_0398,300000,600000,300000,300.000đ - 600.000đ/h
VN_0398_C03,VN_0398,300000,600000,300000,300.000đ - 600.000đ/h
VN_0399_C01,VN_0399,300000,600000,300000,300.000đ - 600.000đ/h
VN_0399_C02,VN_0399,300000,600000,300000,300.000đ - 600.000đ/h
VN_0399_C03,VN_0399,300000,600000,300000,300.000đ - 600.000đ/h
VN_0400_C01,VN_0400,300000,600000,300000,300.000đ - 600.000đ/h
VN_0400_C02,VN_0400,300000,600000,300000,300.000đ - 600.000đ/h
VN_0400_C03,VN_0400,300000,600000,300000,300.000đ - 600.000đ/h
VN_0401_C01,VN_0401,300000,600000,300000,300.000đ - 600.000đ/h
VN_0401_C02,VN_0401,300000,600000,300000,300.000đ - 600.000đ/h
VN_0401_C03,VN_0401,300000,600000,300000,300.000đ - 600.000đ/h
VN_0404_C01,VN_0404,300000,600000,300000,300.000đ - 600.000đ/h
VN_0404_C02,VN_0404,300000,600000,300000,300.000đ - 600.000đ/h
VN_0404_C03,VN_0404,300000,600000,300000,300.000đ - 600.000đ/h
VN_0402_C01,VN_0402,300000,600000,300000,300.000đ - 600.000đ/h
VN_0402_C02,VN_0402,300000,600000,300000,300.000đ - 600.000đ/h
VN_0402_C03,VN_0402,300000,600000,300000,300.000đ - 600.000đ/h
VN_0403_C01,VN_0403,300000,600000,300000,300.000đ - 600.000đ/h
VN_0403_C02,VN_0403,300000,600000,300000,300.000đ - 600.000đ/h
VN_0403_C03,VN_0403,300000,600000,300000,300.000đ - 600.000đ/h
VN_0406_C01,VN_0406,300000,600000,300000,300.000đ - 600.000đ/h
VN_0406_C02,VN_0406,300000,600000,300000,300.000đ - 600.000đ/h
VN_0406_C03,VN_0406,300000,600000,300000,300.000đ - 600.000đ/h
VN_0405_C01,VN_0405,300000,600000,300000,300.000đ - 600.000đ/h
VN_0405_C02,VN_0405,300000,600000,300000,300.000đ - 600.000đ/h
VN_0405_C03,VN_0405,300000,600000,300000,300.000đ - 600.000đ/h
VN_0409_C01,VN_0409,300000,600000,300000,300.000đ - 600.000đ/h
VN_0409_C02,VN_0409,300000,600000,300000,300.000đ - 600.000đ/h
VN_0409_C03,VN_0409,300000,600000,300000,300.000đ - 600.000đ/h
VN_0407_C01,VN_0407,300000,600000,300000,300.000đ - 600.000đ/h
VN_0407_C02,VN_0407,300000,600000,300000,300.000đ - 600.000đ/h
VN_0407_C03,VN_0407,300000,600000,300000,300.000đ - 600.000đ/h
VN_0408_C01,VN_0408,150000,300000,150000,150.000đ - 300.000đ/h
VN_0408_C02,VN_0408,150000,300000,150000,150.000đ - 300.000đ/h
VN_0408_C03,VN_0408,150000,300000,150000,150.000đ - 300.000đ/h
VN_0411_C01,VN_0411,300000,600000,300000,300.000đ - 600.000đ/h
VN_0411_C02,VN_0411,300000,600000,300000,300.000đ - 600.000đ/h
VN_0411_C03,VN_0411,300000,600000,300000,300.000đ - 600.000đ/h
VN_0410_C01,VN_0410,300000,600000,300000,300.000đ - 600.000đ/h
VN_0410_C02,VN_0410,300000,600000,300000,300.000đ - 600.000đ/h
VN_0410_C03,VN_0410,300000,600000,300000,300.000đ - 600.000đ/h
VN_0412_C01,VN_0412,150000,300000,150000,150.000đ - 300.000đ/h
VN_0412_C02,VN_0412,150000,300000,150000,150.000đ - 300.000đ/h
VN_0412_C03,VN_0412,150000,300000,150000,150.000đ - 300.000đ/h
VN_0412_C04,VN_0412,150000,300000,150000,150.000đ - 300.000đ/h
VN_0412_C05,VN_0412,150000,300000,150000,150.000đ - 300.000đ/h
VN_0412_C06,VN_0412,150000,300000,150000,150.000đ - 300.000đ/h
VN_0413_C01,VN_0413,300000,600000,300000,300.000đ - 600.000đ/h
VN_0413_C02,VN_0413,300000,600000,300000,300.000đ - 600.000đ/h
VN_0413_C03,VN_0413,300000,600000,300000,300.000đ - 600.000đ/h
VN_0414_C01,VN_0414,300000,600000,300000,300.000đ - 600.000đ/h
VN_0414_C02,VN_0414,300000,600000,300000,300.000đ - 600.000đ/h
VN_0414_C03,VN_0414,300000,600000,300000,300.000đ - 600.000đ/h
VN_0415_C01,VN_0415,150000,300000,150000,150.000đ - 300.000đ/h
VN_0415_C02,VN_0415,150000,300000,150000,150.000đ - 300.000đ/h
VN_0415_C03,VN_0415,150000,300000,150000,150.000đ - 300.000đ/h
VN_0415_C04,VN_0415,150000,300000,150000,150.000đ - 300.000đ/h
VN_0415_C05,VN_0415,150000,300000,150000,150.000đ - 300.000đ/h
VN_0415_C06,VN_0415,150000,300000,150000,150.000đ - 300.000đ/h
VN_0418_C01,VN_0418,300000,600000,300000,300.000đ - 600.000đ/h
VN_0418_C02,VN_0418,300000,600000,300000,300.000đ - 600.000đ/h
VN_0418_C03,VN_0418,300000,600000,300000,300.000đ - 600.000đ/h
VN_0419_C01,VN_0419,150000,300000,150000,150.000đ - 300.000đ/h
VN_0419_C02,VN_0419,150000,300000,150000,150.000đ - 300.000đ/h
VN_0419_C03,VN_0419,150000,300000,150000,150.000đ - 300.000đ/h
VN_0419_C04,VN_0419,150000,300000,150000,150.000đ - 300.000đ/h
VN_0419_C05,VN_0419,150000,300000,150000,150.000đ - 300.000đ/h
VN_0419_C06,VN_0419,150000,300000,150000,150.000đ - 300.000đ/h
VN_0420_C01,VN_0420,300000,600000,300000,300.000đ - 600.000đ/h
VN_0420_C02,VN_0420,300000,600000,300000,300.000đ - 600.000đ/h
VN_0420_C03,VN_0420,300000,600000,300000,300.000đ - 600.000đ/h
VN_0417_C01,VN_0417,150000,300000,150000,150.000đ - 300.000đ/h
VN_0417_C02,VN_0417,150000,300000,150000,150.000đ - 300.000đ/h
VN_0417_C03,VN_0417,150000,300000,150000,150.000đ - 300.000đ/h
VN_0417_C04,VN_0417,150000,300000,150000,150.000đ - 300.000đ/h
VN_0417_C05,VN_0417,150000,300000,150000,150.000đ - 300.000đ/h
VN_0417_C06,VN_0417,150000,300000,150000,150.000đ - 300.000đ/h
VN_0425_C01,VN_0425,300000,600000,300000,300.000đ - 600.000đ/h
VN_0425_C02,VN_0425,300000,600000,300000,300.000đ - 600.000đ/h
VN_0425_C03,VN_0425,300000,600000,300000,300.000đ - 600.000đ/h
VN_0428_C01,VN_0428,300000,600000,300000,300.000đ - 600.000đ/h
VN_0428_C02,VN_0428,300000,600000,300000,300.000đ - 600.000đ/h
VN_0428_C03,VN_0428,300000,600000,300000,300.000đ - 600.000đ/h
VN_0424_C01,VN_0424,300000,600000,300000,300.000đ - 600.000đ/h
VN_0424_C02,VN_0424,300000,600000,300000,300.000đ - 600.000đ/h
VN_0424_C03,VN_0424,300000,600000,300000,300.000đ - 600.000đ/h
VN_0416_C01,VN_0416,150000,300000,150000,150.000đ - 300.000đ/h
VN_0416_C02,VN_0416,150000,300000,150000,150.000đ - 300.000đ/h
VN_0416_C03,VN_0416,150000,300000,150000,150.000đ - 300.000đ/h
VN_0416_C04,VN_0416,150000,300000,150000,150.000đ - 300.000đ/h
VN_0416_C05,VN_0416,150000,300000,150000,150.000đ - 300.000đ/h
VN_0416_C06,VN_0416,150000,300000,150000,150.000đ - 300.000đ/h
VN_0429_C01,VN_0429,150000,300000,150000,150.000đ - 300.000đ/h
VN_0429_C02,VN_0429,150000,300000,150000,150.000đ - 300.000đ/h
VN_0429_C03,VN_0429,150000,300000,150000,150.000đ - 300.000đ/h
VN_0429_C04,VN_0429,150000,300000,150000,150.000đ - 300.000đ/h
VN_0429_C05,VN_0429,150000,300000,150000,150.000đ - 300.000đ/h
VN_0429_C06,VN_0429,150000,300000,150000,150.000đ - 300.000đ/h
VN_0421_C01,VN_0421,120000,220000,120000,120.000đ - 220.000đ/h
VN_0421_C02,VN_0421,120000,220000,120000,120.000đ - 220.000đ/h
VN_0421_C03,VN_0421,120000,220000,120000,120.000đ - 220.000đ/h
VN_0421_C04,VN_0421,120000,220000,120000,120.000đ - 220.000đ/h
VN_0426_C01,VN_0426,300000,600000,300000,300.000đ - 600.000đ/h
VN_0426_C02,VN_0426,300000,600000,300000,300.000đ - 600.000đ/h
VN_0426_C03,VN_0426,300000,600000,300000,300.000đ - 600.000đ/h
VN_0430_C01,VN_0430,300000,600000,300000,300.000đ - 600.000đ/h
VN_0430_C02,VN_0430,300000,600000,300000,300.000đ - 600.000đ/h
VN_0430_C03,VN_0430,300000,600000,300000,300.000đ - 600.000đ/h
VN_0427_C01,VN_0427,300000,600000,300000,300.000đ - 600.000đ/h
VN_0427_C02,VN_0427,300000,600000,300000,300.000đ - 600.000đ/h
VN_0427_C03,VN_0427,300000,600000,300000,300.000đ - 600.000đ/h
VN_0431_C01,VN_0431,300000,600000,300000,300.000đ - 600.000đ/h
VN_0431_C02,VN_0431,300000,600000,300000,300.000đ - 600.000đ/h
VN_0431_C03,VN_0431,300000,600000,300000,300.000đ - 600.000đ/h
VN_0432_C01,VN_0432,150000,300000,150000,150.000đ - 300.000đ/h
VN_0432_C02,VN_0432,150000,300000,150000,150.000đ - 300.000đ/h
VN_0432_C03,VN_0432,150000,300000,150000,150.000đ - 300.000đ/h
VN_0432_C04,VN_0432,150000,300000,150000,150.000đ - 300.000đ/h
VN_0432_C05,VN_0432,150000,300000,150000,150.000đ - 300.000đ/h
VN_0432_C06,VN_0432,150000,300000,150000,150.000đ - 300.000đ/h
VN_0434_C01,VN_0434,300000,600000,300000,300.000đ - 600.000đ/h
VN_0434_C02,VN_0434,300000,600000,300000,300.000đ - 600.000đ/h
VN_0434_C03,VN_0434,300000,600000,300000,300.000đ - 600.000đ/h
VN_0433_C01,VN_0433,150000,300000,150000,150.000đ - 300.000đ/h
VN_0433_C02,VN_0433,150000,300000,150000,150.000đ - 300.000đ/h
VN_0433_C03,VN_0433,150000,300000,150000,150.000đ - 300.000đ/h
VN_0433_C04,VN_0433,150000,300000,150000,150.000đ - 300.000đ/h
VN_0433_C05,VN_0433,150000,300000,150000,150.000đ - 300.000đ/h
VN_0433_C06,VN_0433,150000,300000,150000,150.000đ - 300.000đ/h
VN_0435_C01,VN_0435,150000,300000,150000,150.000đ - 300.000đ/h
VN_0435_C02,VN_0435,150000,300000,150000,150.000đ - 300.000đ/h
VN_0435_C03,VN_0435,150000,300000,150000,150.000đ - 300.000đ/h
VN_0435_C04,VN_0435,150000,300000,150000,150.000đ - 300.000đ/h
VN_0435_C05,VN_0435,150000,300000,150000,150.000đ - 300.000đ/h
VN_0435_C06,VN_0435,150000,300000,150000,150.000đ - 300.000đ/h
VN_0436_C01,VN_0436,150000,300000,150000,150.000đ - 300.000đ/h
VN_0436_C02,VN_0436,150000,300000,150000,150.000đ - 300.000đ/h
VN_0436_C03,VN_0436,150000,300000,150000,150.000đ - 300.000đ/h
VN_0436_C04,VN_0436,150000,300000,150000,150.000đ - 300.000đ/h
VN_0436_C05,VN_0436,150000,300000,150000,150.000đ - 300.000đ/h
VN_0436_C06,VN_0436,150000,300000,150000,150.000đ - 300.000đ/h
VN_0440_C01,VN_0440,150000,300000,150000,150.000đ - 300.000đ/h
VN_0440_C02,VN_0440,150000,300000,150000,150.000đ - 300.000đ/h
VN_0440_C03,VN_0440,150000,300000,150000,150.000đ - 300.000đ/h
VN_0440_C04,VN_0440,150000,300000,150000,150.000đ - 300.000đ/h
VN_0440_C05,VN_0440,150000,300000,150000,150.000đ - 300.000đ/h
VN_0440_C06,VN_0440,150000,300000,150000,150.000đ - 300.000đ/h
VN_0438_C01,VN_0438,300000,600000,300000,300.000đ - 600.000đ/h
VN_0438_C02,VN_0438,300000,600000,300000,300.000đ - 600.000đ/h
VN_0438_C03,VN_0438,300000,600000,300000,300.000đ - 600.000đ/h
VN_0441_C01,VN_0441,100000,120000,100000,hợp lý, tổ chức lớp học pickleball cơ bản và giao lưu định kỳ
VN_0441_C02,VN_0441,100000,120000,100000,hợp lý, tổ chức lớp học pickleball cơ bản và giao lưu định kỳ
VN_0441_C03,VN_0441,100000,120000,100000,hợp lý, tổ chức lớp học pickleball cơ bản và giao lưu định kỳ
VN_0441_C04,VN_0441,100000,120000,100000,hợp lý, tổ chức lớp học pickleball cơ bản và giao lưu định kỳ
VN_0443_C01,VN_0443,300000,600000,300000,300.000đ - 600.000đ/h
VN_0443_C02,VN_0443,300000,600000,300000,300.000đ - 600.000đ/h
VN_0443_C03,VN_0443,300000,600000,300000,300.000đ - 600.000đ/h
VN_0442_C01,VN_0442,300000,600000,300000,300.000đ - 600.000đ/h
VN_0442_C02,VN_0442,300000,600000,300000,300.000đ - 600.000đ/h
VN_0442_C03,VN_0442,300000,600000,300000,300.000đ - 600.000đ/h
VN_0444_C01,VN_0444,300000,600000,300000,300.000đ - 600.000đ/h
VN_0444_C02,VN_0444,300000,600000,300000,300.000đ - 600.000đ/h
VN_0444_C03,VN_0444,300000,600000,300000,300.000đ - 600.000đ/h
VN_0445_C01,VN_0445,300000,600000,300000,300.000đ - 600.000đ/h
VN_0445_C02,VN_0445,300000,600000,300000,300.000đ - 600.000đ/h
VN_0445_C03,VN_0445,300000,600000,300000,300.000đ - 600.000đ/h
VN_0437_C01,VN_0437,300000,600000,300000,300.000đ - 600.000đ/h
VN_0437_C02,VN_0437,300000,600000,300000,300.000đ - 600.000đ/h
VN_0437_C03,VN_0437,300000,600000,300000,300.000đ - 600.000đ/h
VN_0439_C01,VN_0439,300000,600000,300000,300.000đ - 600.000đ/h
VN_0439_C02,VN_0439,300000,600000,300000,300.000đ - 600.000đ/h
VN_0439_C03,VN_0439,300000,600000,300000,300.000đ - 600.000đ/h
VN_0448_C01,VN_0448,300000,600000,300000,300.000đ - 600.000đ/h
VN_0448_C02,VN_0448,300000,600000,300000,300.000đ - 600.000đ/h
VN_0448_C03,VN_0448,300000,600000,300000,300.000đ - 600.000đ/h
VN_0447_C01,VN_0447,300000,600000,300000,300.000đ - 600.000đ/h
VN_0447_C02,VN_0447,300000,600000,300000,300.000đ - 600.000đ/h
VN_0447_C03,VN_0447,300000,600000,300000,300.000đ - 600.000đ/h
VN_0450_C01,VN_0450,300000,600000,300000,300.000đ - 600.000đ/h
VN_0450_C02,VN_0450,300000,600000,300000,300.000đ - 600.000đ/h
VN_0450_C03,VN_0450,300000,600000,300000,300.000đ - 600.000đ/h
VN_0449_C01,VN_0449,300000,600000,300000,300.000đ - 600.000đ/h
VN_0449_C02,VN_0449,300000,600000,300000,300.000đ - 600.000đ/h
VN_0449_C03,VN_0449,300000,600000,300000,300.000đ - 600.000đ/h
VN_0446_C01,VN_0446,300000,600000,300000,300.000đ - 600.000đ/h
VN_0446_C02,VN_0446,300000,600000,300000,300.000đ - 600.000đ/h
VN_0446_C03,VN_0446,300000,600000,300000,300.000đ - 600.000đ/h
VN_0423_C01,VN_0423,300000,600000,300000,300.000đ - 600.000đ/h
VN_0423_C02,VN_0423,300000,600000,300000,300.000đ - 600.000đ/h
VN_0423_C03,VN_0423,300000,600000,300000,300.000đ - 600.000đ/h
VN_0455_C01,VN_0455,300000,600000,300000,300.000đ - 600.000đ/h
VN_0455_C02,VN_0455,300000,600000,300000,300.000đ - 600.000đ/h
VN_0455_C03,VN_0455,300000,600000,300000,300.000đ - 600.000đ/h
VN_0453_C01,VN_0453,300000,600000,300000,300.000đ - 600.000đ/h
VN_0453_C02,VN_0453,300000,600000,300000,300.000đ - 600.000đ/h
VN_0453_C03,VN_0453,300000,600000,300000,300.000đ - 600.000đ/h
VN_0454_C01,VN_0454,300000,600000,300000,300.000đ - 600.000đ/h
VN_0454_C02,VN_0454,300000,600000,300000,300.000đ - 600.000đ/h
VN_0454_C03,VN_0454,300000,600000,300000,300.000đ - 600.000đ/h
VN_0452_C01,VN_0452,300000,600000,300000,300.000đ - 600.000đ/h
VN_0452_C02,VN_0452,300000,600000,300000,300.000đ - 600.000đ/h
VN_0452_C03,VN_0452,300000,600000,300000,300.000đ - 600.000đ/h
VN_0456_C01,VN_0456,120000,220000,120000,120.000đ - 220.000đ/h
VN_0456_C02,VN_0456,120000,220000,120000,120.000đ - 220.000đ/h
VN_0456_C03,VN_0456,120000,220000,120000,120.000đ - 220.000đ/h
VN_0456_C04,VN_0456,120000,220000,120000,120.000đ - 220.000đ/h
VN_0457_C01,VN_0457,100000,120000,100000,hợp lý, căn tin phục vụ cà phê và đồ ăn nhẹ, bãi đỗ xe rộng rãi cho ô tô và xe máy, tổ chức lớp học pickleball cơ bản, cộng đồng người chơi thân thiện
VN_0457_C02,VN_0457,100000,120000,100000,hợp lý, căn tin phục vụ cà phê và đồ ăn nhẹ, bãi đỗ xe rộng rãi cho ô tô và xe máy, tổ chức lớp học pickleball cơ bản, cộng đồng người chơi thân thiện
VN_0457_C03,VN_0457,100000,120000,100000,hợp lý, căn tin phục vụ cà phê và đồ ăn nhẹ, bãi đỗ xe rộng rãi cho ô tô và xe máy, tổ chức lớp học pickleball cơ bản, cộng đồng người chơi thân thiện
VN_0457_C04,VN_0457,100000,120000,100000,hợp lý, căn tin phục vụ cà phê và đồ ăn nhẹ, bãi đỗ xe rộng rãi cho ô tô và xe máy, tổ chức lớp học pickleball cơ bản, cộng đồng người chơi thân thiện
VN_0451_C01,VN_0451,120000,220000,120000,120.000đ - 220.000đ/h
VN_0451_C02,VN_0451,120000,220000,120000,120.000đ - 220.000đ/h
VN_0451_C03,VN_0451,120000,220000,120000,120.000đ - 220.000đ/h
VN_0451_C04,VN_0451,120000,220000,120000,120.000đ - 220.000đ/h
VN_0458_C01,VN_0458,300000,600000,300000,300.000đ - 600.000đ/h
VN_0458_C02,VN_0458,300000,600000,300000,300.000đ - 600.000đ/h
VN_0458_C03,VN_0458,300000,600000,300000,300.000đ - 600.000đ/h
VN_0460_C01,VN_0460,150000,300000,150000,150.000đ - 300.000đ/h
VN_0460_C02,VN_0460,150000,300000,150000,150.000đ - 300.000đ/h
VN_0460_C03,VN_0460,150000,300000,150000,150.000đ - 300.000đ/h
VN_0460_C04,VN_0460,150000,300000,150000,150.000đ - 300.000đ/h
VN_0460_C05,VN_0460,150000,300000,150000,150.000đ - 300.000đ/h
VN_0460_C06,VN_0460,150000,300000,150000,150.000đ - 300.000đ/h
VN_0459_C01,VN_0459,300000,600000,300000,300.000đ - 600.000đ/h
VN_0459_C02,VN_0459,300000,600000,300000,300.000đ - 600.000đ/h
VN_0459_C03,VN_0459,300000,600000,300000,300.000đ - 600.000đ/h
VN_0461_C01,VN_0461,300000,600000,300000,300.000đ - 600.000đ/h
VN_0461_C02,VN_0461,300000,600000,300000,300.000đ - 600.000đ/h
VN_0461_C03,VN_0461,300000,600000,300000,300.000đ - 600.000đ/h
VN_0462_C01,VN_0462,300000,600000,300000,300.000đ - 600.000đ/h
VN_0462_C02,VN_0462,300000,600000,300000,300.000đ - 600.000đ/h
VN_0462_C03,VN_0462,300000,600000,300000,300.000đ - 600.000đ/h
VN_0463_C01,VN_0463,300000,600000,300000,300.000đ - 600.000đ/h
VN_0463_C02,VN_0463,300000,600000,300000,300.000đ - 600.000đ/h
VN_0463_C03,VN_0463,300000,600000,300000,300.000đ - 600.000đ/h
VN_0464_C01,VN_0464,100000,120000,100000,hợp lý, tổ chức lớp học pickleball cơ bản và giao lưu định kỳ
VN_0464_C02,VN_0464,100000,120000,100000,hợp lý, tổ chức lớp học pickleball cơ bản và giao lưu định kỳ
VN_0464_C03,VN_0464,100000,120000,100000,hợp lý, tổ chức lớp học pickleball cơ bản và giao lưu định kỳ
VN_0464_C04,VN_0464,100000,120000,100000,hợp lý, tổ chức lớp học pickleball cơ bản và giao lưu định kỳ
VN_0465_C01,VN_0465,100000,120000,100000,phải chăng, vị trí thuận lợi và cơ sở vật chất hiện đại, sân bóng đá này là lựa chọn hàng đầu cho các đội bóng
VN_0465_C02,VN_0465,100000,120000,100000,phải chăng, vị trí thuận lợi và cơ sở vật chất hiện đại, sân bóng đá này là lựa chọn hàng đầu cho các đội bóng
VN_0465_C03,VN_0465,100000,120000,100000,phải chăng, vị trí thuận lợi và cơ sở vật chất hiện đại, sân bóng đá này là lựa chọn hàng đầu cho các đội bóng
VN_0469_C01,VN_0469,300000,600000,300000,300.000đ - 600.000đ/h
VN_0469_C02,VN_0469,300000,600000,300000,300.000đ - 600.000đ/h
VN_0469_C03,VN_0469,300000,600000,300000,300.000đ - 600.000đ/h
VN_0466_C01,VN_0466,300000,600000,300000,300.000đ - 600.000đ/h
VN_0466_C02,VN_0466,300000,600000,300000,300.000đ - 600.000đ/h
VN_0466_C03,VN_0466,300000,600000,300000,300.000đ - 600.000đ/h
VN_0468_C01,VN_0468,300000,600000,300000,300.000đ - 600.000đ/h
VN_0468_C02,VN_0468,300000,600000,300000,300.000đ - 600.000đ/h
VN_0468_C03,VN_0468,300000,600000,300000,300.000đ - 600.000đ/h
VN_0472_C01,VN_0472,300000,600000,300000,300.000đ - 600.000đ/h
VN_0472_C02,VN_0472,300000,600000,300000,300.000đ - 600.000đ/h
VN_0472_C03,VN_0472,300000,600000,300000,300.000đ - 600.000đ/h
VN_0471_C01,VN_0471,150000,300000,150000,150.000đ - 300.000đ/h
VN_0471_C02,VN_0471,150000,300000,150000,150.000đ - 300.000đ/h
VN_0471_C03,VN_0471,150000,300000,150000,150.000đ - 300.000đ/h
VN_0471_C04,VN_0471,150000,300000,150000,150.000đ - 300.000đ/h
VN_0471_C05,VN_0471,150000,300000,150000,150.000đ - 300.000đ/h
VN_0471_C06,VN_0471,150000,300000,150000,150.000đ - 300.000đ/h
VN_0473_C01,VN_0473,300000,600000,300000,300.000đ - 600.000đ/h
VN_0473_C02,VN_0473,300000,600000,300000,300.000đ - 600.000đ/h
VN_0473_C03,VN_0473,300000,600000,300000,300.000đ - 600.000đ/h
VN_0470_C01,VN_0470,300000,600000,300000,300.000đ - 600.000đ/h
VN_0470_C02,VN_0470,300000,600000,300000,300.000đ - 600.000đ/h
VN_0470_C03,VN_0470,300000,600000,300000,300.000đ - 600.000đ/h
VN_0474_C01,VN_0474,150000,300000,150000,150.000đ - 300.000đ/h
VN_0474_C02,VN_0474,150000,300000,150000,150.000đ - 300.000đ/h
VN_0474_C03,VN_0474,150000,300000,150000,150.000đ - 300.000đ/h
VN_0474_C04,VN_0474,150000,300000,150000,150.000đ - 300.000đ/h
VN_0474_C05,VN_0474,150000,300000,150000,150.000đ - 300.000đ/h
VN_0474_C06,VN_0474,150000,300000,150000,150.000đ - 300.000đ/h
VN_0478_C01,VN_0478,300000,600000,300000,300.000đ - 600.000đ/h
VN_0478_C02,VN_0478,300000,600000,300000,300.000đ - 600.000đ/h
VN_0478_C03,VN_0478,300000,600000,300000,300.000đ - 600.000đ/h
VN_0476_C01,VN_0476,300000,600000,300000,300.000đ - 600.000đ/h
VN_0476_C02,VN_0476,300000,600000,300000,300.000đ - 600.000đ/h
VN_0476_C03,VN_0476,300000,600000,300000,300.000đ - 600.000đ/h
VN_0467_C01,VN_0467,300000,600000,300000,300.000đ - 600.000đ/h
VN_0467_C02,VN_0467,300000,600000,300000,300.000đ - 600.000đ/h
VN_0467_C03,VN_0467,300000,600000,300000,300.000đ - 600.000đ/h
VN_0475_C01,VN_0475,300000,600000,300000,300.000đ - 600.000đ/h
VN_0475_C02,VN_0475,300000,600000,300000,300.000đ - 600.000đ/h
VN_0475_C03,VN_0475,300000,600000,300000,300.000đ - 600.000đ/h
VN_0477_C01,VN_0477,300000,600000,300000,300.000đ - 600.000đ/h
VN_0477_C02,VN_0477,300000,600000,300000,300.000đ - 600.000đ/h
VN_0477_C03,VN_0477,300000,600000,300000,300.000đ - 600.000đ/h
VN_0483_C01,VN_0483,300000,600000,300000,300.000đ - 600.000đ/h
VN_0483_C02,VN_0483,300000,600000,300000,300.000đ - 600.000đ/h
VN_0483_C03,VN_0483,300000,600000,300000,300.000đ - 600.000đ/h
VN_0479_C01,VN_0479,300000,600000,300000,300.000đ - 600.000đ/h
VN_0479_C02,VN_0479,300000,600000,300000,300.000đ - 600.000đ/h
VN_0479_C03,VN_0479,300000,600000,300000,300.000đ - 600.000đ/h
VN_0481_C01,VN_0481,300000,600000,300000,300.000đ - 600.000đ/h
VN_0481_C02,VN_0481,300000,600000,300000,300.000đ - 600.000đ/h
VN_0481_C03,VN_0481,300000,600000,300000,300.000đ - 600.000đ/h
VN_0485_C01,VN_0485,150000,300000,150000,150.000đ - 300.000đ/h
VN_0485_C02,VN_0485,150000,300000,150000,150.000đ - 300.000đ/h
VN_0485_C03,VN_0485,150000,300000,150000,150.000đ - 300.000đ/h
VN_0485_C04,VN_0485,150000,300000,150000,150.000đ - 300.000đ/h
VN_0485_C05,VN_0485,150000,300000,150000,150.000đ - 300.000đ/h
VN_0485_C06,VN_0485,150000,300000,150000,150.000đ - 300.000đ/h
VN_0484_C01,VN_0484,300000,600000,300000,300.000đ - 600.000đ/h
VN_0484_C02,VN_0484,300000,600000,300000,300.000đ - 600.000đ/h
VN_0484_C03,VN_0484,300000,600000,300000,300.000đ - 600.000đ/h
VN_0480_C01,VN_0480,300000,600000,300000,300.000đ - 600.000đ/h
VN_0480_C02,VN_0480,300000,600000,300000,300.000đ - 600.000đ/h
VN_0480_C03,VN_0480,300000,600000,300000,300.000đ - 600.000đ/h
VN_0487_C01,VN_0487,300000,600000,300000,300.000đ - 600.000đ/h
VN_0487_C02,VN_0487,300000,600000,300000,300.000đ - 600.000đ/h
VN_0487_C03,VN_0487,300000,600000,300000,300.000đ - 600.000đ/h
VN_0486_C01,VN_0486,300000,600000,300000,300.000đ - 600.000đ/h
VN_0486_C02,VN_0486,300000,600000,300000,300.000đ - 600.000đ/h
VN_0486_C03,VN_0486,300000,600000,300000,300.000đ - 600.000đ/h
VN_0488_C01,VN_0488,300000,600000,300000,300.000đ - 600.000đ/h
VN_0488_C02,VN_0488,300000,600000,300000,300.000đ - 600.000đ/h
VN_0488_C03,VN_0488,300000,600000,300000,300.000đ - 600.000đ/h
VN_0493_C01,VN_0493,300000,600000,300000,300.000đ - 600.000đ/h
VN_0493_C02,VN_0493,300000,600000,300000,300.000đ - 600.000đ/h
VN_0493_C03,VN_0493,300000,600000,300000,300.000đ - 600.000đ/h
VN_0489_C01,VN_0489,300000,600000,300000,300.000đ - 600.000đ/h
VN_0489_C02,VN_0489,300000,600000,300000,300.000đ - 600.000đ/h
VN_0489_C03,VN_0489,300000,600000,300000,300.000đ - 600.000đ/h
VN_0490_C01,VN_0490,300000,600000,300000,300.000đ - 600.000đ/h
VN_0490_C02,VN_0490,300000,600000,300000,300.000đ - 600.000đ/h
VN_0490_C03,VN_0490,300000,600000,300000,300.000đ - 600.000đ/h
VN_0492_C01,VN_0492,300000,600000,300000,300.000đ - 600.000đ/h
VN_0492_C02,VN_0492,300000,600000,300000,300.000đ - 600.000đ/h
VN_0492_C03,VN_0492,300000,600000,300000,300.000đ - 600.000đ/h
VN_0482_C01,VN_0482,300000,600000,300000,300.000đ - 600.000đ/h
VN_0482_C02,VN_0482,300000,600000,300000,300.000đ - 600.000đ/h
VN_0482_C03,VN_0482,300000,600000,300000,300.000đ - 600.000đ/h
VN_0495_C01,VN_0495,300000,600000,300000,300.000đ - 600.000đ/h
VN_0495_C02,VN_0495,300000,600000,300000,300.000đ - 600.000đ/h
VN_0495_C03,VN_0495,300000,600000,300000,300.000đ - 600.000đ/h
VN_0494_C01,VN_0494,300000,600000,300000,300.000đ - 600.000đ/h
VN_0494_C02,VN_0494,300000,600000,300000,300.000đ - 600.000đ/h
VN_0494_C03,VN_0494,300000,600000,300000,300.000đ - 600.000đ/h
VN_0497_C01,VN_0497,300000,600000,300000,300.000đ - 600.000đ/h
VN_0497_C02,VN_0497,300000,600000,300000,300.000đ - 600.000đ/h
VN_0497_C03,VN_0497,300000,600000,300000,300.000đ - 600.000đ/h
VN_0498_C01,VN_0498,300000,600000,300000,300.000đ - 600.000đ/h
VN_0498_C02,VN_0498,300000,600000,300000,300.000đ - 600.000đ/h
VN_0498_C03,VN_0498,300000,600000,300000,300.000đ - 600.000đ/h
VN_0496_C01,VN_0496,300000,600000,300000,300.000đ - 600.000đ/h
VN_0496_C02,VN_0496,300000,600000,300000,300.000đ - 600.000đ/h
VN_0496_C03,VN_0496,300000,600000,300000,300.000đ - 600.000đ/h
VN_0500_C01,VN_0500,300000,600000,300000,300.000đ - 600.000đ/h
VN_0500_C02,VN_0500,300000,600000,300000,300.000đ - 600.000đ/h
VN_0500_C03,VN_0500,300000,600000,300000,300.000đ - 600.000đ/h
VN_0499_C01,VN_0499,300000,600000,300000,300.000đ - 600.000đ/h
VN_0499_C02,VN_0499,300000,600000,300000,300.000đ - 600.000đ/h
VN_0499_C03,VN_0499,300000,600000,300000,300.000đ - 600.000đ/h
VN_0491_C01,VN_0491,300000,600000,300000,300.000đ - 600.000đ/h
VN_0491_C02,VN_0491,300000,600000,300000,300.000đ - 600.000đ/h
VN_0491_C03,VN_0491,300000,600000,300000,300.000đ - 600.000đ/h
VN_0501_C01,VN_0501,300000,600000,300000,300.000đ - 600.000đ/h
VN_0501_C02,VN_0501,300000,600000,300000,300.000đ - 600.000đ/h
VN_0501_C03,VN_0501,300000,600000,300000,300.000đ - 600.000đ/h
VN_0502_C01,VN_0502,150000,300000,150000,150.000đ - 300.000đ/h
VN_0502_C02,VN_0502,150000,300000,150000,150.000đ - 300.000đ/h
VN_0502_C03,VN_0502,150000,300000,150000,150.000đ - 300.000đ/h
VN_0502_C04,VN_0502,150000,300000,150000,150.000đ - 300.000đ/h
VN_0502_C05,VN_0502,150000,300000,150000,150.000đ - 300.000đ/h
VN_0502_C06,VN_0502,150000,300000,150000,150.000đ - 300.000đ/h
VN_0504_C01,VN_0504,300000,600000,300000,300.000đ - 600.000đ/h
VN_0504_C02,VN_0504,300000,600000,300000,300.000đ - 600.000đ/h
VN_0504_C03,VN_0504,300000,600000,300000,300.000đ - 600.000đ/h
VN_0505_C01,VN_0505,300000,600000,300000,300.000đ - 600.000đ/h
VN_0505_C02,VN_0505,300000,600000,300000,300.000đ - 600.000đ/h
VN_0505_C03,VN_0505,300000,600000,300000,300.000đ - 600.000đ/h
VN_0503_C01,VN_0503,300000,600000,300000,300.000đ - 600.000đ/h
VN_0503_C02,VN_0503,300000,600000,300000,300.000đ - 600.000đ/h
VN_0503_C03,VN_0503,300000,600000,300000,300.000đ - 600.000đ/h
VN_0506_C01,VN_0506,300000,600000,300000,300.000đ - 600.000đ/h
VN_0506_C02,VN_0506,300000,600000,300000,300.000đ - 600.000đ/h
VN_0506_C03,VN_0506,300000,600000,300000,300.000đ - 600.000đ/h
VN_0508_C01,VN_0508,150000,300000,150000,150.000đ - 300.000đ/h
VN_0508_C02,VN_0508,150000,300000,150000,150.000đ - 300.000đ/h
VN_0508_C03,VN_0508,150000,300000,150000,150.000đ - 300.000đ/h
VN_0508_C04,VN_0508,150000,300000,150000,150.000đ - 300.000đ/h
VN_0508_C05,VN_0508,150000,300000,150000,150.000đ - 300.000đ/h
VN_0508_C06,VN_0508,150000,300000,150000,150.000đ - 300.000đ/h
VN_0509_C01,VN_0509,150000,300000,150000,150.000đ - 300.000đ/h
VN_0509_C02,VN_0509,150000,300000,150000,150.000đ - 300.000đ/h
VN_0509_C03,VN_0509,150000,300000,150000,150.000đ - 300.000đ/h
VN_0509_C04,VN_0509,150000,300000,150000,150.000đ - 300.000đ/h
VN_0509_C05,VN_0509,150000,300000,150000,150.000đ - 300.000đ/h
VN_0509_C06,VN_0509,150000,300000,150000,150.000đ - 300.000đ/h
VN_0513_C01,VN_0513,300000,600000,300000,300.000đ - 600.000đ/h
VN_0513_C02,VN_0513,300000,600000,300000,300.000đ - 600.000đ/h
VN_0513_C03,VN_0513,300000,600000,300000,300.000đ - 600.000đ/h
VN_0510_C01,VN_0510,150000,300000,150000,150.000đ - 300.000đ/h
VN_0510_C02,VN_0510,150000,300000,150000,150.000đ - 300.000đ/h
VN_0510_C03,VN_0510,150000,300000,150000,150.000đ - 300.000đ/h
VN_0510_C04,VN_0510,150000,300000,150000,150.000đ - 300.000đ/h
VN_0510_C05,VN_0510,150000,300000,150000,150.000đ - 300.000đ/h
VN_0510_C06,VN_0510,150000,300000,150000,150.000đ - 300.000đ/h
VN_0512_C01,VN_0512,150000,300000,150000,150.000đ - 300.000đ/h
VN_0512_C02,VN_0512,150000,300000,150000,150.000đ - 300.000đ/h
VN_0512_C03,VN_0512,150000,300000,150000,150.000đ - 300.000đ/h
VN_0512_C04,VN_0512,150000,300000,150000,150.000đ - 300.000đ/h
VN_0512_C05,VN_0512,150000,300000,150000,150.000đ - 300.000đ/h
VN_0512_C06,VN_0512,150000,300000,150000,150.000đ - 300.000đ/h
VN_0511_C01,VN_0511,300000,600000,300000,300.000đ - 600.000đ/h
VN_0511_C02,VN_0511,300000,600000,300000,300.000đ - 600.000đ/h
VN_0511_C03,VN_0511,300000,600000,300000,300.000đ - 600.000đ/h
VN_0516_C01,VN_0516,150000,300000,150000,150.000đ - 300.000đ/h
VN_0516_C02,VN_0516,150000,300000,150000,150.000đ - 300.000đ/h
VN_0516_C03,VN_0516,150000,300000,150000,150.000đ - 300.000đ/h
VN_0516_C04,VN_0516,150000,300000,150000,150.000đ - 300.000đ/h
VN_0516_C05,VN_0516,150000,300000,150000,150.000đ - 300.000đ/h
VN_0516_C06,VN_0516,150000,300000,150000,150.000đ - 300.000đ/h
VN_0515_C01,VN_0515,300000,600000,300000,300.000đ - 600.000đ/h
VN_0515_C02,VN_0515,300000,600000,300000,300.000đ - 600.000đ/h
VN_0515_C03,VN_0515,300000,600000,300000,300.000đ - 600.000đ/h
VN_0517_C01,VN_0517,150000,300000,150000,150.000đ - 300.000đ/h
VN_0517_C02,VN_0517,150000,300000,150000,150.000đ - 300.000đ/h
VN_0517_C03,VN_0517,150000,300000,150000,150.000đ - 300.000đ/h
VN_0517_C04,VN_0517,150000,300000,150000,150.000đ - 300.000đ/h
VN_0517_C05,VN_0517,150000,300000,150000,150.000đ - 300.000đ/h
VN_0517_C06,VN_0517,150000,300000,150000,150.000đ - 300.000đ/h
VN_0518_C01,VN_0518,300000,600000,300000,300.000đ - 600.000đ/h
VN_0518_C02,VN_0518,300000,600000,300000,300.000đ - 600.000đ/h
VN_0518_C03,VN_0518,300000,600000,300000,300.000đ - 600.000đ/h
VN_0519_C01,VN_0519,300000,600000,300000,300.000đ - 600.000đ/h
VN_0519_C02,VN_0519,300000,600000,300000,300.000đ - 600.000đ/h
VN_0519_C03,VN_0519,300000,600000,300000,300.000đ - 600.000đ/h
VN_0514_C01,VN_0514,150000,300000,150000,150.000đ - 300.000đ/h
VN_0514_C02,VN_0514,150000,300000,150000,150.000đ - 300.000đ/h
VN_0514_C03,VN_0514,150000,300000,150000,150.000đ - 300.000đ/h
VN_0514_C04,VN_0514,150000,300000,150000,150.000đ - 300.000đ/h
VN_0514_C05,VN_0514,150000,300000,150000,150.000đ - 300.000đ/h
VN_0514_C06,VN_0514,150000,300000,150000,150.000đ - 300.000đ/h
VN_0520_C01,VN_0520,300000,600000,300000,300.000đ - 600.000đ/h
VN_0520_C02,VN_0520,300000,600000,300000,300.000đ - 600.000đ/h
VN_0520_C03,VN_0520,300000,600000,300000,300.000đ - 600.000đ/h
VN_0521_C01,VN_0521,300000,600000,300000,300.000đ - 600.000đ/h
VN_0521_C02,VN_0521,300000,600000,300000,300.000đ - 600.000đ/h
VN_0521_C03,VN_0521,300000,600000,300000,300.000đ - 600.000đ/h
VN_0522_C01,VN_0522,300000,600000,300000,300.000đ - 600.000đ/h
VN_0522_C02,VN_0522,300000,600000,300000,300.000đ - 600.000đ/h
VN_0522_C03,VN_0522,300000,600000,300000,300.000đ - 600.000đ/h
VN_0507_C01,VN_0507,150000,300000,150000,150.000đ - 300.000đ/h
VN_0507_C02,VN_0507,150000,300000,150000,150.000đ - 300.000đ/h
VN_0507_C03,VN_0507,150000,300000,150000,150.000đ - 300.000đ/h
VN_0507_C04,VN_0507,150000,300000,150000,150.000đ - 300.000đ/h
VN_0507_C05,VN_0507,150000,300000,150000,150.000đ - 300.000đ/h
VN_0507_C06,VN_0507,150000,300000,150000,150.000đ - 300.000đ/h
VN_0523_C01,VN_0523,300000,600000,300000,300.000đ - 600.000đ/h
VN_0523_C02,VN_0523,300000,600000,300000,300.000đ - 600.000đ/h
VN_0523_C03,VN_0523,300000,600000,300000,300.000đ - 600.000đ/h
VN_0526_C01,VN_0526,120000,220000,120000,120.000đ - 220.000đ/h
VN_0526_C02,VN_0526,120000,220000,120000,120.000đ - 220.000đ/h
VN_0526_C03,VN_0526,120000,220000,120000,120.000đ - 220.000đ/h
VN_0526_C04,VN_0526,120000,220000,120000,120.000đ - 220.000đ/h
VN_0524_C01,VN_0524,150000,300000,150000,150.000đ - 300.000đ/h
VN_0524_C02,VN_0524,150000,300000,150000,150.000đ - 300.000đ/h
VN_0524_C03,VN_0524,150000,300000,150000,150.000đ - 300.000đ/h
VN_0524_C04,VN_0524,150000,300000,150000,150.000đ - 300.000đ/h
VN_0524_C05,VN_0524,150000,300000,150000,150.000đ - 300.000đ/h
VN_0524_C06,VN_0524,150000,300000,150000,150.000đ - 300.000đ/h
VN_0525_C01,VN_0525,300000,600000,300000,300.000đ - 600.000đ/h
VN_0525_C02,VN_0525,300000,600000,300000,300.000đ - 600.000đ/h
VN_0525_C03,VN_0525,300000,600000,300000,300.000đ - 600.000đ/h
VN_0528_C01,VN_0528,150000,300000,150000,150.000đ - 300.000đ/h
VN_0528_C02,VN_0528,150000,300000,150000,150.000đ - 300.000đ/h
VN_0528_C03,VN_0528,150000,300000,150000,150.000đ - 300.000đ/h
VN_0528_C04,VN_0528,150000,300000,150000,150.000đ - 300.000đ/h
VN_0528_C05,VN_0528,150000,300000,150000,150.000đ - 300.000đ/h
VN_0528_C06,VN_0528,150000,300000,150000,150.000đ - 300.000đ/h
VN_0527_C01,VN_0527,120000,220000,120000,120.000đ - 220.000đ/h
VN_0527_C02,VN_0527,120000,220000,120000,120.000đ - 220.000đ/h
VN_0527_C03,VN_0527,120000,220000,120000,120.000đ - 220.000đ/h
VN_0527_C04,VN_0527,120000,220000,120000,120.000đ - 220.000đ/h
VN_0530_C01,VN_0530,300000,600000,300000,300.000đ - 600.000đ/h
VN_0530_C02,VN_0530,300000,600000,300000,300.000đ - 600.000đ/h
VN_0530_C03,VN_0530,300000,600000,300000,300.000đ - 600.000đ/h
VN_0533_C01,VN_0533,120000,220000,120000,120.000đ - 220.000đ/h
VN_0533_C02,VN_0533,120000,220000,120000,120.000đ - 220.000đ/h
VN_0533_C03,VN_0533,120000,220000,120000,120.000đ - 220.000đ/h
VN_0533_C04,VN_0533,120000,220000,120000,120.000đ - 220.000đ/h
VN_0532_C01,VN_0532,300000,600000,300000,300.000đ - 600.000đ/h
VN_0532_C02,VN_0532,300000,600000,300000,300.000đ - 600.000đ/h
VN_0532_C03,VN_0532,300000,600000,300000,300.000đ - 600.000đ/h
VN_0535_C01,VN_0535,300000,600000,300000,300.000đ - 600.000đ/h
VN_0535_C02,VN_0535,300000,600000,300000,300.000đ - 600.000đ/h
VN_0535_C03,VN_0535,300000,600000,300000,300.000đ - 600.000đ/h
VN_0531_C01,VN_0531,300000,600000,300000,300.000đ - 600.000đ/h
VN_0531_C02,VN_0531,300000,600000,300000,300.000đ - 600.000đ/h
VN_0531_C03,VN_0531,300000,600000,300000,300.000đ - 600.000đ/h
VN_0529_C01,VN_0529,120000,220000,120000,120.000đ - 220.000đ/h
VN_0529_C02,VN_0529,120000,220000,120000,120.000đ - 220.000đ/h
VN_0529_C03,VN_0529,120000,220000,120000,120.000đ - 220.000đ/h
VN_0529_C04,VN_0529,120000,220000,120000,120.000đ - 220.000đ/h
VN_0536_C01,VN_0536,150000,300000,150000,150.000đ - 300.000đ/h
VN_0536_C02,VN_0536,150000,300000,150000,150.000đ - 300.000đ/h
VN_0536_C03,VN_0536,150000,300000,150000,150.000đ - 300.000đ/h
VN_0536_C04,VN_0536,150000,300000,150000,150.000đ - 300.000đ/h
VN_0536_C05,VN_0536,150000,300000,150000,150.000đ - 300.000đ/h
VN_0536_C06,VN_0536,150000,300000,150000,150.000đ - 300.000đ/h
VN_0537_C01,VN_0537,150000,300000,150000,150.000đ - 300.000đ/h
VN_0537_C02,VN_0537,150000,300000,150000,150.000đ - 300.000đ/h
VN_0537_C03,VN_0537,150000,300000,150000,150.000đ - 300.000đ/h
VN_0537_C04,VN_0537,150000,300000,150000,150.000đ - 300.000đ/h
VN_0537_C05,VN_0537,150000,300000,150000,150.000đ - 300.000đ/h
VN_0537_C06,VN_0537,150000,300000,150000,150.000đ - 300.000đ/h
VN_0542_C01,VN_0542,300000,600000,300000,300.000đ - 600.000đ/h
VN_0542_C02,VN_0542,300000,600000,300000,300.000đ - 600.000đ/h
VN_0542_C03,VN_0542,300000,600000,300000,300.000đ - 600.000đ/h
VN_0539_C01,VN_0539,300000,600000,300000,300.000đ - 600.000đ/h
VN_0539_C02,VN_0539,300000,600000,300000,300.000đ - 600.000đ/h
VN_0539_C03,VN_0539,300000,600000,300000,300.000đ - 600.000đ/h
VN_0540_C01,VN_0540,300000,600000,300000,300.000đ - 600.000đ/h
VN_0540_C02,VN_0540,300000,600000,300000,300.000đ - 600.000đ/h
VN_0540_C03,VN_0540,300000,600000,300000,300.000đ - 600.000đ/h
VN_0541_C01,VN_0541,300000,600000,300000,300.000đ - 600.000đ/h
VN_0541_C02,VN_0541,300000,600000,300000,300.000đ - 600.000đ/h
VN_0541_C03,VN_0541,300000,600000,300000,300.000đ - 600.000đ/h
VN_0534_C01,VN_0534,120000,220000,120000,120.000đ - 220.000đ/h
VN_0534_C02,VN_0534,120000,220000,120000,120.000đ - 220.000đ/h
VN_0534_C03,VN_0534,120000,220000,120000,120.000đ - 220.000đ/h
VN_0534_C04,VN_0534,120000,220000,120000,120.000đ - 220.000đ/h
VN_0543_C01,VN_0543,300000,600000,300000,300.000đ - 600.000đ/h
VN_0543_C02,VN_0543,300000,600000,300000,300.000đ - 600.000đ/h
VN_0543_C03,VN_0543,300000,600000,300000,300.000đ - 600.000đ/h
VN_0544_C01,VN_0544,120000,220000,120000,120.000đ - 220.000đ/h
VN_0544_C02,VN_0544,120000,220000,120000,120.000đ - 220.000đ/h
VN_0544_C03,VN_0544,120000,220000,120000,120.000đ - 220.000đ/h
VN_0544_C04,VN_0544,120000,220000,120000,120.000đ - 220.000đ/h
VN_0538_C01,VN_0538,300000,600000,300000,300.000đ - 600.000đ/h
VN_0538_C02,VN_0538,300000,600000,300000,300.000đ - 600.000đ/h
VN_0538_C03,VN_0538,300000,600000,300000,300.000đ - 600.000đ/h
VN_0545_C01,VN_0545,300000,600000,300000,300.000đ - 600.000đ/h
VN_0545_C02,VN_0545,300000,600000,300000,300.000đ - 600.000đ/h
VN_0545_C03,VN_0545,300000,600000,300000,300.000đ - 600.000đ/h
VN_0546_C01,VN_0546,300000,600000,300000,300.000đ - 600.000đ/h
VN_0546_C02,VN_0546,300000,600000,300000,300.000đ - 600.000đ/h
VN_0546_C03,VN_0546,300000,600000,300000,300.000đ - 600.000đ/h
VN_0548_C01,VN_0548,300000,600000,300000,300.000đ - 600.000đ/h
VN_0548_C02,VN_0548,300000,600000,300000,300.000đ - 600.000đ/h
VN_0548_C03,VN_0548,300000,600000,300000,300.000đ - 600.000đ/h
VN_0549_C01,VN_0549,300000,600000,300000,300.000đ - 600.000đ/h
VN_0549_C02,VN_0549,300000,600000,300000,300.000đ - 600.000đ/h
VN_0549_C03,VN_0549,300000,600000,300000,300.000đ - 600.000đ/h
VN_0550_C01,VN_0550,300000,600000,300000,300.000đ - 600.000đ/h
VN_0550_C02,VN_0550,300000,600000,300000,300.000đ - 600.000đ/h
VN_0550_C03,VN_0550,300000,600000,300000,300.000đ - 600.000đ/h
VN_0547_C01,VN_0547,300000,600000,300000,300.000đ - 600.000đ/h
VN_0547_C02,VN_0547,300000,600000,300000,300.000đ - 600.000đ/h
VN_0547_C03,VN_0547,300000,600000,300000,300.000đ - 600.000đ/h
VN_0551_C01,VN_0551,300000,600000,300000,300.000đ - 600.000đ/h
VN_0551_C02,VN_0551,300000,600000,300000,300.000đ - 600.000đ/h
VN_0551_C03,VN_0551,300000,600000,300000,300.000đ - 600.000đ/h
VN_0553_C01,VN_0553,300000,600000,300000,300.000đ - 600.000đ/h
VN_0553_C02,VN_0553,300000,600000,300000,300.000đ - 600.000đ/h
VN_0553_C03,VN_0553,300000,600000,300000,300.000đ - 600.000đ/h
VN_0554_C01,VN_0554,120000,220000,120000,120.000đ - 220.000đ/h
VN_0554_C02,VN_0554,120000,220000,120000,120.000đ - 220.000đ/h
VN_0554_C03,VN_0554,120000,220000,120000,120.000đ - 220.000đ/h
VN_0554_C04,VN_0554,120000,220000,120000,120.000đ - 220.000đ/h
VN_0555_C01,VN_0555,300000,600000,300000,300.000đ - 600.000đ/h
VN_0555_C02,VN_0555,300000,600000,300000,300.000đ - 600.000đ/h
VN_0555_C03,VN_0555,300000,600000,300000,300.000đ - 600.000đ/h
VN_0552_C01,VN_0552,120000,220000,120000,120.000đ - 220.000đ/h
VN_0552_C02,VN_0552,120000,220000,120000,120.000đ - 220.000đ/h
VN_0552_C03,VN_0552,120000,220000,120000,120.000đ - 220.000đ/h
VN_0552_C04,VN_0552,120000,220000,120000,120.000đ - 220.000đ/h
VN_0559_C01,VN_0559,300000,600000,300000,300.000đ - 600.000đ/h
VN_0559_C02,VN_0559,300000,600000,300000,300.000đ - 600.000đ/h
VN_0559_C03,VN_0559,300000,600000,300000,300.000đ - 600.000đ/h
VN_0560_C01,VN_0560,300000,600000,300000,300.000đ - 600.000đ/h
VN_0560_C02,VN_0560,300000,600000,300000,300.000đ - 600.000đ/h
VN_0560_C03,VN_0560,300000,600000,300000,300.000đ - 600.000đ/h
VN_0557_C01,VN_0557,300000,600000,300000,300.000đ - 600.000đ/h
VN_0557_C02,VN_0557,300000,600000,300000,300.000đ - 600.000đ/h
VN_0557_C03,VN_0557,300000,600000,300000,300.000đ - 600.000đ/h
VN_0558_C01,VN_0558,150000,300000,150000,150.000đ - 300.000đ/h
VN_0558_C02,VN_0558,150000,300000,150000,150.000đ - 300.000đ/h
VN_0558_C03,VN_0558,150000,300000,150000,150.000đ - 300.000đ/h
VN_0556_C01,VN_0556,300000,600000,300000,300.000đ - 600.000đ/h
VN_0556_C02,VN_0556,300000,600000,300000,300.000đ - 600.000đ/h
VN_0556_C03,VN_0556,300000,600000,300000,300.000đ - 600.000đ/h
VN_0564_C01,VN_0564,300000,600000,300000,300.000đ - 600.000đ/h
VN_0564_C02,VN_0564,300000,600000,300000,300.000đ - 600.000đ/h
VN_0564_C03,VN_0564,300000,600000,300000,300.000đ - 600.000đ/h
VN_0563_C01,VN_0563,300000,600000,300000,300.000đ - 600.000đ/h
VN_0563_C02,VN_0563,300000,600000,300000,300.000đ - 600.000đ/h
VN_0563_C03,VN_0563,300000,600000,300000,300.000đ - 600.000đ/h
VN_0566_C01,VN_0566,300000,600000,300000,300.000đ - 600.000đ/h
VN_0566_C02,VN_0566,300000,600000,300000,300.000đ - 600.000đ/h
VN_0566_C03,VN_0566,300000,600000,300000,300.000đ - 600.000đ/h
VN_0565_C01,VN_0565,150000,300000,150000,150.000đ - 300.000đ/h
VN_0565_C02,VN_0565,150000,300000,150000,150.000đ - 300.000đ/h
VN_0565_C03,VN_0565,150000,300000,150000,150.000đ - 300.000đ/h
VN_0562_C01,VN_0562,300000,600000,300000,300.000đ - 600.000đ/h
VN_0562_C02,VN_0562,300000,600000,300000,300.000đ - 600.000đ/h
VN_0562_C03,VN_0562,300000,600000,300000,300.000đ - 600.000đ/h
VN_0561_C01,VN_0561,300000,600000,300000,300.000đ - 600.000đ/h
VN_0561_C02,VN_0561,300000,600000,300000,300.000đ - 600.000đ/h
VN_0561_C03,VN_0561,300000,600000,300000,300.000đ - 600.000đ/h
VN_0567_C01,VN_0567,300000,600000,300000,300.000đ - 600.000đ/h
VN_0567_C02,VN_0567,300000,600000,300000,300.000đ - 600.000đ/h
VN_0567_C03,VN_0567,300000,600000,300000,300.000đ - 600.000đ/h
VN_0568_C01,VN_0568,300000,600000,300000,300.000đ - 600.000đ/h
VN_0568_C02,VN_0568,300000,600000,300000,300.000đ - 600.000đ/h
VN_0568_C03,VN_0568,300000,600000,300000,300.000đ - 600.000đ/h
VN_0569_C01,VN_0569,300000,600000,300000,300.000đ - 600.000đ/h
VN_0569_C02,VN_0569,300000,600000,300000,300.000đ - 600.000đ/h
VN_0569_C03,VN_0569,300000,600000,300000,300.000đ - 600.000đ/h
VN_0570_C01,VN_0570,300000,600000,300000,300.000đ - 600.000đ/h
VN_0570_C02,VN_0570,300000,600000,300000,300.000đ - 600.000đ/h
VN_0570_C03,VN_0570,300000,600000,300000,300.000đ - 600.000đ/h
VN_0571_C01,VN_0571,150000,250000,150000,150.000đ - 250.000đ/h
VN_0571_C02,VN_0571,150000,250000,150000,150.000đ - 250.000đ/h
VN_0571_C03,VN_0571,150000,250000,150000,150.000đ - 250.000đ/h
VN_0573_C01,VN_0573,300000,600000,300000,300.000đ - 600.000đ/h
VN_0573_C02,VN_0573,300000,600000,300000,300.000đ - 600.000đ/h
VN_0573_C03,VN_0573,300000,600000,300000,300.000đ - 600.000đ/h
VN_0574_C01,VN_0574,300000,600000,300000,300.000đ - 600.000đ/h
VN_0574_C02,VN_0574,300000,600000,300000,300.000đ - 600.000đ/h
VN_0574_C03,VN_0574,300000,600000,300000,300.000đ - 600.000đ/h
VN_0576_C01,VN_0576,150000,300000,150000,150.000đ - 300.000đ/h
VN_0576_C02,VN_0576,150000,300000,150000,150.000đ - 300.000đ/h
VN_0576_C03,VN_0576,150000,300000,150000,150.000đ - 300.000đ/h
VN_0576_C04,VN_0576,150000,300000,150000,150.000đ - 300.000đ/h
VN_0576_C05,VN_0576,150000,300000,150000,150.000đ - 300.000đ/h
VN_0576_C06,VN_0576,150000,300000,150000,150.000đ - 300.000đ/h
VN_0577_C01,VN_0577,300000,600000,300000,300.000đ - 600.000đ/h
VN_0577_C02,VN_0577,300000,600000,300000,300.000đ - 600.000đ/h
VN_0577_C03,VN_0577,300000,600000,300000,300.000đ - 600.000đ/h
VN_0575_C01,VN_0575,300000,600000,300000,300.000đ - 600.000đ/h
VN_0575_C02,VN_0575,300000,600000,300000,300.000đ - 600.000đ/h
VN_0575_C03,VN_0575,300000,600000,300000,300.000đ - 600.000đ/h
VN_0572_C01,VN_0572,300000,600000,300000,300.000đ - 600.000đ/h
VN_0572_C02,VN_0572,300000,600000,300000,300.000đ - 600.000đ/h
VN_0572_C03,VN_0572,300000,600000,300000,300.000đ - 600.000đ/h
VN_0578_C01,VN_0578,150000,300000,150000,150.000đ - 300.000đ/h
VN_0578_C02,VN_0578,150000,300000,150000,150.000đ - 300.000đ/h
VN_0578_C03,VN_0578,150000,300000,150000,150.000đ - 300.000đ/h
VN_0578_C04,VN_0578,150000,300000,150000,150.000đ - 300.000đ/h
VN_0578_C05,VN_0578,150000,300000,150000,150.000đ - 300.000đ/h
VN_0578_C06,VN_0578,150000,300000,150000,150.000đ - 300.000đ/h
VN_0580_C01,VN_0580,150000,300000,150000,150.000đ - 300.000đ/h
VN_0580_C02,VN_0580,150000,300000,150000,150.000đ - 300.000đ/h
VN_0580_C03,VN_0580,150000,300000,150000,150.000đ - 300.000đ/h
VN_0580_C04,VN_0580,150000,300000,150000,150.000đ - 300.000đ/h
VN_0580_C05,VN_0580,150000,300000,150000,150.000đ - 300.000đ/h
VN_0580_C06,VN_0580,150000,300000,150000,150.000đ - 300.000đ/h
VN_0584_C01,VN_0584,300000,600000,300000,300.000đ - 600.000đ/h
VN_0584_C02,VN_0584,300000,600000,300000,300.000đ - 600.000đ/h
VN_0584_C03,VN_0584,300000,600000,300000,300.000đ - 600.000đ/h
VN_0582_C01,VN_0582,300000,600000,300000,300.000đ - 600.000đ/h
VN_0582_C02,VN_0582,300000,600000,300000,300.000đ - 600.000đ/h
VN_0582_C03,VN_0582,300000,600000,300000,300.000đ - 600.000đ/h
VN_0581_C01,VN_0581,150000,300000,150000,150.000đ - 300.000đ/h
VN_0581_C02,VN_0581,150000,300000,150000,150.000đ - 300.000đ/h
VN_0581_C03,VN_0581,150000,300000,150000,150.000đ - 300.000đ/h
VN_0581_C04,VN_0581,150000,300000,150000,150.000đ - 300.000đ/h
VN_0581_C05,VN_0581,150000,300000,150000,150.000đ - 300.000đ/h
VN_0581_C06,VN_0581,150000,300000,150000,150.000đ - 300.000đ/h
VN_0583_C01,VN_0583,300000,600000,300000,300.000đ - 600.000đ/h
VN_0583_C02,VN_0583,300000,600000,300000,300.000đ - 600.000đ/h
VN_0583_C03,VN_0583,300000,600000,300000,300.000đ - 600.000đ/h
VN_0579_C01,VN_0579,300000,600000,300000,300.000đ - 600.000đ/h
VN_0579_C02,VN_0579,300000,600000,300000,300.000đ - 600.000đ/h
VN_0579_C03,VN_0579,300000,600000,300000,300.000đ - 600.000đ/h
VN_0587_C01,VN_0587,300000,600000,300000,300.000đ - 600.000đ/h
VN_0587_C02,VN_0587,300000,600000,300000,300.000đ - 600.000đ/h
VN_0587_C03,VN_0587,300000,600000,300000,300.000đ - 600.000đ/h
VN_0586_C01,VN_0586,300000,600000,300000,300.000đ - 600.000đ/h
VN_0586_C02,VN_0586,300000,600000,300000,300.000đ - 600.000đ/h
VN_0586_C03,VN_0586,300000,600000,300000,300.000đ - 600.000đ/h
VN_0585_C01,VN_0585,150000,300000,150000,150.000đ - 300.000đ/h
VN_0585_C02,VN_0585,150000,300000,150000,150.000đ - 300.000đ/h
VN_0585_C03,VN_0585,150000,300000,150000,150.000đ - 300.000đ/h
VN_0585_C04,VN_0585,150000,300000,150000,150.000đ - 300.000đ/h
VN_0585_C05,VN_0585,150000,300000,150000,150.000đ - 300.000đ/h
VN_0585_C06,VN_0585,150000,300000,150000,150.000đ - 300.000đ/h
VN_0588_C01,VN_0588,150000,300000,150000,150.000đ - 300.000đ/h
VN_0588_C02,VN_0588,150000,300000,150000,150.000đ - 300.000đ/h
VN_0588_C03,VN_0588,150000,300000,150000,150.000đ - 300.000đ/h
VN_0588_C04,VN_0588,150000,300000,150000,150.000đ - 300.000đ/h
VN_0588_C05,VN_0588,150000,300000,150000,150.000đ - 300.000đ/h
VN_0588_C06,VN_0588,150000,300000,150000,150.000đ - 300.000đ/h
VN_0592_C01,VN_0592,300000,600000,300000,300.000đ - 600.000đ/h
VN_0592_C02,VN_0592,300000,600000,300000,300.000đ - 600.000đ/h
VN_0592_C03,VN_0592,300000,600000,300000,300.000đ - 600.000đ/h
VN_0590_C01,VN_0590,300000,600000,300000,300.000đ - 600.000đ/h
VN_0590_C02,VN_0590,300000,600000,300000,300.000đ - 600.000đ/h
VN_0590_C03,VN_0590,300000,600000,300000,300.000đ - 600.000đ/h
VN_0591_C01,VN_0591,300000,600000,300000,300.000đ - 600.000đ/h
VN_0591_C02,VN_0591,300000,600000,300000,300.000đ - 600.000đ/h
VN_0591_C03,VN_0591,300000,600000,300000,300.000đ - 600.000đ/h
VN_0589_C01,VN_0589,300000,600000,300000,300.000đ - 600.000đ/h
VN_0589_C02,VN_0589,300000,600000,300000,300.000đ - 600.000đ/h
VN_0589_C03,VN_0589,300000,600000,300000,300.000đ - 600.000đ/h
VN_0593_C01,VN_0593,150000,300000,150000,150.000đ - 300.000đ/h
VN_0593_C02,VN_0593,150000,300000,150000,150.000đ - 300.000đ/h
VN_0593_C03,VN_0593,150000,300000,150000,150.000đ - 300.000đ/h
VN_0593_C04,VN_0593,150000,300000,150000,150.000đ - 300.000đ/h
VN_0593_C05,VN_0593,150000,300000,150000,150.000đ - 300.000đ/h
VN_0593_C06,VN_0593,150000,300000,150000,150.000đ - 300.000đ/h
VN_0596_C01,VN_0596,300000,600000,300000,300.000đ - 600.000đ/h
VN_0596_C02,VN_0596,300000,600000,300000,300.000đ - 600.000đ/h
VN_0596_C03,VN_0596,300000,600000,300000,300.000đ - 600.000đ/h
VN_0594_C01,VN_0594,300000,600000,300000,300.000đ - 600.000đ/h
VN_0594_C02,VN_0594,300000,600000,300000,300.000đ - 600.000đ/h
VN_0594_C03,VN_0594,300000,600000,300000,300.000đ - 600.000đ/h
VN_0595_C01,VN_0595,300000,600000,300000,300.000đ - 600.000đ/h
VN_0595_C02,VN_0595,300000,600000,300000,300.000đ - 600.000đ/h
VN_0595_C03,VN_0595,300000,600000,300000,300.000đ - 600.000đ/h
VN_0597_C01,VN_0597,300000,600000,300000,300.000đ - 600.000đ/h
VN_0597_C02,VN_0597,300000,600000,300000,300.000đ - 600.000đ/h
VN_0597_C03,VN_0597,300000,600000,300000,300.000đ - 600.000đ/h
VN_0598_C01,VN_0598,150000,300000,150000,150.000đ - 300.000đ/h
VN_0598_C02,VN_0598,150000,300000,150000,150.000đ - 300.000đ/h
VN_0598_C03,VN_0598,150000,300000,150000,150.000đ - 300.000đ/h
VN_0598_C04,VN_0598,150000,300000,150000,150.000đ - 300.000đ/h
VN_0598_C05,VN_0598,150000,300000,150000,150.000đ - 300.000đ/h
VN_0598_C06,VN_0598,150000,300000,150000,150.000đ - 300.000đ/h
VN_0599_C01,VN_0599,300000,600000,300000,300.000đ - 600.000đ/h
VN_0599_C02,VN_0599,300000,600000,300000,300.000đ - 600.000đ/h
VN_0599_C03,VN_0599,300000,600000,300000,300.000đ - 600.000đ/h
VN_0600_C01,VN_0600,300000,600000,300000,300.000đ - 600.000đ/h
VN_0600_C02,VN_0600,300000,600000,300000,300.000đ - 600.000đ/h
VN_0600_C03,VN_0600,300000,600000,300000,300.000đ - 600.000đ/h
VN_0601_C01,VN_0601,150000,300000,150000,150.000đ - 300.000đ/h
VN_0601_C02,VN_0601,150000,300000,150000,150.000đ - 300.000đ/h
VN_0601_C03,VN_0601,150000,300000,150000,150.000đ - 300.000đ/h
VN_0601_C04,VN_0601,150000,300000,150000,150.000đ - 300.000đ/h
VN_0601_C05,VN_0601,150000,300000,150000,150.000đ - 300.000đ/h
VN_0601_C06,VN_0601,150000,300000,150000,150.000đ - 300.000đ/h
VN_0608_C01,VN_0608,300000,600000,300000,300.000đ - 600.000đ/h
VN_0608_C02,VN_0608,300000,600000,300000,300.000đ - 600.000đ/h
VN_0608_C03,VN_0608,300000,600000,300000,300.000đ - 600.000đ/h
VN_0603_C01,VN_0603,300000,600000,300000,300.000đ - 600.000đ/h
VN_0603_C02,VN_0603,300000,600000,300000,300.000đ - 600.000đ/h
VN_0603_C03,VN_0603,300000,600000,300000,300.000đ - 600.000đ/h
VN_0606_C01,VN_0606,300000,600000,300000,300.000đ - 600.000đ/h
VN_0606_C02,VN_0606,300000,600000,300000,300.000đ - 600.000đ/h
VN_0606_C03,VN_0606,300000,600000,300000,300.000đ - 600.000đ/h
VN_0605_C01,VN_0605,300000,600000,300000,300.000đ - 600.000đ/h
VN_0605_C02,VN_0605,300000,600000,300000,300.000đ - 600.000đ/h
VN_0605_C03,VN_0605,300000,600000,300000,300.000đ - 600.000đ/h
VN_0604_C01,VN_0604,300000,600000,300000,300.000đ - 600.000đ/h
VN_0604_C02,VN_0604,300000,600000,300000,300.000đ - 600.000đ/h
VN_0604_C03,VN_0604,300000,600000,300000,300.000đ - 600.000đ/h
VN_0609_C01,VN_0609,300000,600000,300000,300.000đ - 600.000đ/h
VN_0609_C02,VN_0609,300000,600000,300000,300.000đ - 600.000đ/h
VN_0609_C03,VN_0609,300000,600000,300000,300.000đ - 600.000đ/h
VN_0610_C01,VN_0610,300000,600000,300000,300.000đ - 600.000đ/h
VN_0610_C02,VN_0610,300000,600000,300000,300.000đ - 600.000đ/h
VN_0610_C03,VN_0610,300000,600000,300000,300.000đ - 600.000đ/h
VN_0612_C01,VN_0612,150000,300000,150000,150.000đ - 300.000đ/h
VN_0612_C02,VN_0612,150000,300000,150000,150.000đ - 300.000đ/h
VN_0612_C03,VN_0612,150000,300000,150000,150.000đ - 300.000đ/h
VN_0612_C04,VN_0612,150000,300000,150000,150.000đ - 300.000đ/h
VN_0612_C05,VN_0612,150000,300000,150000,150.000đ - 300.000đ/h
VN_0612_C06,VN_0612,150000,300000,150000,150.000đ - 300.000đ/h
VN_0607_C01,VN_0607,300000,600000,300000,300.000đ - 600.000đ/h
VN_0607_C02,VN_0607,300000,600000,300000,300.000đ - 600.000đ/h
VN_0607_C03,VN_0607,300000,600000,300000,300.000đ - 600.000đ/h
VN_0617_C01,VN_0617,300000,600000,300000,300.000đ - 600.000đ/h
VN_0617_C02,VN_0617,300000,600000,300000,300.000đ - 600.000đ/h
VN_0617_C03,VN_0617,300000,600000,300000,300.000đ - 600.000đ/h
VN_0613_C01,VN_0613,300000,600000,300000,300.000đ - 600.000đ/h
VN_0613_C02,VN_0613,300000,600000,300000,300.000đ - 600.000đ/h
VN_0613_C03,VN_0613,300000,600000,300000,300.000đ - 600.000đ/h
VN_0611_C01,VN_0611,300000,600000,300000,300.000đ - 600.000đ/h
VN_0611_C02,VN_0611,300000,600000,300000,300.000đ - 600.000đ/h
VN_0611_C03,VN_0611,300000,600000,300000,300.000đ - 600.000đ/h
VN_0616_C01,VN_0616,120000,220000,120000,120.000đ - 220.000đ/h
VN_0616_C02,VN_0616,120000,220000,120000,120.000đ - 220.000đ/h
VN_0616_C03,VN_0616,120000,220000,120000,120.000đ - 220.000đ/h
VN_0616_C04,VN_0616,120000,220000,120000,120.000đ - 220.000đ/h
VN_0618_C01,VN_0618,150000,300000,150000,150.000đ - 300.000đ/h
VN_0618_C02,VN_0618,150000,300000,150000,150.000đ - 300.000đ/h
VN_0618_C03,VN_0618,150000,300000,150000,150.000đ - 300.000đ/h
VN_0618_C04,VN_0618,150000,300000,150000,150.000đ - 300.000đ/h
VN_0618_C05,VN_0618,150000,300000,150000,150.000đ - 300.000đ/h
VN_0618_C06,VN_0618,150000,300000,150000,150.000đ - 300.000đ/h
VN_0615_C01,VN_0615,300000,600000,300000,300.000đ - 600.000đ/h
VN_0615_C02,VN_0615,300000,600000,300000,300.000đ - 600.000đ/h
VN_0615_C03,VN_0615,300000,600000,300000,300.000đ - 600.000đ/h
VN_0619_C01,VN_0619,180000,320000,180000,180.000đ - 320.000đ/h
VN_0619_C02,VN_0619,180000,320000,180000,180.000đ - 320.000đ/h
VN_0619_C03,VN_0619,180000,320000,180000,180.000đ - 320.000đ/h
VN_0621_C01,VN_0621,300000,600000,300000,300.000đ - 600.000đ/h
VN_0621_C02,VN_0621,300000,600000,300000,300.000đ - 600.000đ/h
VN_0621_C03,VN_0621,300000,600000,300000,300.000đ - 600.000đ/h
VN_0620_C01,VN_0620,150000,300000,150000,150.000đ - 300.000đ/h
VN_0620_C02,VN_0620,150000,300000,150000,150.000đ - 300.000đ/h
VN_0620_C03,VN_0620,150000,300000,150000,150.000đ - 300.000đ/h
VN_0620_C04,VN_0620,150000,300000,150000,150.000đ - 300.000đ/h
VN_0620_C05,VN_0620,150000,300000,150000,150.000đ - 300.000đ/h
VN_0620_C06,VN_0620,150000,300000,150000,150.000đ - 300.000đ/h
VN_0614_C01,VN_0614,300000,600000,300000,300.000đ - 600.000đ/h
VN_0614_C02,VN_0614,300000,600000,300000,300.000đ - 600.000đ/h
VN_0614_C03,VN_0614,300000,600000,300000,300.000đ - 600.000đ/h
VN_0622_C01,VN_0622,120000,220000,120000,120.000đ - 220.000đ/h
VN_0622_C02,VN_0622,120000,220000,120000,120.000đ - 220.000đ/h
VN_0622_C03,VN_0622,120000,220000,120000,120.000đ - 220.000đ/h
VN_0622_C04,VN_0622,120000,220000,120000,120.000đ - 220.000đ/h
VN_0623_C01,VN_0623,300000,600000,300000,300.000đ - 600.000đ/h
VN_0623_C02,VN_0623,300000,600000,300000,300.000đ - 600.000đ/h
VN_0623_C03,VN_0623,300000,600000,300000,300.000đ - 600.000đ/h
VN_0602_C01,VN_0602,300000,600000,300000,300.000đ - 600.000đ/h
VN_0602_C02,VN_0602,300000,600000,300000,300.000đ - 600.000đ/h
VN_0602_C03,VN_0602,300000,600000,300000,300.000đ - 600.000đ/h
VN_0625_C01,VN_0625,120000,220000,120000,120.000đ - 220.000đ/h
VN_0625_C02,VN_0625,120000,220000,120000,120.000đ - 220.000đ/h
VN_0625_C03,VN_0625,120000,220000,120000,120.000đ - 220.000đ/h
VN_0625_C04,VN_0625,120000,220000,120000,120.000đ - 220.000đ/h
VN_0628_C01,VN_0628,100000,120000,100000,hợp lý, lý tưởng cho các giải đấu lớn nhỏ
VN_0628_C02,VN_0628,100000,120000,100000,hợp lý, lý tưởng cho các giải đấu lớn nhỏ
VN_0628_C03,VN_0628,100000,120000,100000,hợp lý, lý tưởng cho các giải đấu lớn nhỏ
VN_0628_C04,VN_0628,100000,120000,100000,hợp lý, lý tưởng cho các giải đấu lớn nhỏ
VN_0629_C01,VN_0629,180000,320000,180000,180.000đ - 320.000đ/h
VN_0629_C02,VN_0629,180000,320000,180000,180.000đ - 320.000đ/h
VN_0629_C03,VN_0629,180000,320000,180000,180.000đ - 320.000đ/h
VN_0627_C01,VN_0627,120000,220000,120000,120.000đ - 220.000đ/h
VN_0627_C02,VN_0627,120000,220000,120000,120.000đ - 220.000đ/h
VN_0627_C03,VN_0627,120000,220000,120000,120.000đ - 220.000đ/h
VN_0627_C04,VN_0627,120000,220000,120000,120.000đ - 220.000đ/h
VN_0630_C01,VN_0630,150000,300000,150000,150.000đ - 300.000đ/h
VN_0630_C02,VN_0630,150000,300000,150000,150.000đ - 300.000đ/h
VN_0630_C03,VN_0630,150000,300000,150000,150.000đ - 300.000đ/h
VN_0631_C01,VN_0631,300000,600000,300000,300.000đ - 600.000đ/h
VN_0631_C02,VN_0631,300000,600000,300000,300.000đ - 600.000đ/h
VN_0631_C03,VN_0631,300000,600000,300000,300.000đ - 600.000đ/h
VN_0626_C01,VN_0626,120000,220000,120000,120.000đ - 220.000đ/h
VN_0626_C02,VN_0626,120000,220000,120000,120.000đ - 220.000đ/h
VN_0626_C03,VN_0626,120000,220000,120000,120.000đ - 220.000đ/h
VN_0626_C04,VN_0626,120000,220000,120000,120.000đ - 220.000đ/h
VN_0635_C01,VN_0635,150000,300000,150000,150.000đ - 300.000đ/h
VN_0635_C02,VN_0635,150000,300000,150000,150.000đ - 300.000đ/h
VN_0635_C03,VN_0635,150000,300000,150000,150.000đ - 300.000đ/h
VN_0635_C04,VN_0635,150000,300000,150000,150.000đ - 300.000đ/h
VN_0635_C05,VN_0635,150000,300000,150000,150.000đ - 300.000đ/h
VN_0635_C06,VN_0635,150000,300000,150000,150.000đ - 300.000đ/h
VN_0633_C01,VN_0633,120000,220000,120000,120.000đ - 220.000đ/h
VN_0633_C02,VN_0633,120000,220000,120000,120.000đ - 220.000đ/h
VN_0633_C03,VN_0633,120000,220000,120000,120.000đ - 220.000đ/h
VN_0633_C04,VN_0633,120000,220000,120000,120.000đ - 220.000đ/h
VN_0624_C01,VN_0624,300000,600000,300000,300.000đ - 600.000đ/h
VN_0624_C02,VN_0624,300000,600000,300000,300.000đ - 600.000đ/h
VN_0624_C03,VN_0624,300000,600000,300000,300.000đ - 600.000đ/h
VN_0637_C01,VN_0637,150000,300000,150000,150.000đ - 300.000đ/h
VN_0637_C02,VN_0637,150000,300000,150000,150.000đ - 300.000đ/h
VN_0637_C03,VN_0637,150000,300000,150000,150.000đ - 300.000đ/h
VN_0632_C01,VN_0632,120000,220000,120000,120.000đ - 220.000đ/h
VN_0632_C02,VN_0632,120000,220000,120000,120.000đ - 220.000đ/h
VN_0632_C03,VN_0632,120000,220000,120000,120.000đ - 220.000đ/h
VN_0632_C04,VN_0632,120000,220000,120000,120.000đ - 220.000đ/h
VN_0634_C01,VN_0634,150000,300000,150000,150.000đ - 300.000đ/h
VN_0634_C02,VN_0634,150000,300000,150000,150.000đ - 300.000đ/h
VN_0634_C03,VN_0634,150000,300000,150000,150.000đ - 300.000đ/h
VN_0634_C04,VN_0634,150000,300000,150000,150.000đ - 300.000đ/h
VN_0634_C05,VN_0634,150000,300000,150000,150.000đ - 300.000đ/h
VN_0634_C06,VN_0634,150000,300000,150000,150.000đ - 300.000đ/h
VN_0636_C01,VN_0636,120000,220000,120000,120.000đ - 220.000đ/h
VN_0636_C02,VN_0636,120000,220000,120000,120.000đ - 220.000đ/h
VN_0636_C03,VN_0636,120000,220000,120000,120.000đ - 220.000đ/h
VN_0636_C04,VN_0636,120000,220000,120000,120.000đ - 220.000đ/h
VN_0639_C01,VN_0639,300000,600000,300000,300.000đ - 600.000đ/h
VN_0639_C02,VN_0639,300000,600000,300000,300.000đ - 600.000đ/h
VN_0639_C03,VN_0639,300000,600000,300000,300.000đ - 600.000đ/h
VN_0640_C01,VN_0640,300000,600000,300000,300.000đ - 600.000đ/h
VN_0640_C02,VN_0640,300000,600000,300000,300.000đ - 600.000đ/h
VN_0640_C03,VN_0640,300000,600000,300000,300.000đ - 600.000đ/h
VN_0643_C01,VN_0643,150000,300000,150000,150.000đ - 300.000đ/h
VN_0643_C02,VN_0643,150000,300000,150000,150.000đ - 300.000đ/h
VN_0643_C03,VN_0643,150000,300000,150000,150.000đ - 300.000đ/h
VN_0643_C04,VN_0643,150000,300000,150000,150.000đ - 300.000đ/h
VN_0643_C05,VN_0643,150000,300000,150000,150.000đ - 300.000đ/h
VN_0643_C06,VN_0643,150000,300000,150000,150.000đ - 300.000đ/h
VN_0638_C01,VN_0638,300000,600000,300000,300.000đ - 600.000đ/h
VN_0638_C02,VN_0638,300000,600000,300000,300.000đ - 600.000đ/h
VN_0638_C03,VN_0638,300000,600000,300000,300.000đ - 600.000đ/h
VN_0641_C01,VN_0641,150000,300000,150000,150.000đ - 300.000đ/h
VN_0641_C02,VN_0641,150000,300000,150000,150.000đ - 300.000đ/h
VN_0641_C03,VN_0641,150000,300000,150000,150.000đ - 300.000đ/h
VN_0641_C04,VN_0641,150000,300000,150000,150.000đ - 300.000đ/h
VN_0641_C05,VN_0641,150000,300000,150000,150.000đ - 300.000đ/h
VN_0641_C06,VN_0641,150000,300000,150000,150.000đ - 300.000đ/h
VN_0642_C01,VN_0642,120000,220000,120000,120.000đ - 220.000đ/h
VN_0642_C02,VN_0642,120000,220000,120000,120.000đ - 220.000đ/h
VN_0642_C03,VN_0642,120000,220000,120000,120.000đ - 220.000đ/h
VN_0642_C04,VN_0642,120000,220000,120000,120.000đ - 220.000đ/h
VN_0644_C01,VN_0644,150000,300000,150000,150.000đ - 300.000đ/h
VN_0644_C02,VN_0644,150000,300000,150000,150.000đ - 300.000đ/h
VN_0644_C03,VN_0644,150000,300000,150000,150.000đ - 300.000đ/h
VN_0644_C04,VN_0644,150000,300000,150000,150.000đ - 300.000đ/h
VN_0644_C05,VN_0644,150000,300000,150000,150.000đ - 300.000đ/h
VN_0644_C06,VN_0644,150000,300000,150000,150.000đ - 300.000đ/h
VN_0645_C01,VN_0645,150000,300000,150000,150.000đ - 300.000đ/h
VN_0645_C02,VN_0645,150000,300000,150000,150.000đ - 300.000đ/h
VN_0645_C03,VN_0645,150000,300000,150000,150.000đ - 300.000đ/h
VN_0645_C04,VN_0645,150000,300000,150000,150.000đ - 300.000đ/h
VN_0645_C05,VN_0645,150000,300000,150000,150.000đ - 300.000đ/h
VN_0645_C06,VN_0645,150000,300000,150000,150.000đ - 300.000đ/h
VN_0646_C01,VN_0646,300000,600000,300000,300.000đ - 600.000đ/h
VN_0646_C02,VN_0646,300000,600000,300000,300.000đ - 600.000đ/h
VN_0646_C03,VN_0646,300000,600000,300000,300.000đ - 600.000đ/h
VN_0649_C01,VN_0649,300000,600000,300000,300.000đ - 600.000đ/h
VN_0649_C02,VN_0649,300000,600000,300000,300.000đ - 600.000đ/h
VN_0649_C03,VN_0649,300000,600000,300000,300.000đ - 600.000đ/h
VN_0422_C01,VN_0422,150000,300000,150000,150.000đ - 300.000đ/h
VN_0422_C02,VN_0422,150000,300000,150000,150.000đ - 300.000đ/h
VN_0422_C03,VN_0422,150000,300000,150000,150.000đ - 300.000đ/h
VN_0652_C01,VN_0652,300000,600000,300000,300.000đ - 600.000đ/h
VN_0652_C02,VN_0652,300000,600000,300000,300.000đ - 600.000đ/h
VN_0652_C03,VN_0652,300000,600000,300000,300.000đ - 600.000đ/h
VN_0651_C01,VN_0651,300000,600000,300000,300.000đ - 600.000đ/h
VN_0651_C02,VN_0651,300000,600000,300000,300.000đ - 600.000đ/h
VN_0651_C03,VN_0651,300000,600000,300000,300.000đ - 600.000đ/h
VN_0648_C01,VN_0648,300000,600000,300000,300.000đ - 600.000đ/h
VN_0648_C02,VN_0648,300000,600000,300000,300.000đ - 600.000đ/h
VN_0648_C03,VN_0648,300000,600000,300000,300.000đ - 600.000đ/h
VN_0655_C01,VN_0655,300000,600000,300000,300.000đ - 600.000đ/h
VN_0655_C02,VN_0655,300000,600000,300000,300.000đ - 600.000đ/h
VN_0655_C03,VN_0655,300000,600000,300000,300.000đ - 600.000đ/h
VN_0653_C01,VN_0653,300000,600000,300000,300.000đ - 600.000đ/h
VN_0653_C02,VN_0653,300000,600000,300000,300.000đ - 600.000đ/h
VN_0653_C03,VN_0653,300000,600000,300000,300.000đ - 600.000đ/h
VN_0656_C01,VN_0656,300000,600000,300000,300.000đ - 600.000đ/h
VN_0656_C02,VN_0656,300000,600000,300000,300.000đ - 600.000đ/h
VN_0656_C03,VN_0656,300000,600000,300000,300.000đ - 600.000đ/h
VN_0658_C01,VN_0658,300000,600000,300000,300.000đ - 600.000đ/h
VN_0658_C02,VN_0658,300000,600000,300000,300.000đ - 600.000đ/h
VN_0658_C03,VN_0658,300000,600000,300000,300.000đ - 600.000đ/h
VN_0654_C01,VN_0654,300000,600000,300000,300.000đ - 600.000đ/h
VN_0654_C02,VN_0654,300000,600000,300000,300.000đ - 600.000đ/h
VN_0654_C03,VN_0654,300000,600000,300000,300.000đ - 600.000đ/h
VN_0659_C01,VN_0659,300000,600000,300000,300.000đ - 600.000đ/h
VN_0659_C02,VN_0659,300000,600000,300000,300.000đ - 600.000đ/h
VN_0659_C03,VN_0659,300000,600000,300000,300.000đ - 600.000đ/h
VN_0661_C01,VN_0661,150000,300000,150000,150.000đ - 300.000đ/h
VN_0661_C02,VN_0661,150000,300000,150000,150.000đ - 300.000đ/h
VN_0661_C03,VN_0661,150000,300000,150000,150.000đ - 300.000đ/h
VN_0661_C04,VN_0661,150000,300000,150000,150.000đ - 300.000đ/h
VN_0661_C05,VN_0661,150000,300000,150000,150.000đ - 300.000đ/h
VN_0661_C06,VN_0661,150000,300000,150000,150.000đ - 300.000đ/h
VN_0650_C01,VN_0650,300000,600000,300000,300.000đ - 600.000đ/h
VN_0650_C02,VN_0650,300000,600000,300000,300.000đ - 600.000đ/h
VN_0650_C03,VN_0650,300000,600000,300000,300.000đ - 600.000đ/h
VN_0660_C01,VN_0660,300000,600000,300000,300.000đ - 600.000đ/h
VN_0660_C02,VN_0660,300000,600000,300000,300.000đ - 600.000đ/h
VN_0660_C03,VN_0660,300000,600000,300000,300.000đ - 600.000đ/h
VN_0662_C01,VN_0662,300000,600000,300000,300.000đ - 600.000đ/h
VN_0662_C02,VN_0662,300000,600000,300000,300.000đ - 600.000đ/h
VN_0662_C03,VN_0662,300000,600000,300000,300.000đ - 600.000đ/h
VN_0657_C01,VN_0657,300000,600000,300000,300.000đ - 600.000đ/h
VN_0657_C02,VN_0657,300000,600000,300000,300.000đ - 600.000đ/h
VN_0657_C03,VN_0657,300000,600000,300000,300.000đ - 600.000đ/h
VN_0663_C01,VN_0663,150000,300000,150000,150.000đ - 300.000đ/h
VN_0663_C02,VN_0663,150000,300000,150000,150.000đ - 300.000đ/h
VN_0663_C03,VN_0663,150000,300000,150000,150.000đ - 300.000đ/h
VN_0663_C04,VN_0663,150000,300000,150000,150.000đ - 300.000đ/h
VN_0663_C05,VN_0663,150000,300000,150000,150.000đ - 300.000đ/h
VN_0663_C06,VN_0663,150000,300000,150000,150.000đ - 300.000đ/h
VN_0665_C01,VN_0665,300000,600000,300000,300.000đ - 600.000đ/h
VN_0665_C02,VN_0665,300000,600000,300000,300.000đ - 600.000đ/h
VN_0665_C03,VN_0665,300000,600000,300000,300.000đ - 600.000đ/h
VN_0647_C01,VN_0647,150000,300000,150000,150.000đ - 300.000đ/h
VN_0647_C02,VN_0647,150000,300000,150000,150.000đ - 300.000đ/h
VN_0647_C03,VN_0647,150000,300000,150000,150.000đ - 300.000đ/h
VN_0647_C04,VN_0647,150000,300000,150000,150.000đ - 300.000đ/h
VN_0647_C05,VN_0647,150000,300000,150000,150.000đ - 300.000đ/h
VN_0647_C06,VN_0647,150000,300000,150000,150.000đ - 300.000đ/h
VN_0664_C01,VN_0664,150000,300000,150000,150.000đ - 300.000đ/h
VN_0664_C02,VN_0664,150000,300000,150000,150.000đ - 300.000đ/h
VN_0664_C03,VN_0664,150000,300000,150000,150.000đ - 300.000đ/h
VN_0664_C04,VN_0664,150000,300000,150000,150.000đ - 300.000đ/h
VN_0664_C05,VN_0664,150000,300000,150000,150.000đ - 300.000đ/h
VN_0664_C06,VN_0664,150000,300000,150000,150.000đ - 300.000đ/h
VN_0667_C01,VN_0667,300000,600000,300000,300.000đ - 600.000đ/h
VN_0667_C02,VN_0667,300000,600000,300000,300.000đ - 600.000đ/h
VN_0667_C03,VN_0667,300000,600000,300000,300.000đ - 600.000đ/h
VN_0668_C01,VN_0668,150000,300000,150000,150.000đ - 300.000đ/h
VN_0668_C02,VN_0668,150000,300000,150000,150.000đ - 300.000đ/h
VN_0668_C03,VN_0668,150000,300000,150000,150.000đ - 300.000đ/h
VN_0668_C04,VN_0668,150000,300000,150000,150.000đ - 300.000đ/h
VN_0668_C05,VN_0668,150000,300000,150000,150.000đ - 300.000đ/h
VN_0668_C06,VN_0668,150000,300000,150000,150.000đ - 300.000đ/h
VN_0670_C01,VN_0670,300000,600000,300000,300.000đ - 600.000đ/h
VN_0670_C02,VN_0670,300000,600000,300000,300.000đ - 600.000đ/h
VN_0670_C03,VN_0670,300000,600000,300000,300.000đ - 600.000đ/h
VN_0669_C01,VN_0669,300000,600000,300000,300.000đ - 600.000đ/h
VN_0669_C02,VN_0669,300000,600000,300000,300.000đ - 600.000đ/h
VN_0669_C03,VN_0669,300000,600000,300000,300.000đ - 600.000đ/h
VN_0671_C01,VN_0671,150000,300000,150000,150.000đ - 300.000đ/h
VN_0671_C02,VN_0671,150000,300000,150000,150.000đ - 300.000đ/h
VN_0671_C03,VN_0671,150000,300000,150000,150.000đ - 300.000đ/h
VN_0671_C04,VN_0671,150000,300000,150000,150.000đ - 300.000đ/h
VN_0671_C05,VN_0671,150000,300000,150000,150.000đ - 300.000đ/h
VN_0671_C06,VN_0671,150000,300000,150000,150.000đ - 300.000đ/h
VN_0672_C01,VN_0672,300000,600000,300000,300.000đ - 600.000đ/h
VN_0672_C02,VN_0672,300000,600000,300000,300.000đ - 600.000đ/h
VN_0672_C03,VN_0672,300000,600000,300000,300.000đ - 600.000đ/h
VN_0673_C01,VN_0673,300000,600000,300000,300.000đ - 600.000đ/h
VN_0673_C02,VN_0673,300000,600000,300000,300.000đ - 600.000đ/h
VN_0673_C03,VN_0673,300000,600000,300000,300.000đ - 600.000đ/h
VN_0675_C01,VN_0675,300000,600000,300000,300.000đ - 600.000đ/h
VN_0675_C02,VN_0675,300000,600000,300000,300.000đ - 600.000đ/h
VN_0675_C03,VN_0675,300000,600000,300000,300.000đ - 600.000đ/h
VN_0674_C01,VN_0674,150000,300000,150000,150.000đ - 300.000đ/h
VN_0674_C02,VN_0674,150000,300000,150000,150.000đ - 300.000đ/h
VN_0674_C03,VN_0674,150000,300000,150000,150.000đ - 300.000đ/h
VN_0674_C04,VN_0674,150000,300000,150000,150.000đ - 300.000đ/h
VN_0674_C05,VN_0674,150000,300000,150000,150.000đ - 300.000đ/h
VN_0674_C06,VN_0674,150000,300000,150000,150.000đ - 300.000đ/h
VN_0666_C01,VN_0666,300000,600000,300000,300.000đ - 600.000đ/h
VN_0666_C02,VN_0666,300000,600000,300000,300.000đ - 600.000đ/h
VN_0666_C03,VN_0666,300000,600000,300000,300.000đ - 600.000đ/h
VN_0677_C01,VN_0677,150000,300000,150000,150.000đ - 300.000đ/h
VN_0677_C02,VN_0677,150000,300000,150000,150.000đ - 300.000đ/h
VN_0677_C03,VN_0677,150000,300000,150000,150.000đ - 300.000đ/h
VN_0677_C04,VN_0677,150000,300000,150000,150.000đ - 300.000đ/h
VN_0677_C05,VN_0677,150000,300000,150000,150.000đ - 300.000đ/h
VN_0677_C06,VN_0677,150000,300000,150000,150.000đ - 300.000đ/h
VN_0679_C01,VN_0679,150000,300000,150000,150.000đ - 300.000đ/h
VN_0679_C02,VN_0679,150000,300000,150000,150.000đ - 300.000đ/h
VN_0679_C03,VN_0679,150000,300000,150000,150.000đ - 300.000đ/h
VN_0679_C04,VN_0679,150000,300000,150000,150.000đ - 300.000đ/h
VN_0679_C05,VN_0679,150000,300000,150000,150.000đ - 300.000đ/h
VN_0679_C06,VN_0679,150000,300000,150000,150.000đ - 300.000đ/h
VN_0678_C01,VN_0678,300000,600000,300000,300.000đ - 600.000đ/h
VN_0678_C02,VN_0678,300000,600000,300000,300.000đ - 600.000đ/h
VN_0678_C03,VN_0678,300000,600000,300000,300.000đ - 600.000đ/h
VN_0681_C01,VN_0681,150000,300000,150000,150.000đ - 300.000đ/h
VN_0681_C02,VN_0681,150000,300000,150000,150.000đ - 300.000đ/h
VN_0681_C03,VN_0681,150000,300000,150000,150.000đ - 300.000đ/h
VN_0681_C04,VN_0681,150000,300000,150000,150.000đ - 300.000đ/h
VN_0681_C05,VN_0681,150000,300000,150000,150.000đ - 300.000đ/h
VN_0681_C06,VN_0681,150000,300000,150000,150.000đ - 300.000đ/h
VN_0683_C01,VN_0683,300000,600000,300000,300.000đ - 600.000đ/h
VN_0683_C02,VN_0683,300000,600000,300000,300.000đ - 600.000đ/h
VN_0683_C03,VN_0683,300000,600000,300000,300.000đ - 600.000đ/h
VN_0676_C01,VN_0676,150000,300000,150000,150.000đ - 300.000đ/h
VN_0676_C02,VN_0676,150000,300000,150000,150.000đ - 300.000đ/h
VN_0676_C03,VN_0676,150000,300000,150000,150.000đ - 300.000đ/h
VN_0676_C04,VN_0676,150000,300000,150000,150.000đ - 300.000đ/h
VN_0676_C05,VN_0676,150000,300000,150000,150.000đ - 300.000đ/h
VN_0676_C06,VN_0676,150000,300000,150000,150.000đ - 300.000đ/h
VN_0684_C01,VN_0684,150000,300000,150000,150.000đ - 300.000đ/h
VN_0684_C02,VN_0684,150000,300000,150000,150.000đ - 300.000đ/h
VN_0684_C03,VN_0684,150000,300000,150000,150.000đ - 300.000đ/h
VN_0684_C04,VN_0684,150000,300000,150000,150.000đ - 300.000đ/h
VN_0684_C05,VN_0684,150000,300000,150000,150.000đ - 300.000đ/h
VN_0684_C06,VN_0684,150000,300000,150000,150.000đ - 300.000đ/h
VN_0686_C01,VN_0686,300000,600000,300000,300.000đ - 600.000đ/h
VN_0686_C02,VN_0686,300000,600000,300000,300.000đ - 600.000đ/h
VN_0686_C03,VN_0686,300000,600000,300000,300.000đ - 600.000đ/h
VN_0685_C01,VN_0685,300000,600000,300000,300.000đ - 600.000đ/h
VN_0685_C02,VN_0685,300000,600000,300000,300.000đ - 600.000đ/h
VN_0685_C03,VN_0685,300000,600000,300000,300.000đ - 600.000đ/h
VN_0687_C01,VN_0687,300000,600000,300000,300.000đ - 600.000đ/h
VN_0687_C02,VN_0687,300000,600000,300000,300.000đ - 600.000đ/h
VN_0687_C03,VN_0687,300000,600000,300000,300.000đ - 600.000đ/h
VN_0680_C01,VN_0680,300000,600000,300000,300.000đ - 600.000đ/h
VN_0680_C02,VN_0680,300000,600000,300000,300.000đ - 600.000đ/h
VN_0680_C03,VN_0680,300000,600000,300000,300.000đ - 600.000đ/h
VN_0688_C01,VN_0688,150000,300000,150000,150.000đ - 300.000đ/h
VN_0688_C02,VN_0688,150000,300000,150000,150.000đ - 300.000đ/h
VN_0688_C03,VN_0688,150000,300000,150000,150.000đ - 300.000đ/h
VN_0688_C04,VN_0688,150000,300000,150000,150.000đ - 300.000đ/h
VN_0688_C05,VN_0688,150000,300000,150000,150.000đ - 300.000đ/h
VN_0688_C06,VN_0688,150000,300000,150000,150.000đ - 300.000đ/h
VN_0689_C01,VN_0689,150000,300000,150000,150.000đ - 300.000đ/h
VN_0689_C02,VN_0689,150000,300000,150000,150.000đ - 300.000đ/h
VN_0689_C03,VN_0689,150000,300000,150000,150.000đ - 300.000đ/h
VN_0689_C04,VN_0689,150000,300000,150000,150.000đ - 300.000đ/h
VN_0689_C05,VN_0689,150000,300000,150000,150.000đ - 300.000đ/h
VN_0689_C06,VN_0689,150000,300000,150000,150.000đ - 300.000đ/h
VN_0691_C01,VN_0691,300000,600000,300000,300.000đ - 600.000đ/h
VN_0691_C02,VN_0691,300000,600000,300000,300.000đ - 600.000đ/h
VN_0691_C03,VN_0691,300000,600000,300000,300.000đ - 600.000đ/h
VN_0692_C01,VN_0692,150000,300000,150000,150.000đ - 300.000đ/h
VN_0692_C02,VN_0692,150000,300000,150000,150.000đ - 300.000đ/h
VN_0692_C03,VN_0692,150000,300000,150000,150.000đ - 300.000đ/h
VN_0692_C04,VN_0692,150000,300000,150000,150.000đ - 300.000đ/h
VN_0692_C05,VN_0692,150000,300000,150000,150.000đ - 300.000đ/h
VN_0692_C06,VN_0692,150000,300000,150000,150.000đ - 300.000đ/h
VN_0690_C01,VN_0690,300000,600000,300000,300.000đ - 600.000đ/h
VN_0690_C02,VN_0690,300000,600000,300000,300.000đ - 600.000đ/h
VN_0690_C03,VN_0690,300000,600000,300000,300.000đ - 600.000đ/h
VN_0693_C01,VN_0693,300000,600000,300000,300.000đ - 600.000đ/h
VN_0693_C02,VN_0693,300000,600000,300000,300.000đ - 600.000đ/h
VN_0693_C03,VN_0693,300000,600000,300000,300.000đ - 600.000đ/h
VN_0695_C01,VN_0695,300000,600000,300000,300.000đ - 600.000đ/h
VN_0695_C02,VN_0695,300000,600000,300000,300.000đ - 600.000đ/h
VN_0695_C03,VN_0695,300000,600000,300000,300.000đ - 600.000đ/h
VN_0697_C01,VN_0697,150000,300000,150000,150.000đ - 300.000đ/h
VN_0697_C02,VN_0697,150000,300000,150000,150.000đ - 300.000đ/h
VN_0697_C03,VN_0697,150000,300000,150000,150.000đ - 300.000đ/h
VN_0697_C04,VN_0697,150000,300000,150000,150.000đ - 300.000đ/h
VN_0697_C05,VN_0697,150000,300000,150000,150.000đ - 300.000đ/h
VN_0697_C06,VN_0697,150000,300000,150000,150.000đ - 300.000đ/h
VN_0698_C01,VN_0698,300000,600000,300000,300.000đ - 600.000đ/h
VN_0698_C02,VN_0698,300000,600000,300000,300.000đ - 600.000đ/h
VN_0698_C03,VN_0698,300000,600000,300000,300.000đ - 600.000đ/h
VN_0696_C01,VN_0696,100000,120000,100000,hợp lý, tổ chức lớp học pickleball cơ bản và giải đấu giao lưu định kỳ
VN_0696_C02,VN_0696,100000,120000,100000,hợp lý, tổ chức lớp học pickleball cơ bản và giải đấu giao lưu định kỳ
VN_0696_C03,VN_0696,100000,120000,100000,hợp lý, tổ chức lớp học pickleball cơ bản và giải đấu giao lưu định kỳ
VN_0696_C04,VN_0696,100000,120000,100000,hợp lý, tổ chức lớp học pickleball cơ bản và giải đấu giao lưu định kỳ
VN_0700_C01,VN_0700,300000,600000,300000,300.000đ - 600.000đ/h
VN_0700_C02,VN_0700,300000,600000,300000,300.000đ - 600.000đ/h
VN_0700_C03,VN_0700,300000,600000,300000,300.000đ - 600.000đ/h
VN_0682_C01,VN_0682,300000,600000,300000,300.000đ - 600.000đ/h
VN_0682_C02,VN_0682,300000,600000,300000,300.000đ - 600.000đ/h
VN_0682_C03,VN_0682,300000,600000,300000,300.000đ - 600.000đ/h
VN_0701_C01,VN_0701,120000,220000,120000,120.000đ - 220.000đ/h
VN_0701_C02,VN_0701,120000,220000,120000,120.000đ - 220.000đ/h
VN_0701_C03,VN_0701,120000,220000,120000,120.000đ - 220.000đ/h
VN_0701_C04,VN_0701,120000,220000,120000,120.000đ - 220.000đ/h
VN_0703_C01,VN_0703,120000,220000,120000,120.000đ - 220.000đ/h
VN_0703_C02,VN_0703,120000,220000,120000,120.000đ - 220.000đ/h
VN_0703_C03,VN_0703,120000,220000,120000,120.000đ - 220.000đ/h
VN_0703_C04,VN_0703,120000,220000,120000,120.000đ - 220.000đ/h
VN_0705_C01,VN_0705,100000,180000,100000,100.000đ - 180.000đ/h
VN_0705_C02,VN_0705,100000,180000,100000,100.000đ - 180.000đ/h
VN_0705_C03,VN_0705,100000,180000,100000,100.000đ - 180.000đ/h
VN_0702_C01,VN_0702,70000,130000,70000,70.000đ - 130.000đ/h
VN_0702_C02,VN_0702,70000,130000,70000,70.000đ - 130.000đ/h
VN_0702_C03,VN_0702,70000,130000,70000,70.000đ - 130.000đ/h
VN_0702_C04,VN_0702,70000,130000,70000,70.000đ - 130.000đ/h
VN_0702_C05,VN_0702,70000,130000,70000,70.000đ - 130.000đ/h
VN_0702_C06,VN_0702,70000,130000,70000,70.000đ - 130.000đ/h
VN_0704_C01,VN_0704,70000,130000,70000,70.000đ - 130.000đ/h
VN_0704_C02,VN_0704,70000,130000,70000,70.000đ - 130.000đ/h
VN_0704_C03,VN_0704,70000,130000,70000,70.000đ - 130.000đ/h
VN_0704_C04,VN_0704,70000,130000,70000,70.000đ - 130.000đ/h
VN_0704_C05,VN_0704,70000,130000,70000,70.000đ - 130.000đ/h
VN_0704_C06,VN_0704,70000,130000,70000,70.000đ - 130.000đ/h
VN_0694_C01,VN_0694,300000,600000,300000,300.000đ - 600.000đ/h
VN_0694_C02,VN_0694,300000,600000,300000,300.000đ - 600.000đ/h
VN_0694_C03,VN_0694,300000,600000,300000,300.000đ - 600.000đ/h
VN_0699_C01,VN_0699,300000,600000,300000,300.000đ - 600.000đ/h
VN_0699_C02,VN_0699,300000,600000,300000,300.000đ - 600.000đ/h
VN_0699_C03,VN_0699,300000,600000,300000,300.000đ - 600.000đ/h
VN_0706_C01,VN_0706,150000,300000,150000,150.000đ - 300.000đ/h
VN_0706_C02,VN_0706,150000,300000,150000,150.000đ - 300.000đ/h
VN_0706_C03,VN_0706,150000,300000,150000,150.000đ - 300.000đ/h
VN_0707_C01,VN_0707,120000,220000,120000,120.000đ - 220.000đ/h
VN_0707_C02,VN_0707,120000,220000,120000,120.000đ - 220.000đ/h
VN_0707_C03,VN_0707,120000,220000,120000,120.000đ - 220.000đ/h
VN_0707_C04,VN_0707,120000,220000,120000,120.000đ - 220.000đ/h
VN_0710_C01,VN_0710,150000,300000,150000,150.000đ - 300.000đ/h
VN_0710_C02,VN_0710,150000,300000,150000,150.000đ - 300.000đ/h
VN_0710_C03,VN_0710,150000,300000,150000,150.000đ - 300.000đ/h
VN_0710_C04,VN_0710,150000,300000,150000,150.000đ - 300.000đ/h
VN_0710_C05,VN_0710,150000,300000,150000,150.000đ - 300.000đ/h
VN_0710_C06,VN_0710,150000,300000,150000,150.000đ - 300.000đ/h
VN_0709_C01,VN_0709,120000,220000,120000,120.000đ - 220.000đ/h
VN_0709_C02,VN_0709,120000,220000,120000,120.000đ - 220.000đ/h
VN_0709_C03,VN_0709,120000,220000,120000,120.000đ - 220.000đ/h
VN_0709_C04,VN_0709,120000,220000,120000,120.000đ - 220.000đ/h
VN_0711_C01,VN_0711,100000,120000,100000,hợp lý, tổ chức lớp học pickleball cơ bản và giao lưu định kỳ
VN_0711_C02,VN_0711,100000,120000,100000,hợp lý, tổ chức lớp học pickleball cơ bản và giao lưu định kỳ
VN_0711_C03,VN_0711,100000,120000,100000,hợp lý, tổ chức lớp học pickleball cơ bản và giao lưu định kỳ
VN_0711_C04,VN_0711,100000,120000,100000,hợp lý, tổ chức lớp học pickleball cơ bản và giao lưu định kỳ
VN_0712_C01,VN_0712,120000,220000,120000,120.000đ - 220.000đ/h
VN_0712_C02,VN_0712,120000,220000,120000,120.000đ - 220.000đ/h
VN_0712_C03,VN_0712,120000,220000,120000,120.000đ - 220.000đ/h
VN_0712_C04,VN_0712,120000,220000,120000,120.000đ - 220.000đ/h
VN_0708_C01,VN_0708,120000,220000,120000,120.000đ - 220.000đ/h
VN_0708_C02,VN_0708,120000,220000,120000,120.000đ - 220.000đ/h
VN_0708_C03,VN_0708,120000,220000,120000,120.000đ - 220.000đ/h
VN_0708_C04,VN_0708,120000,220000,120000,120.000đ - 220.000đ/h
VN_0713_C01,VN_0713,120000,220000,120000,120.000đ - 220.000đ/h
VN_0713_C02,VN_0713,120000,220000,120000,120.000đ - 220.000đ/h
VN_0715_C01,VN_0715,70000,130000,70000,70.000đ - 130.000đ/h
VN_0715_C02,VN_0715,70000,130000,70000,70.000đ - 130.000đ/h
VN_0715_C03,VN_0715,70000,130000,70000,70.000đ - 130.000đ/h
VN_0715_C04,VN_0715,70000,130000,70000,70.000đ - 130.000đ/h
VN_0715_C05,VN_0715,70000,130000,70000,70.000đ - 130.000đ/h
VN_0715_C06,VN_0715,70000,130000,70000,70.000đ - 130.000đ/h
VN_0714_C01,VN_0714,150000,300000,150000,150.000đ - 300.000đ/h
VN_0714_C02,VN_0714,150000,300000,150000,150.000đ - 300.000đ/h
VN_0714_C03,VN_0714,150000,300000,150000,150.000đ - 300.000đ/h
VN_0714_C04,VN_0714,150000,300000,150000,150.000đ - 300.000đ/h
VN_0714_C05,VN_0714,150000,300000,150000,150.000đ - 300.000đ/h
VN_0714_C06,VN_0714,150000,300000,150000,150.000đ - 300.000đ/h
VN_0719_C01,VN_0719,120000,220000,120000,120.000đ - 220.000đ/h
VN_0719_C02,VN_0719,120000,220000,120000,120.000đ - 220.000đ/h
VN_0719_C03,VN_0719,120000,220000,120000,120.000đ - 220.000đ/h
VN_0719_C04,VN_0719,120000,220000,120000,120.000đ - 220.000đ/h
VN_0717_C01,VN_0717,300000,600000,300000,300.000đ - 600.000đ/h
VN_0717_C02,VN_0717,300000,600000,300000,300.000đ - 600.000đ/h
VN_0717_C03,VN_0717,300000,600000,300000,300.000đ - 600.000đ/h
VN_0718_C01,VN_0718,120000,220000,120000,120.000đ - 220.000đ/h
VN_0718_C02,VN_0718,120000,220000,120000,120.000đ - 220.000đ/h
VN_0718_C03,VN_0718,120000,220000,120000,120.000đ - 220.000đ/h
VN_0718_C04,VN_0718,120000,220000,120000,120.000đ - 220.000đ/h
VN_0716_C01,VN_0716,120000,220000,120000,120.000đ - 220.000đ/h
VN_0716_C02,VN_0716,120000,220000,120000,120.000đ - 220.000đ/h
VN_0716_C03,VN_0716,120000,220000,120000,120.000đ - 220.000đ/h
VN_0716_C04,VN_0716,120000,220000,120000,120.000đ - 220.000đ/h
VN_0720_C01,VN_0720,180000,320000,180000,180.000đ - 320.000đ/h
VN_0720_C02,VN_0720,180000,320000,180000,180.000đ - 320.000đ/h
VN_0720_C03,VN_0720,180000,320000,180000,180.000đ - 320.000đ/h
VN_0723_C01,VN_0723,300000,600000,300000,300.000đ - 600.000đ/h
VN_0723_C02,VN_0723,300000,600000,300000,300.000đ - 600.000đ/h
VN_0723_C03,VN_0723,300000,600000,300000,300.000đ - 600.000đ/h
VN_0721_C01,VN_0721,120000,220000,120000,120.000đ - 220.000đ/h
VN_0721_C02,VN_0721,120000,220000,120000,120.000đ - 220.000đ/h
VN_0721_C03,VN_0721,120000,220000,120000,120.000đ - 220.000đ/h
VN_0721_C04,VN_0721,120000,220000,120000,120.000đ - 220.000đ/h
VN_0726_C01,VN_0726,120000,220000,120000,120.000đ - 220.000đ/h
VN_0726_C02,VN_0726,120000,220000,120000,120.000đ - 220.000đ/h
VN_0726_C03,VN_0726,120000,220000,120000,120.000đ - 220.000đ/h
VN_0726_C04,VN_0726,120000,220000,120000,120.000đ - 220.000đ/h
VN_0725_C01,VN_0725,120000,220000,120000,120.000đ - 220.000đ/h
VN_0725_C02,VN_0725,120000,220000,120000,120.000đ - 220.000đ/h
VN_0725_C03,VN_0725,120000,220000,120000,120.000đ - 220.000đ/h
VN_0725_C04,VN_0725,120000,220000,120000,120.000đ - 220.000đ/h
VN_0727_C01,VN_0727,150000,300000,150000,150.000đ - 300.000đ/h
VN_0727_C02,VN_0727,150000,300000,150000,150.000đ - 300.000đ/h
VN_0727_C03,VN_0727,150000,300000,150000,150.000đ - 300.000đ/h
VN_0727_C04,VN_0727,150000,300000,150000,150.000đ - 300.000đ/h
VN_0727_C05,VN_0727,150000,300000,150000,150.000đ - 300.000đ/h
VN_0727_C06,VN_0727,150000,300000,150000,150.000đ - 300.000đ/h
VN_0729_C01,VN_0729,70000,130000,70000,70.000đ - 130.000đ/h
VN_0729_C02,VN_0729,70000,130000,70000,70.000đ - 130.000đ/h
VN_0729_C03,VN_0729,70000,130000,70000,70.000đ - 130.000đ/h
VN_0729_C04,VN_0729,70000,130000,70000,70.000đ - 130.000đ/h
VN_0729_C05,VN_0729,70000,130000,70000,70.000đ - 130.000đ/h
VN_0729_C06,VN_0729,70000,130000,70000,70.000đ - 130.000đ/h
VN_0722_C01,VN_0722,300000,600000,300000,300.000đ - 600.000đ/h
VN_0722_C02,VN_0722,300000,600000,300000,300.000đ - 600.000đ/h
VN_0722_C03,VN_0722,300000,600000,300000,300.000đ - 600.000đ/h
VN_0730_C01,VN_0730,300000,600000,300000,300.000đ - 600.000đ/h
VN_0730_C02,VN_0730,300000,600000,300000,300.000đ - 600.000đ/h
VN_0730_C03,VN_0730,300000,600000,300000,300.000đ - 600.000đ/h
VN_0731_C01,VN_0731,300000,600000,300000,300.000đ - 600.000đ/h
VN_0731_C02,VN_0731,300000,600000,300000,300.000đ - 600.000đ/h
VN_0731_C03,VN_0731,300000,600000,300000,300.000đ - 600.000đ/h
VN_0734_C01,VN_0734,180000,320000,180000,180.000đ - 320.000đ/h
VN_0734_C02,VN_0734,180000,320000,180000,180.000đ - 320.000đ/h
VN_0734_C03,VN_0734,180000,320000,180000,180.000đ - 320.000đ/h
VN_0732_C01,VN_0732,300000,600000,300000,300.000đ - 600.000đ/h
VN_0732_C02,VN_0732,300000,600000,300000,300.000đ - 600.000đ/h
VN_0732_C03,VN_0732,300000,600000,300000,300.000đ - 600.000đ/h
VN_0735_C01,VN_0735,150000,300000,150000,150.000đ - 300.000đ/h
VN_0735_C02,VN_0735,150000,300000,150000,150.000đ - 300.000đ/h
VN_0735_C03,VN_0735,150000,300000,150000,150.000đ - 300.000đ/h
VN_0735_C04,VN_0735,150000,300000,150000,150.000đ - 300.000đ/h
VN_0735_C05,VN_0735,150000,300000,150000,150.000đ - 300.000đ/h
VN_0735_C06,VN_0735,150000,300000,150000,150.000đ - 300.000đ/h
VN_0736_C01,VN_0736,150000,300000,150000,150.000đ - 300.000đ/h
VN_0736_C02,VN_0736,150000,300000,150000,150.000đ - 300.000đ/h
VN_0736_C03,VN_0736,150000,300000,150000,150.000đ - 300.000đ/h
VN_0736_C04,VN_0736,150000,300000,150000,150.000đ - 300.000đ/h
VN_0736_C05,VN_0736,150000,300000,150000,150.000đ - 300.000đ/h
VN_0736_C06,VN_0736,150000,300000,150000,150.000đ - 300.000đ/h
VN_0728_C01,VN_0728,150000,300000,150000,150.000đ - 300.000đ/h
VN_0728_C02,VN_0728,150000,300000,150000,150.000đ - 300.000đ/h
VN_0728_C03,VN_0728,150000,300000,150000,150.000đ - 300.000đ/h
VN_0737_C01,VN_0737,150000,300000,150000,150.000đ - 300.000đ/h
VN_0737_C02,VN_0737,150000,300000,150000,150.000đ - 300.000đ/h
VN_0737_C03,VN_0737,150000,300000,150000,150.000đ - 300.000đ/h
VN_0737_C04,VN_0737,150000,300000,150000,150.000đ - 300.000đ/h
VN_0737_C05,VN_0737,150000,300000,150000,150.000đ - 300.000đ/h
VN_0737_C06,VN_0737,150000,300000,150000,150.000đ - 300.000đ/h
VN_0733_C01,VN_0733,300000,600000,300000,300.000đ - 600.000đ/h
VN_0733_C02,VN_0733,300000,600000,300000,300.000đ - 600.000đ/h
VN_0733_C03,VN_0733,300000,600000,300000,300.000đ - 600.000đ/h
VN_0724_C01,VN_0724,300000,600000,300000,300.000đ - 600.000đ/h
VN_0724_C02,VN_0724,300000,600000,300000,300.000đ - 600.000đ/h
VN_0724_C03,VN_0724,300000,600000,300000,300.000đ - 600.000đ/h
VN_0738_C01,VN_0738,300000,600000,300000,300.000đ - 600.000đ/h
VN_0738_C02,VN_0738,300000,600000,300000,300.000đ - 600.000đ/h
VN_0738_C03,VN_0738,300000,600000,300000,300.000đ - 600.000đ/h
VN_0739_C01,VN_0739,300000,600000,300000,300.000đ - 600.000đ/h
VN_0739_C02,VN_0739,300000,600000,300000,300.000đ - 600.000đ/h
VN_0739_C03,VN_0739,300000,600000,300000,300.000đ - 600.000đ/h
VN_0741_C01,VN_0741,300000,600000,300000,300.000đ - 600.000đ/h
VN_0741_C02,VN_0741,300000,600000,300000,300.000đ - 600.000đ/h
VN_0741_C03,VN_0741,300000,600000,300000,300.000đ - 600.000đ/h
VN_0742_C01,VN_0742,70000,130000,70000,70.000đ - 130.000đ/h
VN_0742_C02,VN_0742,70000,130000,70000,70.000đ - 130.000đ/h
VN_0742_C03,VN_0742,70000,130000,70000,70.000đ - 130.000đ/h
VN_0742_C04,VN_0742,70000,130000,70000,70.000đ - 130.000đ/h
VN_0742_C05,VN_0742,70000,130000,70000,70.000đ - 130.000đ/h
VN_0742_C06,VN_0742,70000,130000,70000,70.000đ - 130.000đ/h
VN_0744_C01,VN_0744,100000,180000,100000,100.000đ - 180.000đ/h
VN_0744_C02,VN_0744,100000,180000,100000,100.000đ - 180.000đ/h
VN_0744_C03,VN_0744,100000,180000,100000,100.000đ - 180.000đ/h
VN_0743_C01,VN_0743,150000,300000,150000,150.000đ - 300.000đ/h
VN_0743_C02,VN_0743,150000,300000,150000,150.000đ - 300.000đ/h
VN_0743_C03,VN_0743,150000,300000,150000,150.000đ - 300.000đ/h
VN_0743_C04,VN_0743,150000,300000,150000,150.000đ - 300.000đ/h
VN_0743_C05,VN_0743,150000,300000,150000,150.000đ - 300.000đ/h
VN_0743_C06,VN_0743,150000,300000,150000,150.000đ - 300.000đ/h
VN_0745_C01,VN_0745,300000,600000,300000,300.000đ - 600.000đ/h
VN_0745_C02,VN_0745,300000,600000,300000,300.000đ - 600.000đ/h
VN_0745_C03,VN_0745,300000,600000,300000,300.000đ - 600.000đ/h
VN_0746_C01,VN_0746,300000,600000,300000,300.000đ - 600.000đ/h
VN_0746_C02,VN_0746,300000,600000,300000,300.000đ - 600.000đ/h
VN_0746_C03,VN_0746,300000,600000,300000,300.000đ - 600.000đ/h
VN_0740_C01,VN_0740,300000,600000,300000,300.000đ - 600.000đ/h
VN_0740_C02,VN_0740,300000,600000,300000,300.000đ - 600.000đ/h
VN_0740_C03,VN_0740,300000,600000,300000,300.000đ - 600.000đ/h
VN_0747_C01,VN_0747,150000,300000,150000,150.000đ - 300.000đ/h
VN_0747_C02,VN_0747,150000,300000,150000,150.000đ - 300.000đ/h
VN_0747_C03,VN_0747,150000,300000,150000,150.000đ - 300.000đ/h
VN_0747_C04,VN_0747,150000,300000,150000,150.000đ - 300.000đ/h
VN_0747_C05,VN_0747,150000,300000,150000,150.000đ - 300.000đ/h
VN_0747_C06,VN_0747,150000,300000,150000,150.000đ - 300.000đ/h
VN_0748_C01,VN_0748,150000,300000,150000,150.000đ - 300.000đ/h
VN_0748_C02,VN_0748,150000,300000,150000,150.000đ - 300.000đ/h
VN_0748_C03,VN_0748,150000,300000,150000,150.000đ - 300.000đ/h
VN_0748_C04,VN_0748,150000,300000,150000,150.000đ - 300.000đ/h
VN_0748_C05,VN_0748,150000,300000,150000,150.000đ - 300.000đ/h
VN_0748_C06,VN_0748,150000,300000,150000,150.000đ - 300.000đ/h
VN_0749_C01,VN_0749,300000,600000,300000,300.000đ - 600.000đ/h
VN_0749_C02,VN_0749,300000,600000,300000,300.000đ - 600.000đ/h
VN_0749_C03,VN_0749,300000,600000,300000,300.000đ - 600.000đ/h
VN_0750_C01,VN_0750,300000,600000,300000,300.000đ - 600.000đ/h
VN_0750_C02,VN_0750,300000,600000,300000,300.000đ - 600.000đ/h
VN_0750_C03,VN_0750,300000,600000,300000,300.000đ - 600.000đ/h
VN_0751_C01,VN_0751,300000,600000,300000,300.000đ - 600.000đ/h
VN_0751_C02,VN_0751,300000,600000,300000,300.000đ - 600.000đ/h
VN_0751_C03,VN_0751,300000,600000,300000,300.000đ - 600.000đ/h
VN_0752_C01,VN_0752,300000,600000,300000,300.000đ - 600.000đ/h
VN_0752_C02,VN_0752,300000,600000,300000,300.000đ - 600.000đ/h
VN_0752_C03,VN_0752,300000,600000,300000,300.000đ - 600.000đ/h
VN_0754_C01,VN_0754,120000,220000,120000,120.000đ - 220.000đ/h
VN_0754_C02,VN_0754,120000,220000,120000,120.000đ - 220.000đ/h
VN_0754_C03,VN_0754,120000,220000,120000,120.000đ - 220.000đ/h
VN_0754_C04,VN_0754,120000,220000,120000,120.000đ - 220.000đ/h
VN_0753_C01,VN_0753,300000,600000,300000,300.000đ - 600.000đ/h
VN_0753_C02,VN_0753,300000,600000,300000,300.000đ - 600.000đ/h
VN_0753_C03,VN_0753,300000,600000,300000,300.000đ - 600.000đ/h
VN_0755_C01,VN_0755,300000,600000,300000,300.000đ - 600.000đ/h
VN_0755_C02,VN_0755,300000,600000,300000,300.000đ - 600.000đ/h
VN_0755_C03,VN_0755,300000,600000,300000,300.000đ - 600.000đ/h
VN_0768_C01,VN_0768,300000,600000,300000,300.000đ - 600.000đ/h
VN_0768_C02,VN_0768,300000,600000,300000,300.000đ - 600.000đ/h
VN_0768_C03,VN_0768,300000,600000,300000,300.000đ - 600.000đ/h
VN_0759_C01,VN_0759,300000,600000,300000,300.000đ - 600.000đ/h
VN_0759_C02,VN_0759,300000,600000,300000,300.000đ - 600.000đ/h
VN_0759_C03,VN_0759,300000,600000,300000,300.000đ - 600.000đ/h
VN_0757_C01,VN_0757,300000,600000,300000,300.000đ - 600.000đ/h
VN_0757_C02,VN_0757,300000,600000,300000,300.000đ - 600.000đ/h
VN_0757_C03,VN_0757,300000,600000,300000,300.000đ - 600.000đ/h
VN_0756_C01,VN_0756,300000,600000,300000,300.000đ - 600.000đ/h
VN_0756_C02,VN_0756,300000,600000,300000,300.000đ - 600.000đ/h
VN_0756_C03,VN_0756,300000,600000,300000,300.000đ - 600.000đ/h
VN_0760_C01,VN_0760,300000,600000,300000,300.000đ - 600.000đ/h
VN_0760_C02,VN_0760,300000,600000,300000,300.000đ - 600.000đ/h
VN_0760_C03,VN_0760,300000,600000,300000,300.000đ - 600.000đ/h
VN_0763_C01,VN_0763,150000,300000,150000,150.000đ - 300.000đ/h
VN_0763_C02,VN_0763,150000,300000,150000,150.000đ - 300.000đ/h
VN_0763_C03,VN_0763,150000,300000,150000,150.000đ - 300.000đ/h
VN_0763_C04,VN_0763,150000,300000,150000,150.000đ - 300.000đ/h
VN_0763_C05,VN_0763,150000,300000,150000,150.000đ - 300.000đ/h
VN_0763_C06,VN_0763,150000,300000,150000,150.000đ - 300.000đ/h
VN_0762_C01,VN_0762,300000,600000,300000,300.000đ - 600.000đ/h
VN_0762_C02,VN_0762,300000,600000,300000,300.000đ - 600.000đ/h
VN_0762_C03,VN_0762,300000,600000,300000,300.000đ - 600.000đ/h
VN_0765_C01,VN_0765,150000,300000,150000,150.000đ - 300.000đ/h
VN_0765_C02,VN_0765,150000,300000,150000,150.000đ - 300.000đ/h
VN_0765_C03,VN_0765,150000,300000,150000,150.000đ - 300.000đ/h
VN_0765_C04,VN_0765,150000,300000,150000,150.000đ - 300.000đ/h
VN_0765_C05,VN_0765,150000,300000,150000,150.000đ - 300.000đ/h
VN_0765_C06,VN_0765,150000,300000,150000,150.000đ - 300.000đ/h
VN_0758_C01,VN_0758,150000,300000,150000,150.000đ - 300.000đ/h
VN_0758_C02,VN_0758,150000,300000,150000,150.000đ - 300.000đ/h
VN_0758_C03,VN_0758,150000,300000,150000,150.000đ - 300.000đ/h
VN_0758_C04,VN_0758,150000,300000,150000,150.000đ - 300.000đ/h
VN_0758_C05,VN_0758,150000,300000,150000,150.000đ - 300.000đ/h
VN_0758_C06,VN_0758,150000,300000,150000,150.000đ - 300.000đ/h
VN_0761_C01,VN_0761,300000,600000,300000,300.000đ - 600.000đ/h
VN_0761_C02,VN_0761,300000,600000,300000,300.000đ - 600.000đ/h
VN_0761_C03,VN_0761,300000,600000,300000,300.000đ - 600.000đ/h
VN_0766_C01,VN_0766,300000,600000,300000,300.000đ - 600.000đ/h
VN_0766_C02,VN_0766,300000,600000,300000,300.000đ - 600.000đ/h
VN_0766_C03,VN_0766,300000,600000,300000,300.000đ - 600.000đ/h
VN_0769_C01,VN_0769,300000,600000,300000,300.000đ - 600.000đ/h
VN_0769_C02,VN_0769,300000,600000,300000,300.000đ - 600.000đ/h
VN_0769_C03,VN_0769,300000,600000,300000,300.000đ - 600.000đ/h
VN_0767_C01,VN_0767,300000,600000,300000,300.000đ - 600.000đ/h
VN_0767_C02,VN_0767,300000,600000,300000,300.000đ - 600.000đ/h
VN_0767_C03,VN_0767,300000,600000,300000,300.000đ - 600.000đ/h
VN_0770_C01,VN_0770,120000,220000,120000,120.000đ - 220.000đ/h
VN_0770_C02,VN_0770,120000,220000,120000,120.000đ - 220.000đ/h
VN_0770_C03,VN_0770,120000,220000,120000,120.000đ - 220.000đ/h
VN_0770_C04,VN_0770,120000,220000,120000,120.000đ - 220.000đ/h
VN_0771_C01,VN_0771,300000,600000,300000,300.000đ - 600.000đ/h
VN_0771_C02,VN_0771,300000,600000,300000,300.000đ - 600.000đ/h
VN_0771_C03,VN_0771,300000,600000,300000,300.000đ - 600.000đ/h
VN_0764_C01,VN_0764,120000,220000,120000,120.000đ - 220.000đ/h
VN_0764_C02,VN_0764,120000,220000,120000,120.000đ - 220.000đ/h
VN_0764_C03,VN_0764,120000,220000,120000,120.000đ - 220.000đ/h
VN_0764_C04,VN_0764,120000,220000,120000,120.000đ - 220.000đ/h
VN_0772_C01,VN_0772,150000,300000,150000,150.000đ - 300.000đ/h
VN_0772_C02,VN_0772,150000,300000,150000,150.000đ - 300.000đ/h
VN_0772_C03,VN_0772,150000,300000,150000,150.000đ - 300.000đ/h
VN_0772_C04,VN_0772,150000,300000,150000,150.000đ - 300.000đ/h
VN_0772_C05,VN_0772,150000,300000,150000,150.000đ - 300.000đ/h
VN_0772_C06,VN_0772,150000,300000,150000,150.000đ - 300.000đ/h
VN_0774_C01,VN_0774,300000,600000,300000,300.000đ - 600.000đ/h
VN_0774_C02,VN_0774,300000,600000,300000,300.000đ - 600.000đ/h
VN_0774_C03,VN_0774,300000,600000,300000,300.000đ - 600.000đ/h
VN_0773_C01,VN_0773,300000,600000,300000,300.000đ - 600.000đ/h
VN_0773_C02,VN_0773,300000,600000,300000,300.000đ - 600.000đ/h
VN_0773_C03,VN_0773,300000,600000,300000,300.000đ - 600.000đ/h
VN_0775_C01,VN_0775,300000,600000,300000,300.000đ - 600.000đ/h
VN_0775_C02,VN_0775,300000,600000,300000,300.000đ - 600.000đ/h
VN_0775_C03,VN_0775,300000,600000,300000,300.000đ - 600.000đ/h
VN_0776_C01,VN_0776,300000,600000,300000,300.000đ - 600.000đ/h
VN_0776_C02,VN_0776,300000,600000,300000,300.000đ - 600.000đ/h
VN_0776_C03,VN_0776,300000,600000,300000,300.000đ - 600.000đ/h
VN_0777_C01,VN_0777,150000,300000,150000,150.000đ - 300.000đ/h
VN_0777_C02,VN_0777,150000,300000,150000,150.000đ - 300.000đ/h
VN_0777_C03,VN_0777,150000,300000,150000,150.000đ - 300.000đ/h
VN_0777_C04,VN_0777,150000,300000,150000,150.000đ - 300.000đ/h
VN_0777_C05,VN_0777,150000,300000,150000,150.000đ - 300.000đ/h
VN_0777_C06,VN_0777,150000,300000,150000,150.000đ - 300.000đ/h
VN_0779_C01,VN_0779,150000,300000,150000,150.000đ - 300.000đ/h
VN_0779_C02,VN_0779,150000,300000,150000,150.000đ - 300.000đ/h
VN_0779_C03,VN_0779,150000,300000,150000,150.000đ - 300.000đ/h
VN_0779_C04,VN_0779,150000,300000,150000,150.000đ - 300.000đ/h
VN_0779_C05,VN_0779,150000,300000,150000,150.000đ - 300.000đ/h
VN_0779_C06,VN_0779,150000,300000,150000,150.000đ - 300.000đ/h
VN_0778_C01,VN_0778,300000,600000,300000,300.000đ - 600.000đ/h
VN_0778_C02,VN_0778,300000,600000,300000,300.000đ - 600.000đ/h
VN_0778_C03,VN_0778,300000,600000,300000,300.000đ - 600.000đ/h
VN_0780_C01,VN_0780,150000,300000,150000,150.000đ - 300.000đ/h
VN_0780_C02,VN_0780,150000,300000,150000,150.000đ - 300.000đ/h
VN_0780_C03,VN_0780,150000,300000,150000,150.000đ - 300.000đ/h
VN_0780_C04,VN_0780,150000,300000,150000,150.000đ - 300.000đ/h
VN_0780_C05,VN_0780,150000,300000,150000,150.000đ - 300.000đ/h
VN_0780_C06,VN_0780,150000,300000,150000,150.000đ - 300.000đ/h
VN_0781_C01,VN_0781,300000,600000,300000,300.000đ - 600.000đ/h
VN_0781_C02,VN_0781,300000,600000,300000,300.000đ - 600.000đ/h
VN_0781_C03,VN_0781,300000,600000,300000,300.000đ - 600.000đ/h
VN_0783_C01,VN_0783,150000,300000,150000,150.000đ - 300.000đ/h
VN_0783_C02,VN_0783,150000,300000,150000,150.000đ - 300.000đ/h
VN_0783_C03,VN_0783,150000,300000,150000,150.000đ - 300.000đ/h
VN_0783_C04,VN_0783,150000,300000,150000,150.000đ - 300.000đ/h
VN_0783_C05,VN_0783,150000,300000,150000,150.000đ - 300.000đ/h
VN_0783_C06,VN_0783,150000,300000,150000,150.000đ - 300.000đ/h
VN_0784_C01,VN_0784,300000,600000,300000,300.000đ - 600.000đ/h
VN_0784_C02,VN_0784,300000,600000,300000,300.000đ - 600.000đ/h
VN_0784_C03,VN_0784,300000,600000,300000,300.000đ - 600.000đ/h
VN_0785_C01,VN_0785,150000,300000,150000,150.000đ - 300.000đ/h
VN_0785_C02,VN_0785,150000,300000,150000,150.000đ - 300.000đ/h
VN_0785_C03,VN_0785,150000,300000,150000,150.000đ - 300.000đ/h
VN_0785_C04,VN_0785,150000,300000,150000,150.000đ - 300.000đ/h
VN_0785_C05,VN_0785,150000,300000,150000,150.000đ - 300.000đ/h
VN_0785_C06,VN_0785,150000,300000,150000,150.000đ - 300.000đ/h
VN_0789_C01,VN_0789,300000,600000,300000,300.000đ - 600.000đ/h
VN_0789_C02,VN_0789,300000,600000,300000,300.000đ - 600.000đ/h
VN_0789_C03,VN_0789,300000,600000,300000,300.000đ - 600.000đ/h
VN_0788_C01,VN_0788,150000,300000,150000,150.000đ - 300.000đ/h
VN_0788_C02,VN_0788,150000,300000,150000,150.000đ - 300.000đ/h
VN_0788_C03,VN_0788,150000,300000,150000,150.000đ - 300.000đ/h
VN_0788_C04,VN_0788,150000,300000,150000,150.000đ - 300.000đ/h
VN_0788_C05,VN_0788,150000,300000,150000,150.000đ - 300.000đ/h
VN_0788_C06,VN_0788,150000,300000,150000,150.000đ - 300.000đ/h
VN_0787_C01,VN_0787,150000,300000,150000,150.000đ - 300.000đ/h
VN_0787_C02,VN_0787,150000,300000,150000,150.000đ - 300.000đ/h
VN_0787_C03,VN_0787,150000,300000,150000,150.000đ - 300.000đ/h
VN_0787_C04,VN_0787,150000,300000,150000,150.000đ - 300.000đ/h
VN_0787_C05,VN_0787,150000,300000,150000,150.000đ - 300.000đ/h
VN_0787_C06,VN_0787,150000,300000,150000,150.000đ - 300.000đ/h
VN_0790_C01,VN_0790,100000,120000,100000,hợp lý, tổ chức lớp học và giao lưu pickleball định kỳ
VN_0790_C02,VN_0790,100000,120000,100000,hợp lý, tổ chức lớp học và giao lưu pickleball định kỳ
VN_0790_C03,VN_0790,100000,120000,100000,hợp lý, tổ chức lớp học và giao lưu pickleball định kỳ
VN_0790_C04,VN_0790,100000,120000,100000,hợp lý, tổ chức lớp học và giao lưu pickleball định kỳ
VN_0782_C01,VN_0782,150000,300000,150000,150.000đ - 300.000đ/h
VN_0782_C02,VN_0782,150000,300000,150000,150.000đ - 300.000đ/h
VN_0782_C03,VN_0782,150000,300000,150000,150.000đ - 300.000đ/h
VN_0782_C04,VN_0782,150000,300000,150000,150.000đ - 300.000đ/h
VN_0782_C05,VN_0782,150000,300000,150000,150.000đ - 300.000đ/h
VN_0782_C06,VN_0782,150000,300000,150000,150.000đ - 300.000đ/h
VN_0792_C01,VN_0792,300000,600000,300000,300.000đ - 600.000đ/h
VN_0792_C02,VN_0792,300000,600000,300000,300.000đ - 600.000đ/h
VN_0792_C03,VN_0792,300000,600000,300000,300.000đ - 600.000đ/h
VN_0791_C01,VN_0791,300000,600000,300000,300.000đ - 600.000đ/h
VN_0791_C02,VN_0791,300000,600000,300000,300.000đ - 600.000đ/h
VN_0791_C03,VN_0791,300000,600000,300000,300.000đ - 600.000đ/h
VN_0786_C01,VN_0786,150000,300000,150000,150.000đ - 300.000đ/h
VN_0786_C02,VN_0786,150000,300000,150000,150.000đ - 300.000đ/h
VN_0786_C03,VN_0786,150000,300000,150000,150.000đ - 300.000đ/h
VN_0786_C04,VN_0786,150000,300000,150000,150.000đ - 300.000đ/h
VN_0786_C05,VN_0786,150000,300000,150000,150.000đ - 300.000đ/h
VN_0786_C06,VN_0786,150000,300000,150000,150.000đ - 300.000đ/h
VN_0793_C01,VN_0793,300000,600000,300000,300.000đ - 600.000đ/h
VN_0793_C02,VN_0793,300000,600000,300000,300.000đ - 600.000đ/h
VN_0793_C03,VN_0793,300000,600000,300000,300.000đ - 600.000đ/h
VN_0795_C01,VN_0795,120000,220000,120000,120.000đ - 220.000đ/h
VN_0795_C02,VN_0795,120000,220000,120000,120.000đ - 220.000đ/h
VN_0795_C03,VN_0795,120000,220000,120000,120.000đ - 220.000đ/h
VN_0795_C04,VN_0795,120000,220000,120000,120.000đ - 220.000đ/h
VN_0796_C01,VN_0796,120000,220000,120000,120.000đ - 220.000đ/h
VN_0796_C02,VN_0796,120000,220000,120000,120.000đ - 220.000đ/h
VN_0796_C03,VN_0796,120000,220000,120000,120.000đ - 220.000đ/h
VN_0796_C04,VN_0796,120000,220000,120000,120.000đ - 220.000đ/h
VN_0797_C01,VN_0797,150000,300000,150000,150.000đ - 300.000đ/h
VN_0797_C02,VN_0797,150000,300000,150000,150.000đ - 300.000đ/h
VN_0797_C03,VN_0797,150000,300000,150000,150.000đ - 300.000đ/h
VN_0797_C04,VN_0797,150000,300000,150000,150.000đ - 300.000đ/h
VN_0797_C05,VN_0797,150000,300000,150000,150.000đ - 300.000đ/h
VN_0797_C06,VN_0797,150000,300000,150000,150.000đ - 300.000đ/h
VN_0798_C01,VN_0798,300000,600000,300000,300.000đ - 600.000đ/h
VN_0798_C02,VN_0798,300000,600000,300000,300.000đ - 600.000đ/h
VN_0798_C03,VN_0798,300000,600000,300000,300.000đ - 600.000đ/h
VN_0800_C01,VN_0800,100000,120000,100000,hợp lý, tổ chức lớp học pickleball và giải đấu giao lưu định kỳ
VN_0800_C02,VN_0800,100000,120000,100000,hợp lý, tổ chức lớp học pickleball và giải đấu giao lưu định kỳ
VN_0800_C03,VN_0800,100000,120000,100000,hợp lý, tổ chức lớp học pickleball và giải đấu giao lưu định kỳ
VN_0800_C04,VN_0800,100000,120000,100000,hợp lý, tổ chức lớp học pickleball và giải đấu giao lưu định kỳ
VN_0799_C01,VN_0799,120000,220000,120000,120.000đ - 220.000đ/h
VN_0799_C02,VN_0799,120000,220000,120000,120.000đ - 220.000đ/h
VN_0799_C03,VN_0799,120000,220000,120000,120.000đ - 220.000đ/h
VN_0799_C04,VN_0799,120000,220000,120000,120.000đ - 220.000đ/h
VN_0801_C01,VN_0801,300000,600000,300000,300.000đ - 600.000đ/h
VN_0801_C02,VN_0801,300000,600000,300000,300.000đ - 600.000đ/h
VN_0801_C03,VN_0801,300000,600000,300000,300.000đ - 600.000đ/h
VN_0802_C01,VN_0802,150000,300000,150000,150.000đ - 300.000đ/h
VN_0802_C02,VN_0802,150000,300000,150000,150.000đ - 300.000đ/h
VN_0802_C03,VN_0802,150000,300000,150000,150.000đ - 300.000đ/h
VN_0802_C04,VN_0802,150000,300000,150000,150.000đ - 300.000đ/h
VN_0802_C05,VN_0802,150000,300000,150000,150.000đ - 300.000đ/h
VN_0802_C06,VN_0802,150000,300000,150000,150.000đ - 300.000đ/h
VN_0805_C01,VN_0805,150000,300000,150000,150.000đ - 300.000đ/h
VN_0805_C02,VN_0805,150000,300000,150000,150.000đ - 300.000đ/h
VN_0805_C03,VN_0805,150000,300000,150000,150.000đ - 300.000đ/h
VN_0805_C04,VN_0805,150000,300000,150000,150.000đ - 300.000đ/h
VN_0805_C05,VN_0805,150000,300000,150000,150.000đ - 300.000đ/h
VN_0805_C06,VN_0805,150000,300000,150000,150.000đ - 300.000đ/h
VN_0804_C01,VN_0804,100000,120000,100000,hợp lý, tổ chức lớp học pickleball và giải đấu giao lưu, vị trí thuận tiện gần các tiện ích du lịch
VN_0804_C02,VN_0804,100000,120000,100000,hợp lý, tổ chức lớp học pickleball và giải đấu giao lưu, vị trí thuận tiện gần các tiện ích du lịch
VN_0804_C03,VN_0804,100000,120000,100000,hợp lý, tổ chức lớp học pickleball và giải đấu giao lưu, vị trí thuận tiện gần các tiện ích du lịch
VN_0804_C04,VN_0804,100000,120000,100000,hợp lý, tổ chức lớp học pickleball và giải đấu giao lưu, vị trí thuận tiện gần các tiện ích du lịch
VN_0808_C01,VN_0808,300000,600000,300000,300.000đ - 600.000đ/h
VN_0808_C02,VN_0808,300000,600000,300000,300.000đ - 600.000đ/h
VN_0808_C03,VN_0808,300000,600000,300000,300.000đ - 600.000đ/h
VN_0807_C01,VN_0807,120000,220000,120000,120.000đ - 220.000đ/h
VN_0807_C02,VN_0807,120000,220000,120000,120.000đ - 220.000đ/h
VN_0807_C03,VN_0807,120000,220000,120000,120.000đ - 220.000đ/h
VN_0807_C04,VN_0807,120000,220000,120000,120.000đ - 220.000đ/h
VN_0803_C01,VN_0803,150000,300000,150000,150.000đ - 300.000đ/h
VN_0803_C02,VN_0803,150000,300000,150000,150.000đ - 300.000đ/h
VN_0803_C03,VN_0803,150000,300000,150000,150.000đ - 300.000đ/h
VN_0803_C04,VN_0803,150000,300000,150000,150.000đ - 300.000đ/h
VN_0803_C05,VN_0803,150000,300000,150000,150.000đ - 300.000đ/h
VN_0803_C06,VN_0803,150000,300000,150000,150.000đ - 300.000đ/h
VN_0794_C01,VN_0794,150000,300000,150000,150.000đ - 300.000đ/h
VN_0794_C02,VN_0794,150000,300000,150000,150.000đ - 300.000đ/h
VN_0794_C03,VN_0794,150000,300000,150000,150.000đ - 300.000đ/h
VN_0809_C01,VN_0809,150000,300000,150000,150.000đ - 300.000đ/h
VN_0809_C02,VN_0809,150000,300000,150000,150.000đ - 300.000đ/h
VN_0809_C03,VN_0809,150000,300000,150000,150.000đ - 300.000đ/h
VN_0809_C04,VN_0809,150000,300000,150000,150.000đ - 300.000đ/h
VN_0809_C05,VN_0809,150000,300000,150000,150.000đ - 300.000đ/h
VN_0809_C06,VN_0809,150000,300000,150000,150.000đ - 300.000đ/h
VN_0806_C01,VN_0806,120000,220000,120000,120.000đ - 220.000đ/h
VN_0806_C02,VN_0806,120000,220000,120000,120.000đ - 220.000đ/h
VN_0806_C03,VN_0806,120000,220000,120000,120.000đ - 220.000đ/h
VN_0806_C04,VN_0806,120000,220000,120000,120.000đ - 220.000đ/h
VN_0806_C05,VN_0806,120000,220000,120000,120.000đ - 220.000đ/h
VN_0806_C06,VN_0806,120000,220000,120000,120.000đ - 220.000đ/h
VN_0806_C07,VN_0806,120000,220000,120000,120.000đ - 220.000đ/h
VN_0806_C08,VN_0806,120000,220000,120000,120.000đ - 220.000đ/h
VN_0806_C09,VN_0806,120000,220000,120000,120.000đ - 220.000đ/h
VN_0806_C10,VN_0806,120000,220000,120000,120.000đ - 220.000đ/h
VN_0810_C01,VN_0810,300000,600000,300000,300.000đ - 600.000đ/h
VN_0810_C02,VN_0810,300000,600000,300000,300.000đ - 600.000đ/h
VN_0810_C03,VN_0810,300000,600000,300000,300.000đ - 600.000đ/h
VN_0811_C01,VN_0811,300000,600000,300000,300.000đ - 600.000đ/h
VN_0811_C02,VN_0811,300000,600000,300000,300.000đ - 600.000đ/h
VN_0811_C03,VN_0811,300000,600000,300000,300.000đ - 600.000đ/h
VN_0813_C01,VN_0813,120000,220000,120000,120.000đ - 220.000đ/h
VN_0813_C02,VN_0813,120000,220000,120000,120.000đ - 220.000đ/h
VN_0813_C03,VN_0813,120000,220000,120000,120.000đ - 220.000đ/h
VN_0813_C04,VN_0813,120000,220000,120000,120.000đ - 220.000đ/h
VN_0814_C01,VN_0814,150000,300000,150000,150.000đ - 300.000đ/h
VN_0814_C02,VN_0814,150000,300000,150000,150.000đ - 300.000đ/h
VN_0814_C03,VN_0814,150000,300000,150000,150.000đ - 300.000đ/h
VN_0814_C04,VN_0814,150000,300000,150000,150.000đ - 300.000đ/h
VN_0814_C05,VN_0814,150000,300000,150000,150.000đ - 300.000đ/h
VN_0814_C06,VN_0814,150000,300000,150000,150.000đ - 300.000đ/h
VN_0815_C01,VN_0815,300000,600000,300000,300.000đ - 600.000đ/h
VN_0815_C02,VN_0815,300000,600000,300000,300.000đ - 600.000đ/h
VN_0815_C03,VN_0815,300000,600000,300000,300.000đ - 600.000đ/h
VN_0816_C01,VN_0816,120000,220000,120000,120.000đ - 220.000đ/h
VN_0816_C02,VN_0816,120000,220000,120000,120.000đ - 220.000đ/h
VN_0816_C03,VN_0816,120000,220000,120000,120.000đ - 220.000đ/h
VN_0816_C04,VN_0816,120000,220000,120000,120.000đ - 220.000đ/h
VN_0818_C01,VN_0818,300000,600000,300000,300.000đ - 600.000đ/h
VN_0818_C02,VN_0818,300000,600000,300000,300.000đ - 600.000đ/h
VN_0818_C03,VN_0818,300000,600000,300000,300.000đ - 600.000đ/h
VN_0817_C01,VN_0817,150000,300000,150000,150.000đ - 300.000đ/h
VN_0817_C02,VN_0817,150000,300000,150000,150.000đ - 300.000đ/h
VN_0817_C03,VN_0817,150000,300000,150000,150.000đ - 300.000đ/h
VN_0817_C04,VN_0817,150000,300000,150000,150.000đ - 300.000đ/h
VN_0817_C05,VN_0817,150000,300000,150000,150.000đ - 300.000đ/h
VN_0817_C06,VN_0817,150000,300000,150000,150.000đ - 300.000đ/h
VN_0819_C01,VN_0819,150000,250000,150000,150.000đ - 250.000đ/h
VN_0819_C02,VN_0819,150000,250000,150000,150.000đ - 250.000đ/h
VN_0819_C03,VN_0819,150000,250000,150000,150.000đ - 250.000đ/h
VN_0812_C01,VN_0812,300000,600000,300000,300.000đ - 600.000đ/h
VN_0812_C02,VN_0812,300000,600000,300000,300.000đ - 600.000đ/h
VN_0812_C03,VN_0812,300000,600000,300000,300.000đ - 600.000đ/h
VN_0821_C01,VN_0821,300000,600000,300000,300.000đ - 600.000đ/h
VN_0821_C02,VN_0821,300000,600000,300000,300.000đ - 600.000đ/h
VN_0821_C03,VN_0821,300000,600000,300000,300.000đ - 600.000đ/h
VN_0820_C01,VN_0820,120000,220000,120000,120.000đ - 220.000đ/h
VN_0820_C02,VN_0820,120000,220000,120000,120.000đ - 220.000đ/h
VN_0820_C03,VN_0820,120000,220000,120000,120.000đ - 220.000đ/h
VN_0820_C04,VN_0820,120000,220000,120000,120.000đ - 220.000đ/h
VN_0823_C01,VN_0823,150000,300000,150000,150.000đ - 300.000đ/h
VN_0823_C02,VN_0823,150000,300000,150000,150.000đ - 300.000đ/h
VN_0823_C03,VN_0823,150000,300000,150000,150.000đ - 300.000đ/h
VN_0823_C04,VN_0823,150000,300000,150000,150.000đ - 300.000đ/h
VN_0823_C05,VN_0823,150000,300000,150000,150.000đ - 300.000đ/h
VN_0823_C06,VN_0823,150000,300000,150000,150.000đ - 300.000đ/h
VN_0825_C01,VN_0825,300000,600000,300000,300.000đ - 600.000đ/h
VN_0825_C02,VN_0825,300000,600000,300000,300.000đ - 600.000đ/h
VN_0825_C03,VN_0825,300000,600000,300000,300.000đ - 600.000đ/h
VN_0824_C01,VN_0824,70000,130000,70000,70.000đ - 130.000đ/h
VN_0824_C02,VN_0824,70000,130000,70000,70.000đ - 130.000đ/h
VN_0824_C03,VN_0824,70000,130000,70000,70.000đ - 130.000đ/h
VN_0824_C04,VN_0824,70000,130000,70000,70.000đ - 130.000đ/h
VN_0824_C05,VN_0824,70000,130000,70000,70.000đ - 130.000đ/h
VN_0824_C06,VN_0824,70000,130000,70000,70.000đ - 130.000đ/h
VN_0822_C01,VN_0822,70000,130000,70000,70.000đ - 130.000đ/h
VN_0822_C02,VN_0822,70000,130000,70000,70.000đ - 130.000đ/h
VN_0822_C03,VN_0822,70000,130000,70000,70.000đ - 130.000đ/h
VN_0822_C04,VN_0822,70000,130000,70000,70.000đ - 130.000đ/h
VN_0822_C05,VN_0822,70000,130000,70000,70.000đ - 130.000đ/h
VN_0822_C06,VN_0822,70000,130000,70000,70.000đ - 130.000đ/h
VN_0826_C01,VN_0826,300000,600000,300000,300.000đ - 600.000đ/h
VN_0826_C02,VN_0826,300000,600000,300000,300.000đ - 600.000đ/h
VN_0826_C03,VN_0826,300000,600000,300000,300.000đ - 600.000đ/h
VN_0827_C01,VN_0827,300000,600000,300000,300.000đ - 600.000đ/h
VN_0827_C02,VN_0827,300000,600000,300000,300.000đ - 600.000đ/h
VN_0827_C03,VN_0827,300000,600000,300000,300.000đ - 600.000đ/h
VN_0828_C01,VN_0828,300000,600000,300000,300.000đ - 600.000đ/h
VN_0828_C02,VN_0828,300000,600000,300000,300.000đ - 600.000đ/h
VN_0828_C03,VN_0828,300000,600000,300000,300.000đ - 600.000đ/h
VN_0831_C01,VN_0831,150000,300000,150000,150.000đ - 300.000đ/h
VN_0831_C02,VN_0831,150000,300000,150000,150.000đ - 300.000đ/h
VN_0831_C03,VN_0831,150000,300000,150000,150.000đ - 300.000đ/h
VN_0831_C04,VN_0831,150000,300000,150000,150.000đ - 300.000đ/h
VN_0831_C05,VN_0831,150000,300000,150000,150.000đ - 300.000đ/h
VN_0831_C06,VN_0831,150000,300000,150000,150.000đ - 300.000đ/h
VN_0833_C01,VN_0833,300000,600000,300000,300.000đ - 600.000đ/h
VN_0833_C02,VN_0833,300000,600000,300000,300.000đ - 600.000đ/h
VN_0833_C03,VN_0833,300000,600000,300000,300.000đ - 600.000đ/h
VN_0832_C01,VN_0832,150000,300000,150000,150.000đ - 300.000đ/h
VN_0832_C02,VN_0832,150000,300000,150000,150.000đ - 300.000đ/h
VN_0832_C03,VN_0832,150000,300000,150000,150.000đ - 300.000đ/h
VN_0832_C04,VN_0832,150000,300000,150000,150.000đ - 300.000đ/h
VN_0832_C05,VN_0832,150000,300000,150000,150.000đ - 300.000đ/h
VN_0832_C06,VN_0832,150000,300000,150000,150.000đ - 300.000đ/h
VN_0835_C01,VN_0835,300000,600000,300000,300.000đ - 600.000đ/h
VN_0835_C02,VN_0835,300000,600000,300000,300.000đ - 600.000đ/h
VN_0835_C03,VN_0835,300000,600000,300000,300.000đ - 600.000đ/h
VN_0834_C01,VN_0834,150000,300000,150000,150.000đ - 300.000đ/h
VN_0834_C02,VN_0834,150000,300000,150000,150.000đ - 300.000đ/h
VN_0834_C03,VN_0834,150000,300000,150000,150.000đ - 300.000đ/h
VN_0834_C04,VN_0834,150000,300000,150000,150.000đ - 300.000đ/h
VN_0834_C05,VN_0834,150000,300000,150000,150.000đ - 300.000đ/h
VN_0834_C06,VN_0834,150000,300000,150000,150.000đ - 300.000đ/h
VN_0837_C01,VN_0837,300000,600000,300000,300.000đ - 600.000đ/h
VN_0837_C02,VN_0837,300000,600000,300000,300.000đ - 600.000đ/h
VN_0837_C03,VN_0837,300000,600000,300000,300.000đ - 600.000đ/h
VN_0829_C01,VN_0829,300000,600000,300000,300.000đ - 600.000đ/h
VN_0829_C02,VN_0829,300000,600000,300000,300.000đ - 600.000đ/h
VN_0829_C03,VN_0829,300000,600000,300000,300.000đ - 600.000đ/h
VN_0838_C01,VN_0838,150000,300000,150000,150.000đ - 300.000đ/h
VN_0838_C02,VN_0838,150000,300000,150000,150.000đ - 300.000đ/h
VN_0838_C03,VN_0838,150000,300000,150000,150.000đ - 300.000đ/h
VN_0840_C01,VN_0840,300000,600000,300000,300.000đ - 600.000đ/h
VN_0840_C02,VN_0840,300000,600000,300000,300.000đ - 600.000đ/h
VN_0840_C03,VN_0840,300000,600000,300000,300.000đ - 600.000đ/h
VN_0839_C01,VN_0839,120000,220000,120000,120.000đ - 220.000đ/h
VN_0839_C02,VN_0839,120000,220000,120000,120.000đ - 220.000đ/h
VN_0839_C03,VN_0839,120000,220000,120000,120.000đ - 220.000đ/h
VN_0839_C04,VN_0839,120000,220000,120000,120.000đ - 220.000đ/h
VN_0836_C01,VN_0836,300000,600000,300000,300.000đ - 600.000đ/h
VN_0836_C02,VN_0836,300000,600000,300000,300.000đ - 600.000đ/h
VN_0836_C03,VN_0836,300000,600000,300000,300.000đ - 600.000đ/h
VN_0842_C01,VN_0842,300000,600000,300000,300.000đ - 600.000đ/h
VN_0842_C02,VN_0842,300000,600000,300000,300.000đ - 600.000đ/h
VN_0842_C03,VN_0842,300000,600000,300000,300.000đ - 600.000đ/h
VN_0841_C01,VN_0841,300000,600000,300000,300.000đ - 600.000đ/h
VN_0841_C02,VN_0841,300000,600000,300000,300.000đ - 600.000đ/h
VN_0841_C03,VN_0841,300000,600000,300000,300.000đ - 600.000đ/h
VN_0844_C01,VN_0844,300000,600000,300000,300.000đ - 600.000đ/h
VN_0844_C02,VN_0844,300000,600000,300000,300.000đ - 600.000đ/h
VN_0844_C03,VN_0844,300000,600000,300000,300.000đ - 600.000đ/h
VN_0830_C01,VN_0830,300000,600000,300000,300.000đ - 600.000đ/h
VN_0830_C02,VN_0830,300000,600000,300000,300.000đ - 600.000đ/h
VN_0830_C03,VN_0830,300000,600000,300000,300.000đ - 600.000đ/h
VN_0843_C01,VN_0843,150000,250000,150000,150.000đ - 250.000đ/h
VN_0843_C02,VN_0843,150000,250000,150000,150.000đ - 250.000đ/h
VN_0843_C03,VN_0843,150000,250000,150000,150.000đ - 250.000đ/h
VN_0846_C01,VN_0846,300000,600000,300000,300.000đ - 600.000đ/h
VN_0846_C02,VN_0846,300000,600000,300000,300.000đ - 600.000đ/h
VN_0846_C03,VN_0846,300000,600000,300000,300.000đ - 600.000đ/h
VN_0847_C01,VN_0847,300000,600000,300000,300.000đ - 600.000đ/h
VN_0847_C02,VN_0847,300000,600000,300000,300.000đ - 600.000đ/h
VN_0847_C03,VN_0847,300000,600000,300000,300.000đ - 600.000đ/h
VN_0851_C01,VN_0851,150000,250000,150000,150.000đ - 250.000đ/h
VN_0851_C02,VN_0851,150000,250000,150000,150.000đ - 250.000đ/h
VN_0851_C03,VN_0851,150000,250000,150000,150.000đ - 250.000đ/h
VN_0849_C01,VN_0849,300000,600000,300000,300.000đ - 600.000đ/h
VN_0849_C02,VN_0849,300000,600000,300000,300.000đ - 600.000đ/h
VN_0849_C03,VN_0849,300000,600000,300000,300.000đ - 600.000đ/h
VN_0850_C01,VN_0850,150000,300000,150000,150.000đ - 300.000đ/h
VN_0850_C02,VN_0850,150000,300000,150000,150.000đ - 300.000đ/h
VN_0850_C03,VN_0850,150000,300000,150000,150.000đ - 300.000đ/h
VN_0850_C04,VN_0850,150000,300000,150000,150.000đ - 300.000đ/h
VN_0850_C05,VN_0850,150000,300000,150000,150.000đ - 300.000đ/h
VN_0850_C06,VN_0850,150000,300000,150000,150.000đ - 300.000đ/h
VN_0854_C01,VN_0854,300000,600000,300000,300.000đ - 600.000đ/h
VN_0854_C02,VN_0854,300000,600000,300000,300.000đ - 600.000đ/h
VN_0854_C03,VN_0854,300000,600000,300000,300.000đ - 600.000đ/h
VN_0852_C01,VN_0852,150000,300000,150000,150.000đ - 300.000đ/h
VN_0852_C02,VN_0852,150000,300000,150000,150.000đ - 300.000đ/h
VN_0852_C03,VN_0852,150000,300000,150000,150.000đ - 300.000đ/h
VN_0852_C04,VN_0852,150000,300000,150000,150.000đ - 300.000đ/h
VN_0852_C05,VN_0852,150000,300000,150000,150.000đ - 300.000đ/h
VN_0852_C06,VN_0852,150000,300000,150000,150.000đ - 300.000đ/h
VN_0853_C01,VN_0853,300000,600000,300000,300.000đ - 600.000đ/h
VN_0853_C02,VN_0853,300000,600000,300000,300.000đ - 600.000đ/h
VN_0853_C03,VN_0853,300000,600000,300000,300.000đ - 600.000đ/h
VN_0856_C01,VN_0856,300000,600000,300000,300.000đ - 600.000đ/h
VN_0856_C02,VN_0856,300000,600000,300000,300.000đ - 600.000đ/h
VN_0856_C03,VN_0856,300000,600000,300000,300.000đ - 600.000đ/h
VN_0857_C01,VN_0857,300000,600000,300000,300.000đ - 600.000đ/h
VN_0857_C02,VN_0857,300000,600000,300000,300.000đ - 600.000đ/h
VN_0857_C03,VN_0857,300000,600000,300000,300.000đ - 600.000đ/h
VN_0848_C01,VN_0848,300000,600000,300000,300.000đ - 600.000đ/h
VN_0848_C02,VN_0848,300000,600000,300000,300.000đ - 600.000đ/h
VN_0848_C03,VN_0848,300000,600000,300000,300.000đ - 600.000đ/h
VN_0858_C01,VN_0858,300000,600000,300000,300.000đ - 600.000đ/h
VN_0858_C02,VN_0858,300000,600000,300000,300.000đ - 600.000đ/h
VN_0858_C03,VN_0858,300000,600000,300000,300.000đ - 600.000đ/h
VN_0845_C01,VN_0845,150000,300000,150000,150.000đ - 300.000đ/h
VN_0845_C02,VN_0845,150000,300000,150000,150.000đ - 300.000đ/h
VN_0845_C03,VN_0845,150000,300000,150000,150.000đ - 300.000đ/h
VN_0855_C01,VN_0855,300000,600000,300000,300.000đ - 600.000đ/h
VN_0855_C02,VN_0855,300000,600000,300000,300.000đ - 600.000đ/h
VN_0855_C03,VN_0855,300000,600000,300000,300.000đ - 600.000đ/h
VN_0860_C01,VN_0860,300000,600000,300000,300.000đ - 600.000đ/h
VN_0860_C02,VN_0860,300000,600000,300000,300.000đ - 600.000đ/h
VN_0860_C03,VN_0860,300000,600000,300000,300.000đ - 600.000đ/h
VN_0871_C01,VN_0871,300000,600000,300000,300.000đ - 600.000đ/h
VN_0871_C02,VN_0871,300000,600000,300000,300.000đ - 600.000đ/h
VN_0871_C03,VN_0871,300000,600000,300000,300.000đ - 600.000đ/h
VN_0863_C01,VN_0863,150000,300000,150000,150.000đ - 300.000đ/h
VN_0863_C02,VN_0863,150000,300000,150000,150.000đ - 300.000đ/h
VN_0863_C03,VN_0863,150000,300000,150000,150.000đ - 300.000đ/h
VN_0863_C04,VN_0863,150000,300000,150000,150.000đ - 300.000đ/h
VN_0863_C05,VN_0863,150000,300000,150000,150.000đ - 300.000đ/h
VN_0863_C06,VN_0863,150000,300000,150000,150.000đ - 300.000đ/h
VN_0859_C01,VN_0859,300000,600000,300000,300.000đ - 600.000đ/h
VN_0859_C02,VN_0859,300000,600000,300000,300.000đ - 600.000đ/h
VN_0859_C03,VN_0859,300000,600000,300000,300.000đ - 600.000đ/h
VN_0861_C01,VN_0861,300000,600000,300000,300.000đ - 600.000đ/h
VN_0861_C02,VN_0861,300000,600000,300000,300.000đ - 600.000đ/h
VN_0861_C03,VN_0861,300000,600000,300000,300.000đ - 600.000đ/h
VN_0862_C01,VN_0862,150000,300000,150000,150.000đ - 300.000đ/h
VN_0862_C02,VN_0862,150000,300000,150000,150.000đ - 300.000đ/h
VN_0862_C03,VN_0862,150000,300000,150000,150.000đ - 300.000đ/h
VN_0862_C04,VN_0862,150000,300000,150000,150.000đ - 300.000đ/h
VN_0862_C05,VN_0862,150000,300000,150000,150.000đ - 300.000đ/h
VN_0862_C06,VN_0862,150000,300000,150000,150.000đ - 300.000đ/h
VN_0864_C01,VN_0864,300000,600000,300000,300.000đ - 600.000đ/h
VN_0864_C02,VN_0864,300000,600000,300000,300.000đ - 600.000đ/h
VN_0864_C03,VN_0864,300000,600000,300000,300.000đ - 600.000đ/h
VN_0865_C01,VN_0865,300000,600000,300000,300.000đ - 600.000đ/h
VN_0865_C02,VN_0865,300000,600000,300000,300.000đ - 600.000đ/h
VN_0865_C03,VN_0865,300000,600000,300000,300.000đ - 600.000đ/h
VN_0867_C01,VN_0867,300000,600000,300000,300.000đ - 600.000đ/h
VN_0867_C02,VN_0867,300000,600000,300000,300.000đ - 600.000đ/h
VN_0867_C03,VN_0867,300000,600000,300000,300.000đ - 600.000đ/h
VN_0866_C01,VN_0866,300000,600000,300000,300.000đ - 600.000đ/h
VN_0866_C02,VN_0866,300000,600000,300000,300.000đ - 600.000đ/h
VN_0866_C03,VN_0866,300000,600000,300000,300.000đ - 600.000đ/h
VN_0869_C01,VN_0869,300000,600000,300000,300.000đ - 600.000đ/h
VN_0869_C02,VN_0869,300000,600000,300000,300.000đ - 600.000đ/h
VN_0869_C03,VN_0869,300000,600000,300000,300.000đ - 600.000đ/h
VN_0870_C01,VN_0870,300000,600000,300000,300.000đ - 600.000đ/h
VN_0870_C02,VN_0870,300000,600000,300000,300.000đ - 600.000đ/h
VN_0870_C03,VN_0870,300000,600000,300000,300.000đ - 600.000đ/h
VN_0873_C01,VN_0873,300000,600000,300000,300.000đ - 600.000đ/h
VN_0873_C02,VN_0873,300000,600000,300000,300.000đ - 600.000đ/h
VN_0873_C03,VN_0873,300000,600000,300000,300.000đ - 600.000đ/h
VN_0868_C01,VN_0868,300000,600000,300000,300.000đ - 600.000đ/h
VN_0868_C02,VN_0868,300000,600000,300000,300.000đ - 600.000đ/h
VN_0868_C03,VN_0868,300000,600000,300000,300.000đ - 600.000đ/h
VN_0872_C01,VN_0872,300000,600000,300000,300.000đ - 600.000đ/h
VN_0872_C02,VN_0872,300000,600000,300000,300.000đ - 600.000đ/h
VN_0872_C03,VN_0872,300000,600000,300000,300.000đ - 600.000đ/h
VN_0878_C01,VN_0878,300000,600000,300000,300.000đ - 600.000đ/h
VN_0878_C02,VN_0878,300000,600000,300000,300.000đ - 600.000đ/h
VN_0878_C03,VN_0878,300000,600000,300000,300.000đ - 600.000đ/h
VN_0877_C01,VN_0877,300000,600000,300000,300.000đ - 600.000đ/h
VN_0877_C02,VN_0877,300000,600000,300000,300.000đ - 600.000đ/h
VN_0877_C03,VN_0877,300000,600000,300000,300.000đ - 600.000đ/h
VN_0876_C01,VN_0876,300000,600000,300000,300.000đ - 600.000đ/h
VN_0876_C02,VN_0876,300000,600000,300000,300.000đ - 600.000đ/h
VN_0876_C03,VN_0876,300000,600000,300000,300.000đ - 600.000đ/h
VN_0881_C01,VN_0881,300000,600000,300000,300.000đ - 600.000đ/h
VN_0881_C02,VN_0881,300000,600000,300000,300.000đ - 600.000đ/h
VN_0881_C03,VN_0881,300000,600000,300000,300.000đ - 600.000đ/h
VN_0880_C01,VN_0880,150000,300000,150000,150.000đ - 300.000đ/h
VN_0880_C02,VN_0880,150000,300000,150000,150.000đ - 300.000đ/h
VN_0880_C03,VN_0880,150000,300000,150000,150.000đ - 300.000đ/h
VN_0880_C04,VN_0880,150000,300000,150000,150.000đ - 300.000đ/h
VN_0880_C05,VN_0880,150000,300000,150000,150.000đ - 300.000đ/h
VN_0880_C06,VN_0880,150000,300000,150000,150.000đ - 300.000đ/h
VN_0883_C01,VN_0883,300000,600000,300000,300.000đ - 600.000đ/h
VN_0883_C02,VN_0883,300000,600000,300000,300.000đ - 600.000đ/h
VN_0883_C03,VN_0883,300000,600000,300000,300.000đ - 600.000đ/h
VN_0879_C01,VN_0879,150000,300000,150000,150.000đ - 300.000đ/h
VN_0879_C02,VN_0879,150000,300000,150000,150.000đ - 300.000đ/h
VN_0879_C03,VN_0879,150000,300000,150000,150.000đ - 300.000đ/h
VN_0879_C04,VN_0879,150000,300000,150000,150.000đ - 300.000đ/h
VN_0879_C05,VN_0879,150000,300000,150000,150.000đ - 300.000đ/h
VN_0879_C06,VN_0879,150000,300000,150000,150.000đ - 300.000đ/h
VN_0884_C01,VN_0884,300000,600000,300000,300.000đ - 600.000đ/h
VN_0884_C02,VN_0884,300000,600000,300000,300.000đ - 600.000đ/h
VN_0884_C03,VN_0884,300000,600000,300000,300.000đ - 600.000đ/h
VN_0882_C01,VN_0882,300000,600000,300000,300.000đ - 600.000đ/h
VN_0882_C02,VN_0882,300000,600000,300000,300.000đ - 600.000đ/h
VN_0882_C03,VN_0882,300000,600000,300000,300.000đ - 600.000đ/h
VN_0887_C01,VN_0887,300000,600000,300000,300.000đ - 600.000đ/h
VN_0887_C02,VN_0887,300000,600000,300000,300.000đ - 600.000đ/h
VN_0887_C03,VN_0887,300000,600000,300000,300.000đ - 600.000đ/h
VN_0885_C01,VN_0885,300000,600000,300000,300.000đ - 600.000đ/h
VN_0885_C02,VN_0885,300000,600000,300000,300.000đ - 600.000đ/h
VN_0885_C03,VN_0885,300000,600000,300000,300.000đ - 600.000đ/h
VN_0874_C01,VN_0874,300000,600000,300000,300.000đ - 600.000đ/h
VN_0874_C02,VN_0874,300000,600000,300000,300.000đ - 600.000đ/h
VN_0874_C03,VN_0874,300000,600000,300000,300.000đ - 600.000đ/h
VN_0886_C01,VN_0886,150000,300000,150000,150.000đ - 300.000đ/h
VN_0886_C02,VN_0886,150000,300000,150000,150.000đ - 300.000đ/h
VN_0886_C03,VN_0886,150000,300000,150000,150.000đ - 300.000đ/h
VN_0886_C04,VN_0886,150000,300000,150000,150.000đ - 300.000đ/h
VN_0886_C05,VN_0886,150000,300000,150000,150.000đ - 300.000đ/h
VN_0886_C06,VN_0886,150000,300000,150000,150.000đ - 300.000đ/h
VN_0875_C01,VN_0875,150000,300000,150000,150.000đ - 300.000đ/h
VN_0875_C02,VN_0875,150000,300000,150000,150.000đ - 300.000đ/h
VN_0875_C03,VN_0875,150000,300000,150000,150.000đ - 300.000đ/h
VN_0875_C04,VN_0875,150000,300000,150000,150.000đ - 300.000đ/h
VN_0875_C05,VN_0875,150000,300000,150000,150.000đ - 300.000đ/h
VN_0875_C06,VN_0875,150000,300000,150000,150.000đ - 300.000đ/h
VN_0891_C01,VN_0891,300000,600000,300000,300.000đ - 600.000đ/h
VN_0891_C02,VN_0891,300000,600000,300000,300.000đ - 600.000đ/h
VN_0891_C03,VN_0891,300000,600000,300000,300.000đ - 600.000đ/h
VN_0890_C01,VN_0890,150000,300000,150000,150.000đ - 300.000đ/h
VN_0890_C02,VN_0890,150000,300000,150000,150.000đ - 300.000đ/h
VN_0890_C03,VN_0890,150000,300000,150000,150.000đ - 300.000đ/h
VN_0890_C04,VN_0890,150000,300000,150000,150.000đ - 300.000đ/h
VN_0890_C05,VN_0890,150000,300000,150000,150.000đ - 300.000đ/h
VN_0890_C06,VN_0890,150000,300000,150000,150.000đ - 300.000đ/h
VN_0894_C01,VN_0894,300000,600000,300000,300.000đ - 600.000đ/h
VN_0894_C02,VN_0894,300000,600000,300000,300.000đ - 600.000đ/h
VN_0894_C03,VN_0894,300000,600000,300000,300.000đ - 600.000đ/h
VN_0893_C01,VN_0893,300000,600000,300000,300.000đ - 600.000đ/h
VN_0893_C02,VN_0893,300000,600000,300000,300.000đ - 600.000đ/h
VN_0893_C03,VN_0893,300000,600000,300000,300.000đ - 600.000đ/h
VN_0896_C01,VN_0896,300000,600000,300000,300.000đ - 600.000đ/h
VN_0896_C02,VN_0896,300000,600000,300000,300.000đ - 600.000đ/h
VN_0896_C03,VN_0896,300000,600000,300000,300.000đ - 600.000đ/h
VN_0889_C01,VN_0889,300000,600000,300000,300.000đ - 600.000đ/h
VN_0889_C02,VN_0889,300000,600000,300000,300.000đ - 600.000đ/h
VN_0889_C03,VN_0889,300000,600000,300000,300.000đ - 600.000đ/h
VN_0898_C01,VN_0898,150000,300000,150000,150.000đ - 300.000đ/h
VN_0898_C02,VN_0898,150000,300000,150000,150.000đ - 300.000đ/h
VN_0898_C03,VN_0898,150000,300000,150000,150.000đ - 300.000đ/h
VN_0898_C04,VN_0898,150000,300000,150000,150.000đ - 300.000đ/h
VN_0898_C05,VN_0898,150000,300000,150000,150.000đ - 300.000đ/h
VN_0898_C06,VN_0898,150000,300000,150000,150.000đ - 300.000đ/h
VN_0892_C01,VN_0892,300000,600000,300000,300.000đ - 600.000đ/h
VN_0892_C02,VN_0892,300000,600000,300000,300.000đ - 600.000đ/h
VN_0892_C03,VN_0892,300000,600000,300000,300.000đ - 600.000đ/h
VN_0899_C01,VN_0899,300000,600000,300000,300.000đ - 600.000đ/h
VN_0899_C02,VN_0899,300000,600000,300000,300.000đ - 600.000đ/h
VN_0899_C03,VN_0899,300000,600000,300000,300.000đ - 600.000đ/h
VN_0897_C01,VN_0897,300000,600000,300000,300.000đ - 600.000đ/h
VN_0897_C02,VN_0897,300000,600000,300000,300.000đ - 600.000đ/h
VN_0897_C03,VN_0897,300000,600000,300000,300.000đ - 600.000đ/h
VN_0901_C01,VN_0901,300000,600000,300000,300.000đ - 600.000đ/h
VN_0901_C02,VN_0901,300000,600000,300000,300.000đ - 600.000đ/h
VN_0901_C03,VN_0901,300000,600000,300000,300.000đ - 600.000đ/h
VN_0900_C01,VN_0900,300000,600000,300000,300.000đ - 600.000đ/h
VN_0900_C02,VN_0900,300000,600000,300000,300.000đ - 600.000đ/h
VN_0900_C03,VN_0900,300000,600000,300000,300.000đ - 600.000đ/h
VN_0888_C01,VN_0888,300000,600000,300000,300.000đ - 600.000đ/h
VN_0888_C02,VN_0888,300000,600000,300000,300.000đ - 600.000đ/h
VN_0888_C03,VN_0888,300000,600000,300000,300.000đ - 600.000đ/h
VN_0895_C01,VN_0895,300000,600000,300000,300.000đ - 600.000đ/h
VN_0895_C02,VN_0895,300000,600000,300000,300.000đ - 600.000đ/h
VN_0895_C03,VN_0895,300000,600000,300000,300.000đ - 600.000đ/h
VN_0902_C01,VN_0902,300000,600000,300000,300.000đ - 600.000đ/h
VN_0902_C02,VN_0902,300000,600000,300000,300.000đ - 600.000đ/h
VN_0902_C03,VN_0902,300000,600000,300000,300.000đ - 600.000đ/h
VN_0903_C01,VN_0903,300000,600000,300000,300.000đ - 600.000đ/h
VN_0903_C02,VN_0903,300000,600000,300000,300.000đ - 600.000đ/h
VN_0903_C03,VN_0903,300000,600000,300000,300.000đ - 600.000đ/h
VN_0904_C01,VN_0904,300000,600000,300000,300.000đ - 600.000đ/h
VN_0904_C02,VN_0904,300000,600000,300000,300.000đ - 600.000đ/h
VN_0904_C03,VN_0904,300000,600000,300000,300.000đ - 600.000đ/h
VN_0907_C01,VN_0907,150000,300000,150000,150.000đ - 300.000đ/h
VN_0907_C02,VN_0907,150000,300000,150000,150.000đ - 300.000đ/h
VN_0907_C03,VN_0907,150000,300000,150000,150.000đ - 300.000đ/h
VN_0907_C04,VN_0907,150000,300000,150000,150.000đ - 300.000đ/h
VN_0907_C05,VN_0907,150000,300000,150000,150.000đ - 300.000đ/h
VN_0907_C06,VN_0907,150000,300000,150000,150.000đ - 300.000đ/h
VN_0908_C01,VN_0908,300000,600000,300000,300.000đ - 600.000đ/h
VN_0908_C02,VN_0908,300000,600000,300000,300.000đ - 600.000đ/h
VN_0908_C03,VN_0908,300000,600000,300000,300.000đ - 600.000đ/h
VN_0905_C01,VN_0905,300000,600000,300000,300.000đ - 600.000đ/h
VN_0905_C02,VN_0905,300000,600000,300000,300.000đ - 600.000đ/h
VN_0905_C03,VN_0905,300000,600000,300000,300.000đ - 600.000đ/h
VN_0910_C01,VN_0910,300000,600000,300000,300.000đ - 600.000đ/h
VN_0910_C02,VN_0910,300000,600000,300000,300.000đ - 600.000đ/h
VN_0910_C03,VN_0910,300000,600000,300000,300.000đ - 600.000đ/h
VN_0912_C01,VN_0912,300000,600000,300000,300.000đ - 600.000đ/h
VN_0912_C02,VN_0912,300000,600000,300000,300.000đ - 600.000đ/h
VN_0912_C03,VN_0912,300000,600000,300000,300.000đ - 600.000đ/h
VN_0911_C01,VN_0911,120000,220000,120000,120.000đ - 220.000đ/h
VN_0911_C02,VN_0911,120000,220000,120000,120.000đ - 220.000đ/h
VN_0911_C03,VN_0911,120000,220000,120000,120.000đ - 220.000đ/h
VN_0911_C04,VN_0911,120000,220000,120000,120.000đ - 220.000đ/h
VN_0915_C01,VN_0915,300000,600000,300000,300.000đ - 600.000đ/h
VN_0915_C02,VN_0915,300000,600000,300000,300.000đ - 600.000đ/h
VN_0915_C03,VN_0915,300000,600000,300000,300.000đ - 600.000đ/h
VN_0913_C01,VN_0913,150000,300000,150000,150.000đ - 300.000đ/h
VN_0913_C02,VN_0913,150000,300000,150000,150.000đ - 300.000đ/h
VN_0913_C03,VN_0913,150000,300000,150000,150.000đ - 300.000đ/h
VN_0914_C01,VN_0914,300000,600000,300000,300.000đ - 600.000đ/h
VN_0914_C02,VN_0914,300000,600000,300000,300.000đ - 600.000đ/h
VN_0914_C03,VN_0914,300000,600000,300000,300.000đ - 600.000đ/h
VN_0916_C01,VN_0916,300000,600000,300000,300.000đ - 600.000đ/h
VN_0916_C02,VN_0916,300000,600000,300000,300.000đ - 600.000đ/h
VN_0916_C03,VN_0916,300000,600000,300000,300.000đ - 600.000đ/h
VN_0906_C01,VN_0906,100000,120000,100000,hợp lý, vị trí thuận tiện gần các tuyến đường chính và khu dân cư phát triển
VN_0906_C02,VN_0906,100000,120000,100000,hợp lý, vị trí thuận tiện gần các tuyến đường chính và khu dân cư phát triển
VN_0906_C03,VN_0906,100000,120000,100000,hợp lý, vị trí thuận tiện gần các tuyến đường chính và khu dân cư phát triển
VN_0906_C04,VN_0906,100000,120000,100000,hợp lý, vị trí thuận tiện gần các tuyến đường chính và khu dân cư phát triển
VN_0917_C01,VN_0917,300000,600000,300000,300.000đ - 600.000đ/h
VN_0917_C02,VN_0917,300000,600000,300000,300.000đ - 600.000đ/h
VN_0917_C03,VN_0917,300000,600000,300000,300.000đ - 600.000đ/h
VN_0918_C01,VN_0918,300000,600000,300000,300.000đ - 600.000đ/h
VN_0918_C02,VN_0918,300000,600000,300000,300.000đ - 600.000đ/h
VN_0918_C03,VN_0918,300000,600000,300000,300.000đ - 600.000đ/h
VN_0919_C01,VN_0919,100000,120000,100000,hợp lý, vị trí thuận tiện gần các tiện ích đô thị
VN_0919_C02,VN_0919,100000,120000,100000,hợp lý, vị trí thuận tiện gần các tiện ích đô thị
VN_0919_C03,VN_0919,100000,120000,100000,hợp lý, vị trí thuận tiện gần các tiện ích đô thị
VN_0919_C04,VN_0919,100000,120000,100000,hợp lý, vị trí thuận tiện gần các tiện ích đô thị
VN_0920_C01,VN_0920,300000,600000,300000,300.000đ - 600.000đ/h
VN_0920_C02,VN_0920,300000,600000,300000,300.000đ - 600.000đ/h
VN_0920_C03,VN_0920,300000,600000,300000,300.000đ - 600.000đ/h
VN_0921_C01,VN_0921,300000,600000,300000,300.000đ - 600.000đ/h
VN_0921_C02,VN_0921,300000,600000,300000,300.000đ - 600.000đ/h
VN_0921_C03,VN_0921,300000,600000,300000,300.000đ - 600.000đ/h
VN_0922_C01,VN_0922,300000,600000,300000,300.000đ - 600.000đ/h
VN_0922_C02,VN_0922,300000,600000,300000,300.000đ - 600.000đ/h
VN_0922_C03,VN_0922,300000,600000,300000,300.000đ - 600.000đ/h
VN_0923_C01,VN_0923,300000,600000,300000,300.000đ - 600.000đ/h
VN_0923_C02,VN_0923,300000,600000,300000,300.000đ - 600.000đ/h
VN_0923_C03,VN_0923,300000,600000,300000,300.000đ - 600.000đ/h
VN_0924_C01,VN_0924,150000,300000,150000,150.000đ - 300.000đ/h
VN_0924_C02,VN_0924,150000,300000,150000,150.000đ - 300.000đ/h
VN_0924_C03,VN_0924,150000,300000,150000,150.000đ - 300.000đ/h
VN_0924_C04,VN_0924,150000,300000,150000,150.000đ - 300.000đ/h
VN_0924_C05,VN_0924,150000,300000,150000,150.000đ - 300.000đ/h
VN_0924_C06,VN_0924,150000,300000,150000,150.000đ - 300.000đ/h
VN_0928_C01,VN_0928,300000,600000,300000,300.000đ - 600.000đ/h
VN_0928_C02,VN_0928,300000,600000,300000,300.000đ - 600.000đ/h
VN_0928_C03,VN_0928,300000,600000,300000,300.000đ - 600.000đ/h
VN_0925_C01,VN_0925,300000,600000,300000,300.000đ - 600.000đ/h
VN_0925_C02,VN_0925,300000,600000,300000,300.000đ - 600.000đ/h
VN_0925_C03,VN_0925,300000,600000,300000,300.000đ - 600.000đ/h
VN_0929_C01,VN_0929,120000,220000,120000,120.000đ - 220.000đ/h
VN_0929_C02,VN_0929,120000,220000,120000,120.000đ - 220.000đ/h
VN_0929_C03,VN_0929,120000,220000,120000,120.000đ - 220.000đ/h
VN_0929_C04,VN_0929,120000,220000,120000,120.000đ - 220.000đ/h
VN_0930_C01,VN_0930,300000,600000,300000,300.000đ - 600.000đ/h
VN_0930_C02,VN_0930,300000,600000,300000,300.000đ - 600.000đ/h
VN_0930_C03,VN_0930,300000,600000,300000,300.000đ - 600.000đ/h
VN_0932_C01,VN_0932,300000,600000,300000,300.000đ - 600.000đ/h
VN_0932_C02,VN_0932,300000,600000,300000,300.000đ - 600.000đ/h
VN_0932_C03,VN_0932,300000,600000,300000,300.000đ - 600.000đ/h
VN_0931_C01,VN_0931,300000,600000,300000,300.000đ - 600.000đ/h
VN_0931_C02,VN_0931,300000,600000,300000,300.000đ - 600.000đ/h
VN_0931_C03,VN_0931,300000,600000,300000,300.000đ - 600.000đ/h
VN_0935_C01,VN_0935,300000,600000,300000,300.000đ - 600.000đ/h
VN_0935_C02,VN_0935,300000,600000,300000,300.000đ - 600.000đ/h
VN_0935_C03,VN_0935,300000,600000,300000,300.000đ - 600.000đ/h
VN_0934_C01,VN_0934,300000,600000,300000,300.000đ - 600.000đ/h
VN_0934_C02,VN_0934,300000,600000,300000,300.000đ - 600.000đ/h
VN_0934_C03,VN_0934,300000,600000,300000,300.000đ - 600.000đ/h
VN_0936_C01,VN_0936,300000,600000,300000,300.000đ - 600.000đ/h
VN_0936_C02,VN_0936,300000,600000,300000,300.000đ - 600.000đ/h
VN_0936_C03,VN_0936,300000,600000,300000,300.000đ - 600.000đ/h
VN_0927_C01,VN_0927,120000,220000,120000,120.000đ - 220.000đ/h
VN_0927_C02,VN_0927,120000,220000,120000,120.000đ - 220.000đ/h
VN_0927_C03,VN_0927,120000,220000,120000,120.000đ - 220.000đ/h
VN_0927_C04,VN_0927,120000,220000,120000,120.000đ - 220.000đ/h
VN_0937_C01,VN_0937,150000,300000,150000,150.000đ - 300.000đ/h
VN_0937_C02,VN_0937,150000,300000,150000,150.000đ - 300.000đ/h
VN_0937_C03,VN_0937,150000,300000,150000,150.000đ - 300.000đ/h
VN_0937_C04,VN_0937,150000,300000,150000,150.000đ - 300.000đ/h
VN_0937_C05,VN_0937,150000,300000,150000,150.000đ - 300.000đ/h
VN_0937_C06,VN_0937,150000,300000,150000,150.000đ - 300.000đ/h
VN_0938_C01,VN_0938,300000,600000,300000,300.000đ - 600.000đ/h
VN_0938_C02,VN_0938,300000,600000,300000,300.000đ - 600.000đ/h
VN_0938_C03,VN_0938,300000,600000,300000,300.000đ - 600.000đ/h
VN_0939_C01,VN_0939,300000,600000,300000,300.000đ - 600.000đ/h
VN_0939_C02,VN_0939,300000,600000,300000,300.000đ - 600.000đ/h
VN_0939_C03,VN_0939,300000,600000,300000,300.000đ - 600.000đ/h
VN_0940_C01,VN_0940,300000,600000,300000,300.000đ - 600.000đ/h
VN_0940_C02,VN_0940,300000,600000,300000,300.000đ - 600.000đ/h
VN_0940_C03,VN_0940,300000,600000,300000,300.000đ - 600.000đ/h
VN_0942_C01,VN_0942,300000,600000,300000,300.000đ - 600.000đ/h
VN_0942_C02,VN_0942,300000,600000,300000,300.000đ - 600.000đ/h
VN_0942_C03,VN_0942,300000,600000,300000,300.000đ - 600.000đ/h
VN_0933_C01,VN_0933,300000,600000,300000,300.000đ - 600.000đ/h
VN_0933_C02,VN_0933,300000,600000,300000,300.000đ - 600.000đ/h
VN_0933_C03,VN_0933,300000,600000,300000,300.000đ - 600.000đ/h
VN_0941_C01,VN_0941,300000,600000,300000,300.000đ - 600.000đ/h
VN_0941_C02,VN_0941,300000,600000,300000,300.000đ - 600.000đ/h
VN_0941_C03,VN_0941,300000,600000,300000,300.000đ - 600.000đ/h
VN_0909_C01,VN_0909,120000,220000,120000,120.000đ - 220.000đ/h
VN_0909_C02,VN_0909,120000,220000,120000,120.000đ - 220.000đ/h
VN_0909_C03,VN_0909,120000,220000,120000,120.000đ - 220.000đ/h
VN_0909_C04,VN_0909,120000,220000,120000,120.000đ - 220.000đ/h
VN_0945_C01,VN_0945,300000,600000,300000,300.000đ - 600.000đ/h
VN_0945_C02,VN_0945,300000,600000,300000,300.000đ - 600.000đ/h
VN_0945_C03,VN_0945,300000,600000,300000,300.000đ - 600.000đ/h
VN_0946_C01,VN_0946,300000,600000,300000,300.000đ - 600.000đ/h
VN_0946_C02,VN_0946,300000,600000,300000,300.000đ - 600.000đ/h
VN_0946_C03,VN_0946,300000,600000,300000,300.000đ - 600.000đ/h
VN_0943_C01,VN_0943,300000,600000,300000,300.000đ - 600.000đ/h
VN_0943_C02,VN_0943,300000,600000,300000,300.000đ - 600.000đ/h
VN_0943_C03,VN_0943,300000,600000,300000,300.000đ - 600.000đ/h
VN_0949_C01,VN_0949,150000,300000,150000,150.000đ - 300.000đ/h
VN_0949_C02,VN_0949,150000,300000,150000,150.000đ - 300.000đ/h
VN_0949_C03,VN_0949,150000,300000,150000,150.000đ - 300.000đ/h
VN_0949_C04,VN_0949,150000,300000,150000,150.000đ - 300.000đ/h
VN_0949_C05,VN_0949,150000,300000,150000,150.000đ - 300.000đ/h
VN_0949_C06,VN_0949,150000,300000,150000,150.000đ - 300.000đ/h
VN_0947_C01,VN_0947,150000,300000,150000,150.000đ - 300.000đ/h
VN_0947_C02,VN_0947,150000,300000,150000,150.000đ - 300.000đ/h
VN_0947_C03,VN_0947,150000,300000,150000,150.000đ - 300.000đ/h
VN_0947_C04,VN_0947,150000,300000,150000,150.000đ - 300.000đ/h
VN_0947_C05,VN_0947,150000,300000,150000,150.000đ - 300.000đ/h
VN_0947_C06,VN_0947,150000,300000,150000,150.000đ - 300.000đ/h
VN_0951_C01,VN_0951,300000,600000,300000,300.000đ - 600.000đ/h
VN_0951_C02,VN_0951,300000,600000,300000,300.000đ - 600.000đ/h
VN_0951_C03,VN_0951,300000,600000,300000,300.000đ - 600.000đ/h
VN_0950_C01,VN_0950,300000,600000,300000,300.000đ - 600.000đ/h
VN_0950_C02,VN_0950,300000,600000,300000,300.000đ - 600.000đ/h
VN_0950_C03,VN_0950,300000,600000,300000,300.000đ - 600.000đ/h
VN_0944_C01,VN_0944,150000,300000,150000,150.000đ - 300.000đ/h
VN_0944_C02,VN_0944,150000,300000,150000,150.000đ - 300.000đ/h
VN_0944_C03,VN_0944,150000,300000,150000,150.000đ - 300.000đ/h
VN_0944_C04,VN_0944,150000,300000,150000,150.000đ - 300.000đ/h
VN_0944_C05,VN_0944,150000,300000,150000,150.000đ - 300.000đ/h
VN_0944_C06,VN_0944,150000,300000,150000,150.000đ - 300.000đ/h
VN_0952_C01,VN_0952,300000,600000,300000,300.000đ - 600.000đ/h
VN_0952_C02,VN_0952,300000,600000,300000,300.000đ - 600.000đ/h
VN_0952_C03,VN_0952,300000,600000,300000,300.000đ - 600.000đ/h
VN_0948_C01,VN_0948,300000,600000,300000,300.000đ - 600.000đ/h
VN_0948_C02,VN_0948,300000,600000,300000,300.000đ - 600.000đ/h
VN_0948_C03,VN_0948,300000,600000,300000,300.000đ - 600.000đ/h
VN_0953_C01,VN_0953,300000,600000,300000,300.000đ - 600.000đ/h
VN_0953_C02,VN_0953,300000,600000,300000,300.000đ - 600.000đ/h
VN_0953_C03,VN_0953,300000,600000,300000,300.000đ - 600.000đ/h
VN_0955_C01,VN_0955,300000,600000,300000,300.000đ - 600.000đ/h
VN_0955_C02,VN_0955,300000,600000,300000,300.000đ - 600.000đ/h
VN_0955_C03,VN_0955,300000,600000,300000,300.000đ - 600.000đ/h
VN_0958_C01,VN_0958,300000,600000,300000,300.000đ - 600.000đ/h
VN_0958_C02,VN_0958,300000,600000,300000,300.000đ - 600.000đ/h
VN_0958_C03,VN_0958,300000,600000,300000,300.000đ - 600.000đ/h
VN_0957_C01,VN_0957,300000,600000,300000,300.000đ - 600.000đ/h
VN_0957_C02,VN_0957,300000,600000,300000,300.000đ - 600.000đ/h
VN_0957_C03,VN_0957,300000,600000,300000,300.000đ - 600.000đ/h
VN_0959_C01,VN_0959,150000,300000,150000,150.000đ - 300.000đ/h
VN_0959_C02,VN_0959,150000,300000,150000,150.000đ - 300.000đ/h
VN_0959_C03,VN_0959,150000,300000,150000,150.000đ - 300.000đ/h
VN_0959_C04,VN_0959,150000,300000,150000,150.000đ - 300.000đ/h
VN_0959_C05,VN_0959,150000,300000,150000,150.000đ - 300.000đ/h
VN_0959_C06,VN_0959,150000,300000,150000,150.000đ - 300.000đ/h
VN_0926_C01,VN_0926,300000,600000,300000,300.000đ - 600.000đ/h
VN_0926_C02,VN_0926,300000,600000,300000,300.000đ - 600.000đ/h
VN_0926_C03,VN_0926,300000,600000,300000,300.000đ - 600.000đ/h
VN_0960_C01,VN_0960,150000,300000,150000,150.000đ - 300.000đ/h
VN_0960_C02,VN_0960,150000,300000,150000,150.000đ - 300.000đ/h
VN_0960_C03,VN_0960,150000,300000,150000,150.000đ - 300.000đ/h
VN_0960_C04,VN_0960,150000,300000,150000,150.000đ - 300.000đ/h
VN_0960_C05,VN_0960,150000,300000,150000,150.000đ - 300.000đ/h
VN_0960_C06,VN_0960,150000,300000,150000,150.000đ - 300.000đ/h
VN_0956_C01,VN_0956,150000,300000,150000,150.000đ - 300.000đ/h
VN_0956_C02,VN_0956,150000,300000,150000,150.000đ - 300.000đ/h
VN_0956_C03,VN_0956,150000,300000,150000,150.000đ - 300.000đ/h
VN_0956_C04,VN_0956,150000,300000,150000,150.000đ - 300.000đ/h
VN_0956_C05,VN_0956,150000,300000,150000,150.000đ - 300.000đ/h
VN_0956_C06,VN_0956,150000,300000,150000,150.000đ - 300.000đ/h
VN_0954_C01,VN_0954,300000,600000,300000,300.000đ - 600.000đ/h
VN_0954_C02,VN_0954,300000,600000,300000,300.000đ - 600.000đ/h
VN_0954_C03,VN_0954,300000,600000,300000,300.000đ - 600.000đ/h
VN_0963_C01,VN_0963,300000,600000,300000,300.000đ - 600.000đ/h
VN_0963_C02,VN_0963,300000,600000,300000,300.000đ - 600.000đ/h
VN_0963_C03,VN_0963,300000,600000,300000,300.000đ - 600.000đ/h
VN_0964_C01,VN_0964,300000,600000,300000,300.000đ - 600.000đ/h
VN_0964_C02,VN_0964,300000,600000,300000,300.000đ - 600.000đ/h
VN_0964_C03,VN_0964,300000,600000,300000,300.000đ - 600.000đ/h
VN_0962_C01,VN_0962,300000,600000,300000,300.000đ - 600.000đ/h
VN_0962_C02,VN_0962,300000,600000,300000,300.000đ - 600.000đ/h
VN_0962_C03,VN_0962,300000,600000,300000,300.000đ - 600.000đ/h
VN_0965_C01,VN_0965,150000,300000,150000,150.000đ - 300.000đ/h
VN_0965_C02,VN_0965,150000,300000,150000,150.000đ - 300.000đ/h
VN_0965_C03,VN_0965,150000,300000,150000,150.000đ - 300.000đ/h
VN_0965_C04,VN_0965,150000,300000,150000,150.000đ - 300.000đ/h
VN_0965_C05,VN_0965,150000,300000,150000,150.000đ - 300.000đ/h
VN_0965_C06,VN_0965,150000,300000,150000,150.000đ - 300.000đ/h
VN_0961_C01,VN_0961,300000,600000,300000,300.000đ - 600.000đ/h
VN_0961_C02,VN_0961,300000,600000,300000,300.000đ - 600.000đ/h
VN_0961_C03,VN_0961,300000,600000,300000,300.000đ - 600.000đ/h
VN_0968_C01,VN_0968,150000,300000,150000,150.000đ - 300.000đ/h
VN_0968_C02,VN_0968,150000,300000,150000,150.000đ - 300.000đ/h
VN_0968_C03,VN_0968,150000,300000,150000,150.000đ - 300.000đ/h
VN_0968_C04,VN_0968,150000,300000,150000,150.000đ - 300.000đ/h
VN_0968_C05,VN_0968,150000,300000,150000,150.000đ - 300.000đ/h
VN_0968_C06,VN_0968,150000,300000,150000,150.000đ - 300.000đ/h
VN_0969_C01,VN_0969,70000,130000,70000,70.000đ - 130.000đ/h
VN_0969_C02,VN_0969,70000,130000,70000,70.000đ - 130.000đ/h
VN_0969_C03,VN_0969,70000,130000,70000,70.000đ - 130.000đ/h
VN_0969_C04,VN_0969,70000,130000,70000,70.000đ - 130.000đ/h
VN_0969_C05,VN_0969,70000,130000,70000,70.000đ - 130.000đ/h
VN_0969_C06,VN_0969,70000,130000,70000,70.000đ - 130.000đ/h
VN_0970_C01,VN_0970,300000,600000,300000,300.000đ - 600.000đ/h
VN_0970_C02,VN_0970,300000,600000,300000,300.000đ - 600.000đ/h
VN_0970_C03,VN_0970,300000,600000,300000,300.000đ - 600.000đ/h
VN_0967_C01,VN_0967,300000,600000,300000,300.000đ - 600.000đ/h
VN_0967_C02,VN_0967,300000,600000,300000,300.000đ - 600.000đ/h
VN_0967_C03,VN_0967,300000,600000,300000,300.000đ - 600.000đ/h
VN_0972_C01,VN_0972,300000,600000,300000,300.000đ - 600.000đ/h
VN_0972_C02,VN_0972,300000,600000,300000,300.000đ - 600.000đ/h
VN_0972_C03,VN_0972,300000,600000,300000,300.000đ - 600.000đ/h
VN_0966_C01,VN_0966,300000,600000,300000,300.000đ - 600.000đ/h
VN_0966_C02,VN_0966,300000,600000,300000,300.000đ - 600.000đ/h
VN_0966_C03,VN_0966,300000,600000,300000,300.000đ - 600.000đ/h
VN_0974_C01,VN_0974,300000,600000,300000,300.000đ - 600.000đ/h
VN_0974_C02,VN_0974,300000,600000,300000,300.000đ - 600.000đ/h
VN_0974_C03,VN_0974,300000,600000,300000,300.000đ - 600.000đ/h
VN_0971_C01,VN_0971,300000,600000,300000,300.000đ - 600.000đ/h
VN_0971_C02,VN_0971,300000,600000,300000,300.000đ - 600.000đ/h
VN_0971_C03,VN_0971,300000,600000,300000,300.000đ - 600.000đ/h
VN_0975_C01,VN_0975,300000,600000,300000,300.000đ - 600.000đ/h
VN_0975_C02,VN_0975,300000,600000,300000,300.000đ - 600.000đ/h
VN_0975_C03,VN_0975,300000,600000,300000,300.000đ - 600.000đ/h
VN_0977_C01,VN_0977,300000,600000,300000,300.000đ - 600.000đ/h
VN_0977_C02,VN_0977,300000,600000,300000,300.000đ - 600.000đ/h
VN_0977_C03,VN_0977,300000,600000,300000,300.000đ - 600.000đ/h
VN_0976_C01,VN_0976,300000,600000,300000,300.000đ - 600.000đ/h
VN_0976_C02,VN_0976,300000,600000,300000,300.000đ - 600.000đ/h
VN_0976_C03,VN_0976,300000,600000,300000,300.000đ - 600.000đ/h
VN_0973_C01,VN_0973,300000,600000,300000,300.000đ - 600.000đ/h
VN_0973_C02,VN_0973,300000,600000,300000,300.000đ - 600.000đ/h
VN_0973_C03,VN_0973,300000,600000,300000,300.000đ - 600.000đ/h
VN_0979_C01,VN_0979,300000,600000,300000,300.000đ - 600.000đ/h
VN_0979_C02,VN_0979,300000,600000,300000,300.000đ - 600.000đ/h
VN_0979_C03,VN_0979,300000,600000,300000,300.000đ - 600.000đ/h
VN_0980_C01,VN_0980,300000,600000,300000,300.000đ - 600.000đ/h
VN_0980_C02,VN_0980,300000,600000,300000,300.000đ - 600.000đ/h
VN_0980_C03,VN_0980,300000,600000,300000,300.000đ - 600.000đ/h
VN_0978_C01,VN_0978,300000,600000,300000,300.000đ - 600.000đ/h
VN_0978_C02,VN_0978,300000,600000,300000,300.000đ - 600.000đ/h
VN_0978_C03,VN_0978,300000,600000,300000,300.000đ - 600.000đ/h
VN_0982_C01,VN_0982,150000,300000,150000,150.000đ - 300.000đ/h
VN_0982_C02,VN_0982,150000,300000,150000,150.000đ - 300.000đ/h
VN_0982_C03,VN_0982,150000,300000,150000,150.000đ - 300.000đ/h
VN_0982_C04,VN_0982,150000,300000,150000,150.000đ - 300.000đ/h
VN_0982_C05,VN_0982,150000,300000,150000,150.000đ - 300.000đ/h
VN_0982_C06,VN_0982,150000,300000,150000,150.000đ - 300.000đ/h
VN_0983_C01,VN_0983,300000,600000,300000,300.000đ - 600.000đ/h
VN_0983_C02,VN_0983,300000,600000,300000,300.000đ - 600.000đ/h
VN_0983_C03,VN_0983,300000,600000,300000,300.000đ - 600.000đ/h
VN_0986_C01,VN_0986,150000,300000,150000,150.000đ - 300.000đ/h
VN_0986_C02,VN_0986,150000,300000,150000,150.000đ - 300.000đ/h
VN_0986_C03,VN_0986,150000,300000,150000,150.000đ - 300.000đ/h
VN_0986_C04,VN_0986,150000,300000,150000,150.000đ - 300.000đ/h
VN_0986_C05,VN_0986,150000,300000,150000,150.000đ - 300.000đ/h
VN_0986_C06,VN_0986,150000,300000,150000,150.000đ - 300.000đ/h
VN_0987_C01,VN_0987,100000,120000,100000,hợp lý, tổ chức lớp học và giải đấu giao lưu định kỳ
VN_0987_C02,VN_0987,100000,120000,100000,hợp lý, tổ chức lớp học và giải đấu giao lưu định kỳ
VN_0987_C03,VN_0987,100000,120000,100000,hợp lý, tổ chức lớp học và giải đấu giao lưu định kỳ
VN_0987_C04,VN_0987,100000,120000,100000,hợp lý, tổ chức lớp học và giải đấu giao lưu định kỳ
VN_0984_C01,VN_0984,150000,300000,150000,150.000đ - 300.000đ/h
VN_0984_C02,VN_0984,150000,300000,150000,150.000đ - 300.000đ/h
VN_0984_C03,VN_0984,150000,300000,150000,150.000đ - 300.000đ/h
VN_0984_C04,VN_0984,150000,300000,150000,150.000đ - 300.000đ/h
VN_0984_C05,VN_0984,150000,300000,150000,150.000đ - 300.000đ/h
VN_0984_C06,VN_0984,150000,300000,150000,150.000đ - 300.000đ/h
VN_0992_C01,VN_0992,300000,600000,300000,300.000đ - 600.000đ/h
VN_0992_C02,VN_0992,300000,600000,300000,300.000đ - 600.000đ/h
VN_0992_C03,VN_0992,300000,600000,300000,300.000đ - 600.000đ/h
VN_0988_C01,VN_0988,150000,300000,150000,150.000đ - 300.000đ/h
VN_0988_C02,VN_0988,150000,300000,150000,150.000đ - 300.000đ/h
VN_0988_C03,VN_0988,150000,300000,150000,150.000đ - 300.000đ/h
VN_0981_C01,VN_0981,120000,220000,120000,120.000đ - 220.000đ/h
VN_0981_C02,VN_0981,120000,220000,120000,120.000đ - 220.000đ/h
VN_0981_C03,VN_0981,120000,220000,120000,120.000đ - 220.000đ/h
VN_0981_C04,VN_0981,120000,220000,120000,120.000đ - 220.000đ/h
VN_0989_C01,VN_0989,150000,300000,150000,150.000đ - 300.000đ/h
VN_0989_C02,VN_0989,150000,300000,150000,150.000đ - 300.000đ/h
VN_0989_C03,VN_0989,150000,300000,150000,150.000đ - 300.000đ/h
VN_0993_C01,VN_0993,300000,600000,300000,300.000đ - 600.000đ/h
VN_0993_C02,VN_0993,300000,600000,300000,300.000đ - 600.000đ/h
VN_0993_C03,VN_0993,300000,600000,300000,300.000đ - 600.000đ/h
VN_0991_C01,VN_0991,100000,120000,100000,hợp lý, tổ chức lớp học pickleball cơ bản và giải đấu giao lưu
VN_0991_C02,VN_0991,100000,120000,100000,hợp lý, tổ chức lớp học pickleball cơ bản và giải đấu giao lưu
VN_0991_C03,VN_0991,100000,120000,100000,hợp lý, tổ chức lớp học pickleball cơ bản và giải đấu giao lưu
VN_0991_C04,VN_0991,100000,120000,100000,hợp lý, tổ chức lớp học pickleball cơ bản và giải đấu giao lưu
VN_0994_C01,VN_0994,300000,600000,300000,300.000đ - 600.000đ/h
VN_0994_C02,VN_0994,300000,600000,300000,300.000đ - 600.000đ/h
VN_0994_C03,VN_0994,300000,600000,300000,300.000đ - 600.000đ/h
VN_0985_C01,VN_0985,300000,600000,300000,300.000đ - 600.000đ/h
VN_0985_C02,VN_0985,300000,600000,300000,300.000đ - 600.000đ/h
VN_0985_C03,VN_0985,300000,600000,300000,300.000đ - 600.000đ/h
VN_0995_C01,VN_0995,100000,180000,100000,100.000đ - 180.000đ/h
VN_0995_C02,VN_0995,100000,180000,100000,100.000đ - 180.000đ/h
VN_0995_C03,VN_0995,100000,180000,100000,100.000đ - 180.000đ/h
VN_0997_C01,VN_0997,300000,600000,300000,300.000đ - 600.000đ/h
VN_0997_C02,VN_0997,300000,600000,300000,300.000đ - 600.000đ/h
VN_0997_C03,VN_0997,300000,600000,300000,300.000đ - 600.000đ/h
VN_0998_C01,VN_0998,300000,600000,300000,300.000đ - 600.000đ/h
VN_0998_C02,VN_0998,300000,600000,300000,300.000đ - 600.000đ/h
VN_0998_C03,VN_0998,300000,600000,300000,300.000đ - 600.000đ/h
VN_0996_C01,VN_0996,300000,600000,300000,300.000đ - 600.000đ/h
VN_0996_C02,VN_0996,300000,600000,300000,300.000đ - 600.000đ/h
VN_0996_C03,VN_0996,300000,600000,300000,300.000đ - 600.000đ/h
VN_0990_C01,VN_0990,300000,600000,300000,300.000đ - 600.000đ/h
VN_0990_C02,VN_0990,300000,600000,300000,300.000đ - 600.000đ/h
VN_0990_C03,VN_0990,300000,600000,300000,300.000đ - 600.000đ/h
VN_0999_C01,VN_0999,300000,600000,300000,300.000đ - 600.000đ/h
VN_0999_C02,VN_0999,300000,600000,300000,300.000đ - 600.000đ/h
VN_0999_C03,VN_0999,300000,600000,300000,300.000đ - 600.000đ/h
VN_1000_C01,VN_1000,300000,600000,300000,300.000đ - 600.000đ/h
VN_1000_C02,VN_1000,300000,600000,300000,300.000đ - 600.000đ/h
VN_1000_C03,VN_1000,300000,600000,300000,300.000đ - 600.000đ/h
VN_1001_C01,VN_1001,100000,120000,100000,hợp lý, phù hợp cho người mới bắt đầu
VN_1001_C02,VN_1001,100000,120000,100000,hợp lý, phù hợp cho người mới bắt đầu
VN_1001_C03,VN_1001,100000,120000,100000,hợp lý, phù hợp cho người mới bắt đầu
VN_1001_C04,VN_1001,100000,120000,100000,hợp lý, phù hợp cho người mới bắt đầu
VN_1004_C01,VN_1004,300000,600000,300000,300.000đ - 600.000đ/h
VN_1004_C02,VN_1004,300000,600000,300000,300.000đ - 600.000đ/h
VN_1004_C03,VN_1004,300000,600000,300000,300.000đ - 600.000đ/h
VN_1002_C01,VN_1002,150000,300000,150000,150.000đ - 300.000đ/h
VN_1002_C02,VN_1002,150000,300000,150000,150.000đ - 300.000đ/h
VN_1002_C03,VN_1002,150000,300000,150000,150.000đ - 300.000đ/h
VN_1002_C04,VN_1002,150000,300000,150000,150.000đ - 300.000đ/h
VN_1002_C05,VN_1002,150000,300000,150000,150.000đ - 300.000đ/h
VN_1002_C06,VN_1002,150000,300000,150000,150.000đ - 300.000đ/h
VN_1003_C01,VN_1003,300000,600000,300000,300.000đ - 600.000đ/h
VN_1003_C02,VN_1003,300000,600000,300000,300.000đ - 600.000đ/h
VN_1003_C03,VN_1003,300000,600000,300000,300.000đ - 600.000đ/h
VN_1005_C01,VN_1005,100000,120000,100000,hợp lý, tổ chức lớp học pickleball cơ bản và giao lưu định kỳ
VN_1005_C02,VN_1005,100000,120000,100000,hợp lý, tổ chức lớp học pickleball cơ bản và giao lưu định kỳ
VN_1005_C03,VN_1005,100000,120000,100000,hợp lý, tổ chức lớp học pickleball cơ bản và giao lưu định kỳ
VN_1005_C04,VN_1005,100000,120000,100000,hợp lý, tổ chức lớp học pickleball cơ bản và giao lưu định kỳ
VN_1006_C01,VN_1006,180000,320000,180000,180.000đ - 320.000đ/h
VN_1006_C02,VN_1006,180000,320000,180000,180.000đ - 320.000đ/h
VN_1006_C03,VN_1006,180000,320000,180000,180.000đ - 320.000đ/h
VN_1007_C01,VN_1007,150000,300000,150000,150.000đ - 300.000đ/h
VN_1007_C02,VN_1007,150000,300000,150000,150.000đ - 300.000đ/h
VN_1007_C03,VN_1007,150000,300000,150000,150.000đ - 300.000đ/h
VN_1007_C04,VN_1007,150000,300000,150000,150.000đ - 300.000đ/h
VN_1007_C05,VN_1007,150000,300000,150000,150.000đ - 300.000đ/h
VN_1007_C06,VN_1007,150000,300000,150000,150.000đ - 300.000đ/h
VN_1010_C01,VN_1010,100000,120000,100000,hợp lý, tổ chức lớp học pickleball cơ bản và giải đấu giao lưu
VN_1010_C02,VN_1010,100000,120000,100000,hợp lý, tổ chức lớp học pickleball cơ bản và giải đấu giao lưu
VN_1010_C03,VN_1010,100000,120000,100000,hợp lý, tổ chức lớp học pickleball cơ bản và giải đấu giao lưu
VN_1010_C04,VN_1010,100000,120000,100000,hợp lý, tổ chức lớp học pickleball cơ bản và giải đấu giao lưu
VN_1009_C01,VN_1009,120000,220000,120000,120.000đ - 220.000đ/h
VN_1009_C02,VN_1009,120000,220000,120000,120.000đ - 220.000đ/h
VN_1009_C03,VN_1009,120000,220000,120000,120.000đ - 220.000đ/h
VN_1009_C04,VN_1009,120000,220000,120000,120.000đ - 220.000đ/h
VN_1022_C01,VN_1022,300000,600000,300000,300.000đ - 600.000đ/h
VN_1022_C02,VN_1022,300000,600000,300000,300.000đ - 600.000đ/h
VN_1022_C03,VN_1022,300000,600000,300000,300.000đ - 600.000đ/h
VN_1012_C01,VN_1012,300000,600000,300000,300.000đ - 600.000đ/h
VN_1012_C02,VN_1012,300000,600000,300000,300.000đ - 600.000đ/h
VN_1012_C03,VN_1012,300000,600000,300000,300.000đ - 600.000đ/h
VN_1013_C01,VN_1013,300000,600000,300000,300.000đ - 600.000đ/h
VN_1013_C02,VN_1013,300000,600000,300000,300.000đ - 600.000đ/h
VN_1013_C03,VN_1013,300000,600000,300000,300.000đ - 600.000đ/h
VN_1008_C01,VN_1008,300000,600000,300000,300.000đ - 600.000đ/h
VN_1008_C02,VN_1008,300000,600000,300000,300.000đ - 600.000đ/h
VN_1008_C03,VN_1008,300000,600000,300000,300.000đ - 600.000đ/h
VN_1014_C01,VN_1014,300000,600000,300000,300.000đ - 600.000đ/h
VN_1014_C02,VN_1014,300000,600000,300000,300.000đ - 600.000đ/h
VN_1014_C03,VN_1014,300000,600000,300000,300.000đ - 600.000đ/h
VN_1016_C01,VN_1016,300000,600000,300000,300.000đ - 600.000đ/h
VN_1016_C02,VN_1016,300000,600000,300000,300.000đ - 600.000đ/h
VN_1016_C03,VN_1016,300000,600000,300000,300.000đ - 600.000đ/h
VN_1015_C01,VN_1015,300000,600000,300000,300.000đ - 600.000đ/h
VN_1015_C02,VN_1015,300000,600000,300000,300.000đ - 600.000đ/h
VN_1015_C03,VN_1015,300000,600000,300000,300.000đ - 600.000đ/h
VN_1011_C01,VN_1011,150000,300000,150000,150.000đ - 300.000đ/h
VN_1011_C02,VN_1011,150000,300000,150000,150.000đ - 300.000đ/h
VN_1011_C03,VN_1011,150000,300000,150000,150.000đ - 300.000đ/h
VN_1011_C04,VN_1011,150000,300000,150000,150.000đ - 300.000đ/h
VN_1011_C05,VN_1011,150000,300000,150000,150.000đ - 300.000đ/h
VN_1011_C06,VN_1011,150000,300000,150000,150.000đ - 300.000đ/h
VN_1017_C01,VN_1017,150000,300000,150000,150.000đ - 300.000đ/h
VN_1017_C02,VN_1017,150000,300000,150000,150.000đ - 300.000đ/h
VN_1017_C03,VN_1017,150000,300000,150000,150.000đ - 300.000đ/h
VN_1017_C04,VN_1017,150000,300000,150000,150.000đ - 300.000đ/h
VN_1017_C05,VN_1017,150000,300000,150000,150.000đ - 300.000đ/h
VN_1017_C06,VN_1017,150000,300000,150000,150.000đ - 300.000đ/h
VN_1018_C01,VN_1018,300000,600000,300000,300.000đ - 600.000đ/h
VN_1018_C02,VN_1018,300000,600000,300000,300.000đ - 600.000đ/h
VN_1018_C03,VN_1018,300000,600000,300000,300.000đ - 600.000đ/h
VN_1019_C01,VN_1019,300000,600000,300000,300.000đ - 600.000đ/h
VN_1019_C02,VN_1019,300000,600000,300000,300.000đ - 600.000đ/h
VN_1019_C03,VN_1019,300000,600000,300000,300.000đ - 600.000đ/h
VN_1020_C01,VN_1020,150000,300000,150000,150.000đ - 300.000đ/h
VN_1020_C02,VN_1020,150000,300000,150000,150.000đ - 300.000đ/h
VN_1020_C03,VN_1020,150000,300000,150000,150.000đ - 300.000đ/h
VN_1020_C04,VN_1020,150000,300000,150000,150.000đ - 300.000đ/h
VN_1020_C05,VN_1020,150000,300000,150000,150.000đ - 300.000đ/h
VN_1020_C06,VN_1020,150000,300000,150000,150.000đ - 300.000đ/h
VN_1023_C01,VN_1023,150000,300000,150000,150.000đ - 300.000đ/h
VN_1023_C02,VN_1023,150000,300000,150000,150.000đ - 300.000đ/h
VN_1023_C03,VN_1023,150000,300000,150000,150.000đ - 300.000đ/h
VN_1023_C04,VN_1023,150000,300000,150000,150.000đ - 300.000đ/h
VN_1023_C05,VN_1023,150000,300000,150000,150.000đ - 300.000đ/h
VN_1023_C06,VN_1023,150000,300000,150000,150.000đ - 300.000đ/h
VN_1025_C01,VN_1025,300000,600000,300000,300.000đ - 600.000đ/h
VN_1025_C02,VN_1025,300000,600000,300000,300.000đ - 600.000đ/h
VN_1025_C03,VN_1025,300000,600000,300000,300.000đ - 600.000đ/h
VN_1024_C01,VN_1024,300000,600000,300000,300.000đ - 600.000đ/h
VN_1024_C02,VN_1024,300000,600000,300000,300.000đ - 600.000đ/h
VN_1024_C03,VN_1024,300000,600000,300000,300.000đ - 600.000đ/h
VN_1027_C01,VN_1027,300000,600000,300000,300.000đ - 600.000đ/h
VN_1027_C02,VN_1027,300000,600000,300000,300.000đ - 600.000đ/h
VN_1027_C03,VN_1027,300000,600000,300000,300.000đ - 600.000đ/h
VN_1021_C01,VN_1021,300000,600000,300000,300.000đ - 600.000đ/h
VN_1021_C02,VN_1021,300000,600000,300000,300.000đ - 600.000đ/h
VN_1021_C03,VN_1021,300000,600000,300000,300.000đ - 600.000đ/h
VN_1026_C01,VN_1026,300000,600000,300000,300.000đ - 600.000đ/h
VN_1026_C02,VN_1026,300000,600000,300000,300.000đ - 600.000đ/h
VN_1026_C03,VN_1026,300000,600000,300000,300.000đ - 600.000đ/h
VN_1030_C01,VN_1030,300000,600000,300000,300.000đ - 600.000đ/h
VN_1030_C02,VN_1030,300000,600000,300000,300.000đ - 600.000đ/h
VN_1030_C03,VN_1030,300000,600000,300000,300.000đ - 600.000đ/h
VN_1028_C01,VN_1028,300000,600000,300000,300.000đ - 600.000đ/h
VN_1028_C02,VN_1028,300000,600000,300000,300.000đ - 600.000đ/h
VN_1028_C03,VN_1028,300000,600000,300000,300.000đ - 600.000đ/h
VN_1029_C01,VN_1029,150000,300000,150000,150.000đ - 300.000đ/h
VN_1029_C02,VN_1029,150000,300000,150000,150.000đ - 300.000đ/h
VN_1029_C03,VN_1029,150000,300000,150000,150.000đ - 300.000đ/h
VN_1032_C01,VN_1032,300000,600000,300000,300.000đ - 600.000đ/h
VN_1032_C02,VN_1032,300000,600000,300000,300.000đ - 600.000đ/h
VN_1032_C03,VN_1032,300000,600000,300000,300.000đ - 600.000đ/h
VN_1031_C01,VN_1031,300000,600000,300000,300.000đ - 600.000đ/h
VN_1031_C02,VN_1031,300000,600000,300000,300.000đ - 600.000đ/h
VN_1031_C03,VN_1031,300000,600000,300000,300.000đ - 600.000đ/h
VN_1035_C01,VN_1035,150000,300000,150000,150.000đ - 300.000đ/h
VN_1035_C02,VN_1035,150000,300000,150000,150.000đ - 300.000đ/h
VN_1035_C03,VN_1035,150000,300000,150000,150.000đ - 300.000đ/h
VN_1035_C04,VN_1035,150000,300000,150000,150.000đ - 300.000đ/h
VN_1035_C05,VN_1035,150000,300000,150000,150.000đ - 300.000đ/h
VN_1035_C06,VN_1035,150000,300000,150000,150.000đ - 300.000đ/h
VN_1034_C01,VN_1034,300000,600000,300000,300.000đ - 600.000đ/h
VN_1034_C02,VN_1034,300000,600000,300000,300.000đ - 600.000đ/h
VN_1034_C03,VN_1034,300000,600000,300000,300.000đ - 600.000đ/h
VN_1033_C01,VN_1033,300000,600000,300000,300.000đ - 600.000đ/h
VN_1033_C02,VN_1033,300000,600000,300000,300.000đ - 600.000đ/h
VN_1033_C03,VN_1033,300000,600000,300000,300.000đ - 600.000đ/h
VN_1036_C01,VN_1036,300000,600000,300000,300.000đ - 600.000đ/h
VN_1036_C02,VN_1036,300000,600000,300000,300.000đ - 600.000đ/h
VN_1036_C03,VN_1036,300000,600000,300000,300.000đ - 600.000đ/h
VN_1037_C01,VN_1037,150000,300000,150000,150.000đ - 300.000đ/h
VN_1037_C02,VN_1037,150000,300000,150000,150.000đ - 300.000đ/h
VN_1037_C03,VN_1037,150000,300000,150000,150.000đ - 300.000đ/h
VN_1037_C04,VN_1037,150000,300000,150000,150.000đ - 300.000đ/h
VN_1037_C05,VN_1037,150000,300000,150000,150.000đ - 300.000đ/h
VN_1037_C06,VN_1037,150000,300000,150000,150.000đ - 300.000đ/h
VN_1040_C01,VN_1040,300000,600000,300000,300.000đ - 600.000đ/h
VN_1040_C02,VN_1040,300000,600000,300000,300.000đ - 600.000đ/h
VN_1040_C03,VN_1040,300000,600000,300000,300.000đ - 600.000đ/h
VN_1043_C01,VN_1043,150000,300000,150000,150.000đ - 300.000đ/h
VN_1043_C02,VN_1043,150000,300000,150000,150.000đ - 300.000đ/h
VN_1043_C03,VN_1043,150000,300000,150000,150.000đ - 300.000đ/h
VN_1043_C04,VN_1043,150000,300000,150000,150.000đ - 300.000đ/h
VN_1043_C05,VN_1043,150000,300000,150000,150.000đ - 300.000đ/h
VN_1043_C06,VN_1043,150000,300000,150000,150.000đ - 300.000đ/h
VN_1042_C01,VN_1042,300000,600000,300000,300.000đ - 600.000đ/h
VN_1042_C02,VN_1042,300000,600000,300000,300.000đ - 600.000đ/h
VN_1042_C03,VN_1042,300000,600000,300000,300.000đ - 600.000đ/h
VN_1039_C01,VN_1039,300000,600000,300000,300.000đ - 600.000đ/h
VN_1039_C02,VN_1039,300000,600000,300000,300.000đ - 600.000đ/h
VN_1039_C03,VN_1039,300000,600000,300000,300.000đ - 600.000đ/h
VN_1044_C01,VN_1044,150000,300000,150000,150.000đ - 300.000đ/h
VN_1044_C02,VN_1044,150000,300000,150000,150.000đ - 300.000đ/h
VN_1044_C03,VN_1044,150000,300000,150000,150.000đ - 300.000đ/h
VN_1044_C04,VN_1044,150000,300000,150000,150.000đ - 300.000đ/h
VN_1044_C05,VN_1044,150000,300000,150000,150.000đ - 300.000đ/h
VN_1044_C06,VN_1044,150000,300000,150000,150.000đ - 300.000đ/h
VN_1041_C01,VN_1041,300000,600000,300000,300.000đ - 600.000đ/h
VN_1041_C02,VN_1041,300000,600000,300000,300.000đ - 600.000đ/h
VN_1041_C03,VN_1041,300000,600000,300000,300.000đ - 600.000đ/h
VN_1048_C01,VN_1048,150000,300000,150000,150.000đ - 300.000đ/h
VN_1048_C02,VN_1048,150000,300000,150000,150.000đ - 300.000đ/h
VN_1048_C03,VN_1048,150000,300000,150000,150.000đ - 300.000đ/h
VN_1048_C04,VN_1048,150000,300000,150000,150.000đ - 300.000đ/h
VN_1048_C05,VN_1048,150000,300000,150000,150.000đ - 300.000đ/h
VN_1048_C06,VN_1048,150000,300000,150000,150.000đ - 300.000đ/h
VN_1046_C01,VN_1046,150000,300000,150000,150.000đ - 300.000đ/h
VN_1046_C02,VN_1046,150000,300000,150000,150.000đ - 300.000đ/h
VN_1046_C03,VN_1046,150000,300000,150000,150.000đ - 300.000đ/h
VN_1046_C04,VN_1046,150000,300000,150000,150.000đ - 300.000đ/h
VN_1046_C05,VN_1046,150000,300000,150000,150.000đ - 300.000đ/h
VN_1046_C06,VN_1046,150000,300000,150000,150.000đ - 300.000đ/h
VN_1049_C01,VN_1049,300000,600000,300000,300.000đ - 600.000đ/h
VN_1049_C02,VN_1049,300000,600000,300000,300.000đ - 600.000đ/h
VN_1049_C03,VN_1049,300000,600000,300000,300.000đ - 600.000đ/h
VN_1047_C01,VN_1047,300000,600000,300000,300.000đ - 600.000đ/h
VN_1047_C02,VN_1047,300000,600000,300000,300.000đ - 600.000đ/h
VN_1047_C03,VN_1047,300000,600000,300000,300.000đ - 600.000đ/h
VN_1050_C01,VN_1050,150000,300000,150000,150.000đ - 300.000đ/h
VN_1050_C02,VN_1050,150000,300000,150000,150.000đ - 300.000đ/h
VN_1050_C03,VN_1050,150000,300000,150000,150.000đ - 300.000đ/h
VN_1050_C04,VN_1050,150000,300000,150000,150.000đ - 300.000đ/h
VN_1050_C05,VN_1050,150000,300000,150000,150.000đ - 300.000đ/h
VN_1050_C06,VN_1050,150000,300000,150000,150.000đ - 300.000đ/h
VN_1051_C01,VN_1051,300000,600000,300000,300.000đ - 600.000đ/h
VN_1051_C02,VN_1051,300000,600000,300000,300.000đ - 600.000đ/h
VN_1051_C03,VN_1051,300000,600000,300000,300.000đ - 600.000đ/h
VN_1052_C01,VN_1052,300000,600000,300000,300.000đ - 600.000đ/h
VN_1052_C02,VN_1052,300000,600000,300000,300.000đ - 600.000đ/h
VN_1052_C03,VN_1052,300000,600000,300000,300.000đ - 600.000đ/h
VN_1053_C01,VN_1053,300000,600000,300000,300.000đ - 600.000đ/h
VN_1053_C02,VN_1053,300000,600000,300000,300.000đ - 600.000đ/h
VN_1053_C03,VN_1053,300000,600000,300000,300.000đ - 600.000đ/h
VN_1055_C01,VN_1055,150000,300000,150000,150.000đ - 300.000đ/h
VN_1055_C02,VN_1055,150000,300000,150000,150.000đ - 300.000đ/h
VN_1055_C03,VN_1055,150000,300000,150000,150.000đ - 300.000đ/h
VN_1055_C04,VN_1055,150000,300000,150000,150.000đ - 300.000đ/h
VN_1055_C05,VN_1055,150000,300000,150000,150.000đ - 300.000đ/h
VN_1055_C06,VN_1055,150000,300000,150000,150.000đ - 300.000đ/h
VN_1056_C01,VN_1056,300000,600000,300000,300.000đ - 600.000đ/h
VN_1056_C02,VN_1056,300000,600000,300000,300.000đ - 600.000đ/h
VN_1056_C03,VN_1056,300000,600000,300000,300.000đ - 600.000đ/h
VN_1057_C01,VN_1057,150000,300000,150000,150.000đ - 300.000đ/h
VN_1057_C02,VN_1057,150000,300000,150000,150.000đ - 300.000đ/h
VN_1057_C03,VN_1057,150000,300000,150000,150.000đ - 300.000đ/h
VN_1057_C04,VN_1057,150000,300000,150000,150.000đ - 300.000đ/h
VN_1057_C05,VN_1057,150000,300000,150000,150.000đ - 300.000đ/h
VN_1057_C06,VN_1057,150000,300000,150000,150.000đ - 300.000đ/h
VN_1045_C01,VN_1045,300000,600000,300000,300.000đ - 600.000đ/h
VN_1045_C02,VN_1045,300000,600000,300000,300.000đ - 600.000đ/h
VN_1045_C03,VN_1045,300000,600000,300000,300.000đ - 600.000đ/h
VN_1058_C01,VN_1058,150000,300000,150000,150.000đ - 300.000đ/h
VN_1058_C02,VN_1058,150000,300000,150000,150.000đ - 300.000đ/h
VN_1058_C03,VN_1058,150000,300000,150000,150.000đ - 300.000đ/h
VN_1060_C01,VN_1060,150000,300000,150000,150.000đ - 300.000đ/h
VN_1060_C02,VN_1060,150000,300000,150000,150.000đ - 300.000đ/h
VN_1060_C03,VN_1060,150000,300000,150000,150.000đ - 300.000đ/h
VN_1060_C04,VN_1060,150000,300000,150000,150.000đ - 300.000đ/h
VN_1060_C05,VN_1060,150000,300000,150000,150.000đ - 300.000đ/h
VN_1060_C06,VN_1060,150000,300000,150000,150.000đ - 300.000đ/h
VN_1061_C01,VN_1061,300000,600000,300000,300.000đ - 600.000đ/h
VN_1061_C02,VN_1061,300000,600000,300000,300.000đ - 600.000đ/h
VN_1061_C03,VN_1061,300000,600000,300000,300.000đ - 600.000đ/h
VN_1063_C01,VN_1063,300000,600000,300000,300.000đ - 600.000đ/h
VN_1063_C02,VN_1063,300000,600000,300000,300.000đ - 600.000đ/h
VN_1063_C03,VN_1063,300000,600000,300000,300.000đ - 600.000đ/h
VN_1062_C01,VN_1062,150000,300000,150000,150.000đ - 300.000đ/h
VN_1062_C02,VN_1062,150000,300000,150000,150.000đ - 300.000đ/h
VN_1062_C03,VN_1062,150000,300000,150000,150.000đ - 300.000đ/h
VN_1062_C04,VN_1062,150000,300000,150000,150.000đ - 300.000đ/h
VN_1062_C05,VN_1062,150000,300000,150000,150.000đ - 300.000đ/h
VN_1062_C06,VN_1062,150000,300000,150000,150.000đ - 300.000đ/h
VN_1064_C01,VN_1064,120000,220000,120000,120.000đ - 220.000đ/h
VN_1064_C02,VN_1064,120000,220000,120000,120.000đ - 220.000đ/h
VN_1064_C03,VN_1064,120000,220000,120000,120.000đ - 220.000đ/h
VN_1064_C04,VN_1064,120000,220000,120000,120.000đ - 220.000đ/h
VN_1054_C01,VN_1054,150000,300000,150000,150.000đ - 300.000đ/h
VN_1054_C02,VN_1054,150000,300000,150000,150.000đ - 300.000đ/h
VN_1054_C03,VN_1054,150000,300000,150000,150.000đ - 300.000đ/h
VN_1054_C04,VN_1054,150000,300000,150000,150.000đ - 300.000đ/h
VN_1054_C05,VN_1054,150000,300000,150000,150.000đ - 300.000đ/h
VN_1054_C06,VN_1054,150000,300000,150000,150.000đ - 300.000đ/h
VN_1065_C01,VN_1065,100000,120000,100000,cả hợp lý để tập luyện và thi đấu
VN_1065_C02,VN_1065,100000,120000,100000,cả hợp lý để tập luyện và thi đấu
VN_1065_C03,VN_1065,100000,120000,100000,cả hợp lý để tập luyện và thi đấu
VN_1065_C04,VN_1065,100000,120000,100000,cả hợp lý để tập luyện và thi đấu
VN_1059_C01,VN_1059,300000,600000,300000,300.000đ - 600.000đ/h
VN_1059_C02,VN_1059,300000,600000,300000,300.000đ - 600.000đ/h
VN_1059_C03,VN_1059,300000,600000,300000,300.000đ - 600.000đ/h
VN_1067_C01,VN_1067,300000,600000,300000,300.000đ - 600.000đ/h
VN_1067_C02,VN_1067,300000,600000,300000,300.000đ - 600.000đ/h
VN_1067_C03,VN_1067,300000,600000,300000,300.000đ - 600.000đ/h
VN_1068_C01,VN_1068,100000,120000,100000,cả hợp lý để tập luyện và thi đấu
VN_1068_C02,VN_1068,100000,120000,100000,cả hợp lý để tập luyện và thi đấu
VN_1068_C03,VN_1068,100000,120000,100000,cả hợp lý để tập luyện và thi đấu
VN_1068_C04,VN_1068,100000,120000,100000,cả hợp lý để tập luyện và thi đấu
VN_1069_C01,VN_1069,300000,600000,300000,300.000đ - 600.000đ/h
VN_1069_C02,VN_1069,300000,600000,300000,300.000đ - 600.000đ/h
VN_1069_C03,VN_1069,300000,600000,300000,300.000đ - 600.000đ/h
VN_1070_C01,VN_1070,300000,600000,300000,300.000đ - 600.000đ/h
VN_1070_C02,VN_1070,300000,600000,300000,300.000đ - 600.000đ/h
VN_1070_C03,VN_1070,300000,600000,300000,300.000đ - 600.000đ/h
VN_1066_C01,VN_1066,100000,120000,100000,cả hợp lý để tập luyện và thi đấu
VN_1066_C02,VN_1066,100000,120000,100000,cả hợp lý để tập luyện và thi đấu
VN_1066_C03,VN_1066,100000,120000,100000,cả hợp lý để tập luyện và thi đấu
VN_1066_C04,VN_1066,100000,120000,100000,cả hợp lý để tập luyện và thi đấu
VN_1071_C01,VN_1071,100000,120000,100000,cả hợp lý để tập luyện và thi đấu
VN_1071_C02,VN_1071,100000,120000,100000,cả hợp lý để tập luyện và thi đấu
VN_1071_C03,VN_1071,100000,120000,100000,cả hợp lý để tập luyện và thi đấu
VN_1071_C04,VN_1071,100000,120000,100000,cả hợp lý để tập luyện và thi đấu
VN_1074_C01,VN_1074,300000,600000,300000,300.000đ - 600.000đ/h
VN_1074_C02,VN_1074,300000,600000,300000,300.000đ - 600.000đ/h
VN_1074_C03,VN_1074,300000,600000,300000,300.000đ - 600.000đ/h
VN_1073_C01,VN_1073,120000,220000,120000,120.000đ - 220.000đ/h
VN_1073_C02,VN_1073,120000,220000,120000,120.000đ - 220.000đ/h
VN_1073_C03,VN_1073,120000,220000,120000,120.000đ - 220.000đ/h
VN_1073_C04,VN_1073,120000,220000,120000,120.000đ - 220.000đ/h
VN_1078_C01,VN_1078,300000,600000,300000,300.000đ - 600.000đ/h
VN_1078_C02,VN_1078,300000,600000,300000,300.000đ - 600.000đ/h
VN_1078_C03,VN_1078,300000,600000,300000,300.000đ - 600.000đ/h
VN_1075_C01,VN_1075,300000,600000,300000,300.000đ - 600.000đ/h
VN_1075_C02,VN_1075,300000,600000,300000,300.000đ - 600.000đ/h
VN_1075_C03,VN_1075,300000,600000,300000,300.000đ - 600.000đ/h
VN_1077_C01,VN_1077,300000,600000,300000,300.000đ - 600.000đ/h
VN_1077_C02,VN_1077,300000,600000,300000,300.000đ - 600.000đ/h
VN_1077_C03,VN_1077,300000,600000,300000,300.000đ - 600.000đ/h
VN_1079_C01,VN_1079,150000,300000,150000,150.000đ - 300.000đ/h
VN_1079_C02,VN_1079,150000,300000,150000,150.000đ - 300.000đ/h
VN_1079_C03,VN_1079,150000,300000,150000,150.000đ - 300.000đ/h
VN_1079_C04,VN_1079,150000,300000,150000,150.000đ - 300.000đ/h
VN_1079_C05,VN_1079,150000,300000,150000,150.000đ - 300.000đ/h
VN_1079_C06,VN_1079,150000,300000,150000,150.000đ - 300.000đ/h
VN_1076_C01,VN_1076,150000,300000,150000,150.000đ - 300.000đ/h
VN_1076_C02,VN_1076,150000,300000,150000,150.000đ - 300.000đ/h
VN_1076_C03,VN_1076,150000,300000,150000,150.000đ - 300.000đ/h
VN_1076_C04,VN_1076,150000,300000,150000,150.000đ - 300.000đ/h
VN_1076_C05,VN_1076,150000,300000,150000,150.000đ - 300.000đ/h
VN_1076_C06,VN_1076,150000,300000,150000,150.000đ - 300.000đ/h
VN_1080_C01,VN_1080,300000,600000,300000,300.000đ - 600.000đ/h
VN_1080_C02,VN_1080,300000,600000,300000,300.000đ - 600.000đ/h
VN_1080_C03,VN_1080,300000,600000,300000,300.000đ - 600.000đ/h
VN_1072_C01,VN_1072,100000,120000,100000,cả hợp lý để tập luyện và thi đấu
VN_1072_C02,VN_1072,100000,120000,100000,cả hợp lý để tập luyện và thi đấu
VN_1072_C03,VN_1072,100000,120000,100000,cả hợp lý để tập luyện và thi đấu
VN_1072_C04,VN_1072,100000,120000,100000,cả hợp lý để tập luyện và thi đấu
VN_1081_C01,VN_1081,300000,600000,300000,300.000đ - 600.000đ/h
VN_1081_C02,VN_1081,300000,600000,300000,300.000đ - 600.000đ/h
VN_1081_C03,VN_1081,300000,600000,300000,300.000đ - 600.000đ/h
VN_1082_C01,VN_1082,300000,600000,300000,300.000đ - 600.000đ/h
VN_1082_C02,VN_1082,300000,600000,300000,300.000đ - 600.000đ/h
VN_1082_C03,VN_1082,300000,600000,300000,300.000đ - 600.000đ/h
VN_1083_C01,VN_1083,120000,220000,120000,120.000đ - 220.000đ/h
VN_1083_C02,VN_1083,120000,220000,120000,120.000đ - 220.000đ/h
VN_1083_C03,VN_1083,120000,220000,120000,120.000đ - 220.000đ/h
VN_1083_C04,VN_1083,120000,220000,120000,120.000đ - 220.000đ/h
VN_1084_C01,VN_1084,300000,600000,300000,300.000đ - 600.000đ/h
VN_1084_C02,VN_1084,300000,600000,300000,300.000đ - 600.000đ/h
VN_1084_C03,VN_1084,300000,600000,300000,300.000đ - 600.000đ/h
VN_1085_C01,VN_1085,300000,600000,300000,300.000đ - 600.000đ/h
VN_1085_C02,VN_1085,300000,600000,300000,300.000đ - 600.000đ/h
VN_1085_C03,VN_1085,300000,600000,300000,300.000đ - 600.000đ/h
VN_1086_C01,VN_1086,300000,600000,300000,300.000đ - 600.000đ/h
VN_1086_C02,VN_1086,300000,600000,300000,300.000đ - 600.000đ/h
VN_1086_C03,VN_1086,300000,600000,300000,300.000đ - 600.000đ/h
VN_1087_C01,VN_1087,300000,600000,300000,300.000đ - 600.000đ/h
VN_1087_C02,VN_1087,300000,600000,300000,300.000đ - 600.000đ/h
VN_1087_C03,VN_1087,300000,600000,300000,300.000đ - 600.000đ/h
VN_1088_C01,VN_1088,300000,600000,300000,300.000đ - 600.000đ/h
VN_1088_C02,VN_1088,300000,600000,300000,300.000đ - 600.000đ/h
VN_1088_C03,VN_1088,300000,600000,300000,300.000đ - 600.000đ/h
VN_1090_C01,VN_1090,150000,300000,150000,150.000đ - 300.000đ/h
VN_1090_C02,VN_1090,150000,300000,150000,150.000đ - 300.000đ/h
VN_1090_C03,VN_1090,150000,300000,150000,150.000đ - 300.000đ/h
VN_1090_C04,VN_1090,150000,300000,150000,150.000đ - 300.000đ/h
VN_1090_C05,VN_1090,150000,300000,150000,150.000đ - 300.000đ/h
VN_1090_C06,VN_1090,150000,300000,150000,150.000đ - 300.000đ/h
VN_1093_C01,VN_1093,120000,220000,120000,120.000đ - 220.000đ/h
VN_1093_C02,VN_1093,120000,220000,120000,120.000đ - 220.000đ/h
VN_1093_C03,VN_1093,120000,220000,120000,120.000đ - 220.000đ/h
VN_1093_C04,VN_1093,120000,220000,120000,120.000đ - 220.000đ/h
VN_1095_C01,VN_1095,300000,600000,300000,300.000đ - 600.000đ/h
VN_1095_C02,VN_1095,300000,600000,300000,300.000đ - 600.000đ/h
VN_1095_C03,VN_1095,300000,600000,300000,300.000đ - 600.000đ/h
VN_1092_C01,VN_1092,300000,600000,300000,300.000đ - 600.000đ/h
VN_1092_C02,VN_1092,300000,600000,300000,300.000đ - 600.000đ/h
VN_1092_C03,VN_1092,300000,600000,300000,300.000đ - 600.000đ/h
VN_1096_C01,VN_1096,300000,600000,300000,300.000đ - 600.000đ/h
VN_1096_C02,VN_1096,300000,600000,300000,300.000đ - 600.000đ/h
VN_1096_C03,VN_1096,300000,600000,300000,300.000đ - 600.000đ/h
VN_1098_C01,VN_1098,300000,600000,300000,300.000đ - 600.000đ/h
VN_1098_C02,VN_1098,300000,600000,300000,300.000đ - 600.000đ/h
VN_1098_C03,VN_1098,300000,600000,300000,300.000đ - 600.000đ/h
VN_1097_C01,VN_1097,150000,300000,150000,150.000đ - 300.000đ/h
VN_1097_C02,VN_1097,150000,300000,150000,150.000đ - 300.000đ/h
VN_1097_C03,VN_1097,150000,300000,150000,150.000đ - 300.000đ/h
VN_1097_C04,VN_1097,150000,300000,150000,150.000đ - 300.000đ/h
VN_1097_C05,VN_1097,150000,300000,150000,150.000đ - 300.000đ/h
VN_1097_C06,VN_1097,150000,300000,150000,150.000đ - 300.000đ/h
VN_1099_C01,VN_1099,300000,600000,300000,300.000đ - 600.000đ/h
VN_1099_C02,VN_1099,300000,600000,300000,300.000đ - 600.000đ/h
VN_1099_C03,VN_1099,300000,600000,300000,300.000đ - 600.000đ/h
VN_1091_C01,VN_1091,120000,220000,120000,120.000đ - 220.000đ/h
VN_1091_C02,VN_1091,120000,220000,120000,120.000đ - 220.000đ/h
VN_1091_C03,VN_1091,120000,220000,120000,120.000đ - 220.000đ/h
VN_1091_C04,VN_1091,120000,220000,120000,120.000đ - 220.000đ/h
VN_1100_C01,VN_1100,300000,600000,300000,300.000đ - 600.000đ/h
VN_1100_C02,VN_1100,300000,600000,300000,300.000đ - 600.000đ/h
VN_1100_C03,VN_1100,300000,600000,300000,300.000đ - 600.000đ/h
VN_1102_C01,VN_1102,150000,300000,150000,150.000đ - 300.000đ/h
VN_1102_C02,VN_1102,150000,300000,150000,150.000đ - 300.000đ/h
VN_1102_C03,VN_1102,150000,300000,150000,150.000đ - 300.000đ/h
VN_1102_C04,VN_1102,150000,300000,150000,150.000đ - 300.000đ/h
VN_1102_C05,VN_1102,150000,300000,150000,150.000đ - 300.000đ/h
VN_1102_C06,VN_1102,150000,300000,150000,150.000đ - 300.000đ/h
VN_1101_C01,VN_1101,150000,300000,150000,150.000đ - 300.000đ/h
VN_1101_C02,VN_1101,150000,300000,150000,150.000đ - 300.000đ/h
VN_1101_C03,VN_1101,150000,300000,150000,150.000đ - 300.000đ/h
VN_1101_C04,VN_1101,150000,300000,150000,150.000đ - 300.000đ/h
VN_1101_C05,VN_1101,150000,300000,150000,150.000đ - 300.000đ/h
VN_1101_C06,VN_1101,150000,300000,150000,150.000đ - 300.000đ/h
VN_1094_C01,VN_1094,300000,600000,300000,300.000đ - 600.000đ/h
VN_1094_C02,VN_1094,300000,600000,300000,300.000đ - 600.000đ/h
VN_1094_C03,VN_1094,300000,600000,300000,300.000đ - 600.000đ/h
VN_1089_C01,VN_1089,300000,600000,300000,300.000đ - 600.000đ/h
VN_1089_C02,VN_1089,300000,600000,300000,300.000đ - 600.000đ/h
VN_1089_C03,VN_1089,300000,600000,300000,300.000đ - 600.000đ/h
VN_1103_C01,VN_1103,300000,600000,300000,300.000đ - 600.000đ/h
VN_1103_C02,VN_1103,300000,600000,300000,300.000đ - 600.000đ/h
VN_1103_C03,VN_1103,300000,600000,300000,300.000đ - 600.000đ/h
VN_1105_C01,VN_1105,100000,120000,100000,ưu đãi nhất!
VN_1105_C02,VN_1105,100000,120000,100000,ưu đãi nhất!
VN_1105_C03,VN_1105,100000,120000,100000,ưu đãi nhất!
VN_1105_C04,VN_1105,100000,120000,100000,ưu đãi nhất!
VN_1105_C05,VN_1105,100000,120000,100000,ưu đãi nhất!
VN_1105_C06,VN_1105,100000,120000,100000,ưu đãi nhất!
VN_1104_C01,VN_1104,150000,300000,150000,150.000đ - 300.000đ/h
VN_1104_C02,VN_1104,150000,300000,150000,150.000đ - 300.000đ/h
VN_1104_C03,VN_1104,150000,300000,150000,150.000đ - 300.000đ/h
VN_1104_C04,VN_1104,150000,300000,150000,150.000đ - 300.000đ/h
VN_1104_C05,VN_1104,150000,300000,150000,150.000đ - 300.000đ/h
VN_1104_C06,VN_1104,150000,300000,150000,150.000đ - 300.000đ/h
VN_1106_C01,VN_1106,150000,300000,150000,150.000đ - 300.000đ/h
VN_1106_C02,VN_1106,150000,300000,150000,150.000đ - 300.000đ/h
VN_1106_C03,VN_1106,150000,300000,150000,150.000đ - 300.000đ/h
VN_1106_C04,VN_1106,150000,300000,150000,150.000đ - 300.000đ/h
VN_1106_C05,VN_1106,150000,300000,150000,150.000đ - 300.000đ/h
VN_1106_C06,VN_1106,150000,300000,150000,150.000đ - 300.000đ/h
VN_1108_C01,VN_1108,300000,600000,300000,300.000đ - 600.000đ/h
VN_1108_C02,VN_1108,300000,600000,300000,300.000đ - 600.000đ/h
VN_1108_C03,VN_1108,300000,600000,300000,300.000đ - 600.000đ/h
VN_1107_C01,VN_1107,300000,600000,300000,300.000đ - 600.000đ/h
VN_1107_C02,VN_1107,300000,600000,300000,300.000đ - 600.000đ/h
VN_1107_C03,VN_1107,300000,600000,300000,300.000đ - 600.000đ/h
VN_1111_C01,VN_1111,300000,600000,300000,300.000đ - 600.000đ/h
VN_1111_C02,VN_1111,300000,600000,300000,300.000đ - 600.000đ/h
VN_1111_C03,VN_1111,300000,600000,300000,300.000đ - 600.000đ/h
VN_1110_C01,VN_1110,300000,600000,300000,300.000đ - 600.000đ/h
VN_1110_C02,VN_1110,300000,600000,300000,300.000đ - 600.000đ/h
VN_1110_C03,VN_1110,300000,600000,300000,300.000đ - 600.000đ/h
VN_1112_C01,VN_1112,300000,600000,300000,300.000đ - 600.000đ/h
VN_1112_C02,VN_1112,300000,600000,300000,300.000đ - 600.000đ/h
VN_1112_C03,VN_1112,300000,600000,300000,300.000đ - 600.000đ/h
VN_1109_C01,VN_1109,300000,600000,300000,300.000đ - 600.000đ/h
VN_1109_C02,VN_1109,300000,600000,300000,300.000đ - 600.000đ/h
VN_1109_C03,VN_1109,300000,600000,300000,300.000đ - 600.000đ/h
VN_1113_C01,VN_1113,300000,600000,300000,300.000đ - 600.000đ/h
VN_1113_C02,VN_1113,300000,600000,300000,300.000đ - 600.000đ/h
VN_1113_C03,VN_1113,300000,600000,300000,300.000đ - 600.000đ/h
VN_1114_C01,VN_1114,150000,300000,150000,150.000đ - 300.000đ/h
VN_1114_C02,VN_1114,150000,300000,150000,150.000đ - 300.000đ/h
VN_1114_C03,VN_1114,150000,300000,150000,150.000đ - 300.000đ/h
VN_1114_C04,VN_1114,150000,300000,150000,150.000đ - 300.000đ/h
VN_1114_C05,VN_1114,150000,300000,150000,150.000đ - 300.000đ/h
VN_1114_C06,VN_1114,150000,300000,150000,150.000đ - 300.000đ/h
VN_1115_C01,VN_1115,300000,600000,300000,300.000đ - 600.000đ/h
VN_1115_C02,VN_1115,300000,600000,300000,300.000đ - 600.000đ/h
VN_1115_C03,VN_1115,300000,600000,300000,300.000đ - 600.000đ/h
VN_1116_C01,VN_1116,300000,600000,300000,300.000đ - 600.000đ/h
VN_1116_C02,VN_1116,300000,600000,300000,300.000đ - 600.000đ/h
VN_1116_C03,VN_1116,300000,600000,300000,300.000đ - 600.000đ/h
VN_1117_C01,VN_1117,300000,600000,300000,300.000đ - 600.000đ/h
VN_1117_C02,VN_1117,300000,600000,300000,300.000đ - 600.000đ/h
VN_1117_C03,VN_1117,300000,600000,300000,300.000đ - 600.000đ/h
VN_1120_C01,VN_1120,150000,300000,150000,150.000đ - 300.000đ/h
VN_1120_C02,VN_1120,150000,300000,150000,150.000đ - 300.000đ/h
VN_1120_C03,VN_1120,150000,300000,150000,150.000đ - 300.000đ/h
VN_1120_C04,VN_1120,150000,300000,150000,150.000đ - 300.000đ/h
VN_1120_C05,VN_1120,150000,300000,150000,150.000đ - 300.000đ/h
VN_1120_C06,VN_1120,150000,300000,150000,150.000đ - 300.000đ/h
VN_1121_C01,VN_1121,300000,600000,300000,300.000đ - 600.000đ/h
VN_1121_C02,VN_1121,300000,600000,300000,300.000đ - 600.000đ/h
VN_1121_C03,VN_1121,300000,600000,300000,300.000đ - 600.000đ/h
VN_1122_C01,VN_1122,300000,600000,300000,300.000đ - 600.000đ/h
VN_1122_C02,VN_1122,300000,600000,300000,300.000đ - 600.000đ/h
VN_1122_C03,VN_1122,300000,600000,300000,300.000đ - 600.000đ/h
VN_1123_C01,VN_1123,300000,600000,300000,300.000đ - 600.000đ/h
VN_1123_C02,VN_1123,300000,600000,300000,300.000đ - 600.000đ/h
VN_1123_C03,VN_1123,300000,600000,300000,300.000đ - 600.000đ/h
VN_1118_C01,VN_1118,300000,600000,300000,300.000đ - 600.000đ/h
VN_1118_C02,VN_1118,300000,600000,300000,300.000đ - 600.000đ/h
VN_1118_C03,VN_1118,300000,600000,300000,300.000đ - 600.000đ/h
VN_1126_C01,VN_1126,300000,600000,300000,300.000đ - 600.000đ/h
VN_1126_C02,VN_1126,300000,600000,300000,300.000đ - 600.000đ/h
VN_1126_C03,VN_1126,300000,600000,300000,300.000đ - 600.000đ/h
VN_1132_C01,VN_1132,300000,600000,300000,300.000đ - 600.000đ/h
VN_1132_C02,VN_1132,300000,600000,300000,300.000đ - 600.000đ/h
VN_1132_C03,VN_1132,300000,600000,300000,300.000đ - 600.000đ/h
VN_1124_C01,VN_1124,300000,600000,300000,300.000đ - 600.000đ/h
VN_1124_C02,VN_1124,300000,600000,300000,300.000đ - 600.000đ/h
VN_1124_C03,VN_1124,300000,600000,300000,300.000đ - 600.000đ/h
VN_1125_C01,VN_1125,300000,600000,300000,300.000đ - 600.000đ/h
VN_1125_C02,VN_1125,300000,600000,300000,300.000đ - 600.000đ/h
VN_1125_C03,VN_1125,300000,600000,300000,300.000đ - 600.000đ/h
VN_1133_C01,VN_1133,300000,600000,300000,300.000đ - 600.000đ/h
VN_1133_C02,VN_1133,300000,600000,300000,300.000đ - 600.000đ/h
VN_1133_C03,VN_1133,300000,600000,300000,300.000đ - 600.000đ/h
VN_1127_C01,VN_1127,150000,300000,150000,150.000đ - 300.000đ/h
VN_1127_C02,VN_1127,150000,300000,150000,150.000đ - 300.000đ/h
VN_1127_C03,VN_1127,150000,300000,150000,150.000đ - 300.000đ/h
VN_1127_C04,VN_1127,150000,300000,150000,150.000đ - 300.000đ/h
VN_1127_C05,VN_1127,150000,300000,150000,150.000đ - 300.000đ/h
VN_1127_C06,VN_1127,150000,300000,150000,150.000đ - 300.000đ/h
VN_1128_C01,VN_1128,300000,600000,300000,300.000đ - 600.000đ/h
VN_1128_C02,VN_1128,300000,600000,300000,300.000đ - 600.000đ/h
VN_1128_C03,VN_1128,300000,600000,300000,300.000đ - 600.000đ/h
VN_1129_C01,VN_1129,150000,300000,150000,150.000đ - 300.000đ/h
VN_1129_C02,VN_1129,150000,300000,150000,150.000đ - 300.000đ/h
VN_1129_C03,VN_1129,150000,300000,150000,150.000đ - 300.000đ/h
VN_1129_C04,VN_1129,150000,300000,150000,150.000đ - 300.000đ/h
VN_1129_C05,VN_1129,150000,300000,150000,150.000đ - 300.000đ/h
VN_1129_C06,VN_1129,150000,300000,150000,150.000đ - 300.000đ/h
VN_1119_C01,VN_1119,300000,600000,300000,300.000đ - 600.000đ/h
VN_1119_C02,VN_1119,300000,600000,300000,300.000đ - 600.000đ/h
VN_1119_C03,VN_1119,300000,600000,300000,300.000đ - 600.000đ/h
VN_1130_C01,VN_1130,150000,300000,150000,150.000đ - 300.000đ/h
VN_1130_C02,VN_1130,150000,300000,150000,150.000đ - 300.000đ/h
VN_1130_C03,VN_1130,150000,300000,150000,150.000đ - 300.000đ/h
VN_1130_C04,VN_1130,150000,300000,150000,150.000đ - 300.000đ/h
VN_1130_C05,VN_1130,150000,300000,150000,150.000đ - 300.000đ/h
VN_1130_C06,VN_1130,150000,300000,150000,150.000đ - 300.000đ/h
VN_1131_C01,VN_1131,300000,600000,300000,300.000đ - 600.000đ/h
VN_1131_C02,VN_1131,300000,600000,300000,300.000đ - 600.000đ/h
VN_1131_C03,VN_1131,300000,600000,300000,300.000đ - 600.000đ/h
VN_1135_C01,VN_1135,300000,600000,300000,300.000đ - 600.000đ/h
VN_1135_C02,VN_1135,300000,600000,300000,300.000đ - 600.000đ/h
VN_1135_C03,VN_1135,300000,600000,300000,300.000đ - 600.000đ/h
VN_1134_C01,VN_1134,300000,600000,300000,300.000đ - 600.000đ/h
VN_1134_C02,VN_1134,300000,600000,300000,300.000đ - 600.000đ/h
VN_1134_C03,VN_1134,300000,600000,300000,300.000đ - 600.000đ/h
VN_1140_C01,VN_1140,150000,300000,150000,150.000đ - 300.000đ/h
VN_1140_C02,VN_1140,150000,300000,150000,150.000đ - 300.000đ/h
VN_1140_C03,VN_1140,150000,300000,150000,150.000đ - 300.000đ/h
VN_1140_C04,VN_1140,150000,300000,150000,150.000đ - 300.000đ/h
VN_1140_C05,VN_1140,150000,300000,150000,150.000đ - 300.000đ/h
VN_1140_C06,VN_1140,150000,300000,150000,150.000đ - 300.000đ/h
VN_1142_C01,VN_1142,300000,600000,300000,300.000đ - 600.000đ/h
VN_1142_C02,VN_1142,300000,600000,300000,300.000đ - 600.000đ/h
VN_1142_C03,VN_1142,300000,600000,300000,300.000đ - 600.000đ/h
VN_1141_C01,VN_1141,300000,600000,300000,300.000đ - 600.000đ/h
VN_1141_C02,VN_1141,300000,600000,300000,300.000đ - 600.000đ/h
VN_1141_C03,VN_1141,300000,600000,300000,300.000đ - 600.000đ/h
VN_1138_C01,VN_1138,300000,600000,300000,300.000đ - 600.000đ/h
VN_1138_C02,VN_1138,300000,600000,300000,300.000đ - 600.000đ/h
VN_1138_C03,VN_1138,300000,600000,300000,300.000đ - 600.000đ/h
VN_1137_C01,VN_1137,150000,300000,150000,150.000đ - 300.000đ/h
VN_1137_C02,VN_1137,150000,300000,150000,150.000đ - 300.000đ/h
VN_1137_C03,VN_1137,150000,300000,150000,150.000đ - 300.000đ/h
VN_1137_C04,VN_1137,150000,300000,150000,150.000đ - 300.000đ/h
VN_1137_C05,VN_1137,150000,300000,150000,150.000đ - 300.000đ/h
VN_1137_C06,VN_1137,150000,300000,150000,150.000đ - 300.000đ/h
VN_1136_C01,VN_1136,300000,600000,300000,300.000đ - 600.000đ/h
VN_1136_C02,VN_1136,300000,600000,300000,300.000đ - 600.000đ/h
VN_1136_C03,VN_1136,300000,600000,300000,300.000đ - 600.000đ/h
VN_1143_C01,VN_1143,300000,600000,300000,300.000đ - 600.000đ/h
VN_1143_C02,VN_1143,300000,600000,300000,300.000đ - 600.000đ/h
VN_1143_C03,VN_1143,300000,600000,300000,300.000đ - 600.000đ/h
VN_1139_C01,VN_1139,300000,600000,300000,300.000đ - 600.000đ/h
VN_1139_C02,VN_1139,300000,600000,300000,300.000đ - 600.000đ/h
VN_1139_C03,VN_1139,300000,600000,300000,300.000đ - 600.000đ/h
VN_1148_C01,VN_1148,300000,600000,300000,300.000đ - 600.000đ/h
VN_1148_C02,VN_1148,300000,600000,300000,300.000đ - 600.000đ/h
VN_1148_C03,VN_1148,300000,600000,300000,300.000đ - 600.000đ/h
VN_1146_C01,VN_1146,300000,600000,300000,300.000đ - 600.000đ/h
VN_1146_C02,VN_1146,300000,600000,300000,300.000đ - 600.000đ/h
VN_1146_C03,VN_1146,300000,600000,300000,300.000đ - 600.000đ/h
VN_1152_C01,VN_1152,300000,600000,300000,300.000đ - 600.000đ/h
VN_1152_C02,VN_1152,300000,600000,300000,300.000đ - 600.000đ/h
VN_1152_C03,VN_1152,300000,600000,300000,300.000đ - 600.000đ/h
VN_1151_C01,VN_1151,300000,600000,300000,300.000đ - 600.000đ/h
VN_1151_C02,VN_1151,300000,600000,300000,300.000đ - 600.000đ/h
VN_1151_C03,VN_1151,300000,600000,300000,300.000đ - 600.000đ/h
VN_1153_C01,VN_1153,300000,600000,300000,300.000đ - 600.000đ/h
VN_1153_C02,VN_1153,300000,600000,300000,300.000đ - 600.000đ/h
VN_1153_C03,VN_1153,300000,600000,300000,300.000đ - 600.000đ/h
VN_1149_C01,VN_1149,300000,600000,300000,300.000đ - 600.000đ/h
VN_1149_C02,VN_1149,300000,600000,300000,300.000đ - 600.000đ/h
VN_1149_C03,VN_1149,300000,600000,300000,300.000đ - 600.000đ/h
VN_1144_C01,VN_1144,300000,600000,300000,300.000đ - 600.000đ/h
VN_1144_C02,VN_1144,300000,600000,300000,300.000đ - 600.000đ/h
VN_1144_C03,VN_1144,300000,600000,300000,300.000đ - 600.000đ/h
VN_1150_C01,VN_1150,300000,600000,300000,300.000đ - 600.000đ/h
VN_1150_C02,VN_1150,300000,600000,300000,300.000đ - 600.000đ/h
VN_1150_C03,VN_1150,300000,600000,300000,300.000đ - 600.000đ/h
VN_1155_C01,VN_1155,300000,600000,300000,300.000đ - 600.000đ/h
VN_1155_C02,VN_1155,300000,600000,300000,300.000đ - 600.000đ/h
VN_1155_C03,VN_1155,300000,600000,300000,300.000đ - 600.000đ/h
VN_1156_C01,VN_1156,300000,600000,300000,300.000đ - 600.000đ/h
VN_1156_C02,VN_1156,300000,600000,300000,300.000đ - 600.000đ/h
VN_1156_C03,VN_1156,300000,600000,300000,300.000đ - 600.000đ/h
VN_1158_C01,VN_1158,300000,600000,300000,300.000đ - 600.000đ/h
VN_1158_C02,VN_1158,300000,600000,300000,300.000đ - 600.000đ/h
VN_1158_C03,VN_1158,300000,600000,300000,300.000đ - 600.000đ/h
VN_1160_C01,VN_1160,300000,600000,300000,300.000đ - 600.000đ/h
VN_1160_C02,VN_1160,300000,600000,300000,300.000đ - 600.000đ/h
VN_1160_C03,VN_1160,300000,600000,300000,300.000đ - 600.000đ/h
VN_1147_C01,VN_1147,300000,600000,300000,300.000đ - 600.000đ/h
VN_1147_C02,VN_1147,300000,600000,300000,300.000đ - 600.000đ/h
VN_1147_C03,VN_1147,300000,600000,300000,300.000đ - 600.000đ/h
VN_1145_C01,VN_1145,300000,600000,300000,300.000đ - 600.000đ/h
VN_1145_C02,VN_1145,300000,600000,300000,300.000đ - 600.000đ/h
VN_1145_C03,VN_1145,300000,600000,300000,300.000đ - 600.000đ/h
VN_1154_C01,VN_1154,300000,600000,300000,300.000đ - 600.000đ/h
VN_1154_C02,VN_1154,300000,600000,300000,300.000đ - 600.000đ/h
VN_1154_C03,VN_1154,300000,600000,300000,300.000đ - 600.000đ/h
VN_1157_C01,VN_1157,300000,600000,300000,300.000đ - 600.000đ/h
VN_1157_C02,VN_1157,300000,600000,300000,300.000đ - 600.000đ/h
VN_1157_C03,VN_1157,300000,600000,300000,300.000đ - 600.000đ/h
VN_1159_C01,VN_1159,300000,600000,300000,300.000đ - 600.000đ/h
VN_1159_C02,VN_1159,300000,600000,300000,300.000đ - 600.000đ/h
VN_1159_C03,VN_1159,300000,600000,300000,300.000đ - 600.000đ/h
VN_1164_C01,VN_1164,150000,300000,150000,150.000đ - 300.000đ/h
VN_1164_C02,VN_1164,150000,300000,150000,150.000đ - 300.000đ/h
VN_1164_C03,VN_1164,150000,300000,150000,150.000đ - 300.000đ/h
VN_1164_C04,VN_1164,150000,300000,150000,150.000đ - 300.000đ/h
VN_1164_C05,VN_1164,150000,300000,150000,150.000đ - 300.000đ/h
VN_1164_C06,VN_1164,150000,300000,150000,150.000đ - 300.000đ/h
VN_1165_C01,VN_1165,300000,600000,300000,300.000đ - 600.000đ/h
VN_1165_C02,VN_1165,300000,600000,300000,300.000đ - 600.000đ/h
VN_1165_C03,VN_1165,300000,600000,300000,300.000đ - 600.000đ/h
VN_1162_C01,VN_1162,300000,600000,300000,300.000đ - 600.000đ/h
VN_1162_C02,VN_1162,300000,600000,300000,300.000đ - 600.000đ/h
VN_1162_C03,VN_1162,300000,600000,300000,300.000đ - 600.000đ/h
VN_1161_C01,VN_1161,300000,600000,300000,300.000đ - 600.000đ/h
VN_1161_C02,VN_1161,300000,600000,300000,300.000đ - 600.000đ/h
VN_1161_C03,VN_1161,300000,600000,300000,300.000đ - 600.000đ/h
VN_1166_C01,VN_1166,150000,300000,150000,150.000đ - 300.000đ/h
VN_1166_C02,VN_1166,150000,300000,150000,150.000đ - 300.000đ/h
VN_1166_C03,VN_1166,150000,300000,150000,150.000đ - 300.000đ/h
VN_1166_C04,VN_1166,150000,300000,150000,150.000đ - 300.000đ/h
VN_1166_C05,VN_1166,150000,300000,150000,150.000đ - 300.000đ/h
VN_1166_C06,VN_1166,150000,300000,150000,150.000đ - 300.000đ/h
VN_1168_C01,VN_1168,300000,600000,300000,300.000đ - 600.000đ/h
VN_1168_C02,VN_1168,300000,600000,300000,300.000đ - 600.000đ/h
VN_1168_C03,VN_1168,300000,600000,300000,300.000đ - 600.000đ/h
VN_1163_C01,VN_1163,150000,300000,150000,150.000đ - 300.000đ/h
VN_1163_C02,VN_1163,150000,300000,150000,150.000đ - 300.000đ/h
VN_1163_C03,VN_1163,150000,300000,150000,150.000đ - 300.000đ/h
VN_1163_C04,VN_1163,150000,300000,150000,150.000đ - 300.000đ/h
VN_1163_C05,VN_1163,150000,300000,150000,150.000đ - 300.000đ/h
VN_1163_C06,VN_1163,150000,300000,150000,150.000đ - 300.000đ/h
VN_1169_C01,VN_1169,300000,600000,300000,300.000đ - 600.000đ/h
VN_1169_C02,VN_1169,300000,600000,300000,300.000đ - 600.000đ/h
VN_1169_C03,VN_1169,300000,600000,300000,300.000đ - 600.000đ/h
VN_1167_C01,VN_1167,150000,300000,150000,150.000đ - 300.000đ/h
VN_1167_C02,VN_1167,150000,300000,150000,150.000đ - 300.000đ/h
VN_1167_C03,VN_1167,150000,300000,150000,150.000đ - 300.000đ/h
VN_1167_C04,VN_1167,150000,300000,150000,150.000đ - 300.000đ/h
VN_1167_C05,VN_1167,150000,300000,150000,150.000đ - 300.000đ/h
VN_1167_C06,VN_1167,150000,300000,150000,150.000đ - 300.000đ/h
VN_1171_C01,VN_1171,300000,600000,300000,300.000đ - 600.000đ/h
VN_1171_C02,VN_1171,300000,600000,300000,300.000đ - 600.000đ/h
VN_1171_C03,VN_1171,300000,600000,300000,300.000đ - 600.000đ/h
VN_1172_C01,VN_1172,300000,600000,300000,300.000đ - 600.000đ/h
VN_1172_C02,VN_1172,300000,600000,300000,300.000đ - 600.000đ/h
VN_1172_C03,VN_1172,300000,600000,300000,300.000đ - 600.000đ/h
VN_1170_C01,VN_1170,150000,300000,150000,150.000đ - 300.000đ/h
VN_1170_C02,VN_1170,150000,300000,150000,150.000đ - 300.000đ/h
VN_1170_C03,VN_1170,150000,300000,150000,150.000đ - 300.000đ/h
VN_1170_C04,VN_1170,150000,300000,150000,150.000đ - 300.000đ/h
VN_1170_C05,VN_1170,150000,300000,150000,150.000đ - 300.000đ/h
VN_1170_C06,VN_1170,150000,300000,150000,150.000đ - 300.000đ/h
VN_1173_C01,VN_1173,300000,600000,300000,300.000đ - 600.000đ/h
VN_1173_C02,VN_1173,300000,600000,300000,300.000đ - 600.000đ/h
VN_1173_C03,VN_1173,300000,600000,300000,300.000đ - 600.000đ/h
VN_1174_C01,VN_1174,150000,300000,150000,150.000đ - 300.000đ/h
VN_1174_C02,VN_1174,150000,300000,150000,150.000đ - 300.000đ/h
VN_1174_C03,VN_1174,150000,300000,150000,150.000đ - 300.000đ/h
VN_1174_C04,VN_1174,150000,300000,150000,150.000đ - 300.000đ/h
VN_1174_C05,VN_1174,150000,300000,150000,150.000đ - 300.000đ/h
VN_1174_C06,VN_1174,150000,300000,150000,150.000đ - 300.000đ/h
VN_1175_C01,VN_1175,300000,600000,300000,300.000đ - 600.000đ/h
VN_1175_C02,VN_1175,300000,600000,300000,300.000đ - 600.000đ/h
VN_1175_C03,VN_1175,300000,600000,300000,300.000đ - 600.000đ/h
VN_1176_C01,VN_1176,300000,600000,300000,300.000đ - 600.000đ/h
VN_1176_C02,VN_1176,300000,600000,300000,300.000đ - 600.000đ/h
VN_1176_C03,VN_1176,300000,600000,300000,300.000đ - 600.000đ/h
VN_1177_C01,VN_1177,300000,600000,300000,300.000đ - 600.000đ/h
VN_1177_C02,VN_1177,300000,600000,300000,300.000đ - 600.000đ/h
VN_1177_C03,VN_1177,300000,600000,300000,300.000đ - 600.000đ/h
VN_1180_C01,VN_1180,150000,300000,150000,150.000đ - 300.000đ/h
VN_1180_C02,VN_1180,150000,300000,150000,150.000đ - 300.000đ/h
VN_1180_C03,VN_1180,150000,300000,150000,150.000đ - 300.000đ/h
VN_1180_C04,VN_1180,150000,300000,150000,150.000đ - 300.000đ/h
VN_1180_C05,VN_1180,150000,300000,150000,150.000đ - 300.000đ/h
VN_1180_C06,VN_1180,150000,300000,150000,150.000đ - 300.000đ/h
VN_1178_C01,VN_1178,300000,600000,300000,300.000đ - 600.000đ/h
VN_1178_C02,VN_1178,300000,600000,300000,300.000đ - 600.000đ/h
VN_1178_C03,VN_1178,300000,600000,300000,300.000đ - 600.000đ/h
VN_1183_C01,VN_1183,300000,600000,300000,300.000đ - 600.000đ/h
VN_1183_C02,VN_1183,300000,600000,300000,300.000đ - 600.000đ/h
VN_1183_C03,VN_1183,300000,600000,300000,300.000đ - 600.000đ/h
VN_1185_C01,VN_1185,300000,600000,300000,300.000đ - 600.000đ/h
VN_1185_C02,VN_1185,300000,600000,300000,300.000đ - 600.000đ/h
VN_1185_C03,VN_1185,300000,600000,300000,300.000đ - 600.000đ/h
VN_1186_C01,VN_1186,300000,600000,300000,300.000đ - 600.000đ/h
VN_1186_C02,VN_1186,300000,600000,300000,300.000đ - 600.000đ/h
VN_1186_C03,VN_1186,300000,600000,300000,300.000đ - 600.000đ/h
VN_1184_C01,VN_1184,300000,600000,300000,300.000đ - 600.000đ/h
VN_1184_C02,VN_1184,300000,600000,300000,300.000đ - 600.000đ/h
VN_1184_C03,VN_1184,300000,600000,300000,300.000đ - 600.000đ/h
VN_1179_C01,VN_1179,150000,300000,150000,150.000đ - 300.000đ/h
VN_1179_C02,VN_1179,150000,300000,150000,150.000đ - 300.000đ/h
VN_1179_C03,VN_1179,150000,300000,150000,150.000đ - 300.000đ/h
VN_1179_C04,VN_1179,150000,300000,150000,150.000đ - 300.000đ/h
VN_1179_C05,VN_1179,150000,300000,150000,150.000đ - 300.000đ/h
VN_1179_C06,VN_1179,150000,300000,150000,150.000đ - 300.000đ/h
VN_1187_C01,VN_1187,300000,600000,300000,300.000đ - 600.000đ/h
VN_1187_C02,VN_1187,300000,600000,300000,300.000đ - 600.000đ/h
VN_1187_C03,VN_1187,300000,600000,300000,300.000đ - 600.000đ/h
VN_1182_C01,VN_1182,300000,600000,300000,300.000đ - 600.000đ/h
VN_1182_C02,VN_1182,300000,600000,300000,300.000đ - 600.000đ/h
VN_1182_C03,VN_1182,300000,600000,300000,300.000đ - 600.000đ/h
VN_1188_C01,VN_1188,300000,600000,300000,300.000đ - 600.000đ/h
VN_1188_C02,VN_1188,300000,600000,300000,300.000đ - 600.000đ/h
VN_1188_C03,VN_1188,300000,600000,300000,300.000đ - 600.000đ/h
VN_1190_C01,VN_1190,150000,300000,150000,150.000đ - 300.000đ/h
VN_1190_C02,VN_1190,150000,300000,150000,150.000đ - 300.000đ/h
VN_1190_C03,VN_1190,150000,300000,150000,150.000đ - 300.000đ/h
VN_1190_C04,VN_1190,150000,300000,150000,150.000đ - 300.000đ/h
VN_1190_C05,VN_1190,150000,300000,150000,150.000đ - 300.000đ/h
VN_1190_C06,VN_1190,150000,300000,150000,150.000đ - 300.000đ/h
VN_1181_C01,VN_1181,300000,600000,300000,300.000đ - 600.000đ/h
VN_1181_C02,VN_1181,300000,600000,300000,300.000đ - 600.000đ/h
VN_1181_C03,VN_1181,300000,600000,300000,300.000đ - 600.000đ/h
VN_1191_C01,VN_1191,300000,600000,300000,300.000đ - 600.000đ/h
VN_1191_C02,VN_1191,300000,600000,300000,300.000đ - 600.000đ/h
VN_1191_C03,VN_1191,300000,600000,300000,300.000đ - 600.000đ/h
VN_1192_C01,VN_1192,300000,600000,300000,300.000đ - 600.000đ/h
VN_1192_C02,VN_1192,300000,600000,300000,300.000đ - 600.000đ/h
VN_1192_C03,VN_1192,300000,600000,300000,300.000đ - 600.000đ/h
VN_1194_C01,VN_1194,300000,600000,300000,300.000đ - 600.000đ/h
VN_1194_C02,VN_1194,300000,600000,300000,300.000đ - 600.000đ/h
VN_1194_C03,VN_1194,300000,600000,300000,300.000đ - 600.000đ/h
VN_1193_C01,VN_1193,300000,600000,300000,300.000đ - 600.000đ/h
VN_1193_C02,VN_1193,300000,600000,300000,300.000đ - 600.000đ/h
VN_1193_C03,VN_1193,300000,600000,300000,300.000đ - 600.000đ/h
VN_1189_C01,VN_1189,150000,300000,150000,150.000đ - 300.000đ/h
VN_1189_C02,VN_1189,150000,300000,150000,150.000đ - 300.000đ/h
VN_1189_C03,VN_1189,150000,300000,150000,150.000đ - 300.000đ/h
VN_1189_C04,VN_1189,150000,300000,150000,150.000đ - 300.000đ/h
VN_1189_C05,VN_1189,150000,300000,150000,150.000đ - 300.000đ/h
VN_1189_C06,VN_1189,150000,300000,150000,150.000đ - 300.000đ/h
VN_1196_C01,VN_1196,150000,300000,150000,150.000đ - 300.000đ/h
VN_1196_C02,VN_1196,150000,300000,150000,150.000đ - 300.000đ/h
VN_1196_C03,VN_1196,150000,300000,150000,150.000đ - 300.000đ/h
VN_1196_C04,VN_1196,150000,300000,150000,150.000đ - 300.000đ/h
VN_1196_C05,VN_1196,150000,300000,150000,150.000đ - 300.000đ/h
VN_1196_C06,VN_1196,150000,300000,150000,150.000đ - 300.000đ/h
VN_1197_C01,VN_1197,300000,600000,300000,300.000đ - 600.000đ/h
VN_1197_C02,VN_1197,300000,600000,300000,300.000đ - 600.000đ/h
VN_1197_C03,VN_1197,300000,600000,300000,300.000đ - 600.000đ/h
VN_1199_C01,VN_1199,300000,600000,300000,300.000đ - 600.000đ/h
VN_1199_C02,VN_1199,300000,600000,300000,300.000đ - 600.000đ/h
VN_1199_C03,VN_1199,300000,600000,300000,300.000đ - 600.000đ/h
VN_1198_C01,VN_1198,300000,600000,300000,300.000đ - 600.000đ/h
VN_1198_C02,VN_1198,300000,600000,300000,300.000đ - 600.000đ/h
VN_1198_C03,VN_1198,300000,600000,300000,300.000đ - 600.000đ/h
VN_1195_C01,VN_1195,70000,130000,70000,70.000đ - 130.000đ/h
VN_1195_C02,VN_1195,70000,130000,70000,70.000đ - 130.000đ/h
VN_1195_C03,VN_1195,70000,130000,70000,70.000đ - 130.000đ/h
VN_1195_C04,VN_1195,70000,130000,70000,70.000đ - 130.000đ/h
VN_1195_C05,VN_1195,70000,130000,70000,70.000đ - 130.000đ/h
VN_1195_C06,VN_1195,70000,130000,70000,70.000đ - 130.000đ/h
VN_1200_C01,VN_1200,300000,600000,300000,300.000đ - 600.000đ/h
VN_1200_C02,VN_1200,300000,600000,300000,300.000đ - 600.000đ/h
VN_1200_C03,VN_1200,300000,600000,300000,300.000đ - 600.000đ/h
VN_1203_C01,VN_1203,150000,300000,150000,150.000đ - 300.000đ/h
VN_1203_C02,VN_1203,150000,300000,150000,150.000đ - 300.000đ/h
VN_1203_C03,VN_1203,150000,300000,150000,150.000đ - 300.000đ/h
VN_1203_C04,VN_1203,150000,300000,150000,150.000đ - 300.000đ/h
VN_1203_C05,VN_1203,150000,300000,150000,150.000đ - 300.000đ/h
VN_1203_C06,VN_1203,150000,300000,150000,150.000đ - 300.000đ/h
VN_1201_C01,VN_1201,150000,300000,150000,150.000đ - 300.000đ/h
VN_1201_C02,VN_1201,150000,300000,150000,150.000đ - 300.000đ/h
VN_1201_C03,VN_1201,150000,300000,150000,150.000đ - 300.000đ/h
VN_1201_C04,VN_1201,150000,300000,150000,150.000đ - 300.000đ/h
VN_1201_C05,VN_1201,150000,300000,150000,150.000đ - 300.000đ/h
VN_1201_C06,VN_1201,150000,300000,150000,150.000đ - 300.000đ/h
VN_1205_C01,VN_1205,300000,600000,300000,300.000đ - 600.000đ/h
VN_1205_C02,VN_1205,300000,600000,300000,300.000đ - 600.000đ/h
VN_1205_C03,VN_1205,300000,600000,300000,300.000đ - 600.000đ/h
VN_1202_C01,VN_1202,300000,600000,300000,300.000đ - 600.000đ/h
VN_1202_C02,VN_1202,300000,600000,300000,300.000đ - 600.000đ/h
VN_1202_C03,VN_1202,300000,600000,300000,300.000đ - 600.000đ/h
VN_1207_C01,VN_1207,300000,600000,300000,300.000đ - 600.000đ/h
VN_1207_C02,VN_1207,300000,600000,300000,300.000đ - 600.000đ/h
VN_1207_C03,VN_1207,300000,600000,300000,300.000đ - 600.000đ/h
VN_1208_C01,VN_1208,300000,600000,300000,300.000đ - 600.000đ/h
VN_1208_C02,VN_1208,300000,600000,300000,300.000đ - 600.000đ/h
VN_1208_C03,VN_1208,300000,600000,300000,300.000đ - 600.000đ/h
VN_1209_C01,VN_1209,150000,300000,150000,150.000đ - 300.000đ/h
VN_1209_C02,VN_1209,150000,300000,150000,150.000đ - 300.000đ/h
VN_1209_C03,VN_1209,150000,300000,150000,150.000đ - 300.000đ/h
VN_1209_C04,VN_1209,150000,300000,150000,150.000đ - 300.000đ/h
VN_1209_C05,VN_1209,150000,300000,150000,150.000đ - 300.000đ/h
VN_1209_C06,VN_1209,150000,300000,150000,150.000đ - 300.000đ/h
VN_1204_C01,VN_1204,300000,600000,300000,300.000đ - 600.000đ/h
VN_1204_C02,VN_1204,300000,600000,300000,300.000đ - 600.000đ/h
VN_1204_C03,VN_1204,300000,600000,300000,300.000đ - 600.000đ/h
VN_1210_C01,VN_1210,150000,300000,150000,150.000đ - 300.000đ/h
VN_1210_C02,VN_1210,150000,300000,150000,150.000đ - 300.000đ/h
VN_1210_C03,VN_1210,150000,300000,150000,150.000đ - 300.000đ/h
VN_1210_C04,VN_1210,150000,300000,150000,150.000đ - 300.000đ/h
VN_1210_C05,VN_1210,150000,300000,150000,150.000đ - 300.000đ/h
VN_1210_C06,VN_1210,150000,300000,150000,150.000đ - 300.000đ/h
VN_1218_C01,VN_1218,300000,600000,300000,300.000đ - 600.000đ/h
VN_1218_C02,VN_1218,300000,600000,300000,300.000đ - 600.000đ/h
VN_1218_C03,VN_1218,300000,600000,300000,300.000đ - 600.000đ/h
VN_1211_C01,VN_1211,300000,600000,300000,300.000đ - 600.000đ/h
VN_1211_C02,VN_1211,300000,600000,300000,300.000đ - 600.000đ/h
VN_1211_C03,VN_1211,300000,600000,300000,300.000đ - 600.000đ/h
VN_1213_C01,VN_1213,70000,130000,70000,70.000đ - 130.000đ/h
VN_1213_C02,VN_1213,70000,130000,70000,70.000đ - 130.000đ/h
VN_1213_C03,VN_1213,70000,130000,70000,70.000đ - 130.000đ/h
VN_1213_C04,VN_1213,70000,130000,70000,70.000đ - 130.000đ/h
VN_1213_C05,VN_1213,70000,130000,70000,70.000đ - 130.000đ/h
VN_1213_C06,VN_1213,70000,130000,70000,70.000đ - 130.000đ/h
VN_1215_C01,VN_1215,300000,600000,300000,300.000đ - 600.000đ/h
VN_1215_C02,VN_1215,300000,600000,300000,300.000đ - 600.000đ/h
VN_1215_C03,VN_1215,300000,600000,300000,300.000đ - 600.000đ/h
VN_1214_C01,VN_1214,150000,300000,150000,150.000đ - 300.000đ/h
VN_1214_C02,VN_1214,150000,300000,150000,150.000đ - 300.000đ/h
VN_1214_C03,VN_1214,150000,300000,150000,150.000đ - 300.000đ/h
VN_1214_C04,VN_1214,150000,300000,150000,150.000đ - 300.000đ/h
VN_1214_C05,VN_1214,150000,300000,150000,150.000đ - 300.000đ/h
VN_1214_C06,VN_1214,150000,300000,150000,150.000đ - 300.000đ/h
VN_1212_C01,VN_1212,300000,600000,300000,300.000đ - 600.000đ/h
VN_1212_C02,VN_1212,300000,600000,300000,300.000đ - 600.000đ/h
VN_1212_C03,VN_1212,300000,600000,300000,300.000đ - 600.000đ/h
VN_1206_C01,VN_1206,300000,600000,300000,300.000đ - 600.000đ/h
VN_1206_C02,VN_1206,300000,600000,300000,300.000đ - 600.000đ/h
VN_1206_C03,VN_1206,300000,600000,300000,300.000đ - 600.000đ/h
VN_1217_C01,VN_1217,300000,600000,300000,300.000đ - 600.000đ/h
VN_1217_C02,VN_1217,300000,600000,300000,300.000đ - 600.000đ/h
VN_1217_C03,VN_1217,300000,600000,300000,300.000đ - 600.000đ/h
VN_1216_C01,VN_1216,300000,600000,300000,300.000đ - 600.000đ/h
VN_1216_C02,VN_1216,300000,600000,300000,300.000đ - 600.000đ/h
VN_1216_C03,VN_1216,300000,600000,300000,300.000đ - 600.000đ/h
VN_1219_C01,VN_1219,300000,600000,300000,300.000đ - 600.000đ/h
VN_1219_C02,VN_1219,300000,600000,300000,300.000đ - 600.000đ/h
VN_1219_C03,VN_1219,300000,600000,300000,300.000đ - 600.000đ/h
VN_1220_C01,VN_1220,300000,600000,300000,300.000đ - 600.000đ/h
VN_1220_C02,VN_1220,300000,600000,300000,300.000đ - 600.000đ/h
VN_1220_C03,VN_1220,300000,600000,300000,300.000đ - 600.000đ/h
VN_1221_C01,VN_1221,300000,600000,300000,300.000đ - 600.000đ/h
VN_1221_C02,VN_1221,300000,600000,300000,300.000đ - 600.000đ/h
VN_1221_C03,VN_1221,300000,600000,300000,300.000đ - 600.000đ/h
VN_1223_C01,VN_1223,150000,300000,150000,150.000đ - 300.000đ/h
VN_1223_C02,VN_1223,150000,300000,150000,150.000đ - 300.000đ/h
VN_1223_C03,VN_1223,150000,300000,150000,150.000đ - 300.000đ/h
VN_1223_C04,VN_1223,150000,300000,150000,150.000đ - 300.000đ/h
VN_1223_C05,VN_1223,150000,300000,150000,150.000đ - 300.000đ/h
VN_1223_C06,VN_1223,150000,300000,150000,150.000đ - 300.000đ/h
VN_1227_C01,VN_1227,150000,300000,150000,150.000đ - 300.000đ/h
VN_1227_C02,VN_1227,150000,300000,150000,150.000đ - 300.000đ/h
VN_1227_C03,VN_1227,150000,300000,150000,150.000đ - 300.000đ/h
VN_1227_C04,VN_1227,150000,300000,150000,150.000đ - 300.000đ/h
VN_1227_C05,VN_1227,150000,300000,150000,150.000đ - 300.000đ/h
VN_1227_C06,VN_1227,150000,300000,150000,150.000đ - 300.000đ/h
VN_1229_C01,VN_1229,300000,600000,300000,300.000đ - 600.000đ/h
VN_1229_C02,VN_1229,300000,600000,300000,300.000đ - 600.000đ/h
VN_1229_C03,VN_1229,300000,600000,300000,300.000đ - 600.000đ/h
VN_1228_C01,VN_1228,150000,300000,150000,150.000đ - 300.000đ/h
VN_1228_C02,VN_1228,150000,300000,150000,150.000đ - 300.000đ/h
VN_1228_C03,VN_1228,150000,300000,150000,150.000đ - 300.000đ/h
VN_1228_C04,VN_1228,150000,300000,150000,150.000đ - 300.000đ/h
VN_1228_C05,VN_1228,150000,300000,150000,150.000đ - 300.000đ/h
VN_1228_C06,VN_1228,150000,300000,150000,150.000đ - 300.000đ/h
VN_1226_C01,VN_1226,120000,220000,120000,120.000đ - 220.000đ/h
VN_1226_C02,VN_1226,120000,220000,120000,120.000đ - 220.000đ/h
VN_1226_C03,VN_1226,120000,220000,120000,120.000đ - 220.000đ/h
VN_1226_C04,VN_1226,120000,220000,120000,120.000đ - 220.000đ/h
VN_1224_C01,VN_1224,150000,300000,150000,150.000đ - 300.000đ/h
VN_1224_C02,VN_1224,150000,300000,150000,150.000đ - 300.000đ/h
VN_1224_C03,VN_1224,150000,300000,150000,150.000đ - 300.000đ/h
VN_1224_C04,VN_1224,150000,300000,150000,150.000đ - 300.000đ/h
VN_1224_C05,VN_1224,150000,300000,150000,150.000đ - 300.000đ/h
VN_1224_C06,VN_1224,150000,300000,150000,150.000đ - 300.000đ/h
VN_1230_C01,VN_1230,150000,300000,150000,150.000đ - 300.000đ/h
VN_1230_C02,VN_1230,150000,300000,150000,150.000đ - 300.000đ/h
VN_1230_C03,VN_1230,150000,300000,150000,150.000đ - 300.000đ/h
VN_1230_C04,VN_1230,150000,300000,150000,150.000đ - 300.000đ/h
VN_1230_C05,VN_1230,150000,300000,150000,150.000đ - 300.000đ/h
VN_1230_C06,VN_1230,150000,300000,150000,150.000đ - 300.000đ/h
VN_1231_C01,VN_1231,150000,300000,150000,150.000đ - 300.000đ/h
VN_1231_C02,VN_1231,150000,300000,150000,150.000đ - 300.000đ/h
VN_1231_C03,VN_1231,150000,300000,150000,150.000đ - 300.000đ/h
VN_1231_C04,VN_1231,150000,300000,150000,150.000đ - 300.000đ/h
VN_1231_C05,VN_1231,150000,300000,150000,150.000đ - 300.000đ/h
VN_1231_C06,VN_1231,150000,300000,150000,150.000đ - 300.000đ/h
VN_1232_C01,VN_1232,300000,600000,300000,300.000đ - 600.000đ/h
VN_1232_C02,VN_1232,300000,600000,300000,300.000đ - 600.000đ/h
VN_1232_C03,VN_1232,300000,600000,300000,300.000đ - 600.000đ/h
VN_1233_C01,VN_1233,300000,600000,300000,300.000đ - 600.000đ/h
VN_1233_C02,VN_1233,300000,600000,300000,300.000đ - 600.000đ/h
VN_1233_C03,VN_1233,300000,600000,300000,300.000đ - 600.000đ/h
VN_1225_C01,VN_1225,150000,300000,150000,150.000đ - 300.000đ/h
VN_1225_C02,VN_1225,150000,300000,150000,150.000đ - 300.000đ/h
VN_1225_C03,VN_1225,150000,300000,150000,150.000đ - 300.000đ/h
VN_1225_C04,VN_1225,150000,300000,150000,150.000đ - 300.000đ/h
VN_1225_C05,VN_1225,150000,300000,150000,150.000đ - 300.000đ/h
VN_1225_C06,VN_1225,150000,300000,150000,150.000đ - 300.000đ/h
VN_1234_C01,VN_1234,300000,600000,300000,300.000đ - 600.000đ/h
VN_1234_C02,VN_1234,300000,600000,300000,300.000đ - 600.000đ/h
VN_1234_C03,VN_1234,300000,600000,300000,300.000đ - 600.000đ/h
VN_1222_C01,VN_1222,300000,600000,300000,300.000đ - 600.000đ/h
VN_1222_C02,VN_1222,300000,600000,300000,300.000đ - 600.000đ/h
VN_1222_C03,VN_1222,300000,600000,300000,300.000đ - 600.000đ/h
VN_1236_C01,VN_1236,300000,600000,300000,300.000đ - 600.000đ/h
VN_1236_C02,VN_1236,300000,600000,300000,300.000đ - 600.000đ/h
VN_1236_C03,VN_1236,300000,600000,300000,300.000đ - 600.000đ/h
VN_1237_C01,VN_1237,300000,600000,300000,300.000đ - 600.000đ/h
VN_1237_C02,VN_1237,300000,600000,300000,300.000đ - 600.000đ/h
VN_1237_C03,VN_1237,300000,600000,300000,300.000đ - 600.000đ/h
VN_1240_C01,VN_1240,300000,600000,300000,300.000đ - 600.000đ/h
VN_1240_C02,VN_1240,300000,600000,300000,300.000đ - 600.000đ/h
VN_1240_C03,VN_1240,300000,600000,300000,300.000đ - 600.000đ/h
VN_1239_C01,VN_1239,300000,600000,300000,300.000đ - 600.000đ/h
VN_1239_C02,VN_1239,300000,600000,300000,300.000đ - 600.000đ/h
VN_1239_C03,VN_1239,300000,600000,300000,300.000đ - 600.000đ/h
VN_1242_C01,VN_1242,300000,600000,300000,300.000đ - 600.000đ/h
VN_1242_C02,VN_1242,300000,600000,300000,300.000đ - 600.000đ/h
VN_1242_C03,VN_1242,300000,600000,300000,300.000đ - 600.000đ/h
VN_1241_C01,VN_1241,300000,600000,300000,300.000đ - 600.000đ/h
VN_1241_C02,VN_1241,300000,600000,300000,300.000đ - 600.000đ/h
VN_1241_C03,VN_1241,300000,600000,300000,300.000đ - 600.000đ/h
VN_1243_C01,VN_1243,300000,600000,300000,300.000đ - 600.000đ/h
VN_1243_C02,VN_1243,300000,600000,300000,300.000đ - 600.000đ/h
VN_1243_C03,VN_1243,300000,600000,300000,300.000đ - 600.000đ/h
VN_1244_C01,VN_1244,300000,600000,300000,300.000đ - 600.000đ/h
VN_1244_C02,VN_1244,300000,600000,300000,300.000đ - 600.000đ/h
VN_1244_C03,VN_1244,300000,600000,300000,300.000đ - 600.000đ/h
VN_1247_C01,VN_1247,300000,600000,300000,300.000đ - 600.000đ/h
VN_1247_C02,VN_1247,300000,600000,300000,300.000đ - 600.000đ/h
VN_1247_C03,VN_1247,300000,600000,300000,300.000đ - 600.000đ/h
VN_1246_C01,VN_1246,300000,600000,300000,300.000đ - 600.000đ/h
VN_1246_C02,VN_1246,300000,600000,300000,300.000đ - 600.000đ/h
VN_1246_C03,VN_1246,300000,600000,300000,300.000đ - 600.000đ/h
VN_1245_C01,VN_1245,300000,600000,300000,300.000đ - 600.000đ/h
VN_1245_C02,VN_1245,300000,600000,300000,300.000đ - 600.000đ/h
VN_1245_C03,VN_1245,300000,600000,300000,300.000đ - 600.000đ/h
VN_1248_C01,VN_1248,300000,600000,300000,300.000đ - 600.000đ/h
VN_1248_C02,VN_1248,300000,600000,300000,300.000đ - 600.000đ/h
VN_1248_C03,VN_1248,300000,600000,300000,300.000đ - 600.000đ/h
VN_1250_C01,VN_1250,150000,300000,150000,150.000đ - 300.000đ/h
VN_1250_C02,VN_1250,150000,300000,150000,150.000đ - 300.000đ/h
VN_1250_C03,VN_1250,150000,300000,150000,150.000đ - 300.000đ/h
VN_1250_C04,VN_1250,150000,300000,150000,150.000đ - 300.000đ/h
VN_1250_C05,VN_1250,150000,300000,150000,150.000đ - 300.000đ/h
VN_1250_C06,VN_1250,150000,300000,150000,150.000đ - 300.000đ/h
VN_1249_C01,VN_1249,300000,600000,300000,300.000đ - 600.000đ/h
VN_1249_C02,VN_1249,300000,600000,300000,300.000đ - 600.000đ/h
VN_1249_C03,VN_1249,300000,600000,300000,300.000đ - 600.000đ/h
VN_1251_C01,VN_1251,300000,600000,300000,300.000đ - 600.000đ/h
VN_1251_C02,VN_1251,300000,600000,300000,300.000đ - 600.000đ/h
VN_1251_C03,VN_1251,300000,600000,300000,300.000đ - 600.000đ/h
VN_1235_C01,VN_1235,300000,600000,300000,300.000đ - 600.000đ/h
VN_1235_C02,VN_1235,300000,600000,300000,300.000đ - 600.000đ/h
VN_1235_C03,VN_1235,300000,600000,300000,300.000đ - 600.000đ/h
VN_1238_C01,VN_1238,150000,300000,150000,150.000đ - 300.000đ/h
VN_1238_C02,VN_1238,150000,300000,150000,150.000đ - 300.000đ/h
VN_1238_C03,VN_1238,150000,300000,150000,150.000đ - 300.000đ/h
VN_1238_C04,VN_1238,150000,300000,150000,150.000đ - 300.000đ/h
VN_1238_C05,VN_1238,150000,300000,150000,150.000đ - 300.000đ/h
VN_1238_C06,VN_1238,150000,300000,150000,150.000đ - 300.000đ/h
VN_1252_C01,VN_1252,150000,300000,150000,150.000đ - 300.000đ/h
VN_1252_C02,VN_1252,150000,300000,150000,150.000đ - 300.000đ/h
VN_1252_C03,VN_1252,150000,300000,150000,150.000đ - 300.000đ/h
VN_1252_C04,VN_1252,150000,300000,150000,150.000đ - 300.000đ/h
VN_1252_C05,VN_1252,150000,300000,150000,150.000đ - 300.000đ/h
VN_1252_C06,VN_1252,150000,300000,150000,150.000đ - 300.000đ/h
VN_1255_C01,VN_1255,100000,120000,100000,hợp lý, tổ chức lớp học pickleball cơ bản và giao lưu định kỳ, vị trí thuận tiện gần trung tâm thành phố
VN_1255_C02,VN_1255,100000,120000,100000,hợp lý, tổ chức lớp học pickleball cơ bản và giao lưu định kỳ, vị trí thuận tiện gần trung tâm thành phố
VN_1255_C03,VN_1255,100000,120000,100000,hợp lý, tổ chức lớp học pickleball cơ bản và giao lưu định kỳ, vị trí thuận tiện gần trung tâm thành phố
VN_1255_C04,VN_1255,100000,120000,100000,hợp lý, tổ chức lớp học pickleball cơ bản và giao lưu định kỳ, vị trí thuận tiện gần trung tâm thành phố
VN_1253_C01,VN_1253,300000,600000,300000,300.000đ - 600.000đ/h
VN_1253_C02,VN_1253,300000,600000,300000,300.000đ - 600.000đ/h
VN_1253_C03,VN_1253,300000,600000,300000,300.000đ - 600.000đ/h
VN_1256_C01,VN_1256,300000,600000,300000,300.000đ - 600.000đ/h
VN_1256_C02,VN_1256,300000,600000,300000,300.000đ - 600.000đ/h
VN_1256_C03,VN_1256,300000,600000,300000,300.000đ - 600.000đ/h
VN_1258_C01,VN_1258,300000,600000,300000,300.000đ - 600.000đ/h
VN_1258_C02,VN_1258,300000,600000,300000,300.000đ - 600.000đ/h
VN_1258_C03,VN_1258,300000,600000,300000,300.000đ - 600.000đ/h
VN_1259_C01,VN_1259,150000,300000,150000,150.000đ - 300.000đ/h
VN_1259_C02,VN_1259,150000,300000,150000,150.000đ - 300.000đ/h
VN_1259_C03,VN_1259,150000,300000,150000,150.000đ - 300.000đ/h
VN_1259_C04,VN_1259,150000,300000,150000,150.000đ - 300.000đ/h
VN_1259_C05,VN_1259,150000,300000,150000,150.000đ - 300.000đ/h
VN_1259_C06,VN_1259,150000,300000,150000,150.000đ - 300.000đ/h
VN_1260_C01,VN_1260,300000,600000,300000,300.000đ - 600.000đ/h
VN_1260_C02,VN_1260,300000,600000,300000,300.000đ - 600.000đ/h
VN_1260_C03,VN_1260,300000,600000,300000,300.000đ - 600.000đ/h
VN_1261_C01,VN_1261,300000,600000,300000,300.000đ - 600.000đ/h
VN_1261_C02,VN_1261,300000,600000,300000,300.000đ - 600.000đ/h
VN_1261_C03,VN_1261,300000,600000,300000,300.000đ - 600.000đ/h
VN_1257_C01,VN_1257,100000,120000,100000,hợp lý, khu vực bán nước uống và đồ ăn nhẹ, tổ chức lớp học pickleball và giải đấu giao lưu
VN_1257_C02,VN_1257,100000,120000,100000,hợp lý, khu vực bán nước uống và đồ ăn nhẹ, tổ chức lớp học pickleball và giải đấu giao lưu
VN_1257_C03,VN_1257,100000,120000,100000,hợp lý, khu vực bán nước uống và đồ ăn nhẹ, tổ chức lớp học pickleball và giải đấu giao lưu
VN_1257_C04,VN_1257,100000,120000,100000,hợp lý, khu vực bán nước uống và đồ ăn nhẹ, tổ chức lớp học pickleball và giải đấu giao lưu
VN_1263_C01,VN_1263,300000,600000,300000,300.000đ - 600.000đ/h
VN_1263_C02,VN_1263,300000,600000,300000,300.000đ - 600.000đ/h
VN_1263_C03,VN_1263,300000,600000,300000,300.000đ - 600.000đ/h
VN_1266_C01,VN_1266,300000,600000,300000,300.000đ - 600.000đ/h
VN_1266_C02,VN_1266,300000,600000,300000,300.000đ - 600.000đ/h
VN_1266_C03,VN_1266,300000,600000,300000,300.000đ - 600.000đ/h
VN_1262_C01,VN_1262,150000,300000,150000,150.000đ - 300.000đ/h
VN_1262_C02,VN_1262,150000,300000,150000,150.000đ - 300.000đ/h
VN_1262_C03,VN_1262,150000,300000,150000,150.000đ - 300.000đ/h
VN_1262_C04,VN_1262,150000,300000,150000,150.000đ - 300.000đ/h
VN_1262_C05,VN_1262,150000,300000,150000,150.000đ - 300.000đ/h
VN_1262_C06,VN_1262,150000,300000,150000,150.000đ - 300.000đ/h
VN_1264_C01,VN_1264,150000,300000,150000,150.000đ - 300.000đ/h
VN_1264_C02,VN_1264,150000,300000,150000,150.000đ - 300.000đ/h
VN_1264_C03,VN_1264,150000,300000,150000,150.000đ - 300.000đ/h
VN_1264_C04,VN_1264,150000,300000,150000,150.000đ - 300.000đ/h
VN_1264_C05,VN_1264,150000,300000,150000,150.000đ - 300.000đ/h
VN_1264_C06,VN_1264,150000,300000,150000,150.000đ - 300.000đ/h
VN_1265_C01,VN_1265,150000,300000,150000,150.000đ - 300.000đ/h
VN_1265_C02,VN_1265,150000,300000,150000,150.000đ - 300.000đ/h
VN_1265_C03,VN_1265,150000,300000,150000,150.000đ - 300.000đ/h
VN_1265_C04,VN_1265,150000,300000,150000,150.000đ - 300.000đ/h
VN_1265_C05,VN_1265,150000,300000,150000,150.000đ - 300.000đ/h
VN_1265_C06,VN_1265,150000,300000,150000,150.000đ - 300.000đ/h
VN_1254_C01,VN_1254,300000,600000,300000,300.000đ - 600.000đ/h
VN_1254_C02,VN_1254,300000,600000,300000,300.000đ - 600.000đ/h
VN_1254_C03,VN_1254,300000,600000,300000,300.000đ - 600.000đ/h
VN_1267_C01,VN_1267,300000,600000,300000,300.000đ - 600.000đ/h
VN_1267_C02,VN_1267,300000,600000,300000,300.000đ - 600.000đ/h
VN_1267_C03,VN_1267,300000,600000,300000,300.000đ - 600.000đ/h
VN_1269_C01,VN_1269,300000,600000,300000,300.000đ - 600.000đ/h
VN_1269_C02,VN_1269,300000,600000,300000,300.000đ - 600.000đ/h
VN_1269_C03,VN_1269,300000,600000,300000,300.000đ - 600.000đ/h
VN_1270_C01,VN_1270,300000,600000,300000,300.000đ - 600.000đ/h
VN_1270_C02,VN_1270,300000,600000,300000,300.000đ - 600.000đ/h
VN_1270_C03,VN_1270,300000,600000,300000,300.000đ - 600.000đ/h
VN_1271_C01,VN_1271,300000,600000,300000,300.000đ - 600.000đ/h
VN_1271_C02,VN_1271,300000,600000,300000,300.000đ - 600.000đ/h
VN_1271_C03,VN_1271,300000,600000,300000,300.000đ - 600.000đ/h
VN_1272_C01,VN_1272,300000,600000,300000,300.000đ - 600.000đ/h
VN_1272_C02,VN_1272,300000,600000,300000,300.000đ - 600.000đ/h
VN_1272_C03,VN_1272,300000,600000,300000,300.000đ - 600.000đ/h
VN_1273_C01,VN_1273,300000,600000,300000,300.000đ - 600.000đ/h
VN_1273_C02,VN_1273,300000,600000,300000,300.000đ - 600.000đ/h
VN_1273_C03,VN_1273,300000,600000,300000,300.000đ - 600.000đ/h
VN_1275_C01,VN_1275,300000,600000,300000,300.000đ - 600.000đ/h
VN_1275_C02,VN_1275,300000,600000,300000,300.000đ - 600.000đ/h
VN_1275_C03,VN_1275,300000,600000,300000,300.000đ - 600.000đ/h
VN_1038_C01,VN_1038,150000,300000,150000,150.000đ - 300.000đ/h
VN_1038_C02,VN_1038,150000,300000,150000,150.000đ - 300.000đ/h
VN_1038_C03,VN_1038,150000,300000,150000,150.000đ - 300.000đ/h
VN_1276_C01,VN_1276,300000,600000,300000,300.000đ - 600.000đ/h
VN_1276_C02,VN_1276,300000,600000,300000,300.000đ - 600.000đ/h
VN_1276_C03,VN_1276,300000,600000,300000,300.000đ - 600.000đ/h
VN_1274_C01,VN_1274,150000,300000,150000,150.000đ - 300.000đ/h
VN_1274_C02,VN_1274,150000,300000,150000,150.000đ - 300.000đ/h
VN_1274_C03,VN_1274,150000,300000,150000,150.000đ - 300.000đ/h
VN_1274_C04,VN_1274,150000,300000,150000,150.000đ - 300.000đ/h
VN_1274_C05,VN_1274,150000,300000,150000,150.000đ - 300.000đ/h
VN_1274_C06,VN_1274,150000,300000,150000,150.000đ - 300.000đ/h
VN_1278_C01,VN_1278,300000,600000,300000,300.000đ - 600.000đ/h
VN_1278_C02,VN_1278,300000,600000,300000,300.000đ - 600.000đ/h
VN_1278_C03,VN_1278,300000,600000,300000,300.000đ - 600.000đ/h
VN_1279_C01,VN_1279,150000,300000,150000,150.000đ - 300.000đ/h
VN_1279_C02,VN_1279,150000,300000,150000,150.000đ - 300.000đ/h
VN_1279_C03,VN_1279,150000,300000,150000,150.000đ - 300.000đ/h
VN_1279_C04,VN_1279,150000,300000,150000,150.000đ - 300.000đ/h
VN_1279_C05,VN_1279,150000,300000,150000,150.000đ - 300.000đ/h
VN_1279_C06,VN_1279,150000,300000,150000,150.000đ - 300.000đ/h
VN_1277_C01,VN_1277,300000,600000,300000,300.000đ - 600.000đ/h
VN_1277_C02,VN_1277,300000,600000,300000,300.000đ - 600.000đ/h
VN_1277_C03,VN_1277,300000,600000,300000,300.000đ - 600.000đ/h
VN_1280_C01,VN_1280,300000,600000,300000,300.000đ - 600.000đ/h
VN_1280_C02,VN_1280,300000,600000,300000,300.000đ - 600.000đ/h
VN_1280_C03,VN_1280,300000,600000,300000,300.000đ - 600.000đ/h
VN_1268_C01,VN_1268,300000,600000,300000,300.000đ - 600.000đ/h
VN_1268_C02,VN_1268,300000,600000,300000,300.000đ - 600.000đ/h
VN_1268_C03,VN_1268,300000,600000,300000,300.000đ - 600.000đ/h
VN_1283_C01,VN_1283,150000,300000,150000,150.000đ - 300.000đ/h
VN_1283_C02,VN_1283,150000,300000,150000,150.000đ - 300.000đ/h
VN_1283_C03,VN_1283,150000,300000,150000,150.000đ - 300.000đ/h
VN_1283_C04,VN_1283,150000,300000,150000,150.000đ - 300.000đ/h
VN_1283_C05,VN_1283,150000,300000,150000,150.000đ - 300.000đ/h
VN_1283_C06,VN_1283,150000,300000,150000,150.000đ - 300.000đ/h
VN_1282_C01,VN_1282,150000,300000,150000,150.000đ - 300.000đ/h
VN_1282_C02,VN_1282,150000,300000,150000,150.000đ - 300.000đ/h
VN_1282_C03,VN_1282,150000,300000,150000,150.000đ - 300.000đ/h
VN_1282_C04,VN_1282,150000,300000,150000,150.000đ - 300.000đ/h
VN_1282_C05,VN_1282,150000,300000,150000,150.000đ - 300.000đ/h
VN_1282_C06,VN_1282,150000,300000,150000,150.000đ - 300.000đ/h
VN_1284_C01,VN_1284,300000,600000,300000,300.000đ - 600.000đ/h
VN_1284_C02,VN_1284,300000,600000,300000,300.000đ - 600.000đ/h
VN_1284_C03,VN_1284,300000,600000,300000,300.000đ - 600.000đ/h
VN_1285_C01,VN_1285,300000,600000,300000,300.000đ - 600.000đ/h
VN_1285_C02,VN_1285,300000,600000,300000,300.000đ - 600.000đ/h
VN_1285_C03,VN_1285,300000,600000,300000,300.000đ - 600.000đ/h
VN_1286_C01,VN_1286,150000,300000,150000,150.000đ - 300.000đ/h
VN_1286_C02,VN_1286,150000,300000,150000,150.000đ - 300.000đ/h
VN_1286_C03,VN_1286,150000,300000,150000,150.000đ - 300.000đ/h
VN_1286_C04,VN_1286,150000,300000,150000,150.000đ - 300.000đ/h
VN_1286_C05,VN_1286,150000,300000,150000,150.000đ - 300.000đ/h
VN_1286_C06,VN_1286,150000,300000,150000,150.000đ - 300.000đ/h
VN_1281_C01,VN_1281,150000,300000,150000,150.000đ - 300.000đ/h
VN_1281_C02,VN_1281,150000,300000,150000,150.000đ - 300.000đ/h
VN_1281_C03,VN_1281,150000,300000,150000,150.000đ - 300.000đ/h
VN_1281_C04,VN_1281,150000,300000,150000,150.000đ - 300.000đ/h
VN_1281_C05,VN_1281,150000,300000,150000,150.000đ - 300.000đ/h
VN_1281_C06,VN_1281,150000,300000,150000,150.000đ - 300.000đ/h
VN_1287_C01,VN_1287,300000,600000,300000,300.000đ - 600.000đ/h
VN_1287_C02,VN_1287,300000,600000,300000,300.000đ - 600.000đ/h
VN_1287_C03,VN_1287,300000,600000,300000,300.000đ - 600.000đ/h
VN_1288_C01,VN_1288,300000,600000,300000,300.000đ - 600.000đ/h
VN_1288_C02,VN_1288,300000,600000,300000,300.000đ - 600.000đ/h
VN_1288_C03,VN_1288,300000,600000,300000,300.000đ - 600.000đ/h
VN_1290_C01,VN_1290,300000,600000,300000,300.000đ - 600.000đ/h
VN_1290_C02,VN_1290,300000,600000,300000,300.000đ - 600.000đ/h
VN_1290_C03,VN_1290,300000,600000,300000,300.000đ - 600.000đ/h
VN_1289_C01,VN_1289,300000,600000,300000,300.000đ - 600.000đ/h
VN_1289_C02,VN_1289,300000,600000,300000,300.000đ - 600.000đ/h
VN_1289_C03,VN_1289,300000,600000,300000,300.000đ - 600.000đ/h
VN_1296_C01,VN_1296,300000,600000,300000,300.000đ - 600.000đ/h
VN_1296_C02,VN_1296,300000,600000,300000,300.000đ - 600.000đ/h
VN_1296_C03,VN_1296,300000,600000,300000,300.000đ - 600.000đ/h
VN_1294_C01,VN_1294,300000,600000,300000,300.000đ - 600.000đ/h
VN_1294_C02,VN_1294,300000,600000,300000,300.000đ - 600.000đ/h
VN_1294_C03,VN_1294,300000,600000,300000,300.000đ - 600.000đ/h
VN_1291_C01,VN_1291,150000,300000,150000,150.000đ - 300.000đ/h
VN_1291_C02,VN_1291,150000,300000,150000,150.000đ - 300.000đ/h
VN_1291_C03,VN_1291,150000,300000,150000,150.000đ - 300.000đ/h
VN_1291_C04,VN_1291,150000,300000,150000,150.000đ - 300.000đ/h
VN_1291_C05,VN_1291,150000,300000,150000,150.000đ - 300.000đ/h
VN_1291_C06,VN_1291,150000,300000,150000,150.000đ - 300.000đ/h
VN_1293_C01,VN_1293,300000,600000,300000,300.000đ - 600.000đ/h
VN_1293_C02,VN_1293,300000,600000,300000,300.000đ - 600.000đ/h
VN_1293_C03,VN_1293,300000,600000,300000,300.000đ - 600.000đ/h
VN_1292_C01,VN_1292,150000,300000,150000,150.000đ - 300.000đ/h
VN_1292_C02,VN_1292,150000,300000,150000,150.000đ - 300.000đ/h
VN_1292_C03,VN_1292,150000,300000,150000,150.000đ - 300.000đ/h
VN_1292_C04,VN_1292,150000,300000,150000,150.000đ - 300.000đ/h
VN_1292_C05,VN_1292,150000,300000,150000,150.000đ - 300.000đ/h
VN_1292_C06,VN_1292,150000,300000,150000,150.000đ - 300.000đ/h
VN_1295_C01,VN_1295,300000,600000,300000,300.000đ - 600.000đ/h
VN_1295_C02,VN_1295,300000,600000,300000,300.000đ - 600.000đ/h
VN_1295_C03,VN_1295,300000,600000,300000,300.000đ - 600.000đ/h
VN_1297_C01,VN_1297,300000,600000,300000,300.000đ - 600.000đ/h
VN_1297_C02,VN_1297,300000,600000,300000,300.000đ - 600.000đ/h
VN_1297_C03,VN_1297,300000,600000,300000,300.000đ - 600.000đ/h
VN_1300_C01,VN_1300,300000,600000,300000,300.000đ - 600.000đ/h
VN_1300_C02,VN_1300,300000,600000,300000,300.000đ - 600.000đ/h
VN_1300_C03,VN_1300,300000,600000,300000,300.000đ - 600.000đ/h
VN_1299_C01,VN_1299,150000,300000,150000,150.000đ - 300.000đ/h
VN_1299_C02,VN_1299,150000,300000,150000,150.000đ - 300.000đ/h
VN_1299_C03,VN_1299,150000,300000,150000,150.000đ - 300.000đ/h
VN_1301_C01,VN_1301,300000,600000,300000,300.000đ - 600.000đ/h
VN_1301_C02,VN_1301,300000,600000,300000,300.000đ - 600.000đ/h
VN_1301_C03,VN_1301,300000,600000,300000,300.000đ - 600.000đ/h
VN_1303_C01,VN_1303,300000,600000,300000,300.000đ - 600.000đ/h
VN_1303_C02,VN_1303,300000,600000,300000,300.000đ - 600.000đ/h
VN_1303_C03,VN_1303,300000,600000,300000,300.000đ - 600.000đ/h
VN_1302_C01,VN_1302,150000,300000,150000,150.000đ - 300.000đ/h
VN_1302_C02,VN_1302,150000,300000,150000,150.000đ - 300.000đ/h
VN_1302_C03,VN_1302,150000,300000,150000,150.000đ - 300.000đ/h
VN_1302_C04,VN_1302,150000,300000,150000,150.000đ - 300.000đ/h
VN_1302_C05,VN_1302,150000,300000,150000,150.000đ - 300.000đ/h
VN_1302_C06,VN_1302,150000,300000,150000,150.000đ - 300.000đ/h
VN_1304_C01,VN_1304,300000,600000,300000,300.000đ - 600.000đ/h
VN_1304_C02,VN_1304,300000,600000,300000,300.000đ - 600.000đ/h
VN_1304_C03,VN_1304,300000,600000,300000,300.000đ - 600.000đ/h
VN_1305_C01,VN_1305,300000,600000,300000,300.000đ - 600.000đ/h
VN_1305_C02,VN_1305,300000,600000,300000,300.000đ - 600.000đ/h
VN_1305_C03,VN_1305,300000,600000,300000,300.000đ - 600.000đ/h
VN_1309_C01,VN_1309,150000,300000,150000,150.000đ - 300.000đ/h
VN_1309_C02,VN_1309,150000,300000,150000,150.000đ - 300.000đ/h
VN_1309_C03,VN_1309,150000,300000,150000,150.000đ - 300.000đ/h
VN_1309_C04,VN_1309,150000,300000,150000,150.000đ - 300.000đ/h
VN_1309_C05,VN_1309,150000,300000,150000,150.000đ - 300.000đ/h
VN_1309_C06,VN_1309,150000,300000,150000,150.000đ - 300.000đ/h
VN_1311_C01,VN_1311,300000,600000,300000,300.000đ - 600.000đ/h
VN_1311_C02,VN_1311,300000,600000,300000,300.000đ - 600.000đ/h
VN_1311_C03,VN_1311,300000,600000,300000,300.000đ - 600.000đ/h
VN_1307_C01,VN_1307,300000,600000,300000,300.000đ - 600.000đ/h
VN_1307_C02,VN_1307,300000,600000,300000,300.000đ - 600.000đ/h
VN_1307_C03,VN_1307,300000,600000,300000,300.000đ - 600.000đ/h
VN_1306_C01,VN_1306,150000,300000,150000,150.000đ - 300.000đ/h
VN_1306_C02,VN_1306,150000,300000,150000,150.000đ - 300.000đ/h
VN_1306_C03,VN_1306,150000,300000,150000,150.000đ - 300.000đ/h
VN_1306_C04,VN_1306,150000,300000,150000,150.000đ - 300.000đ/h
VN_1306_C05,VN_1306,150000,300000,150000,150.000đ - 300.000đ/h
VN_1306_C06,VN_1306,150000,300000,150000,150.000đ - 300.000đ/h
VN_1310_C01,VN_1310,300000,600000,300000,300.000đ - 600.000đ/h
VN_1310_C02,VN_1310,300000,600000,300000,300.000đ - 600.000đ/h
VN_1310_C03,VN_1310,300000,600000,300000,300.000đ - 600.000đ/h
VN_1312_C01,VN_1312,300000,600000,300000,300.000đ - 600.000đ/h
VN_1312_C02,VN_1312,300000,600000,300000,300.000đ - 600.000đ/h
VN_1312_C03,VN_1312,300000,600000,300000,300.000đ - 600.000đ/h
VN_1313_C01,VN_1313,300000,600000,300000,300.000đ - 600.000đ/h
VN_1313_C02,VN_1313,300000,600000,300000,300.000đ - 600.000đ/h
VN_1313_C03,VN_1313,300000,600000,300000,300.000đ - 600.000đ/h
VN_1316_C01,VN_1316,300000,600000,300000,300.000đ - 600.000đ/h
VN_1316_C02,VN_1316,300000,600000,300000,300.000đ - 600.000đ/h
VN_1316_C03,VN_1316,300000,600000,300000,300.000đ - 600.000đ/h
VN_1315_C01,VN_1315,300000,600000,300000,300.000đ - 600.000đ/h
VN_1315_C02,VN_1315,300000,600000,300000,300.000đ - 600.000đ/h
VN_1315_C03,VN_1315,300000,600000,300000,300.000đ - 600.000đ/h
VN_1314_C01,VN_1314,150000,300000,150000,150.000đ - 300.000đ/h
VN_1314_C02,VN_1314,150000,300000,150000,150.000đ - 300.000đ/h
VN_1314_C03,VN_1314,150000,300000,150000,150.000đ - 300.000đ/h
VN_1314_C04,VN_1314,150000,300000,150000,150.000đ - 300.000đ/h
VN_1314_C05,VN_1314,150000,300000,150000,150.000đ - 300.000đ/h
VN_1314_C06,VN_1314,150000,300000,150000,150.000đ - 300.000đ/h
VN_1317_C01,VN_1317,300000,600000,300000,300.000đ - 600.000đ/h
VN_1317_C02,VN_1317,300000,600000,300000,300.000đ - 600.000đ/h
VN_1317_C03,VN_1317,300000,600000,300000,300.000đ - 600.000đ/h
VN_1318_C01,VN_1318,300000,600000,300000,300.000đ - 600.000đ/h
VN_1318_C02,VN_1318,300000,600000,300000,300.000đ - 600.000đ/h
VN_1318_C03,VN_1318,300000,600000,300000,300.000đ - 600.000đ/h
VN_1319_C01,VN_1319,300000,600000,300000,300.000đ - 600.000đ/h
VN_1319_C02,VN_1319,300000,600000,300000,300.000đ - 600.000đ/h
VN_1319_C03,VN_1319,300000,600000,300000,300.000đ - 600.000đ/h
VN_1320_C01,VN_1320,150000,300000,150000,150.000đ - 300.000đ/h
VN_1320_C02,VN_1320,150000,300000,150000,150.000đ - 300.000đ/h
VN_1320_C03,VN_1320,150000,300000,150000,150.000đ - 300.000đ/h
VN_1298_C01,VN_1298,300000,600000,300000,300.000đ - 600.000đ/h
VN_1298_C02,VN_1298,300000,600000,300000,300.000đ - 600.000đ/h
VN_1298_C03,VN_1298,300000,600000,300000,300.000đ - 600.000đ/h
VN_1325_C01,VN_1325,300000,600000,300000,300.000đ - 600.000đ/h
VN_1325_C02,VN_1325,300000,600000,300000,300.000đ - 600.000đ/h
VN_1325_C03,VN_1325,300000,600000,300000,300.000đ - 600.000đ/h
VN_1322_C01,VN_1322,300000,600000,300000,300.000đ - 600.000đ/h
VN_1322_C02,VN_1322,300000,600000,300000,300.000đ - 600.000đ/h
VN_1322_C03,VN_1322,300000,600000,300000,300.000đ - 600.000đ/h
VN_1321_C01,VN_1321,300000,600000,300000,300.000đ - 600.000đ/h
VN_1321_C02,VN_1321,300000,600000,300000,300.000đ - 600.000đ/h
VN_1321_C03,VN_1321,300000,600000,300000,300.000đ - 600.000đ/h
VN_1323_C01,VN_1323,300000,600000,300000,300.000đ - 600.000đ/h
VN_1323_C02,VN_1323,300000,600000,300000,300.000đ - 600.000đ/h
VN_1323_C03,VN_1323,300000,600000,300000,300.000đ - 600.000đ/h
VN_1324_C01,VN_1324,300000,600000,300000,300.000đ - 600.000đ/h
VN_1324_C02,VN_1324,300000,600000,300000,300.000đ - 600.000đ/h
VN_1324_C03,VN_1324,300000,600000,300000,300.000đ - 600.000đ/h
VN_1328_C01,VN_1328,150000,300000,150000,150.000đ - 300.000đ/h
VN_1328_C02,VN_1328,150000,300000,150000,150.000đ - 300.000đ/h
VN_1328_C03,VN_1328,150000,300000,150000,150.000đ - 300.000đ/h
VN_1328_C04,VN_1328,150000,300000,150000,150.000đ - 300.000đ/h
VN_1328_C05,VN_1328,150000,300000,150000,150.000đ - 300.000đ/h
VN_1328_C06,VN_1328,150000,300000,150000,150.000đ - 300.000đ/h
VN_1330_C01,VN_1330,300000,600000,300000,300.000đ - 600.000đ/h
VN_1330_C02,VN_1330,300000,600000,300000,300.000đ - 600.000đ/h
VN_1330_C03,VN_1330,300000,600000,300000,300.000đ - 600.000đ/h
VN_1329_C01,VN_1329,300000,600000,300000,300.000đ - 600.000đ/h
VN_1329_C02,VN_1329,300000,600000,300000,300.000đ - 600.000đ/h
VN_1329_C03,VN_1329,300000,600000,300000,300.000đ - 600.000đ/h
VN_1327_C01,VN_1327,300000,600000,300000,300.000đ - 600.000đ/h
VN_1327_C02,VN_1327,300000,600000,300000,300.000đ - 600.000đ/h
VN_1327_C03,VN_1327,300000,600000,300000,300.000đ - 600.000đ/h
VN_1332_C01,VN_1332,300000,600000,300000,300.000đ - 600.000đ/h
VN_1332_C02,VN_1332,300000,600000,300000,300.000đ - 600.000đ/h
VN_1332_C03,VN_1332,300000,600000,300000,300.000đ - 600.000đ/h
VN_1333_C01,VN_1333,300000,600000,300000,300.000đ - 600.000đ/h
VN_1333_C02,VN_1333,300000,600000,300000,300.000đ - 600.000đ/h
VN_1333_C03,VN_1333,300000,600000,300000,300.000đ - 600.000đ/h
VN_1334_C01,VN_1334,300000,600000,300000,300.000đ - 600.000đ/h
VN_1334_C02,VN_1334,300000,600000,300000,300.000đ - 600.000đ/h
VN_1334_C03,VN_1334,300000,600000,300000,300.000đ - 600.000đ/h
VN_1331_C01,VN_1331,150000,300000,150000,150.000đ - 300.000đ/h
VN_1331_C02,VN_1331,150000,300000,150000,150.000đ - 300.000đ/h
VN_1331_C03,VN_1331,150000,300000,150000,150.000đ - 300.000đ/h
VN_1337_C01,VN_1337,300000,600000,300000,300.000đ - 600.000đ/h
VN_1337_C02,VN_1337,300000,600000,300000,300.000đ - 600.000đ/h
VN_1337_C03,VN_1337,300000,600000,300000,300.000đ - 600.000đ/h
VN_1336_C01,VN_1336,150000,300000,150000,150.000đ - 300.000đ/h
VN_1336_C02,VN_1336,150000,300000,150000,150.000đ - 300.000đ/h
VN_1336_C03,VN_1336,150000,300000,150000,150.000đ - 300.000đ/h
VN_1336_C04,VN_1336,150000,300000,150000,150.000đ - 300.000đ/h
VN_1336_C05,VN_1336,150000,300000,150000,150.000đ - 300.000đ/h
VN_1336_C06,VN_1336,150000,300000,150000,150.000đ - 300.000đ/h
VN_1326_C01,VN_1326,300000,600000,300000,300.000đ - 600.000đ/h
VN_1326_C02,VN_1326,300000,600000,300000,300.000đ - 600.000đ/h
VN_1326_C03,VN_1326,300000,600000,300000,300.000đ - 600.000đ/h
VN_1338_C01,VN_1338,300000,600000,300000,300.000đ - 600.000đ/h
VN_1338_C02,VN_1338,300000,600000,300000,300.000đ - 600.000đ/h
VN_1338_C03,VN_1338,300000,600000,300000,300.000đ - 600.000đ/h
VN_1339_C01,VN_1339,300000,600000,300000,300.000đ - 600.000đ/h
VN_1339_C02,VN_1339,300000,600000,300000,300.000đ - 600.000đ/h
VN_1339_C03,VN_1339,300000,600000,300000,300.000đ - 600.000đ/h
VN_1308_C01,VN_1308,150000,300000,150000,150.000đ - 300.000đ/h
VN_1308_C02,VN_1308,150000,300000,150000,150.000đ - 300.000đ/h
VN_1308_C03,VN_1308,150000,300000,150000,150.000đ - 300.000đ/h
VN_1308_C04,VN_1308,150000,300000,150000,150.000đ - 300.000đ/h
VN_1308_C05,VN_1308,150000,300000,150000,150.000đ - 300.000đ/h
VN_1308_C06,VN_1308,150000,300000,150000,150.000đ - 300.000đ/h
VN_1335_C01,VN_1335,300000,600000,300000,300.000đ - 600.000đ/h
VN_1335_C02,VN_1335,300000,600000,300000,300.000đ - 600.000đ/h
VN_1335_C03,VN_1335,300000,600000,300000,300.000đ - 600.000đ/h
VN_1340_C01,VN_1340,300000,600000,300000,300.000đ - 600.000đ/h
VN_1340_C02,VN_1340,300000,600000,300000,300.000đ - 600.000đ/h
VN_1340_C03,VN_1340,300000,600000,300000,300.000đ - 600.000đ/h
VN_1341_C01,VN_1341,300000,600000,300000,300.000đ - 600.000đ/h
VN_1341_C02,VN_1341,300000,600000,300000,300.000đ - 600.000đ/h
VN_1341_C03,VN_1341,300000,600000,300000,300.000đ - 600.000đ/h
VN_1342_C01,VN_1342,150000,300000,150000,150.000đ - 300.000đ/h
VN_1342_C02,VN_1342,150000,300000,150000,150.000đ - 300.000đ/h
VN_1342_C03,VN_1342,150000,300000,150000,150.000đ - 300.000đ/h
VN_1342_C04,VN_1342,150000,300000,150000,150.000đ - 300.000đ/h
VN_1342_C05,VN_1342,150000,300000,150000,150.000đ - 300.000đ/h
VN_1342_C06,VN_1342,150000,300000,150000,150.000đ - 300.000đ/h
VN_1343_C01,VN_1343,70000,130000,70000,70.000đ - 130.000đ/h
VN_1343_C02,VN_1343,70000,130000,70000,70.000đ - 130.000đ/h
VN_1343_C03,VN_1343,70000,130000,70000,70.000đ - 130.000đ/h
VN_1343_C04,VN_1343,70000,130000,70000,70.000đ - 130.000đ/h
VN_1343_C05,VN_1343,70000,130000,70000,70.000đ - 130.000đ/h
VN_1343_C06,VN_1343,70000,130000,70000,70.000đ - 130.000đ/h
VN_1344_C01,VN_1344,300000,600000,300000,300.000đ - 600.000đ/h
VN_1344_C02,VN_1344,300000,600000,300000,300.000đ - 600.000đ/h
VN_1344_C03,VN_1344,300000,600000,300000,300.000đ - 600.000đ/h
VN_1346_C01,VN_1346,300000,600000,300000,300.000đ - 600.000đ/h
VN_1346_C02,VN_1346,300000,600000,300000,300.000đ - 600.000đ/h
VN_1346_C03,VN_1346,300000,600000,300000,300.000đ - 600.000đ/h
VN_1345_C01,VN_1345,300000,600000,300000,300.000đ - 600.000đ/h
VN_1345_C02,VN_1345,300000,600000,300000,300.000đ - 600.000đ/h
VN_1345_C03,VN_1345,300000,600000,300000,300.000đ - 600.000đ/h
VN_1347_C01,VN_1347,300000,600000,300000,300.000đ - 600.000đ/h
VN_1347_C02,VN_1347,300000,600000,300000,300.000đ - 600.000đ/h
VN_1347_C03,VN_1347,300000,600000,300000,300.000đ - 600.000đ/h
VN_1349_C01,VN_1349,300000,600000,300000,300.000đ - 600.000đ/h
VN_1349_C02,VN_1349,300000,600000,300000,300.000đ - 600.000đ/h
VN_1349_C03,VN_1349,300000,600000,300000,300.000đ - 600.000đ/h
VN_1348_C01,VN_1348,300000,600000,300000,300.000đ - 600.000đ/h
VN_1348_C02,VN_1348,300000,600000,300000,300.000đ - 600.000đ/h
VN_1348_C03,VN_1348,300000,600000,300000,300.000đ - 600.000đ/h
VN_1358_C01,VN_1358,300000,600000,300000,300.000đ - 600.000đ/h
VN_1358_C02,VN_1358,300000,600000,300000,300.000đ - 600.000đ/h
VN_1358_C03,VN_1358,300000,600000,300000,300.000đ - 600.000đ/h
VN_1352_C01,VN_1352,300000,600000,300000,300.000đ - 600.000đ/h
VN_1352_C02,VN_1352,300000,600000,300000,300.000đ - 600.000đ/h
VN_1352_C03,VN_1352,300000,600000,300000,300.000đ - 600.000đ/h
VN_1359_C01,VN_1359,300000,600000,300000,300.000đ - 600.000đ/h
VN_1359_C02,VN_1359,300000,600000,300000,300.000đ - 600.000đ/h
VN_1359_C03,VN_1359,300000,600000,300000,300.000đ - 600.000đ/h
VN_1356_C01,VN_1356,300000,600000,300000,300.000đ - 600.000đ/h
VN_1356_C02,VN_1356,300000,600000,300000,300.000đ - 600.000đ/h
VN_1356_C03,VN_1356,300000,600000,300000,300.000đ - 600.000đ/h
VN_1355_C01,VN_1355,300000,600000,300000,300.000đ - 600.000đ/h
VN_1355_C02,VN_1355,300000,600000,300000,300.000đ - 600.000đ/h
VN_1355_C03,VN_1355,300000,600000,300000,300.000đ - 600.000đ/h
VN_1357_C01,VN_1357,300000,600000,300000,300.000đ - 600.000đ/h
VN_1357_C02,VN_1357,300000,600000,300000,300.000đ - 600.000đ/h
VN_1357_C03,VN_1357,300000,600000,300000,300.000đ - 600.000đ/h
VN_1351_C01,VN_1351,300000,600000,300000,300.000đ - 600.000đ/h
VN_1351_C02,VN_1351,300000,600000,300000,300.000đ - 600.000đ/h
VN_1351_C03,VN_1351,300000,600000,300000,300.000đ - 600.000đ/h
VN_1363_C01,VN_1363,300000,600000,300000,300.000đ - 600.000đ/h
VN_1363_C02,VN_1363,300000,600000,300000,300.000đ - 600.000đ/h
VN_1363_C03,VN_1363,300000,600000,300000,300.000đ - 600.000đ/h
VN_1361_C01,VN_1361,300000,600000,300000,300.000đ - 600.000đ/h
VN_1361_C02,VN_1361,300000,600000,300000,300.000đ - 600.000đ/h
VN_1361_C03,VN_1361,300000,600000,300000,300.000đ - 600.000đ/h
VN_1362_C01,VN_1362,300000,600000,300000,300.000đ - 600.000đ/h
VN_1362_C02,VN_1362,300000,600000,300000,300.000đ - 600.000đ/h
VN_1362_C03,VN_1362,300000,600000,300000,300.000đ - 600.000đ/h
VN_1360_C01,VN_1360,300000,600000,300000,300.000đ - 600.000đ/h
VN_1360_C02,VN_1360,300000,600000,300000,300.000đ - 600.000đ/h
VN_1360_C03,VN_1360,300000,600000,300000,300.000đ - 600.000đ/h
VN_1354_C01,VN_1354,120000,220000,120000,120.000đ - 220.000đ/h
VN_1354_C02,VN_1354,120000,220000,120000,120.000đ - 220.000đ/h
VN_1354_C03,VN_1354,120000,220000,120000,120.000đ - 220.000đ/h
VN_1354_C04,VN_1354,120000,220000,120000,120.000đ - 220.000đ/h
VN_1364_C01,VN_1364,300000,600000,300000,300.000đ - 600.000đ/h
VN_1364_C02,VN_1364,300000,600000,300000,300.000đ - 600.000đ/h
VN_1364_C03,VN_1364,300000,600000,300000,300.000đ - 600.000đ/h
VN_1366_C01,VN_1366,120000,220000,120000,120.000đ - 220.000đ/h
VN_1366_C02,VN_1366,120000,220000,120000,120.000đ - 220.000đ/h
VN_1366_C03,VN_1366,120000,220000,120000,120.000đ - 220.000đ/h
VN_1366_C04,VN_1366,120000,220000,120000,120.000đ - 220.000đ/h
VN_1365_C01,VN_1365,300000,600000,300000,300.000đ - 600.000đ/h
VN_1365_C02,VN_1365,300000,600000,300000,300.000đ - 600.000đ/h
VN_1365_C03,VN_1365,300000,600000,300000,300.000đ - 600.000đ/h
VN_1353_C01,VN_1353,300000,600000,300000,300.000đ - 600.000đ/h
VN_1353_C02,VN_1353,300000,600000,300000,300.000đ - 600.000đ/h
VN_1353_C03,VN_1353,300000,600000,300000,300.000đ - 600.000đ/h
VN_1368_C01,VN_1368,300000,600000,300000,300.000đ - 600.000đ/h
VN_1368_C02,VN_1368,300000,600000,300000,300.000đ - 600.000đ/h
VN_1368_C03,VN_1368,300000,600000,300000,300.000đ - 600.000đ/h
VN_1350_C01,VN_1350,300000,600000,300000,300.000đ - 600.000đ/h
VN_1350_C02,VN_1350,300000,600000,300000,300.000đ - 600.000đ/h
VN_1350_C03,VN_1350,300000,600000,300000,300.000đ - 600.000đ/h
VN_1367_C01,VN_1367,150000,300000,150000,150.000đ - 300.000đ/h
VN_1367_C02,VN_1367,150000,300000,150000,150.000đ - 300.000đ/h
VN_1367_C03,VN_1367,150000,300000,150000,150.000đ - 300.000đ/h
VN_1370_C01,VN_1370,300000,600000,300000,300.000đ - 600.000đ/h
VN_1370_C02,VN_1370,300000,600000,300000,300.000đ - 600.000đ/h
VN_1370_C03,VN_1370,300000,600000,300000,300.000đ - 600.000đ/h
VN_1373_C01,VN_1373,300000,600000,300000,300.000đ - 600.000đ/h
VN_1373_C02,VN_1373,300000,600000,300000,300.000đ - 600.000đ/h
VN_1373_C03,VN_1373,300000,600000,300000,300.000đ - 600.000đ/h
VN_1369_C01,VN_1369,300000,600000,300000,300.000đ - 600.000đ/h
VN_1369_C02,VN_1369,300000,600000,300000,300.000đ - 600.000đ/h
VN_1369_C03,VN_1369,300000,600000,300000,300.000đ - 600.000đ/h
VN_1371_C01,VN_1371,300000,600000,300000,300.000đ - 600.000đ/h
VN_1371_C02,VN_1371,300000,600000,300000,300.000đ - 600.000đ/h
VN_1371_C03,VN_1371,300000,600000,300000,300.000đ - 600.000đ/h
VN_1372_C01,VN_1372,300000,600000,300000,300.000đ - 600.000đ/h
VN_1372_C02,VN_1372,300000,600000,300000,300.000đ - 600.000đ/h
VN_1372_C03,VN_1372,300000,600000,300000,300.000đ - 600.000đ/h
VN_1374_C01,VN_1374,150000,300000,150000,150.000đ - 300.000đ/h
VN_1374_C02,VN_1374,150000,300000,150000,150.000đ - 300.000đ/h
VN_1374_C03,VN_1374,150000,300000,150000,150.000đ - 300.000đ/h
VN_1374_C04,VN_1374,150000,300000,150000,150.000đ - 300.000đ/h
VN_1374_C05,VN_1374,150000,300000,150000,150.000đ - 300.000đ/h
VN_1374_C06,VN_1374,150000,300000,150000,150.000đ - 300.000đ/h
VN_1375_C01,VN_1375,300000,600000,300000,300.000đ - 600.000đ/h
VN_1375_C02,VN_1375,300000,600000,300000,300.000đ - 600.000đ/h
VN_1375_C03,VN_1375,300000,600000,300000,300.000đ - 600.000đ/h
VN_1376_C01,VN_1376,300000,600000,300000,300.000đ - 600.000đ/h
VN_1376_C02,VN_1376,300000,600000,300000,300.000đ - 600.000đ/h
VN_1376_C03,VN_1376,300000,600000,300000,300.000đ - 600.000đ/h
VN_1377_C01,VN_1377,300000,600000,300000,300.000đ - 600.000đ/h
VN_1377_C02,VN_1377,300000,600000,300000,300.000đ - 600.000đ/h
VN_1377_C03,VN_1377,300000,600000,300000,300.000đ - 600.000đ/h
VN_1378_C01,VN_1378,300000,600000,300000,300.000đ - 600.000đ/h
VN_1378_C02,VN_1378,300000,600000,300000,300.000đ - 600.000đ/h
VN_1378_C03,VN_1378,300000,600000,300000,300.000đ - 600.000đ/h
VN_1379_C01,VN_1379,300000,600000,300000,300.000đ - 600.000đ/h
VN_1379_C02,VN_1379,300000,600000,300000,300.000đ - 600.000đ/h
VN_1379_C03,VN_1379,300000,600000,300000,300.000đ - 600.000đ/h
VN_1380_C01,VN_1380,300000,600000,300000,300.000đ - 600.000đ/h
VN_1380_C02,VN_1380,300000,600000,300000,300.000đ - 600.000đ/h
VN_1380_C03,VN_1380,300000,600000,300000,300.000đ - 600.000đ/h
VN_1385_C01,VN_1385,300000,600000,300000,300.000đ - 600.000đ/h
VN_1385_C02,VN_1385,300000,600000,300000,300.000đ - 600.000đ/h
VN_1385_C03,VN_1385,300000,600000,300000,300.000đ - 600.000đ/h
VN_1381_C01,VN_1381,300000,600000,300000,300.000đ - 600.000đ/h
VN_1381_C02,VN_1381,300000,600000,300000,300.000đ - 600.000đ/h
VN_1381_C03,VN_1381,300000,600000,300000,300.000đ - 600.000đ/h
VN_1384_C01,VN_1384,300000,600000,300000,300.000đ - 600.000đ/h
VN_1384_C02,VN_1384,300000,600000,300000,300.000đ - 600.000đ/h
VN_1384_C03,VN_1384,300000,600000,300000,300.000đ - 600.000đ/h
VN_1382_C01,VN_1382,300000,600000,300000,300.000đ - 600.000đ/h
VN_1382_C02,VN_1382,300000,600000,300000,300.000đ - 600.000đ/h
VN_1382_C03,VN_1382,300000,600000,300000,300.000đ - 600.000đ/h
VN_1383_C01,VN_1383,300000,600000,300000,300.000đ - 600.000đ/h
VN_1383_C02,VN_1383,300000,600000,300000,300.000đ - 600.000đ/h
VN_1383_C03,VN_1383,300000,600000,300000,300.000đ - 600.000đ/h
VN_1388_C01,VN_1388,150000,300000,150000,150.000đ - 300.000đ/h
VN_1388_C02,VN_1388,150000,300000,150000,150.000đ - 300.000đ/h
VN_1388_C03,VN_1388,150000,300000,150000,150.000đ - 300.000đ/h
VN_1388_C04,VN_1388,150000,300000,150000,150.000đ - 300.000đ/h
VN_1388_C05,VN_1388,150000,300000,150000,150.000đ - 300.000đ/h
VN_1388_C06,VN_1388,150000,300000,150000,150.000đ - 300.000đ/h
VN_1387_C01,VN_1387,300000,600000,300000,300.000đ - 600.000đ/h
VN_1387_C02,VN_1387,300000,600000,300000,300.000đ - 600.000đ/h
VN_1387_C03,VN_1387,300000,600000,300000,300.000đ - 600.000đ/h
VN_1389_C01,VN_1389,300000,600000,300000,300.000đ - 600.000đ/h
VN_1389_C02,VN_1389,300000,600000,300000,300.000đ - 600.000đ/h
VN_1389_C03,VN_1389,300000,600000,300000,300.000đ - 600.000đ/h
VN_1386_C01,VN_1386,300000,600000,300000,300.000đ - 600.000đ/h
VN_1386_C02,VN_1386,300000,600000,300000,300.000đ - 600.000đ/h
VN_1386_C03,VN_1386,300000,600000,300000,300.000đ - 600.000đ/h
VN_1390_C01,VN_1390,300000,600000,300000,300.000đ - 600.000đ/h
VN_1390_C02,VN_1390,300000,600000,300000,300.000đ - 600.000đ/h
VN_1390_C03,VN_1390,300000,600000,300000,300.000đ - 600.000đ/h
VN_1393_C01,VN_1393,300000,600000,300000,300.000đ - 600.000đ/h
VN_1393_C02,VN_1393,300000,600000,300000,300.000đ - 600.000đ/h
VN_1393_C03,VN_1393,300000,600000,300000,300.000đ - 600.000đ/h
VN_1391_C01,VN_1391,150000,300000,150000,150.000đ - 300.000đ/h
VN_1391_C02,VN_1391,150000,300000,150000,150.000đ - 300.000đ/h
VN_1391_C03,VN_1391,150000,300000,150000,150.000đ - 300.000đ/h
VN_1391_C04,VN_1391,150000,300000,150000,150.000đ - 300.000đ/h
VN_1391_C05,VN_1391,150000,300000,150000,150.000đ - 300.000đ/h
VN_1391_C06,VN_1391,150000,300000,150000,150.000đ - 300.000đ/h
VN_1396_C01,VN_1396,300000,600000,300000,300.000đ - 600.000đ/h
VN_1396_C02,VN_1396,300000,600000,300000,300.000đ - 600.000đ/h
VN_1396_C03,VN_1396,300000,600000,300000,300.000đ - 600.000đ/h
VN_1394_C01,VN_1394,300000,600000,300000,300.000đ - 600.000đ/h
VN_1394_C02,VN_1394,300000,600000,300000,300.000đ - 600.000đ/h
VN_1394_C03,VN_1394,300000,600000,300000,300.000đ - 600.000đ/h
VN_1395_C01,VN_1395,300000,600000,300000,300.000đ - 600.000đ/h
VN_1395_C02,VN_1395,300000,600000,300000,300.000đ - 600.000đ/h
VN_1395_C03,VN_1395,300000,600000,300000,300.000đ - 600.000đ/h
VN_1399_C01,VN_1399,150000,300000,150000,150.000đ - 300.000đ/h
VN_1399_C02,VN_1399,150000,300000,150000,150.000đ - 300.000đ/h
VN_1399_C03,VN_1399,150000,300000,150000,150.000đ - 300.000đ/h
VN_1399_C04,VN_1399,150000,300000,150000,150.000đ - 300.000đ/h
VN_1399_C05,VN_1399,150000,300000,150000,150.000đ - 300.000đ/h
VN_1399_C06,VN_1399,150000,300000,150000,150.000đ - 300.000đ/h
VN_1398_C01,VN_1398,300000,600000,300000,300.000đ - 600.000đ/h
VN_1398_C02,VN_1398,300000,600000,300000,300.000đ - 600.000đ/h
VN_1398_C03,VN_1398,300000,600000,300000,300.000đ - 600.000đ/h
VN_1400_C01,VN_1400,150000,300000,150000,150.000đ - 300.000đ/h
VN_1400_C02,VN_1400,150000,300000,150000,150.000đ - 300.000đ/h
VN_1400_C03,VN_1400,150000,300000,150000,150.000đ - 300.000đ/h
VN_1400_C04,VN_1400,150000,300000,150000,150.000đ - 300.000đ/h
VN_1400_C05,VN_1400,150000,300000,150000,150.000đ - 300.000đ/h
VN_1400_C06,VN_1400,150000,300000,150000,150.000đ - 300.000đ/h
VN_1405_C01,VN_1405,300000,600000,300000,300.000đ - 600.000đ/h
VN_1405_C02,VN_1405,300000,600000,300000,300.000đ - 600.000đ/h
VN_1405_C03,VN_1405,300000,600000,300000,300.000đ - 600.000đ/h
VN_1397_C01,VN_1397,300000,600000,300000,300.000đ - 600.000đ/h
VN_1397_C02,VN_1397,300000,600000,300000,300.000đ - 600.000đ/h
VN_1397_C03,VN_1397,300000,600000,300000,300.000đ - 600.000đ/h
VN_1404_C01,VN_1404,300000,600000,300000,300.000đ - 600.000đ/h
VN_1404_C02,VN_1404,300000,600000,300000,300.000đ - 600.000đ/h
VN_1404_C03,VN_1404,300000,600000,300000,300.000đ - 600.000đ/h
VN_1403_C01,VN_1403,150000,300000,150000,150.000đ - 300.000đ/h
VN_1403_C02,VN_1403,150000,300000,150000,150.000đ - 300.000đ/h
VN_1403_C03,VN_1403,150000,300000,150000,150.000đ - 300.000đ/h
VN_1403_C04,VN_1403,150000,300000,150000,150.000đ - 300.000đ/h
VN_1403_C05,VN_1403,150000,300000,150000,150.000đ - 300.000đ/h
VN_1403_C06,VN_1403,150000,300000,150000,150.000đ - 300.000đ/h
VN_1392_C01,VN_1392,300000,600000,300000,300.000đ - 600.000đ/h
VN_1392_C02,VN_1392,300000,600000,300000,300.000đ - 600.000đ/h
VN_1392_C03,VN_1392,300000,600000,300000,300.000đ - 600.000đ/h
VN_1402_C01,VN_1402,300000,600000,300000,300.000đ - 600.000đ/h
VN_1402_C02,VN_1402,300000,600000,300000,300.000đ - 600.000đ/h
VN_1402_C03,VN_1402,300000,600000,300000,300.000đ - 600.000đ/h
VN_1406_C01,VN_1406,300000,600000,300000,300.000đ - 600.000đ/h
VN_1406_C02,VN_1406,300000,600000,300000,300.000đ - 600.000đ/h
VN_1406_C03,VN_1406,300000,600000,300000,300.000đ - 600.000đ/h
VN_1407_C01,VN_1407,300000,600000,300000,300.000đ - 600.000đ/h
VN_1407_C02,VN_1407,300000,600000,300000,300.000đ - 600.000đ/h
VN_1407_C03,VN_1407,300000,600000,300000,300.000đ - 600.000đ/h
VN_1410_C01,VN_1410,300000,600000,300000,300.000đ - 600.000đ/h
VN_1410_C02,VN_1410,300000,600000,300000,300.000đ - 600.000đ/h
VN_1410_C03,VN_1410,300000,600000,300000,300.000đ - 600.000đ/h
VN_1409_C01,VN_1409,150000,300000,150000,150.000đ - 300.000đ/h
VN_1409_C02,VN_1409,150000,300000,150000,150.000đ - 300.000đ/h
VN_1409_C03,VN_1409,150000,300000,150000,150.000đ - 300.000đ/h
VN_1409_C04,VN_1409,150000,300000,150000,150.000đ - 300.000đ/h
VN_1409_C05,VN_1409,150000,300000,150000,150.000đ - 300.000đ/h
VN_1409_C06,VN_1409,150000,300000,150000,150.000đ - 300.000đ/h
VN_1411_C01,VN_1411,300000,600000,300000,300.000đ - 600.000đ/h
VN_1411_C02,VN_1411,300000,600000,300000,300.000đ - 600.000đ/h
VN_1411_C03,VN_1411,300000,600000,300000,300.000đ - 600.000đ/h
VN_1413_C01,VN_1413,300000,600000,300000,300.000đ - 600.000đ/h
VN_1413_C02,VN_1413,300000,600000,300000,300.000đ - 600.000đ/h
VN_1413_C03,VN_1413,300000,600000,300000,300.000đ - 600.000đ/h
VN_1412_C01,VN_1412,300000,600000,300000,300.000đ - 600.000đ/h
VN_1412_C02,VN_1412,300000,600000,300000,300.000đ - 600.000đ/h
VN_1412_C03,VN_1412,300000,600000,300000,300.000đ - 600.000đ/h
VN_1401_C01,VN_1401,300000,600000,300000,300.000đ - 600.000đ/h
VN_1401_C02,VN_1401,300000,600000,300000,300.000đ - 600.000đ/h
VN_1401_C03,VN_1401,300000,600000,300000,300.000đ - 600.000đ/h
VN_1416_C01,VN_1416,300000,600000,300000,300.000đ - 600.000đ/h
VN_1416_C02,VN_1416,300000,600000,300000,300.000đ - 600.000đ/h
VN_1416_C03,VN_1416,300000,600000,300000,300.000đ - 600.000đ/h
VN_1417_C01,VN_1417,300000,600000,300000,300.000đ - 600.000đ/h
VN_1417_C02,VN_1417,300000,600000,300000,300.000đ - 600.000đ/h
VN_1417_C03,VN_1417,300000,600000,300000,300.000đ - 600.000đ/h
VN_1421_C01,VN_1421,300000,600000,300000,300.000đ - 600.000đ/h
VN_1421_C02,VN_1421,300000,600000,300000,300.000đ - 600.000đ/h
VN_1421_C03,VN_1421,300000,600000,300000,300.000đ - 600.000đ/h
VN_1414_C01,VN_1414,300000,600000,300000,300.000đ - 600.000đ/h
VN_1414_C02,VN_1414,300000,600000,300000,300.000đ - 600.000đ/h
VN_1414_C03,VN_1414,300000,600000,300000,300.000đ - 600.000đ/h
VN_1419_C01,VN_1419,300000,600000,300000,300.000đ - 600.000đ/h
VN_1419_C02,VN_1419,300000,600000,300000,300.000đ - 600.000đ/h
VN_1419_C03,VN_1419,300000,600000,300000,300.000đ - 600.000đ/h
VN_1418_C01,VN_1418,150000,300000,150000,150.000đ - 300.000đ/h
VN_1418_C02,VN_1418,150000,300000,150000,150.000đ - 300.000đ/h
VN_1418_C03,VN_1418,150000,300000,150000,150.000đ - 300.000đ/h
VN_1418_C04,VN_1418,150000,300000,150000,150.000đ - 300.000đ/h
VN_1418_C05,VN_1418,150000,300000,150000,150.000đ - 300.000đ/h
VN_1418_C06,VN_1418,150000,300000,150000,150.000đ - 300.000đ/h
VN_1420_C01,VN_1420,150000,300000,150000,150.000đ - 300.000đ/h
VN_1420_C02,VN_1420,150000,300000,150000,150.000đ - 300.000đ/h
VN_1420_C03,VN_1420,150000,300000,150000,150.000đ - 300.000đ/h
VN_1420_C04,VN_1420,150000,300000,150000,150.000đ - 300.000đ/h
VN_1420_C05,VN_1420,150000,300000,150000,150.000đ - 300.000đ/h
VN_1420_C06,VN_1420,150000,300000,150000,150.000đ - 300.000đ/h
VN_1408_C01,VN_1408,150000,300000,150000,150.000đ - 300.000đ/h
VN_1408_C02,VN_1408,150000,300000,150000,150.000đ - 300.000đ/h
VN_1408_C03,VN_1408,150000,300000,150000,150.000đ - 300.000đ/h
VN_1408_C04,VN_1408,150000,300000,150000,150.000đ - 300.000đ/h
VN_1408_C05,VN_1408,150000,300000,150000,150.000đ - 300.000đ/h
VN_1408_C06,VN_1408,150000,300000,150000,150.000đ - 300.000đ/h
VN_1424_C01,VN_1424,150000,300000,150000,150.000đ - 300.000đ/h
VN_1424_C02,VN_1424,150000,300000,150000,150.000đ - 300.000đ/h
VN_1424_C03,VN_1424,150000,300000,150000,150.000đ - 300.000đ/h
VN_1424_C04,VN_1424,150000,300000,150000,150.000đ - 300.000đ/h
VN_1424_C05,VN_1424,150000,300000,150000,150.000đ - 300.000đ/h
VN_1424_C06,VN_1424,150000,300000,150000,150.000đ - 300.000đ/h
VN_1423_C01,VN_1423,300000,600000,300000,300.000đ - 600.000đ/h
VN_1423_C02,VN_1423,300000,600000,300000,300.000đ - 600.000đ/h
VN_1423_C03,VN_1423,300000,600000,300000,300.000đ - 600.000đ/h
VN_1422_C01,VN_1422,150000,300000,150000,150.000đ - 300.000đ/h
VN_1422_C02,VN_1422,150000,300000,150000,150.000đ - 300.000đ/h
VN_1422_C03,VN_1422,150000,300000,150000,150.000đ - 300.000đ/h
VN_1422_C04,VN_1422,150000,300000,150000,150.000đ - 300.000đ/h
VN_1422_C05,VN_1422,150000,300000,150000,150.000đ - 300.000đ/h
VN_1422_C06,VN_1422,150000,300000,150000,150.000đ - 300.000đ/h
VN_1415_C01,VN_1415,300000,600000,300000,300.000đ - 600.000đ/h
VN_1415_C02,VN_1415,300000,600000,300000,300.000đ - 600.000đ/h
VN_1415_C03,VN_1415,300000,600000,300000,300.000đ - 600.000đ/h
VN_1426_C01,VN_1426,300000,600000,300000,300.000đ - 600.000đ/h
VN_1426_C02,VN_1426,300000,600000,300000,300.000đ - 600.000đ/h
VN_1426_C03,VN_1426,300000,600000,300000,300.000đ - 600.000đ/h
VN_1425_C01,VN_1425,300000,600000,300000,300.000đ - 600.000đ/h
VN_1425_C02,VN_1425,300000,600000,300000,300.000đ - 600.000đ/h
VN_1425_C03,VN_1425,300000,600000,300000,300.000đ - 600.000đ/h
VN_1428_C01,VN_1428,300000,600000,300000,300.000đ - 600.000đ/h
VN_1428_C02,VN_1428,300000,600000,300000,300.000đ - 600.000đ/h
VN_1428_C03,VN_1428,300000,600000,300000,300.000đ - 600.000đ/h
VN_1431_C01,VN_1431,300000,600000,300000,300.000đ - 600.000đ/h
VN_1431_C02,VN_1431,300000,600000,300000,300.000đ - 600.000đ/h
VN_1431_C03,VN_1431,300000,600000,300000,300.000đ - 600.000đ/h
VN_1430_C01,VN_1430,150000,300000,150000,150.000đ - 300.000đ/h
VN_1430_C02,VN_1430,150000,300000,150000,150.000đ - 300.000đ/h
VN_1430_C03,VN_1430,150000,300000,150000,150.000đ - 300.000đ/h
VN_1430_C04,VN_1430,150000,300000,150000,150.000đ - 300.000đ/h
VN_1430_C05,VN_1430,150000,300000,150000,150.000đ - 300.000đ/h
VN_1430_C06,VN_1430,150000,300000,150000,150.000đ - 300.000đ/h
VN_1429_C01,VN_1429,300000,600000,300000,300.000đ - 600.000đ/h
VN_1429_C02,VN_1429,300000,600000,300000,300.000đ - 600.000đ/h
VN_1429_C03,VN_1429,300000,600000,300000,300.000đ - 600.000đ/h
VN_1427_C01,VN_1427,300000,600000,300000,300.000đ - 600.000đ/h
VN_1427_C02,VN_1427,300000,600000,300000,300.000đ - 600.000đ/h
VN_1427_C03,VN_1427,300000,600000,300000,300.000đ - 600.000đ/h
VN_1434_C01,VN_1434,300000,600000,300000,300.000đ - 600.000đ/h
VN_1434_C02,VN_1434,300000,600000,300000,300.000đ - 600.000đ/h
VN_1434_C03,VN_1434,300000,600000,300000,300.000đ - 600.000đ/h
VN_1435_C01,VN_1435,300000,600000,300000,300.000đ - 600.000đ/h
VN_1435_C02,VN_1435,300000,600000,300000,300.000đ - 600.000đ/h
VN_1435_C03,VN_1435,300000,600000,300000,300.000đ - 600.000đ/h
VN_1433_C01,VN_1433,300000,600000,300000,300.000đ - 600.000đ/h
VN_1433_C02,VN_1433,300000,600000,300000,300.000đ - 600.000đ/h
VN_1433_C03,VN_1433,300000,600000,300000,300.000đ - 600.000đ/h
VN_1432_C01,VN_1432,300000,600000,300000,300.000đ - 600.000đ/h
VN_1432_C02,VN_1432,300000,600000,300000,300.000đ - 600.000đ/h
VN_1432_C03,VN_1432,300000,600000,300000,300.000đ - 600.000đ/h
VN_1436_C01,VN_1436,300000,600000,300000,300.000đ - 600.000đ/h
VN_1436_C02,VN_1436,300000,600000,300000,300.000đ - 600.000đ/h
VN_1436_C03,VN_1436,300000,600000,300000,300.000đ - 600.000đ/h
VN_1439_C01,VN_1439,300000,600000,300000,300.000đ - 600.000đ/h
VN_1439_C02,VN_1439,300000,600000,300000,300.000đ - 600.000đ/h
VN_1439_C03,VN_1439,300000,600000,300000,300.000đ - 600.000đ/h
VN_1438_C01,VN_1438,150000,300000,150000,150.000đ - 300.000đ/h
VN_1438_C02,VN_1438,150000,300000,150000,150.000đ - 300.000đ/h
VN_1438_C03,VN_1438,150000,300000,150000,150.000đ - 300.000đ/h
VN_1438_C04,VN_1438,150000,300000,150000,150.000đ - 300.000đ/h
VN_1438_C05,VN_1438,150000,300000,150000,150.000đ - 300.000đ/h
VN_1438_C06,VN_1438,150000,300000,150000,150.000đ - 300.000đ/h
VN_1437_C01,VN_1437,300000,600000,300000,300.000đ - 600.000đ/h
VN_1437_C02,VN_1437,300000,600000,300000,300.000đ - 600.000đ/h
VN_1437_C03,VN_1437,300000,600000,300000,300.000đ - 600.000đ/h
VN_1441_C01,VN_1441,300000,600000,300000,300.000đ - 600.000đ/h
VN_1441_C02,VN_1441,300000,600000,300000,300.000đ - 600.000đ/h
VN_1441_C03,VN_1441,300000,600000,300000,300.000đ - 600.000đ/h
VN_1440_C01,VN_1440,300000,600000,300000,300.000đ - 600.000đ/h
VN_1440_C02,VN_1440,300000,600000,300000,300.000đ - 600.000đ/h
VN_1440_C03,VN_1440,300000,600000,300000,300.000đ - 600.000đ/h
VN_1443_C01,VN_1443,180000,320000,180000,180.000đ - 320.000đ/h
VN_1443_C02,VN_1443,180000,320000,180000,180.000đ - 320.000đ/h
VN_1443_C03,VN_1443,180000,320000,180000,180.000đ - 320.000đ/h
VN_1446_C01,VN_1446,300000,600000,300000,300.000đ - 600.000đ/h
VN_1446_C02,VN_1446,300000,600000,300000,300.000đ - 600.000đ/h
VN_1446_C03,VN_1446,300000,600000,300000,300.000đ - 600.000đ/h
VN_1444_C01,VN_1444,300000,600000,300000,300.000đ - 600.000đ/h
VN_1444_C02,VN_1444,300000,600000,300000,300.000đ - 600.000đ/h
VN_1444_C03,VN_1444,300000,600000,300000,300.000đ - 600.000đ/h
VN_1445_C01,VN_1445,300000,600000,300000,300.000đ - 600.000đ/h
VN_1445_C02,VN_1445,300000,600000,300000,300.000đ - 600.000đ/h
VN_1445_C03,VN_1445,300000,600000,300000,300.000đ - 600.000đ/h
VN_1447_C01,VN_1447,300000,600000,300000,300.000đ - 600.000đ/h
VN_1447_C02,VN_1447,300000,600000,300000,300.000đ - 600.000đ/h
VN_1447_C03,VN_1447,300000,600000,300000,300.000đ - 600.000đ/h
VN_1442_C01,VN_1442,300000,600000,300000,300.000đ - 600.000đ/h
VN_1442_C02,VN_1442,300000,600000,300000,300.000đ - 600.000đ/h
VN_1442_C03,VN_1442,300000,600000,300000,300.000đ - 600.000đ/h
VN_1448_C01,VN_1448,300000,600000,300000,300.000đ - 600.000đ/h
VN_1448_C02,VN_1448,300000,600000,300000,300.000đ - 600.000đ/h
VN_1448_C03,VN_1448,300000,600000,300000,300.000đ - 600.000đ/h
VN_1449_C01,VN_1449,150000,300000,150000,150.000đ - 300.000đ/h
VN_1449_C02,VN_1449,150000,300000,150000,150.000đ - 300.000đ/h
VN_1449_C03,VN_1449,150000,300000,150000,150.000đ - 300.000đ/h
VN_1449_C04,VN_1449,150000,300000,150000,150.000đ - 300.000đ/h
VN_1449_C05,VN_1449,150000,300000,150000,150.000đ - 300.000đ/h
VN_1449_C06,VN_1449,150000,300000,150000,150.000đ - 300.000đ/h
VN_1453_C01,VN_1453,300000,600000,300000,300.000đ - 600.000đ/h
VN_1453_C02,VN_1453,300000,600000,300000,300.000đ - 600.000đ/h
VN_1453_C03,VN_1453,300000,600000,300000,300.000đ - 600.000đ/h
VN_1450_C01,VN_1450,300000,600000,300000,300.000đ - 600.000đ/h
VN_1450_C02,VN_1450,300000,600000,300000,300.000đ - 600.000đ/h
VN_1450_C03,VN_1450,300000,600000,300000,300.000đ - 600.000đ/h
VN_1455_C01,VN_1455,300000,600000,300000,300.000đ - 600.000đ/h
VN_1455_C02,VN_1455,300000,600000,300000,300.000đ - 600.000đ/h
VN_1455_C03,VN_1455,300000,600000,300000,300.000đ - 600.000đ/h
VN_1452_C01,VN_1452,300000,600000,300000,300.000đ - 600.000đ/h
VN_1452_C02,VN_1452,300000,600000,300000,300.000đ - 600.000đ/h
VN_1452_C03,VN_1452,300000,600000,300000,300.000đ - 600.000đ/h
VN_1457_C01,VN_1457,150000,300000,150000,150.000đ - 300.000đ/h
VN_1457_C02,VN_1457,150000,300000,150000,150.000đ - 300.000đ/h
VN_1457_C03,VN_1457,150000,300000,150000,150.000đ - 300.000đ/h
VN_1457_C04,VN_1457,150000,300000,150000,150.000đ - 300.000đ/h
VN_1457_C05,VN_1457,150000,300000,150000,150.000đ - 300.000đ/h
VN_1457_C06,VN_1457,150000,300000,150000,150.000đ - 300.000đ/h
VN_1456_C01,VN_1456,300000,600000,300000,300.000đ - 600.000đ/h
VN_1456_C02,VN_1456,300000,600000,300000,300.000đ - 600.000đ/h
VN_1456_C03,VN_1456,300000,600000,300000,300.000đ - 600.000đ/h
VN_1458_C01,VN_1458,300000,600000,300000,300.000đ - 600.000đ/h
VN_1458_C02,VN_1458,300000,600000,300000,300.000đ - 600.000đ/h
VN_1458_C03,VN_1458,300000,600000,300000,300.000đ - 600.000đ/h
VN_1451_C01,VN_1451,300000,600000,300000,300.000đ - 600.000đ/h
VN_1451_C02,VN_1451,300000,600000,300000,300.000đ - 600.000đ/h
VN_1451_C03,VN_1451,300000,600000,300000,300.000đ - 600.000đ/h
VN_1460_C01,VN_1460,300000,600000,300000,300.000đ - 600.000đ/h
VN_1460_C02,VN_1460,300000,600000,300000,300.000đ - 600.000đ/h
VN_1460_C03,VN_1460,300000,600000,300000,300.000đ - 600.000đ/h
VN_1459_C01,VN_1459,150000,300000,150000,150.000đ - 300.000đ/h
VN_1459_C02,VN_1459,150000,300000,150000,150.000đ - 300.000đ/h
VN_1459_C03,VN_1459,150000,300000,150000,150.000đ - 300.000đ/h
VN_1459_C04,VN_1459,150000,300000,150000,150.000đ - 300.000đ/h
VN_1459_C05,VN_1459,150000,300000,150000,150.000đ - 300.000đ/h
VN_1459_C06,VN_1459,150000,300000,150000,150.000đ - 300.000đ/h
VN_1462_C01,VN_1462,300000,600000,300000,300.000đ - 600.000đ/h
VN_1462_C02,VN_1462,300000,600000,300000,300.000đ - 600.000đ/h
VN_1462_C03,VN_1462,300000,600000,300000,300.000đ - 600.000đ/h
VN_1461_C01,VN_1461,300000,600000,300000,300.000đ - 600.000đ/h
VN_1461_C02,VN_1461,300000,600000,300000,300.000đ - 600.000đ/h
VN_1461_C03,VN_1461,300000,600000,300000,300.000đ - 600.000đ/h
VN_1464_C01,VN_1464,300000,600000,300000,300.000đ - 600.000đ/h
VN_1464_C02,VN_1464,300000,600000,300000,300.000đ - 600.000đ/h
VN_1464_C03,VN_1464,300000,600000,300000,300.000đ - 600.000đ/h
VN_1465_C01,VN_1465,150000,300000,150000,150.000đ - 300.000đ/h
VN_1465_C02,VN_1465,150000,300000,150000,150.000đ - 300.000đ/h
VN_1465_C03,VN_1465,150000,300000,150000,150.000đ - 300.000đ/h
VN_1465_C04,VN_1465,150000,300000,150000,150.000đ - 300.000đ/h
VN_1465_C05,VN_1465,150000,300000,150000,150.000đ - 300.000đ/h
VN_1465_C06,VN_1465,150000,300000,150000,150.000đ - 300.000đ/h
VN_1466_C01,VN_1466,300000,600000,300000,300.000đ - 600.000đ/h
VN_1466_C02,VN_1466,300000,600000,300000,300.000đ - 600.000đ/h
VN_1466_C03,VN_1466,300000,600000,300000,300.000đ - 600.000đ/h
VN_1467_C01,VN_1467,300000,600000,300000,300.000đ - 600.000đ/h
VN_1467_C02,VN_1467,300000,600000,300000,300.000đ - 600.000đ/h
VN_1467_C03,VN_1467,300000,600000,300000,300.000đ - 600.000đ/h
VN_1468_C01,VN_1468,300000,600000,300000,300.000đ - 600.000đ/h
VN_1468_C02,VN_1468,300000,600000,300000,300.000đ - 600.000đ/h
VN_1468_C03,VN_1468,300000,600000,300000,300.000đ - 600.000đ/h
VN_1469_C01,VN_1469,300000,600000,300000,300.000đ - 600.000đ/h
VN_1469_C02,VN_1469,300000,600000,300000,300.000đ - 600.000đ/h
VN_1469_C03,VN_1469,300000,600000,300000,300.000đ - 600.000đ/h
VN_1471_C01,VN_1471,300000,600000,300000,300.000đ - 600.000đ/h
VN_1471_C02,VN_1471,300000,600000,300000,300.000đ - 600.000đ/h
VN_1471_C03,VN_1471,300000,600000,300000,300.000đ - 600.000đ/h
VN_1454_C01,VN_1454,300000,600000,300000,300.000đ - 600.000đ/h
VN_1454_C02,VN_1454,300000,600000,300000,300.000đ - 600.000đ/h
VN_1454_C03,VN_1454,300000,600000,300000,300.000đ - 600.000đ/h
VN_1472_C01,VN_1472,150000,300000,150000,150.000đ - 300.000đ/h
VN_1472_C02,VN_1472,150000,300000,150000,150.000đ - 300.000đ/h
VN_1472_C03,VN_1472,150000,300000,150000,150.000đ - 300.000đ/h
VN_1472_C04,VN_1472,150000,300000,150000,150.000đ - 300.000đ/h
VN_1472_C05,VN_1472,150000,300000,150000,150.000đ - 300.000đ/h
VN_1472_C06,VN_1472,150000,300000,150000,150.000đ - 300.000đ/h
VN_1474_C01,VN_1474,300000,600000,300000,300.000đ - 600.000đ/h
VN_1474_C02,VN_1474,300000,600000,300000,300.000đ - 600.000đ/h
VN_1474_C03,VN_1474,300000,600000,300000,300.000đ - 600.000đ/h
VN_1463_C01,VN_1463,300000,600000,300000,300.000đ - 600.000đ/h
VN_1463_C02,VN_1463,300000,600000,300000,300.000đ - 600.000đ/h
VN_1463_C03,VN_1463,300000,600000,300000,300.000đ - 600.000đ/h
VN_1473_C01,VN_1473,300000,600000,300000,300.000đ - 600.000đ/h
VN_1473_C02,VN_1473,300000,600000,300000,300.000đ - 600.000đ/h
VN_1473_C03,VN_1473,300000,600000,300000,300.000đ - 600.000đ/h
VN_1476_C01,VN_1476,300000,600000,300000,300.000đ - 600.000đ/h
VN_1476_C02,VN_1476,300000,600000,300000,300.000đ - 600.000đ/h
VN_1476_C03,VN_1476,300000,600000,300000,300.000đ - 600.000đ/h
VN_1475_C01,VN_1475,300000,600000,300000,300.000đ - 600.000đ/h
VN_1475_C02,VN_1475,300000,600000,300000,300.000đ - 600.000đ/h
VN_1475_C03,VN_1475,300000,600000,300000,300.000đ - 600.000đ/h
VN_1477_C01,VN_1477,300000,600000,300000,300.000đ - 600.000đ/h
VN_1477_C02,VN_1477,300000,600000,300000,300.000đ - 600.000đ/h
VN_1477_C03,VN_1477,300000,600000,300000,300.000đ - 600.000đ/h
VN_1479_C01,VN_1479,300000,600000,300000,300.000đ - 600.000đ/h
VN_1479_C02,VN_1479,300000,600000,300000,300.000đ - 600.000đ/h
VN_1479_C03,VN_1479,300000,600000,300000,300.000đ - 600.000đ/h
VN_1470_C01,VN_1470,300000,600000,300000,300.000đ - 600.000đ/h
VN_1470_C02,VN_1470,300000,600000,300000,300.000đ - 600.000đ/h
VN_1470_C03,VN_1470,300000,600000,300000,300.000đ - 600.000đ/h
VN_1480_C01,VN_1480,150000,300000,150000,150.000đ - 300.000đ/h
VN_1480_C02,VN_1480,150000,300000,150000,150.000đ - 300.000đ/h
VN_1480_C03,VN_1480,150000,300000,150000,150.000đ - 300.000đ/h
VN_1480_C04,VN_1480,150000,300000,150000,150.000đ - 300.000đ/h
VN_1480_C05,VN_1480,150000,300000,150000,150.000đ - 300.000đ/h
VN_1480_C06,VN_1480,150000,300000,150000,150.000đ - 300.000đ/h
VN_1482_C01,VN_1482,300000,600000,300000,300.000đ - 600.000đ/h
VN_1482_C02,VN_1482,300000,600000,300000,300.000đ - 600.000đ/h
VN_1482_C03,VN_1482,300000,600000,300000,300.000đ - 600.000đ/h
VN_1484_C01,VN_1484,300000,600000,300000,300.000đ - 600.000đ/h
VN_1484_C02,VN_1484,300000,600000,300000,300.000đ - 600.000đ/h
VN_1484_C03,VN_1484,300000,600000,300000,300.000đ - 600.000đ/h
VN_1483_C01,VN_1483,300000,600000,300000,300.000đ - 600.000đ/h
VN_1483_C02,VN_1483,300000,600000,300000,300.000đ - 600.000đ/h
VN_1483_C03,VN_1483,300000,600000,300000,300.000đ - 600.000đ/h
VN_1486_C01,VN_1486,300000,600000,300000,300.000đ - 600.000đ/h
VN_1486_C02,VN_1486,300000,600000,300000,300.000đ - 600.000đ/h
VN_1486_C03,VN_1486,300000,600000,300000,300.000đ - 600.000đ/h
VN_1478_C01,VN_1478,150000,300000,150000,150.000đ - 300.000đ/h
VN_1478_C02,VN_1478,150000,300000,150000,150.000đ - 300.000đ/h
VN_1478_C03,VN_1478,150000,300000,150000,150.000đ - 300.000đ/h
VN_1478_C04,VN_1478,150000,300000,150000,150.000đ - 300.000đ/h
VN_1478_C05,VN_1478,150000,300000,150000,150.000đ - 300.000đ/h
VN_1478_C06,VN_1478,150000,300000,150000,150.000đ - 300.000đ/h
VN_1485_C01,VN_1485,300000,600000,300000,300.000đ - 600.000đ/h
VN_1485_C02,VN_1485,300000,600000,300000,300.000đ - 600.000đ/h
VN_1485_C03,VN_1485,300000,600000,300000,300.000đ - 600.000đ/h
VN_1487_C01,VN_1487,300000,600000,300000,300.000đ - 600.000đ/h
VN_1487_C02,VN_1487,300000,600000,300000,300.000đ - 600.000đ/h
VN_1487_C03,VN_1487,300000,600000,300000,300.000đ - 600.000đ/h
VN_1488_C01,VN_1488,300000,600000,300000,300.000đ - 600.000đ/h
VN_1488_C02,VN_1488,300000,600000,300000,300.000đ - 600.000đ/h
VN_1488_C03,VN_1488,300000,600000,300000,300.000đ - 600.000đ/h
VN_1489_C01,VN_1489,300000,600000,300000,300.000đ - 600.000đ/h
VN_1489_C02,VN_1489,300000,600000,300000,300.000đ - 600.000đ/h
VN_1489_C03,VN_1489,300000,600000,300000,300.000đ - 600.000đ/h
VN_1491_C01,VN_1491,300000,600000,300000,300.000đ - 600.000đ/h
VN_1491_C02,VN_1491,300000,600000,300000,300.000đ - 600.000đ/h
VN_1491_C03,VN_1491,300000,600000,300000,300.000đ - 600.000đ/h
VN_1490_C01,VN_1490,150000,300000,150000,150.000đ - 300.000đ/h
VN_1490_C02,VN_1490,150000,300000,150000,150.000đ - 300.000đ/h
VN_1490_C03,VN_1490,150000,300000,150000,150.000đ - 300.000đ/h
VN_1490_C04,VN_1490,150000,300000,150000,150.000đ - 300.000đ/h
VN_1490_C05,VN_1490,150000,300000,150000,150.000đ - 300.000đ/h
VN_1490_C06,VN_1490,150000,300000,150000,150.000đ - 300.000đ/h
VN_1492_C01,VN_1492,120000,220000,120000,120.000đ - 220.000đ/h
VN_1492_C02,VN_1492,120000,220000,120000,120.000đ - 220.000đ/h
VN_1492_C03,VN_1492,120000,220000,120000,120.000đ - 220.000đ/h
VN_1492_C04,VN_1492,120000,220000,120000,120.000đ - 220.000đ/h
VN_1493_C01,VN_1493,300000,600000,300000,300.000đ - 600.000đ/h
VN_1493_C02,VN_1493,300000,600000,300000,300.000đ - 600.000đ/h
VN_1493_C03,VN_1493,300000,600000,300000,300.000đ - 600.000đ/h
VN_1481_C01,VN_1481,300000,600000,300000,300.000đ - 600.000đ/h
VN_1481_C02,VN_1481,300000,600000,300000,300.000đ - 600.000đ/h
VN_1481_C03,VN_1481,300000,600000,300000,300.000đ - 600.000đ/h
VN_1494_C01,VN_1494,300000,600000,300000,300.000đ - 600.000đ/h
VN_1494_C02,VN_1494,300000,600000,300000,300.000đ - 600.000đ/h
VN_1494_C03,VN_1494,300000,600000,300000,300.000đ - 600.000đ/h
VN_1495_C01,VN_1495,300000,600000,300000,300.000đ - 600.000đ/h
VN_1495_C02,VN_1495,300000,600000,300000,300.000đ - 600.000đ/h
VN_1495_C03,VN_1495,300000,600000,300000,300.000đ - 600.000đ/h
VN_1497_C01,VN_1497,150000,300000,150000,150.000đ - 300.000đ/h
VN_1497_C02,VN_1497,150000,300000,150000,150.000đ - 300.000đ/h
VN_1497_C03,VN_1497,150000,300000,150000,150.000đ - 300.000đ/h
VN_1497_C04,VN_1497,150000,300000,150000,150.000đ - 300.000đ/h
VN_1497_C05,VN_1497,150000,300000,150000,150.000đ - 300.000đ/h
VN_1497_C06,VN_1497,150000,300000,150000,150.000đ - 300.000đ/h
VN_1496_C01,VN_1496,150000,300000,150000,150.000đ - 300.000đ/h
VN_1496_C02,VN_1496,150000,300000,150000,150.000đ - 300.000đ/h
VN_1496_C03,VN_1496,150000,300000,150000,150.000đ - 300.000đ/h
VN_1496_C04,VN_1496,150000,300000,150000,150.000đ - 300.000đ/h
VN_1496_C05,VN_1496,150000,300000,150000,150.000đ - 300.000đ/h
VN_1496_C06,VN_1496,150000,300000,150000,150.000đ - 300.000đ/h
VN_1501_C01,VN_1501,300000,600000,300000,300.000đ - 600.000đ/h
VN_1501_C02,VN_1501,300000,600000,300000,300.000đ - 600.000đ/h
VN_1501_C03,VN_1501,300000,600000,300000,300.000đ - 600.000đ/h
VN_1500_C01,VN_1500,300000,600000,300000,300.000đ - 600.000đ/h
VN_1500_C02,VN_1500,300000,600000,300000,300.000đ - 600.000đ/h
VN_1500_C03,VN_1500,300000,600000,300000,300.000đ - 600.000đ/h
VN_1504_C01,VN_1504,150000,300000,150000,150.000đ - 300.000đ/h
VN_1504_C02,VN_1504,150000,300000,150000,150.000đ - 300.000đ/h
VN_1504_C03,VN_1504,150000,300000,150000,150.000đ - 300.000đ/h
VN_1504_C04,VN_1504,150000,300000,150000,150.000đ - 300.000đ/h
VN_1504_C05,VN_1504,150000,300000,150000,150.000đ - 300.000đ/h
VN_1504_C06,VN_1504,150000,300000,150000,150.000đ - 300.000đ/h
VN_1503_C01,VN_1503,150000,300000,150000,150.000đ - 300.000đ/h
VN_1503_C02,VN_1503,150000,300000,150000,150.000đ - 300.000đ/h
VN_1503_C03,VN_1503,150000,300000,150000,150.000đ - 300.000đ/h
VN_1503_C04,VN_1503,150000,300000,150000,150.000đ - 300.000đ/h
VN_1503_C05,VN_1503,150000,300000,150000,150.000đ - 300.000đ/h
VN_1503_C06,VN_1503,150000,300000,150000,150.000đ - 300.000đ/h
VN_1499_C01,VN_1499,300000,600000,300000,300.000đ - 600.000đ/h
VN_1499_C02,VN_1499,300000,600000,300000,300.000đ - 600.000đ/h
VN_1499_C03,VN_1499,300000,600000,300000,300.000đ - 600.000đ/h
VN_1502_C01,VN_1502,300000,600000,300000,300.000đ - 600.000đ/h
VN_1502_C02,VN_1502,300000,600000,300000,300.000đ - 600.000đ/h
VN_1502_C03,VN_1502,300000,600000,300000,300.000đ - 600.000đ/h
VN_1498_C01,VN_1498,150000,250000,150000,150.000đ - 250.000đ/h
VN_1498_C02,VN_1498,150000,250000,150000,150.000đ - 250.000đ/h
VN_1498_C03,VN_1498,150000,250000,150000,150.000đ - 250.000đ/h
VN_1506_C01,VN_1506,300000,600000,300000,300.000đ - 600.000đ/h
VN_1506_C02,VN_1506,300000,600000,300000,300.000đ - 600.000đ/h
VN_1506_C03,VN_1506,300000,600000,300000,300.000đ - 600.000đ/h
VN_1505_C01,VN_1505,300000,600000,300000,300.000đ - 600.000đ/h
VN_1505_C02,VN_1505,300000,600000,300000,300.000đ - 600.000đ/h
VN_1505_C03,VN_1505,300000,600000,300000,300.000đ - 600.000đ/h
VN_1507_C01,VN_1507,300000,600000,300000,300.000đ - 600.000đ/h
VN_1507_C02,VN_1507,300000,600000,300000,300.000đ - 600.000đ/h
VN_1507_C03,VN_1507,300000,600000,300000,300.000đ - 600.000đ/h
VN_1508_C01,VN_1508,150000,300000,150000,150.000đ - 300.000đ/h
VN_1508_C02,VN_1508,150000,300000,150000,150.000đ - 300.000đ/h
VN_1508_C03,VN_1508,150000,300000,150000,150.000đ - 300.000đ/h
VN_1508_C04,VN_1508,150000,300000,150000,150.000đ - 300.000đ/h
VN_1508_C05,VN_1508,150000,300000,150000,150.000đ - 300.000đ/h
VN_1508_C06,VN_1508,150000,300000,150000,150.000đ - 300.000đ/h
VN_1509_C01,VN_1509,300000,600000,300000,300.000đ - 600.000đ/h
VN_1509_C02,VN_1509,300000,600000,300000,300.000đ - 600.000đ/h
VN_1509_C03,VN_1509,300000,600000,300000,300.000đ - 600.000đ/h
VN_1511_C01,VN_1511,70000,130000,70000,70.000đ - 130.000đ/h
VN_1511_C02,VN_1511,70000,130000,70000,70.000đ - 130.000đ/h
VN_1511_C03,VN_1511,70000,130000,70000,70.000đ - 130.000đ/h
VN_1511_C04,VN_1511,70000,130000,70000,70.000đ - 130.000đ/h
VN_1511_C05,VN_1511,70000,130000,70000,70.000đ - 130.000đ/h
VN_1511_C06,VN_1511,70000,130000,70000,70.000đ - 130.000đ/h
VN_1510_C01,VN_1510,300000,600000,300000,300.000đ - 600.000đ/h
VN_1510_C02,VN_1510,300000,600000,300000,300.000đ - 600.000đ/h
VN_1510_C03,VN_1510,300000,600000,300000,300.000đ - 600.000đ/h
VN_1512_C01,VN_1512,300000,600000,300000,300.000đ - 600.000đ/h
VN_1512_C02,VN_1512,300000,600000,300000,300.000đ - 600.000đ/h
VN_1512_C03,VN_1512,300000,600000,300000,300.000đ - 600.000đ/h
VN_1513_C01,VN_1513,300000,600000,300000,300.000đ - 600.000đ/h
VN_1513_C02,VN_1513,300000,600000,300000,300.000đ - 600.000đ/h
VN_1513_C03,VN_1513,300000,600000,300000,300.000đ - 600.000đ/h
VN_1514_C01,VN_1514,300000,600000,300000,300.000đ - 600.000đ/h
VN_1514_C02,VN_1514,300000,600000,300000,300.000đ - 600.000đ/h
VN_1514_C03,VN_1514,300000,600000,300000,300.000đ - 600.000đ/h
VN_1515_C01,VN_1515,150000,300000,150000,150.000đ - 300.000đ/h
VN_1515_C02,VN_1515,150000,300000,150000,150.000đ - 300.000đ/h
VN_1515_C03,VN_1515,150000,300000,150000,150.000đ - 300.000đ/h
VN_1515_C04,VN_1515,150000,300000,150000,150.000đ - 300.000đ/h
VN_1515_C05,VN_1515,150000,300000,150000,150.000đ - 300.000đ/h
VN_1515_C06,VN_1515,150000,300000,150000,150.000đ - 300.000đ/h
VN_1516_C01,VN_1516,150000,300000,150000,150.000đ - 300.000đ/h
VN_1516_C02,VN_1516,150000,300000,150000,150.000đ - 300.000đ/h
VN_1516_C03,VN_1516,150000,300000,150000,150.000đ - 300.000đ/h
VN_1516_C04,VN_1516,150000,300000,150000,150.000đ - 300.000đ/h
VN_1516_C05,VN_1516,150000,300000,150000,150.000đ - 300.000đ/h
VN_1516_C06,VN_1516,150000,300000,150000,150.000đ - 300.000đ/h
VN_1519_C01,VN_1519,150000,250000,150000,150.000đ - 250.000đ/h
VN_1519_C02,VN_1519,150000,250000,150000,150.000đ - 250.000đ/h
VN_1519_C03,VN_1519,150000,250000,150000,150.000đ - 250.000đ/h
VN_1518_C01,VN_1518,150000,300000,150000,150.000đ - 300.000đ/h
VN_1518_C02,VN_1518,150000,300000,150000,150.000đ - 300.000đ/h
VN_1518_C03,VN_1518,150000,300000,150000,150.000đ - 300.000đ/h
VN_1517_C01,VN_1517,150000,300000,150000,150.000đ - 300.000đ/h
VN_1517_C02,VN_1517,150000,300000,150000,150.000đ - 300.000đ/h
VN_1517_C03,VN_1517,150000,300000,150000,150.000đ - 300.000đ/h
VN_1517_C04,VN_1517,150000,300000,150000,150.000đ - 300.000đ/h
VN_1517_C05,VN_1517,150000,300000,150000,150.000đ - 300.000đ/h
VN_1517_C06,VN_1517,150000,300000,150000,150.000đ - 300.000đ/h
VN_1521_C01,VN_1521,300000,600000,300000,300.000đ - 600.000đ/h
VN_1521_C02,VN_1521,300000,600000,300000,300.000đ - 600.000đ/h
VN_1521_C03,VN_1521,300000,600000,300000,300.000đ - 600.000đ/h
VN_1523_C01,VN_1523,300000,600000,300000,300.000đ - 600.000đ/h
VN_1523_C02,VN_1523,300000,600000,300000,300.000đ - 600.000đ/h
VN_1523_C03,VN_1523,300000,600000,300000,300.000đ - 600.000đ/h
VN_1527_C01,VN_1527,300000,600000,300000,300.000đ - 600.000đ/h
VN_1527_C02,VN_1527,300000,600000,300000,300.000đ - 600.000đ/h
VN_1527_C03,VN_1527,300000,600000,300000,300.000đ - 600.000đ/h
VN_1526_C01,VN_1526,300000,600000,300000,300.000đ - 600.000đ/h
VN_1526_C02,VN_1526,300000,600000,300000,300.000đ - 600.000đ/h
VN_1526_C03,VN_1526,300000,600000,300000,300.000đ - 600.000đ/h
VN_1522_C01,VN_1522,150000,300000,150000,150.000đ - 300.000đ/h
VN_1522_C02,VN_1522,150000,300000,150000,150.000đ - 300.000đ/h
VN_1522_C03,VN_1522,150000,300000,150000,150.000đ - 300.000đ/h
VN_1522_C04,VN_1522,150000,300000,150000,150.000đ - 300.000đ/h
VN_1522_C05,VN_1522,150000,300000,150000,150.000đ - 300.000đ/h
VN_1522_C06,VN_1522,150000,300000,150000,150.000đ - 300.000đ/h
VN_1524_C01,VN_1524,300000,600000,300000,300.000đ - 600.000đ/h
VN_1524_C02,VN_1524,300000,600000,300000,300.000đ - 600.000đ/h
VN_1524_C03,VN_1524,300000,600000,300000,300.000đ - 600.000đ/h
VN_1528_C01,VN_1528,150000,300000,150000,150.000đ - 300.000đ/h
VN_1528_C02,VN_1528,150000,300000,150000,150.000đ - 300.000đ/h
VN_1528_C03,VN_1528,150000,300000,150000,150.000đ - 300.000đ/h
VN_1528_C04,VN_1528,150000,300000,150000,150.000đ - 300.000đ/h
VN_1528_C05,VN_1528,150000,300000,150000,150.000đ - 300.000đ/h
VN_1528_C06,VN_1528,150000,300000,150000,150.000đ - 300.000đ/h
VN_1530_C01,VN_1530,300000,600000,300000,300.000đ - 600.000đ/h
VN_1530_C02,VN_1530,300000,600000,300000,300.000đ - 600.000đ/h
VN_1530_C03,VN_1530,300000,600000,300000,300.000đ - 600.000đ/h
VN_1532_C01,VN_1532,300000,600000,300000,300.000đ - 600.000đ/h
VN_1532_C02,VN_1532,300000,600000,300000,300.000đ - 600.000đ/h
VN_1532_C03,VN_1532,300000,600000,300000,300.000đ - 600.000đ/h
VN_1529_C01,VN_1529,300000,600000,300000,300.000đ - 600.000đ/h
VN_1529_C02,VN_1529,300000,600000,300000,300.000đ - 600.000đ/h
VN_1529_C03,VN_1529,300000,600000,300000,300.000đ - 600.000đ/h
VN_1531_C01,VN_1531,300000,600000,300000,300.000đ - 600.000đ/h
VN_1531_C02,VN_1531,300000,600000,300000,300.000đ - 600.000đ/h
VN_1531_C03,VN_1531,300000,600000,300000,300.000đ - 600.000đ/h
VN_1536_C01,VN_1536,300000,600000,300000,300.000đ - 600.000đ/h
VN_1536_C02,VN_1536,300000,600000,300000,300.000đ - 600.000đ/h
VN_1536_C03,VN_1536,300000,600000,300000,300.000đ - 600.000đ/h
VN_1533_C01,VN_1533,300000,600000,300000,300.000đ - 600.000đ/h
VN_1533_C02,VN_1533,300000,600000,300000,300.000đ - 600.000đ/h
VN_1533_C03,VN_1533,300000,600000,300000,300.000đ - 600.000đ/h
VN_1535_C01,VN_1535,300000,600000,300000,300.000đ - 600.000đ/h
VN_1535_C02,VN_1535,300000,600000,300000,300.000đ - 600.000đ/h
VN_1535_C03,VN_1535,300000,600000,300000,300.000đ - 600.000đ/h
VN_1525_C01,VN_1525,300000,600000,300000,300.000đ - 600.000đ/h
VN_1525_C02,VN_1525,300000,600000,300000,300.000đ - 600.000đ/h
VN_1525_C03,VN_1525,300000,600000,300000,300.000đ - 600.000đ/h
VN_1520_C01,VN_1520,150000,300000,150000,150.000đ - 300.000đ/h
VN_1520_C02,VN_1520,150000,300000,150000,150.000đ - 300.000đ/h
VN_1520_C03,VN_1520,150000,300000,150000,150.000đ - 300.000đ/h
VN_1520_C04,VN_1520,150000,300000,150000,150.000đ - 300.000đ/h
VN_1520_C05,VN_1520,150000,300000,150000,150.000đ - 300.000đ/h
VN_1520_C06,VN_1520,150000,300000,150000,150.000đ - 300.000đ/h
VN_1537_C01,VN_1537,300000,600000,300000,300.000đ - 600.000đ/h
VN_1537_C02,VN_1537,300000,600000,300000,300.000đ - 600.000đ/h
VN_1537_C03,VN_1537,300000,600000,300000,300.000đ - 600.000đ/h
VN_1534_C01,VN_1534,300000,600000,300000,300.000đ - 600.000đ/h
VN_1534_C02,VN_1534,300000,600000,300000,300.000đ - 600.000đ/h
VN_1534_C03,VN_1534,300000,600000,300000,300.000đ - 600.000đ/h
VN_1538_C01,VN_1538,300000,600000,300000,300.000đ - 600.000đ/h
VN_1538_C02,VN_1538,300000,600000,300000,300.000đ - 600.000đ/h
VN_1538_C03,VN_1538,300000,600000,300000,300.000đ - 600.000đ/h
VN_1541_C01,VN_1541,150000,250000,150000,150.000đ - 250.000đ/h
VN_1541_C02,VN_1541,150000,250000,150000,150.000đ - 250.000đ/h
VN_1541_C03,VN_1541,150000,250000,150000,150.000đ - 250.000đ/h
VN_1539_C01,VN_1539,300000,600000,300000,300.000đ - 600.000đ/h
VN_1539_C02,VN_1539,300000,600000,300000,300.000đ - 600.000đ/h
VN_1539_C03,VN_1539,300000,600000,300000,300.000đ - 600.000đ/h
VN_1542_C01,VN_1542,300000,600000,300000,300.000đ - 600.000đ/h
VN_1542_C02,VN_1542,300000,600000,300000,300.000đ - 600.000đ/h
VN_1542_C03,VN_1542,300000,600000,300000,300.000đ - 600.000đ/h
VN_1540_C01,VN_1540,300000,600000,300000,300.000đ - 600.000đ/h
VN_1540_C02,VN_1540,300000,600000,300000,300.000đ - 600.000đ/h
VN_1540_C03,VN_1540,300000,600000,300000,300.000đ - 600.000đ/h
VN_1543_C01,VN_1543,300000,600000,300000,300.000đ - 600.000đ/h
VN_1543_C02,VN_1543,300000,600000,300000,300.000đ - 600.000đ/h
VN_1543_C03,VN_1543,300000,600000,300000,300.000đ - 600.000đ/h
VN_1545_C01,VN_1545,300000,600000,300000,300.000đ - 600.000đ/h
VN_1545_C02,VN_1545,300000,600000,300000,300.000đ - 600.000đ/h
VN_1545_C03,VN_1545,300000,600000,300000,300.000đ - 600.000đ/h
VN_1544_C01,VN_1544,300000,600000,300000,300.000đ - 600.000đ/h
VN_1544_C02,VN_1544,300000,600000,300000,300.000đ - 600.000đ/h
VN_1544_C03,VN_1544,300000,600000,300000,300.000đ - 600.000đ/h
VN_1546_C01,VN_1546,150000,300000,150000,150.000đ - 300.000đ/h
VN_1546_C02,VN_1546,150000,300000,150000,150.000đ - 300.000đ/h
VN_1546_C03,VN_1546,150000,300000,150000,150.000đ - 300.000đ/h
VN_1546_C04,VN_1546,150000,300000,150000,150.000đ - 300.000đ/h
VN_1546_C05,VN_1546,150000,300000,150000,150.000đ - 300.000đ/h
VN_1546_C06,VN_1546,150000,300000,150000,150.000đ - 300.000đ/h
VN_1547_C01,VN_1547,150000,300000,150000,150.000đ - 300.000đ/h
VN_1547_C02,VN_1547,150000,300000,150000,150.000đ - 300.000đ/h
VN_1547_C03,VN_1547,150000,300000,150000,150.000đ - 300.000đ/h
VN_1550_C01,VN_1550,150000,300000,150000,150.000đ - 300.000đ/h
VN_1550_C02,VN_1550,150000,300000,150000,150.000đ - 300.000đ/h
VN_1550_C03,VN_1550,150000,300000,150000,150.000đ - 300.000đ/h
VN_1550_C04,VN_1550,150000,300000,150000,150.000đ - 300.000đ/h
VN_1550_C05,VN_1550,150000,300000,150000,150.000đ - 300.000đ/h
VN_1550_C06,VN_1550,150000,300000,150000,150.000đ - 300.000đ/h
VN_1551_C01,VN_1551,300000,600000,300000,300.000đ - 600.000đ/h
VN_1551_C02,VN_1551,300000,600000,300000,300.000đ - 600.000đ/h
VN_1551_C03,VN_1551,300000,600000,300000,300.000đ - 600.000đ/h
VN_1549_C01,VN_1549,300000,600000,300000,300.000đ - 600.000đ/h
VN_1549_C02,VN_1549,300000,600000,300000,300.000đ - 600.000đ/h
VN_1549_C03,VN_1549,300000,600000,300000,300.000đ - 600.000đ/h
VN_1548_C01,VN_1548,150000,300000,150000,150.000đ - 300.000đ/h
VN_1548_C02,VN_1548,150000,300000,150000,150.000đ - 300.000đ/h
VN_1548_C03,VN_1548,150000,300000,150000,150.000đ - 300.000đ/h
VN_1548_C04,VN_1548,150000,300000,150000,150.000đ - 300.000đ/h
VN_1548_C05,VN_1548,150000,300000,150000,150.000đ - 300.000đ/h
VN_1548_C06,VN_1548,150000,300000,150000,150.000đ - 300.000đ/h
VN_1552_C01,VN_1552,150000,300000,150000,150.000đ - 300.000đ/h
VN_1552_C02,VN_1552,150000,300000,150000,150.000đ - 300.000đ/h
VN_1552_C03,VN_1552,150000,300000,150000,150.000đ - 300.000đ/h
VN_1552_C04,VN_1552,150000,300000,150000,150.000đ - 300.000đ/h
VN_1552_C05,VN_1552,150000,300000,150000,150.000đ - 300.000đ/h
VN_1552_C06,VN_1552,150000,300000,150000,150.000đ - 300.000đ/h
VN_1553_C01,VN_1553,300000,600000,300000,300.000đ - 600.000đ/h
VN_1553_C02,VN_1553,300000,600000,300000,300.000đ - 600.000đ/h
VN_1553_C03,VN_1553,300000,600000,300000,300.000đ - 600.000đ/h
VN_1554_C01,VN_1554,300000,600000,300000,300.000đ - 600.000đ/h
VN_1554_C02,VN_1554,300000,600000,300000,300.000đ - 600.000đ/h
VN_1554_C03,VN_1554,300000,600000,300000,300.000đ - 600.000đ/h
VN_1555_C01,VN_1555,150000,300000,150000,150.000đ - 300.000đ/h
VN_1555_C02,VN_1555,150000,300000,150000,150.000đ - 300.000đ/h
VN_1555_C03,VN_1555,150000,300000,150000,150.000đ - 300.000đ/h
VN_1555_C04,VN_1555,150000,300000,150000,150.000đ - 300.000đ/h
VN_1555_C05,VN_1555,150000,300000,150000,150.000đ - 300.000đ/h
VN_1555_C06,VN_1555,150000,300000,150000,150.000đ - 300.000đ/h
VN_1557_C01,VN_1557,300000,600000,300000,300.000đ - 600.000đ/h
VN_1557_C02,VN_1557,300000,600000,300000,300.000đ - 600.000đ/h
VN_1557_C03,VN_1557,300000,600000,300000,300.000đ - 600.000đ/h
VN_1559_C01,VN_1559,150000,300000,150000,150.000đ - 300.000đ/h
VN_1559_C02,VN_1559,150000,300000,150000,150.000đ - 300.000đ/h
VN_1559_C03,VN_1559,150000,300000,150000,150.000đ - 300.000đ/h
VN_1559_C04,VN_1559,150000,300000,150000,150.000đ - 300.000đ/h
VN_1559_C05,VN_1559,150000,300000,150000,150.000đ - 300.000đ/h
VN_1559_C06,VN_1559,150000,300000,150000,150.000đ - 300.000đ/h
VN_1560_C01,VN_1560,300000,600000,300000,300.000đ - 600.000đ/h
VN_1560_C02,VN_1560,300000,600000,300000,300.000đ - 600.000đ/h
VN_1560_C03,VN_1560,300000,600000,300000,300.000đ - 600.000đ/h
VN_1558_C01,VN_1558,300000,600000,300000,300.000đ - 600.000đ/h
VN_1558_C02,VN_1558,300000,600000,300000,300.000đ - 600.000đ/h
VN_1558_C03,VN_1558,300000,600000,300000,300.000đ - 600.000đ/h
VN_1563_C01,VN_1563,300000,600000,300000,300.000đ - 600.000đ/h
VN_1563_C02,VN_1563,300000,600000,300000,300.000đ - 600.000đ/h
VN_1563_C03,VN_1563,300000,600000,300000,300.000đ - 600.000đ/h
VN_1567_C01,VN_1567,300000,600000,300000,300.000đ - 600.000đ/h
VN_1567_C02,VN_1567,300000,600000,300000,300.000đ - 600.000đ/h
VN_1567_C03,VN_1567,300000,600000,300000,300.000đ - 600.000đ/h
VN_1561_C01,VN_1561,150000,300000,150000,150.000đ - 300.000đ/h
VN_1561_C02,VN_1561,150000,300000,150000,150.000đ - 300.000đ/h
VN_1561_C03,VN_1561,150000,300000,150000,150.000đ - 300.000đ/h
VN_1561_C04,VN_1561,150000,300000,150000,150.000đ - 300.000đ/h
VN_1561_C05,VN_1561,150000,300000,150000,150.000đ - 300.000đ/h
VN_1561_C06,VN_1561,150000,300000,150000,150.000đ - 300.000đ/h
VN_1556_C01,VN_1556,180000,320000,180000,180.000đ - 320.000đ/h
VN_1556_C02,VN_1556,180000,320000,180000,180.000đ - 320.000đ/h
VN_1556_C03,VN_1556,180000,320000,180000,180.000đ - 320.000đ/h
VN_1565_C01,VN_1565,300000,600000,300000,300.000đ - 600.000đ/h
VN_1565_C02,VN_1565,300000,600000,300000,300.000đ - 600.000đ/h
VN_1565_C03,VN_1565,300000,600000,300000,300.000đ - 600.000đ/h
VN_1566_C01,VN_1566,150000,300000,150000,150.000đ - 300.000đ/h
VN_1566_C02,VN_1566,150000,300000,150000,150.000đ - 300.000đ/h
VN_1566_C03,VN_1566,150000,300000,150000,150.000đ - 300.000đ/h
VN_1566_C04,VN_1566,150000,300000,150000,150.000đ - 300.000đ/h
VN_1566_C05,VN_1566,150000,300000,150000,150.000đ - 300.000đ/h
VN_1566_C06,VN_1566,150000,300000,150000,150.000đ - 300.000đ/h
VN_1564_C01,VN_1564,300000,600000,300000,300.000đ - 600.000đ/h
VN_1564_C02,VN_1564,300000,600000,300000,300.000đ - 600.000đ/h
VN_1564_C03,VN_1564,300000,600000,300000,300.000đ - 600.000đ/h
VN_1562_C01,VN_1562,150000,300000,150000,150.000đ - 300.000đ/h
VN_1562_C02,VN_1562,150000,300000,150000,150.000đ - 300.000đ/h
VN_1562_C03,VN_1562,150000,300000,150000,150.000đ - 300.000đ/h
VN_1562_C04,VN_1562,150000,300000,150000,150.000đ - 300.000đ/h
VN_1562_C05,VN_1562,150000,300000,150000,150.000đ - 300.000đ/h
VN_1562_C06,VN_1562,150000,300000,150000,150.000đ - 300.000đ/h
VN_1568_C01,VN_1568,300000,600000,300000,300.000đ - 600.000đ/h
VN_1568_C02,VN_1568,300000,600000,300000,300.000đ - 600.000đ/h
VN_1568_C03,VN_1568,300000,600000,300000,300.000đ - 600.000đ/h
VN_1569_C01,VN_1569,300000,600000,300000,300.000đ - 600.000đ/h
VN_1569_C02,VN_1569,300000,600000,300000,300.000đ - 600.000đ/h
VN_1569_C03,VN_1569,300000,600000,300000,300.000đ - 600.000đ/h
VN_1571_C01,VN_1571,300000,600000,300000,300.000đ - 600.000đ/h
VN_1571_C02,VN_1571,300000,600000,300000,300.000đ - 600.000đ/h
VN_1571_C03,VN_1571,300000,600000,300000,300.000đ - 600.000đ/h
VN_1573_C01,VN_1573,300000,600000,300000,300.000đ - 600.000đ/h
VN_1573_C02,VN_1573,300000,600000,300000,300.000đ - 600.000đ/h
VN_1573_C03,VN_1573,300000,600000,300000,300.000đ - 600.000đ/h
VN_1572_C01,VN_1572,300000,600000,300000,300.000đ - 600.000đ/h
VN_1572_C02,VN_1572,300000,600000,300000,300.000đ - 600.000đ/h
VN_1572_C03,VN_1572,300000,600000,300000,300.000đ - 600.000đ/h
VN_1574_C01,VN_1574,300000,600000,300000,300.000đ - 600.000đ/h
VN_1574_C02,VN_1574,300000,600000,300000,300.000đ - 600.000đ/h
VN_1574_C03,VN_1574,300000,600000,300000,300.000đ - 600.000đ/h
VN_1575_C01,VN_1575,150000,300000,150000,150.000đ - 300.000đ/h
VN_1575_C02,VN_1575,150000,300000,150000,150.000đ - 300.000đ/h
VN_1575_C03,VN_1575,150000,300000,150000,150.000đ - 300.000đ/h
VN_1575_C04,VN_1575,150000,300000,150000,150.000đ - 300.000đ/h
VN_1575_C05,VN_1575,150000,300000,150000,150.000đ - 300.000đ/h
VN_1575_C06,VN_1575,150000,300000,150000,150.000đ - 300.000đ/h
VN_1576_C01,VN_1576,300000,600000,300000,300.000đ - 600.000đ/h
VN_1576_C02,VN_1576,300000,600000,300000,300.000đ - 600.000đ/h
VN_1576_C03,VN_1576,300000,600000,300000,300.000đ - 600.000đ/h
VN_1570_C01,VN_1570,300000,600000,300000,300.000đ - 600.000đ/h
VN_1570_C02,VN_1570,300000,600000,300000,300.000đ - 600.000đ/h
VN_1570_C03,VN_1570,300000,600000,300000,300.000đ - 600.000đ/h
VN_1578_C01,VN_1578,300000,600000,300000,300.000đ - 600.000đ/h
VN_1578_C02,VN_1578,300000,600000,300000,300.000đ - 600.000đ/h
VN_1578_C03,VN_1578,300000,600000,300000,300.000đ - 600.000đ/h
VN_1577_C01,VN_1577,300000,600000,300000,300.000đ - 600.000đ/h
VN_1577_C02,VN_1577,300000,600000,300000,300.000đ - 600.000đ/h
VN_1577_C03,VN_1577,300000,600000,300000,300.000đ - 600.000đ/h
VN_1581_C01,VN_1581,300000,600000,300000,300.000đ - 600.000đ/h
VN_1581_C02,VN_1581,300000,600000,300000,300.000đ - 600.000đ/h
VN_1581_C03,VN_1581,300000,600000,300000,300.000đ - 600.000đ/h
VN_1582_C01,VN_1582,300000,600000,300000,300.000đ - 600.000đ/h
VN_1582_C02,VN_1582,300000,600000,300000,300.000đ - 600.000đ/h
VN_1582_C03,VN_1582,300000,600000,300000,300.000đ - 600.000đ/h
VN_1580_C01,VN_1580,300000,600000,300000,300.000đ - 600.000đ/h
VN_1580_C02,VN_1580,300000,600000,300000,300.000đ - 600.000đ/h
VN_1580_C03,VN_1580,300000,600000,300000,300.000đ - 600.000đ/h
VN_1579_C01,VN_1579,300000,600000,300000,300.000đ - 600.000đ/h
VN_1579_C02,VN_1579,300000,600000,300000,300.000đ - 600.000đ/h
VN_1579_C03,VN_1579,300000,600000,300000,300.000đ - 600.000đ/h
VN_1583_C01,VN_1583,300000,600000,300000,300.000đ - 600.000đ/h
VN_1583_C02,VN_1583,300000,600000,300000,300.000đ - 600.000đ/h
VN_1583_C03,VN_1583,300000,600000,300000,300.000đ - 600.000đ/h
VN_1585_C01,VN_1585,150000,300000,150000,150.000đ - 300.000đ/h
VN_1585_C02,VN_1585,150000,300000,150000,150.000đ - 300.000đ/h
VN_1585_C03,VN_1585,150000,300000,150000,150.000đ - 300.000đ/h
VN_1585_C04,VN_1585,150000,300000,150000,150.000đ - 300.000đ/h
VN_1585_C05,VN_1585,150000,300000,150000,150.000đ - 300.000đ/h
VN_1585_C06,VN_1585,150000,300000,150000,150.000đ - 300.000đ/h
VN_1584_C01,VN_1584,300000,600000,300000,300.000đ - 600.000đ/h
VN_1584_C02,VN_1584,300000,600000,300000,300.000đ - 600.000đ/h
VN_1584_C03,VN_1584,300000,600000,300000,300.000đ - 600.000đ/h
VN_1586_C01,VN_1586,300000,600000,300000,300.000đ - 600.000đ/h
VN_1586_C02,VN_1586,300000,600000,300000,300.000đ - 600.000đ/h
VN_1586_C03,VN_1586,300000,600000,300000,300.000đ - 600.000đ/h
VN_1587_C01,VN_1587,150000,300000,150000,150.000đ - 300.000đ/h
VN_1587_C02,VN_1587,150000,300000,150000,150.000đ - 300.000đ/h
VN_1587_C03,VN_1587,150000,300000,150000,150.000đ - 300.000đ/h
VN_1587_C04,VN_1587,150000,300000,150000,150.000đ - 300.000đ/h
VN_1587_C05,VN_1587,150000,300000,150000,150.000đ - 300.000đ/h
VN_1587_C06,VN_1587,150000,300000,150000,150.000đ - 300.000đ/h
VN_1588_C01,VN_1588,300000,600000,300000,300.000đ - 600.000đ/h
VN_1588_C02,VN_1588,300000,600000,300000,300.000đ - 600.000đ/h
VN_1588_C03,VN_1588,300000,600000,300000,300.000đ - 600.000đ/h
VN_1590_C01,VN_1590,300000,600000,300000,300.000đ - 600.000đ/h
VN_1590_C02,VN_1590,300000,600000,300000,300.000đ - 600.000đ/h
VN_1590_C03,VN_1590,300000,600000,300000,300.000đ - 600.000đ/h
VN_1589_C01,VN_1589,150000,300000,150000,150.000đ - 300.000đ/h
VN_1589_C02,VN_1589,150000,300000,150000,150.000đ - 300.000đ/h
VN_1589_C03,VN_1589,150000,300000,150000,150.000đ - 300.000đ/h
VN_1589_C04,VN_1589,150000,300000,150000,150.000đ - 300.000đ/h
VN_1589_C05,VN_1589,150000,300000,150000,150.000đ - 300.000đ/h
VN_1589_C06,VN_1589,150000,300000,150000,150.000đ - 300.000đ/h
VN_1591_C01,VN_1591,300000,600000,300000,300.000đ - 600.000đ/h
VN_1591_C02,VN_1591,300000,600000,300000,300.000đ - 600.000đ/h
VN_1591_C03,VN_1591,300000,600000,300000,300.000đ - 600.000đ/h
VN_1592_C01,VN_1592,300000,600000,300000,300.000đ - 600.000đ/h
VN_1592_C02,VN_1592,300000,600000,300000,300.000đ - 600.000đ/h
VN_1592_C03,VN_1592,300000,600000,300000,300.000đ - 600.000đ/h
VN_1593_C01,VN_1593,300000,600000,300000,300.000đ - 600.000đ/h
VN_1593_C02,VN_1593,300000,600000,300000,300.000đ - 600.000đ/h
VN_1593_C03,VN_1593,300000,600000,300000,300.000đ - 600.000đ/h
VN_1598_C01,VN_1598,150000,300000,150000,150.000đ - 300.000đ/h
VN_1598_C02,VN_1598,150000,300000,150000,150.000đ - 300.000đ/h
VN_1598_C03,VN_1598,150000,300000,150000,150.000đ - 300.000đ/h
VN_1598_C04,VN_1598,150000,300000,150000,150.000đ - 300.000đ/h
VN_1598_C05,VN_1598,150000,300000,150000,150.000đ - 300.000đ/h
VN_1598_C06,VN_1598,150000,300000,150000,150.000đ - 300.000đ/h
VN_1595_C01,VN_1595,300000,600000,300000,300.000đ - 600.000đ/h
VN_1595_C02,VN_1595,300000,600000,300000,300.000đ - 600.000đ/h
VN_1595_C03,VN_1595,300000,600000,300000,300.000đ - 600.000đ/h
VN_1597_C01,VN_1597,300000,600000,300000,300.000đ - 600.000đ/h
VN_1597_C02,VN_1597,300000,600000,300000,300.000đ - 600.000đ/h
VN_1597_C03,VN_1597,300000,600000,300000,300.000đ - 600.000đ/h
VN_1600_C01,VN_1600,300000,600000,300000,300.000đ - 600.000đ/h
VN_1600_C02,VN_1600,300000,600000,300000,300.000đ - 600.000đ/h
VN_1600_C03,VN_1600,300000,600000,300000,300.000đ - 600.000đ/h
VN_1599_C01,VN_1599,300000,600000,300000,300.000đ - 600.000đ/h
VN_1599_C02,VN_1599,300000,600000,300000,300.000đ - 600.000đ/h
VN_1599_C03,VN_1599,300000,600000,300000,300.000đ - 600.000đ/h
VN_1596_C01,VN_1596,150000,300000,150000,150.000đ - 300.000đ/h
VN_1596_C02,VN_1596,150000,300000,150000,150.000đ - 300.000đ/h
VN_1596_C03,VN_1596,150000,300000,150000,150.000đ - 300.000đ/h
VN_1601_C01,VN_1601,300000,600000,300000,300.000đ - 600.000đ/h
VN_1601_C02,VN_1601,300000,600000,300000,300.000đ - 600.000đ/h
VN_1601_C03,VN_1601,300000,600000,300000,300.000đ - 600.000đ/h
VN_1602_C01,VN_1602,300000,600000,300000,300.000đ - 600.000đ/h
VN_1602_C02,VN_1602,300000,600000,300000,300.000đ - 600.000đ/h
VN_1602_C03,VN_1602,300000,600000,300000,300.000đ - 600.000đ/h
VN_1606_C01,VN_1606,300000,600000,300000,300.000đ - 600.000đ/h
VN_1606_C02,VN_1606,300000,600000,300000,300.000đ - 600.000đ/h
VN_1606_C03,VN_1606,300000,600000,300000,300.000đ - 600.000đ/h
VN_1605_C01,VN_1605,300000,600000,300000,300.000đ - 600.000đ/h
VN_1605_C02,VN_1605,300000,600000,300000,300.000đ - 600.000đ/h
VN_1605_C03,VN_1605,300000,600000,300000,300.000đ - 600.000đ/h
VN_1604_C01,VN_1604,300000,600000,300000,300.000đ - 600.000đ/h
VN_1604_C02,VN_1604,300000,600000,300000,300.000đ - 600.000đ/h
VN_1604_C03,VN_1604,300000,600000,300000,300.000đ - 600.000đ/h
VN_1607_C01,VN_1607,300000,600000,300000,300.000đ - 600.000đ/h
VN_1607_C02,VN_1607,300000,600000,300000,300.000đ - 600.000đ/h
VN_1607_C03,VN_1607,300000,600000,300000,300.000đ - 600.000đ/h
VN_1608_C01,VN_1608,300000,600000,300000,300.000đ - 600.000đ/h
VN_1608_C02,VN_1608,300000,600000,300000,300.000đ - 600.000đ/h
VN_1608_C03,VN_1608,300000,600000,300000,300.000đ - 600.000đ/h
VN_1594_C01,VN_1594,300000,600000,300000,300.000đ - 600.000đ/h
VN_1594_C02,VN_1594,300000,600000,300000,300.000đ - 600.000đ/h
VN_1594_C03,VN_1594,300000,600000,300000,300.000đ - 600.000đ/h
VN_1603_C01,VN_1603,300000,600000,300000,300.000đ - 600.000đ/h
VN_1603_C02,VN_1603,300000,600000,300000,300.000đ - 600.000đ/h
VN_1603_C03,VN_1603,300000,600000,300000,300.000đ - 600.000đ/h
VN_1611_C01,VN_1611,300000,600000,300000,300.000đ - 600.000đ/h
VN_1611_C02,VN_1611,300000,600000,300000,300.000đ - 600.000đ/h
VN_1611_C03,VN_1611,300000,600000,300000,300.000đ - 600.000đ/h
VN_1609_C01,VN_1609,300000,600000,300000,300.000đ - 600.000đ/h
VN_1609_C02,VN_1609,300000,600000,300000,300.000đ - 600.000đ/h
VN_1609_C03,VN_1609,300000,600000,300000,300.000đ - 600.000đ/h
VN_1613_C01,VN_1613,300000,600000,300000,300.000đ - 600.000đ/h
VN_1613_C02,VN_1613,300000,600000,300000,300.000đ - 600.000đ/h
VN_1613_C03,VN_1613,300000,600000,300000,300.000đ - 600.000đ/h
VN_1615_C01,VN_1615,150000,300000,150000,150.000đ - 300.000đ/h
VN_1615_C02,VN_1615,150000,300000,150000,150.000đ - 300.000đ/h
VN_1615_C03,VN_1615,150000,300000,150000,150.000đ - 300.000đ/h
VN_1615_C04,VN_1615,150000,300000,150000,150.000đ - 300.000đ/h
VN_1615_C05,VN_1615,150000,300000,150000,150.000đ - 300.000đ/h
VN_1615_C06,VN_1615,150000,300000,150000,150.000đ - 300.000đ/h
VN_1614_C01,VN_1614,300000,600000,300000,300.000đ - 600.000đ/h
VN_1614_C02,VN_1614,300000,600000,300000,300.000đ - 600.000đ/h
VN_1614_C03,VN_1614,300000,600000,300000,300.000đ - 600.000đ/h
VN_1617_C01,VN_1617,300000,600000,300000,300.000đ - 600.000đ/h
VN_1617_C02,VN_1617,300000,600000,300000,300.000đ - 600.000đ/h
VN_1617_C03,VN_1617,300000,600000,300000,300.000đ - 600.000đ/h
VN_1616_C01,VN_1616,300000,600000,300000,300.000đ - 600.000đ/h
VN_1616_C02,VN_1616,300000,600000,300000,300.000đ - 600.000đ/h
VN_1616_C03,VN_1616,300000,600000,300000,300.000đ - 600.000đ/h
VN_1612_C01,VN_1612,150000,300000,150000,150.000đ - 300.000đ/h
VN_1612_C02,VN_1612,150000,300000,150000,150.000đ - 300.000đ/h
VN_1612_C03,VN_1612,150000,300000,150000,150.000đ - 300.000đ/h
VN_1612_C04,VN_1612,150000,300000,150000,150.000đ - 300.000đ/h
VN_1612_C05,VN_1612,150000,300000,150000,150.000đ - 300.000đ/h
VN_1612_C06,VN_1612,150000,300000,150000,150.000đ - 300.000đ/h
VN_1618_C01,VN_1618,150000,300000,150000,150.000đ - 300.000đ/h
VN_1618_C02,VN_1618,150000,300000,150000,150.000đ - 300.000đ/h
VN_1618_C03,VN_1618,150000,300000,150000,150.000đ - 300.000đ/h
VN_1618_C04,VN_1618,150000,300000,150000,150.000đ - 300.000đ/h
VN_1618_C05,VN_1618,150000,300000,150000,150.000đ - 300.000đ/h
VN_1618_C06,VN_1618,150000,300000,150000,150.000đ - 300.000đ/h
VN_1620_C01,VN_1620,300000,600000,300000,300.000đ - 600.000đ/h
VN_1620_C02,VN_1620,300000,600000,300000,300.000đ - 600.000đ/h
VN_1620_C03,VN_1620,300000,600000,300000,300.000đ - 600.000đ/h
VN_1610_C01,VN_1610,300000,600000,300000,300.000đ - 600.000đ/h
VN_1610_C02,VN_1610,300000,600000,300000,300.000đ - 600.000đ/h
VN_1610_C03,VN_1610,300000,600000,300000,300.000đ - 600.000đ/h
VN_1619_C01,VN_1619,300000,600000,300000,300.000đ - 600.000đ/h
VN_1619_C02,VN_1619,300000,600000,300000,300.000đ - 600.000đ/h
VN_1619_C03,VN_1619,300000,600000,300000,300.000đ - 600.000đ/h
VN_1621_C01,VN_1621,300000,600000,300000,300.000đ - 600.000đ/h
VN_1621_C02,VN_1621,300000,600000,300000,300.000đ - 600.000đ/h
VN_1621_C03,VN_1621,300000,600000,300000,300.000đ - 600.000đ/h
VN_1622_C01,VN_1622,150000,300000,150000,150.000đ - 300.000đ/h
VN_1622_C02,VN_1622,150000,300000,150000,150.000đ - 300.000đ/h
VN_1622_C03,VN_1622,150000,300000,150000,150.000đ - 300.000đ/h
VN_1622_C04,VN_1622,150000,300000,150000,150.000đ - 300.000đ/h
VN_1622_C05,VN_1622,150000,300000,150000,150.000đ - 300.000đ/h
VN_1622_C06,VN_1622,150000,300000,150000,150.000đ - 300.000đ/h
VN_1623_C01,VN_1623,150000,300000,150000,150.000đ - 300.000đ/h
VN_1623_C02,VN_1623,150000,300000,150000,150.000đ - 300.000đ/h
VN_1623_C03,VN_1623,150000,300000,150000,150.000đ - 300.000đ/h
VN_1623_C04,VN_1623,150000,300000,150000,150.000đ - 300.000đ/h
VN_1623_C05,VN_1623,150000,300000,150000,150.000đ - 300.000đ/h
VN_1623_C06,VN_1623,150000,300000,150000,150.000đ - 300.000đ/h
VN_1625_C01,VN_1625,150000,300000,150000,150.000đ - 300.000đ/h
VN_1625_C02,VN_1625,150000,300000,150000,150.000đ - 300.000đ/h
VN_1625_C03,VN_1625,150000,300000,150000,150.000đ - 300.000đ/h
VN_1625_C04,VN_1625,150000,300000,150000,150.000đ - 300.000đ/h
VN_1625_C05,VN_1625,150000,300000,150000,150.000đ - 300.000đ/h
VN_1625_C06,VN_1625,150000,300000,150000,150.000đ - 300.000đ/h
VN_1626_C01,VN_1626,150000,300000,150000,150.000đ - 300.000đ/h
VN_1626_C02,VN_1626,150000,300000,150000,150.000đ - 300.000đ/h
VN_1626_C03,VN_1626,150000,300000,150000,150.000đ - 300.000đ/h
VN_1626_C04,VN_1626,150000,300000,150000,150.000đ - 300.000đ/h
VN_1626_C05,VN_1626,150000,300000,150000,150.000đ - 300.000đ/h
VN_1626_C06,VN_1626,150000,300000,150000,150.000đ - 300.000đ/h
VN_1627_C01,VN_1627,300000,600000,300000,300.000đ - 600.000đ/h
VN_1627_C02,VN_1627,300000,600000,300000,300.000đ - 600.000đ/h
VN_1627_C03,VN_1627,300000,600000,300000,300.000đ - 600.000đ/h
VN_1628_C01,VN_1628,300000,600000,300000,300.000đ - 600.000đ/h
VN_1628_C02,VN_1628,300000,600000,300000,300.000đ - 600.000đ/h
VN_1628_C03,VN_1628,300000,600000,300000,300.000đ - 600.000đ/h
VN_1624_C01,VN_1624,180000,320000,180000,180.000đ - 320.000đ/h
VN_1624_C02,VN_1624,180000,320000,180000,180.000đ - 320.000đ/h
VN_1624_C03,VN_1624,180000,320000,180000,180.000đ - 320.000đ/h
VN_1632_C01,VN_1632,300000,600000,300000,300.000đ - 600.000đ/h
VN_1632_C02,VN_1632,300000,600000,300000,300.000đ - 600.000đ/h
VN_1632_C03,VN_1632,300000,600000,300000,300.000đ - 600.000đ/h
VN_1631_C01,VN_1631,300000,600000,300000,300.000đ - 600.000đ/h
VN_1631_C02,VN_1631,300000,600000,300000,300.000đ - 600.000đ/h
VN_1631_C03,VN_1631,300000,600000,300000,300.000đ - 600.000đ/h
VN_1633_C01,VN_1633,300000,600000,300000,300.000đ - 600.000đ/h
VN_1633_C02,VN_1633,300000,600000,300000,300.000đ - 600.000đ/h
VN_1633_C03,VN_1633,300000,600000,300000,300.000đ - 600.000đ/h
VN_1630_C01,VN_1630,300000,600000,300000,300.000đ - 600.000đ/h
VN_1630_C02,VN_1630,300000,600000,300000,300.000đ - 600.000đ/h
VN_1630_C03,VN_1630,300000,600000,300000,300.000đ - 600.000đ/h
VN_1637_C01,VN_1637,300000,600000,300000,300.000đ - 600.000đ/h
VN_1637_C02,VN_1637,300000,600000,300000,300.000đ - 600.000đ/h
VN_1637_C03,VN_1637,300000,600000,300000,300.000đ - 600.000đ/h
VN_1634_C01,VN_1634,300000,600000,300000,300.000đ - 600.000đ/h
VN_1634_C02,VN_1634,300000,600000,300000,300.000đ - 600.000đ/h
VN_1634_C03,VN_1634,300000,600000,300000,300.000đ - 600.000đ/h
VN_1644_C01,VN_1644,300000,600000,300000,300.000đ - 600.000đ/h
VN_1644_C02,VN_1644,300000,600000,300000,300.000đ - 600.000đ/h
VN_1644_C03,VN_1644,300000,600000,300000,300.000đ - 600.000đ/h
VN_1640_C01,VN_1640,150000,300000,150000,150.000đ - 300.000đ/h
VN_1640_C02,VN_1640,150000,300000,150000,150.000đ - 300.000đ/h
VN_1640_C03,VN_1640,150000,300000,150000,150.000đ - 300.000đ/h
VN_1640_C04,VN_1640,150000,300000,150000,150.000đ - 300.000đ/h
VN_1640_C05,VN_1640,150000,300000,150000,150.000đ - 300.000đ/h
VN_1640_C06,VN_1640,150000,300000,150000,150.000đ - 300.000đ/h
VN_1635_C01,VN_1635,300000,600000,300000,300.000đ - 600.000đ/h
VN_1635_C02,VN_1635,300000,600000,300000,300.000đ - 600.000đ/h
VN_1635_C03,VN_1635,300000,600000,300000,300.000đ - 600.000đ/h
VN_1639_C01,VN_1639,300000,600000,300000,300.000đ - 600.000đ/h
VN_1639_C02,VN_1639,300000,600000,300000,300.000đ - 600.000đ/h
VN_1639_C03,VN_1639,300000,600000,300000,300.000đ - 600.000đ/h
VN_1636_C01,VN_1636,300000,600000,300000,300.000đ - 600.000đ/h
VN_1636_C02,VN_1636,300000,600000,300000,300.000đ - 600.000đ/h
VN_1636_C03,VN_1636,300000,600000,300000,300.000đ - 600.000đ/h
VN_1641_C01,VN_1641,300000,600000,300000,300.000đ - 600.000đ/h
VN_1641_C02,VN_1641,300000,600000,300000,300.000đ - 600.000đ/h
VN_1641_C03,VN_1641,300000,600000,300000,300.000đ - 600.000đ/h
VN_1643_C01,VN_1643,300000,600000,300000,300.000đ - 600.000đ/h
VN_1643_C02,VN_1643,300000,600000,300000,300.000đ - 600.000đ/h
VN_1643_C03,VN_1643,300000,600000,300000,300.000đ - 600.000đ/h
VN_1642_C01,VN_1642,150000,300000,150000,150.000đ - 300.000đ/h
VN_1642_C02,VN_1642,150000,300000,150000,150.000đ - 300.000đ/h
VN_1642_C03,VN_1642,150000,300000,150000,150.000đ - 300.000đ/h
VN_1642_C04,VN_1642,150000,300000,150000,150.000đ - 300.000đ/h
VN_1642_C05,VN_1642,150000,300000,150000,150.000đ - 300.000đ/h
VN_1642_C06,VN_1642,150000,300000,150000,150.000đ - 300.000đ/h
VN_1645_C01,VN_1645,300000,600000,300000,300.000đ - 600.000đ/h
VN_1645_C02,VN_1645,300000,600000,300000,300.000đ - 600.000đ/h
VN_1645_C03,VN_1645,300000,600000,300000,300.000đ - 600.000đ/h
VN_1646_C01,VN_1646,300000,600000,300000,300.000đ - 600.000đ/h
VN_1646_C02,VN_1646,300000,600000,300000,300.000đ - 600.000đ/h
VN_1646_C03,VN_1646,300000,600000,300000,300.000đ - 600.000đ/h
VN_1638_C01,VN_1638,300000,600000,300000,300.000đ - 600.000đ/h
VN_1638_C02,VN_1638,300000,600000,300000,300.000đ - 600.000đ/h
VN_1638_C03,VN_1638,300000,600000,300000,300.000đ - 600.000đ/h
VN_1648_C01,VN_1648,300000,600000,300000,300.000đ - 600.000đ/h
VN_1648_C02,VN_1648,300000,600000,300000,300.000đ - 600.000đ/h
VN_1648_C03,VN_1648,300000,600000,300000,300.000đ - 600.000đ/h
VN_1647_C01,VN_1647,300000,600000,300000,300.000đ - 600.000đ/h
VN_1647_C02,VN_1647,300000,600000,300000,300.000đ - 600.000đ/h
VN_1647_C03,VN_1647,300000,600000,300000,300.000đ - 600.000đ/h
VN_1649_C01,VN_1649,300000,600000,300000,300.000đ - 600.000đ/h
VN_1649_C02,VN_1649,300000,600000,300000,300.000đ - 600.000đ/h
VN_1649_C03,VN_1649,300000,600000,300000,300.000đ - 600.000đ/h
VN_1654_C01,VN_1654,150000,300000,150000,150.000đ - 300.000đ/h
VN_1654_C02,VN_1654,150000,300000,150000,150.000đ - 300.000đ/h
VN_1654_C03,VN_1654,150000,300000,150000,150.000đ - 300.000đ/h
VN_1654_C04,VN_1654,150000,300000,150000,150.000đ - 300.000đ/h
VN_1654_C05,VN_1654,150000,300000,150000,150.000đ - 300.000đ/h
VN_1654_C06,VN_1654,150000,300000,150000,150.000đ - 300.000đ/h
VN_1653_C01,VN_1653,300000,600000,300000,300.000đ - 600.000đ/h
VN_1653_C02,VN_1653,300000,600000,300000,300.000đ - 600.000đ/h
VN_1653_C03,VN_1653,300000,600000,300000,300.000đ - 600.000đ/h
VN_1650_C01,VN_1650,300000,600000,300000,300.000đ - 600.000đ/h
VN_1650_C02,VN_1650,300000,600000,300000,300.000đ - 600.000đ/h
VN_1650_C03,VN_1650,300000,600000,300000,300.000đ - 600.000đ/h
VN_1651_C01,VN_1651,300000,600000,300000,300.000đ - 600.000đ/h
VN_1651_C02,VN_1651,300000,600000,300000,300.000đ - 600.000đ/h
VN_1651_C03,VN_1651,300000,600000,300000,300.000đ - 600.000đ/h
VN_1657_C01,VN_1657,300000,600000,300000,300.000đ - 600.000đ/h
VN_1657_C02,VN_1657,300000,600000,300000,300.000đ - 600.000đ/h
VN_1657_C03,VN_1657,300000,600000,300000,300.000đ - 600.000đ/h
VN_1655_C01,VN_1655,300000,600000,300000,300.000đ - 600.000đ/h
VN_1655_C02,VN_1655,300000,600000,300000,300.000đ - 600.000đ/h
VN_1655_C03,VN_1655,300000,600000,300000,300.000đ - 600.000đ/h
VN_1656_C01,VN_1656,300000,600000,300000,300.000đ - 600.000đ/h
VN_1656_C02,VN_1656,300000,600000,300000,300.000đ - 600.000đ/h
VN_1656_C03,VN_1656,300000,600000,300000,300.000đ - 600.000đ/h
VN_1659_C01,VN_1659,300000,600000,300000,300.000đ - 600.000đ/h
VN_1659_C02,VN_1659,300000,600000,300000,300.000đ - 600.000đ/h
VN_1659_C03,VN_1659,300000,600000,300000,300.000đ - 600.000đ/h
VN_1661_C01,VN_1661,300000,600000,300000,300.000đ - 600.000đ/h
VN_1661_C02,VN_1661,300000,600000,300000,300.000đ - 600.000đ/h
VN_1661_C03,VN_1661,300000,600000,300000,300.000đ - 600.000đ/h
VN_1660_C01,VN_1660,300000,600000,300000,300.000đ - 600.000đ/h
VN_1660_C02,VN_1660,300000,600000,300000,300.000đ - 600.000đ/h
VN_1660_C03,VN_1660,300000,600000,300000,300.000đ - 600.000đ/h
VN_1658_C01,VN_1658,150000,300000,150000,150.000đ - 300.000đ/h
VN_1658_C02,VN_1658,150000,300000,150000,150.000đ - 300.000đ/h
VN_1658_C03,VN_1658,150000,300000,150000,150.000đ - 300.000đ/h
VN_1658_C04,VN_1658,150000,300000,150000,150.000đ - 300.000đ/h
VN_1658_C05,VN_1658,150000,300000,150000,150.000đ - 300.000đ/h
VN_1658_C06,VN_1658,150000,300000,150000,150.000đ - 300.000đ/h
VN_1662_C01,VN_1662,300000,600000,300000,300.000đ - 600.000đ/h
VN_1662_C02,VN_1662,300000,600000,300000,300.000đ - 600.000đ/h
VN_1662_C03,VN_1662,300000,600000,300000,300.000đ - 600.000đ/h
VN_1664_C01,VN_1664,300000,600000,300000,300.000đ - 600.000đ/h
VN_1664_C02,VN_1664,300000,600000,300000,300.000đ - 600.000đ/h
VN_1664_C03,VN_1664,300000,600000,300000,300.000đ - 600.000đ/h
VN_1663_C01,VN_1663,300000,600000,300000,300.000đ - 600.000đ/h
VN_1663_C02,VN_1663,300000,600000,300000,300.000đ - 600.000đ/h
VN_1663_C03,VN_1663,300000,600000,300000,300.000đ - 600.000đ/h
VN_1673_C01,VN_1673,150000,300000,150000,150.000đ - 300.000đ/h
VN_1673_C02,VN_1673,150000,300000,150000,150.000đ - 300.000đ/h
VN_1673_C03,VN_1673,150000,300000,150000,150.000đ - 300.000đ/h
VN_1673_C04,VN_1673,150000,300000,150000,150.000đ - 300.000đ/h
VN_1673_C05,VN_1673,150000,300000,150000,150.000đ - 300.000đ/h
VN_1673_C06,VN_1673,150000,300000,150000,150.000đ - 300.000đ/h
VN_1674_C01,VN_1674,300000,600000,300000,300.000đ - 600.000đ/h
VN_1674_C02,VN_1674,300000,600000,300000,300.000đ - 600.000đ/h
VN_1674_C03,VN_1674,300000,600000,300000,300.000đ - 600.000đ/h
VN_1652_C01,VN_1652,300000,600000,300000,300.000đ - 600.000đ/h
VN_1652_C02,VN_1652,300000,600000,300000,300.000đ - 600.000đ/h
VN_1652_C03,VN_1652,300000,600000,300000,300.000đ - 600.000đ/h
VN_1667_C01,VN_1667,300000,600000,300000,300.000đ - 600.000đ/h
VN_1667_C02,VN_1667,300000,600000,300000,300.000đ - 600.000đ/h
VN_1667_C03,VN_1667,300000,600000,300000,300.000đ - 600.000đ/h
VN_1675_C01,VN_1675,300000,600000,300000,300.000đ - 600.000đ/h
VN_1675_C02,VN_1675,300000,600000,300000,300.000đ - 600.000đ/h
VN_1675_C03,VN_1675,300000,600000,300000,300.000đ - 600.000đ/h
VN_1668_C01,VN_1668,300000,600000,300000,300.000đ - 600.000đ/h
VN_1668_C02,VN_1668,300000,600000,300000,300.000đ - 600.000đ/h
VN_1668_C03,VN_1668,300000,600000,300000,300.000đ - 600.000đ/h
VN_1666_C01,VN_1666,150000,300000,150000,150.000đ - 300.000đ/h
VN_1666_C02,VN_1666,150000,300000,150000,150.000đ - 300.000đ/h
VN_1666_C03,VN_1666,150000,300000,150000,150.000đ - 300.000đ/h
VN_1666_C04,VN_1666,150000,300000,150000,150.000đ - 300.000đ/h
VN_1666_C05,VN_1666,150000,300000,150000,150.000đ - 300.000đ/h
VN_1666_C06,VN_1666,150000,300000,150000,150.000đ - 300.000đ/h
VN_1669_C01,VN_1669,300000,600000,300000,300.000đ - 600.000đ/h
VN_1669_C02,VN_1669,300000,600000,300000,300.000đ - 600.000đ/h
VN_1669_C03,VN_1669,300000,600000,300000,300.000đ - 600.000đ/h
VN_1670_C01,VN_1670,150000,300000,150000,150.000đ - 300.000đ/h
VN_1670_C02,VN_1670,150000,300000,150000,150.000đ - 300.000đ/h
VN_1670_C03,VN_1670,150000,300000,150000,150.000đ - 300.000đ/h
VN_1670_C04,VN_1670,150000,300000,150000,150.000đ - 300.000đ/h
VN_1670_C05,VN_1670,150000,300000,150000,150.000đ - 300.000đ/h
VN_1670_C06,VN_1670,150000,300000,150000,150.000đ - 300.000đ/h
VN_1671_C01,VN_1671,300000,600000,300000,300.000đ - 600.000đ/h
VN_1671_C02,VN_1671,300000,600000,300000,300.000đ - 600.000đ/h
VN_1671_C03,VN_1671,300000,600000,300000,300.000đ - 600.000đ/h
VN_1672_C01,VN_1672,300000,600000,300000,300.000đ - 600.000đ/h
VN_1672_C02,VN_1672,300000,600000,300000,300.000đ - 600.000đ/h
VN_1672_C03,VN_1672,300000,600000,300000,300.000đ - 600.000đ/h
VN_1665_C01,VN_1665,150000,300000,150000,150.000đ - 300.000đ/h
VN_1665_C02,VN_1665,150000,300000,150000,150.000đ - 300.000đ/h
VN_1665_C03,VN_1665,150000,300000,150000,150.000đ - 300.000đ/h
VN_1665_C04,VN_1665,150000,300000,150000,150.000đ - 300.000đ/h
VN_1665_C05,VN_1665,150000,300000,150000,150.000đ - 300.000đ/h
VN_1665_C06,VN_1665,150000,300000,150000,150.000đ - 300.000đ/h
VN_1677_C01,VN_1677,150000,300000,150000,150.000đ - 300.000đ/h
VN_1677_C02,VN_1677,150000,300000,150000,150.000đ - 300.000đ/h
VN_1677_C03,VN_1677,150000,300000,150000,150.000đ - 300.000đ/h
VN_1677_C04,VN_1677,150000,300000,150000,150.000đ - 300.000đ/h
VN_1677_C05,VN_1677,150000,300000,150000,150.000đ - 300.000đ/h
VN_1677_C06,VN_1677,150000,300000,150000,150.000đ - 300.000đ/h
VN_1676_C01,VN_1676,150000,300000,150000,150.000đ - 300.000đ/h
VN_1676_C02,VN_1676,150000,300000,150000,150.000đ - 300.000đ/h
VN_1676_C03,VN_1676,150000,300000,150000,150.000đ - 300.000đ/h
VN_1676_C04,VN_1676,150000,300000,150000,150.000đ - 300.000đ/h
VN_1676_C05,VN_1676,150000,300000,150000,150.000đ - 300.000đ/h
VN_1676_C06,VN_1676,150000,300000,150000,150.000đ - 300.000đ/h
VN_1681_C01,VN_1681,300000,600000,300000,300.000đ - 600.000đ/h
VN_1681_C02,VN_1681,300000,600000,300000,300.000đ - 600.000đ/h
VN_1681_C03,VN_1681,300000,600000,300000,300.000đ - 600.000đ/h
VN_1680_C01,VN_1680,150000,300000,150000,150.000đ - 300.000đ/h
VN_1680_C02,VN_1680,150000,300000,150000,150.000đ - 300.000đ/h
VN_1680_C03,VN_1680,150000,300000,150000,150.000đ - 300.000đ/h
VN_1680_C04,VN_1680,150000,300000,150000,150.000đ - 300.000đ/h
VN_1680_C05,VN_1680,150000,300000,150000,150.000đ - 300.000đ/h
VN_1680_C06,VN_1680,150000,300000,150000,150.000đ - 300.000đ/h
VN_1689_C01,VN_1689,300000,600000,300000,300.000đ - 600.000đ/h
VN_1689_C02,VN_1689,300000,600000,300000,300.000đ - 600.000đ/h
VN_1689_C03,VN_1689,300000,600000,300000,300.000đ - 600.000đ/h
VN_1682_C01,VN_1682,300000,600000,300000,300.000đ - 600.000đ/h
VN_1682_C02,VN_1682,300000,600000,300000,300.000đ - 600.000đ/h
VN_1682_C03,VN_1682,300000,600000,300000,300.000đ - 600.000đ/h
VN_1684_C01,VN_1684,150000,300000,150000,150.000đ - 300.000đ/h
VN_1684_C02,VN_1684,150000,300000,150000,150.000đ - 300.000đ/h
VN_1684_C03,VN_1684,150000,300000,150000,150.000đ - 300.000đ/h
VN_1684_C04,VN_1684,150000,300000,150000,150.000đ - 300.000đ/h
VN_1684_C05,VN_1684,150000,300000,150000,150.000đ - 300.000đ/h
VN_1684_C06,VN_1684,150000,300000,150000,150.000đ - 300.000đ/h
VN_1683_C01,VN_1683,150000,300000,150000,150.000đ - 300.000đ/h
VN_1683_C02,VN_1683,150000,300000,150000,150.000đ - 300.000đ/h
VN_1683_C03,VN_1683,150000,300000,150000,150.000đ - 300.000đ/h
VN_1683_C04,VN_1683,150000,300000,150000,150.000đ - 300.000đ/h
VN_1683_C05,VN_1683,150000,300000,150000,150.000đ - 300.000đ/h
VN_1683_C06,VN_1683,150000,300000,150000,150.000đ - 300.000đ/h
VN_1685_C01,VN_1685,300000,600000,300000,300.000đ - 600.000đ/h
VN_1685_C02,VN_1685,300000,600000,300000,300.000đ - 600.000đ/h
VN_1685_C03,VN_1685,300000,600000,300000,300.000đ - 600.000đ/h
VN_1686_C01,VN_1686,300000,600000,300000,300.000đ - 600.000đ/h
VN_1686_C02,VN_1686,300000,600000,300000,300.000đ - 600.000đ/h
VN_1686_C03,VN_1686,300000,600000,300000,300.000đ - 600.000đ/h
VN_1629_C01,VN_1629,150000,300000,150000,150.000đ - 300.000đ/h
VN_1629_C02,VN_1629,150000,300000,150000,150.000đ - 300.000đ/h
VN_1629_C03,VN_1629,150000,300000,150000,150.000đ - 300.000đ/h
VN_1629_C04,VN_1629,150000,300000,150000,150.000đ - 300.000đ/h
VN_1629_C05,VN_1629,150000,300000,150000,150.000đ - 300.000đ/h
VN_1629_C06,VN_1629,150000,300000,150000,150.000đ - 300.000đ/h
VN_1678_C01,VN_1678,300000,600000,300000,300.000đ - 600.000đ/h
VN_1678_C02,VN_1678,300000,600000,300000,300.000đ - 600.000đ/h
VN_1678_C03,VN_1678,300000,600000,300000,300.000đ - 600.000đ/h
VN_1687_C01,VN_1687,300000,600000,300000,300.000đ - 600.000đ/h
VN_1687_C02,VN_1687,300000,600000,300000,300.000đ - 600.000đ/h
VN_1687_C03,VN_1687,300000,600000,300000,300.000đ - 600.000đ/h
VN_1688_C01,VN_1688,300000,600000,300000,300.000đ - 600.000đ/h
VN_1688_C02,VN_1688,300000,600000,300000,300.000đ - 600.000đ/h
VN_1688_C03,VN_1688,300000,600000,300000,300.000đ - 600.000đ/h
VN_1690_C01,VN_1690,300000,600000,300000,300.000đ - 600.000đ/h
VN_1690_C02,VN_1690,300000,600000,300000,300.000đ - 600.000đ/h
VN_1690_C03,VN_1690,300000,600000,300000,300.000đ - 600.000đ/h
VN_1691_C01,VN_1691,150000,300000,150000,150.000đ - 300.000đ/h
VN_1691_C02,VN_1691,150000,300000,150000,150.000đ - 300.000đ/h
VN_1691_C03,VN_1691,150000,300000,150000,150.000đ - 300.000đ/h
VN_1691_C04,VN_1691,150000,300000,150000,150.000đ - 300.000đ/h
VN_1691_C05,VN_1691,150000,300000,150000,150.000đ - 300.000đ/h
VN_1691_C06,VN_1691,150000,300000,150000,150.000đ - 300.000đ/h
VN_1692_C01,VN_1692,300000,600000,300000,300.000đ - 600.000đ/h
VN_1692_C02,VN_1692,300000,600000,300000,300.000đ - 600.000đ/h
VN_1692_C03,VN_1692,300000,600000,300000,300.000đ - 600.000đ/h
VN_1679_C01,VN_1679,300000,600000,300000,300.000đ - 600.000đ/h
VN_1679_C02,VN_1679,300000,600000,300000,300.000đ - 600.000đ/h
VN_1679_C03,VN_1679,300000,600000,300000,300.000đ - 600.000đ/h
VN_1694_C01,VN_1694,300000,600000,300000,300.000đ - 600.000đ/h
VN_1694_C02,VN_1694,300000,600000,300000,300.000đ - 600.000đ/h
VN_1694_C03,VN_1694,300000,600000,300000,300.000đ - 600.000đ/h
VN_1693_C01,VN_1693,300000,600000,300000,300.000đ - 600.000đ/h
VN_1693_C02,VN_1693,300000,600000,300000,300.000đ - 600.000đ/h
VN_1693_C03,VN_1693,300000,600000,300000,300.000đ - 600.000đ/h
VN_1696_C01,VN_1696,300000,600000,300000,300.000đ - 600.000đ/h
VN_1696_C02,VN_1696,300000,600000,300000,300.000đ - 600.000đ/h
VN_1696_C03,VN_1696,300000,600000,300000,300.000đ - 600.000đ/h
VN_1698_C01,VN_1698,150000,300000,150000,150.000đ - 300.000đ/h
VN_1698_C02,VN_1698,150000,300000,150000,150.000đ - 300.000đ/h
VN_1698_C03,VN_1698,150000,300000,150000,150.000đ - 300.000đ/h
VN_1698_C04,VN_1698,150000,300000,150000,150.000đ - 300.000đ/h
VN_1698_C05,VN_1698,150000,300000,150000,150.000đ - 300.000đ/h
VN_1698_C06,VN_1698,150000,300000,150000,150.000đ - 300.000đ/h
VN_1701_C01,VN_1701,300000,600000,300000,300.000đ - 600.000đ/h
VN_1701_C02,VN_1701,300000,600000,300000,300.000đ - 600.000đ/h
VN_1701_C03,VN_1701,300000,600000,300000,300.000đ - 600.000đ/h
VN_1700_C01,VN_1700,300000,600000,300000,300.000đ - 600.000đ/h
VN_1700_C02,VN_1700,300000,600000,300000,300.000đ - 600.000đ/h
VN_1700_C03,VN_1700,300000,600000,300000,300.000đ - 600.000đ/h
VN_1697_C01,VN_1697,150000,300000,150000,150.000đ - 300.000đ/h
VN_1697_C02,VN_1697,150000,300000,150000,150.000đ - 300.000đ/h
VN_1697_C03,VN_1697,150000,300000,150000,150.000đ - 300.000đ/h
VN_1697_C04,VN_1697,150000,300000,150000,150.000đ - 300.000đ/h
VN_1697_C05,VN_1697,150000,300000,150000,150.000đ - 300.000đ/h
VN_1697_C06,VN_1697,150000,300000,150000,150.000đ - 300.000đ/h
VN_1702_C01,VN_1702,150000,300000,150000,150.000đ - 300.000đ/h
VN_1702_C02,VN_1702,150000,300000,150000,150.000đ - 300.000đ/h
VN_1702_C03,VN_1702,150000,300000,150000,150.000đ - 300.000đ/h
VN_1702_C04,VN_1702,150000,300000,150000,150.000đ - 300.000đ/h
VN_1702_C05,VN_1702,150000,300000,150000,150.000đ - 300.000đ/h
VN_1702_C06,VN_1702,150000,300000,150000,150.000đ - 300.000đ/h
VN_1704_C01,VN_1704,300000,600000,300000,300.000đ - 600.000đ/h
VN_1704_C02,VN_1704,300000,600000,300000,300.000đ - 600.000đ/h
VN_1704_C03,VN_1704,300000,600000,300000,300.000đ - 600.000đ/h
VN_1706_C01,VN_1706,150000,300000,150000,150.000đ - 300.000đ/h
VN_1706_C02,VN_1706,150000,300000,150000,150.000đ - 300.000đ/h
VN_1706_C03,VN_1706,150000,300000,150000,150.000đ - 300.000đ/h
VN_1706_C04,VN_1706,150000,300000,150000,150.000đ - 300.000đ/h
VN_1706_C05,VN_1706,150000,300000,150000,150.000đ - 300.000đ/h
VN_1706_C06,VN_1706,150000,300000,150000,150.000đ - 300.000đ/h
VN_1705_C01,VN_1705,120000,220000,120000,120.000đ - 220.000đ/h
VN_1705_C02,VN_1705,120000,220000,120000,120.000đ - 220.000đ/h
VN_1705_C03,VN_1705,120000,220000,120000,120.000đ - 220.000đ/h
VN_1705_C04,VN_1705,120000,220000,120000,120.000đ - 220.000đ/h
VN_1707_C01,VN_1707,300000,600000,300000,300.000đ - 600.000đ/h
VN_1707_C02,VN_1707,300000,600000,300000,300.000đ - 600.000đ/h
VN_1707_C03,VN_1707,300000,600000,300000,300.000đ - 600.000đ/h
VN_1711_C01,VN_1711,150000,300000,150000,150.000đ - 300.000đ/h
VN_1711_C02,VN_1711,150000,300000,150000,150.000đ - 300.000đ/h
VN_1711_C03,VN_1711,150000,300000,150000,150.000đ - 300.000đ/h
VN_1711_C04,VN_1711,150000,300000,150000,150.000đ - 300.000đ/h
VN_1711_C05,VN_1711,150000,300000,150000,150.000đ - 300.000đ/h
VN_1711_C06,VN_1711,150000,300000,150000,150.000đ - 300.000đ/h
VN_1708_C01,VN_1708,150000,300000,150000,150.000đ - 300.000đ/h
VN_1708_C02,VN_1708,150000,300000,150000,150.000đ - 300.000đ/h
VN_1708_C03,VN_1708,150000,300000,150000,150.000đ - 300.000đ/h
VN_1708_C04,VN_1708,150000,300000,150000,150.000đ - 300.000đ/h
VN_1708_C05,VN_1708,150000,300000,150000,150.000đ - 300.000đ/h
VN_1708_C06,VN_1708,150000,300000,150000,150.000đ - 300.000đ/h
VN_1699_C01,VN_1699,150000,300000,150000,150.000đ - 300.000đ/h
VN_1699_C02,VN_1699,150000,300000,150000,150.000đ - 300.000đ/h
VN_1699_C03,VN_1699,150000,300000,150000,150.000đ - 300.000đ/h
VN_1699_C04,VN_1699,150000,300000,150000,150.000đ - 300.000đ/h
VN_1699_C05,VN_1699,150000,300000,150000,150.000đ - 300.000đ/h
VN_1699_C06,VN_1699,150000,300000,150000,150.000đ - 300.000đ/h
VN_1703_C01,VN_1703,300000,600000,300000,300.000đ - 600.000đ/h
VN_1703_C02,VN_1703,300000,600000,300000,300.000đ - 600.000đ/h
VN_1703_C03,VN_1703,300000,600000,300000,300.000đ - 600.000đ/h
VN_1713_C01,VN_1713,300000,600000,300000,300.000đ - 600.000đ/h
VN_1713_C02,VN_1713,300000,600000,300000,300.000đ - 600.000đ/h
VN_1713_C03,VN_1713,300000,600000,300000,300.000đ - 600.000đ/h
VN_1715_C01,VN_1715,150000,300000,150000,150.000đ - 300.000đ/h
VN_1715_C02,VN_1715,150000,300000,150000,150.000đ - 300.000đ/h
VN_1715_C03,VN_1715,150000,300000,150000,150.000đ - 300.000đ/h
VN_1715_C04,VN_1715,150000,300000,150000,150.000đ - 300.000đ/h
VN_1715_C05,VN_1715,150000,300000,150000,150.000đ - 300.000đ/h
VN_1715_C06,VN_1715,150000,300000,150000,150.000đ - 300.000đ/h
VN_1709_C01,VN_1709,300000,600000,300000,300.000đ - 600.000đ/h
VN_1709_C02,VN_1709,300000,600000,300000,300.000đ - 600.000đ/h
VN_1709_C03,VN_1709,300000,600000,300000,300.000đ - 600.000đ/h
VN_1712_C01,VN_1712,300000,600000,300000,300.000đ - 600.000đ/h
VN_1712_C02,VN_1712,300000,600000,300000,300.000đ - 600.000đ/h
VN_1712_C03,VN_1712,300000,600000,300000,300.000đ - 600.000đ/h
VN_1710_C01,VN_1710,150000,300000,150000,150.000đ - 300.000đ/h
VN_1710_C02,VN_1710,150000,300000,150000,150.000đ - 300.000đ/h
VN_1710_C03,VN_1710,150000,300000,150000,150.000đ - 300.000đ/h
VN_1710_C04,VN_1710,150000,300000,150000,150.000đ - 300.000đ/h
VN_1710_C05,VN_1710,150000,300000,150000,150.000đ - 300.000đ/h
VN_1710_C06,VN_1710,150000,300000,150000,150.000đ - 300.000đ/h
VN_1716_C01,VN_1716,150000,300000,150000,150.000đ - 300.000đ/h
VN_1716_C02,VN_1716,150000,300000,150000,150.000đ - 300.000đ/h
VN_1716_C03,VN_1716,150000,300000,150000,150.000đ - 300.000đ/h
VN_1716_C04,VN_1716,150000,300000,150000,150.000đ - 300.000đ/h
VN_1716_C05,VN_1716,150000,300000,150000,150.000đ - 300.000đ/h
VN_1716_C06,VN_1716,150000,300000,150000,150.000đ - 300.000đ/h
VN_1695_C01,VN_1695,300000,600000,300000,300.000đ - 600.000đ/h
VN_1695_C02,VN_1695,300000,600000,300000,300.000đ - 600.000đ/h
VN_1695_C03,VN_1695,300000,600000,300000,300.000đ - 600.000đ/h
VN_1722_C01,VN_1722,150000,300000,150000,150.000đ - 300.000đ/h
VN_1722_C02,VN_1722,150000,300000,150000,150.000đ - 300.000đ/h
VN_1722_C03,VN_1722,150000,300000,150000,150.000đ - 300.000đ/h
VN_1722_C04,VN_1722,150000,300000,150000,150.000đ - 300.000đ/h
VN_1722_C05,VN_1722,150000,300000,150000,150.000đ - 300.000đ/h
VN_1722_C06,VN_1722,150000,300000,150000,150.000đ - 300.000đ/h
VN_1714_C01,VN_1714,300000,600000,300000,300.000đ - 600.000đ/h
VN_1714_C02,VN_1714,300000,600000,300000,300.000đ - 600.000đ/h
VN_1714_C03,VN_1714,300000,600000,300000,300.000đ - 600.000đ/h
VN_1717_C01,VN_1717,150000,300000,150000,150.000đ - 300.000đ/h
VN_1717_C02,VN_1717,150000,300000,150000,150.000đ - 300.000đ/h
VN_1717_C03,VN_1717,150000,300000,150000,150.000đ - 300.000đ/h
VN_1717_C04,VN_1717,150000,300000,150000,150.000đ - 300.000đ/h
VN_1717_C05,VN_1717,150000,300000,150000,150.000đ - 300.000đ/h
VN_1717_C06,VN_1717,150000,300000,150000,150.000đ - 300.000đ/h
VN_1721_C01,VN_1721,300000,600000,300000,300.000đ - 600.000đ/h
VN_1721_C02,VN_1721,300000,600000,300000,300.000đ - 600.000đ/h
VN_1721_C03,VN_1721,300000,600000,300000,300.000đ - 600.000đ/h
VN_1719_C01,VN_1719,300000,600000,300000,300.000đ - 600.000đ/h
VN_1719_C02,VN_1719,300000,600000,300000,300.000đ - 600.000đ/h
VN_1719_C03,VN_1719,300000,600000,300000,300.000đ - 600.000đ/h
VN_1718_C01,VN_1718,120000,220000,120000,120.000đ - 220.000đ/h
VN_1718_C02,VN_1718,120000,220000,120000,120.000đ - 220.000đ/h
VN_1718_C03,VN_1718,120000,220000,120000,120.000đ - 220.000đ/h
VN_1718_C04,VN_1718,120000,220000,120000,120.000đ - 220.000đ/h
VN_1720_C01,VN_1720,150000,300000,150000,150.000đ - 300.000đ/h
VN_1720_C02,VN_1720,150000,300000,150000,150.000đ - 300.000đ/h
VN_1720_C03,VN_1720,150000,300000,150000,150.000đ - 300.000đ/h
VN_1720_C04,VN_1720,150000,300000,150000,150.000đ - 300.000đ/h
VN_1720_C05,VN_1720,150000,300000,150000,150.000đ - 300.000đ/h
VN_1720_C06,VN_1720,150000,300000,150000,150.000đ - 300.000đ/h
VN_1723_C01,VN_1723,300000,600000,300000,300.000đ - 600.000đ/h
VN_1723_C02,VN_1723,300000,600000,300000,300.000đ - 600.000đ/h
VN_1723_C03,VN_1723,300000,600000,300000,300.000đ - 600.000đ/h
VN_1726_C01,VN_1726,300000,600000,300000,300.000đ - 600.000đ/h
VN_1726_C02,VN_1726,300000,600000,300000,300.000đ - 600.000đ/h
VN_1726_C03,VN_1726,300000,600000,300000,300.000đ - 600.000đ/h
VN_1727_C01,VN_1727,300000,600000,300000,300.000đ - 600.000đ/h
VN_1727_C02,VN_1727,300000,600000,300000,300.000đ - 600.000đ/h
VN_1727_C03,VN_1727,300000,600000,300000,300.000đ - 600.000đ/h
VN_1724_C01,VN_1724,300000,600000,300000,300.000đ - 600.000đ/h
VN_1724_C02,VN_1724,300000,600000,300000,300.000đ - 600.000đ/h
VN_1724_C03,VN_1724,300000,600000,300000,300.000đ - 600.000đ/h
VN_1725_C01,VN_1725,150000,300000,150000,150.000đ - 300.000đ/h
VN_1725_C02,VN_1725,150000,300000,150000,150.000đ - 300.000đ/h
VN_1725_C03,VN_1725,150000,300000,150000,150.000đ - 300.000đ/h
VN_1725_C04,VN_1725,150000,300000,150000,150.000đ - 300.000đ/h
VN_1725_C05,VN_1725,150000,300000,150000,150.000đ - 300.000đ/h
VN_1725_C06,VN_1725,150000,300000,150000,150.000đ - 300.000đ/h
VN_1728_C01,VN_1728,300000,600000,300000,300.000đ - 600.000đ/h
VN_1728_C02,VN_1728,300000,600000,300000,300.000đ - 600.000đ/h
VN_1728_C03,VN_1728,300000,600000,300000,300.000đ - 600.000đ/h
VN_1729_C01,VN_1729,300000,600000,300000,300.000đ - 600.000đ/h
VN_1729_C02,VN_1729,300000,600000,300000,300.000đ - 600.000đ/h
VN_1729_C03,VN_1729,300000,600000,300000,300.000đ - 600.000đ/h
VN_1732_C01,VN_1732,70000,130000,70000,70.000đ - 130.000đ/h
VN_1732_C02,VN_1732,70000,130000,70000,70.000đ - 130.000đ/h
VN_1732_C03,VN_1732,70000,130000,70000,70.000đ - 130.000đ/h
VN_1732_C04,VN_1732,70000,130000,70000,70.000đ - 130.000đ/h
VN_1732_C05,VN_1732,70000,130000,70000,70.000đ - 130.000đ/h
VN_1732_C06,VN_1732,70000,130000,70000,70.000đ - 130.000đ/h
VN_1733_C01,VN_1733,300000,600000,300000,300.000đ - 600.000đ/h
VN_1733_C02,VN_1733,300000,600000,300000,300.000đ - 600.000đ/h
VN_1733_C03,VN_1733,300000,600000,300000,300.000đ - 600.000đ/h
VN_1734_C01,VN_1734,300000,600000,300000,300.000đ - 600.000đ/h
VN_1734_C02,VN_1734,300000,600000,300000,300.000đ - 600.000đ/h
VN_1734_C03,VN_1734,300000,600000,300000,300.000đ - 600.000đ/h
VN_1731_C01,VN_1731,300000,600000,300000,300.000đ - 600.000đ/h
VN_1731_C02,VN_1731,300000,600000,300000,300.000đ - 600.000đ/h
VN_1731_C03,VN_1731,300000,600000,300000,300.000đ - 600.000đ/h
VN_1739_C01,VN_1739,300000,600000,300000,300.000đ - 600.000đ/h
VN_1739_C02,VN_1739,300000,600000,300000,300.000đ - 600.000đ/h
VN_1739_C03,VN_1739,300000,600000,300000,300.000đ - 600.000đ/h
VN_1737_C01,VN_1737,300000,600000,300000,300.000đ - 600.000đ/h
VN_1737_C02,VN_1737,300000,600000,300000,300.000đ - 600.000đ/h
VN_1737_C03,VN_1737,300000,600000,300000,300.000đ - 600.000đ/h
VN_1736_C01,VN_1736,100000,120000,100000,cả hợp lý ánh sáng đầy đủ, tổ chức giải thường xuyên
VN_1736_C02,VN_1736,100000,120000,100000,cả hợp lý ánh sáng đầy đủ, tổ chức giải thường xuyên
VN_1736_C03,VN_1736,100000,120000,100000,cả hợp lý ánh sáng đầy đủ, tổ chức giải thường xuyên
VN_1730_C01,VN_1730,300000,600000,300000,300.000đ - 600.000đ/h
VN_1730_C02,VN_1730,300000,600000,300000,300.000đ - 600.000đ/h
VN_1730_C03,VN_1730,300000,600000,300000,300.000đ - 600.000đ/h
VN_1741_C01,VN_1741,300000,600000,300000,300.000đ - 600.000đ/h
VN_1741_C02,VN_1741,300000,600000,300000,300.000đ - 600.000đ/h
VN_1741_C03,VN_1741,300000,600000,300000,300.000đ - 600.000đ/h
VN_1740_C01,VN_1740,300000,600000,300000,300.000đ - 600.000đ/h
VN_1740_C02,VN_1740,300000,600000,300000,300.000đ - 600.000đ/h
VN_1740_C03,VN_1740,300000,600000,300000,300.000đ - 600.000đ/h
VN_1735_C01,VN_1735,300000,600000,300000,300.000đ - 600.000đ/h
VN_1735_C02,VN_1735,300000,600000,300000,300.000đ - 600.000đ/h
VN_1735_C03,VN_1735,300000,600000,300000,300.000đ - 600.000đ/h
VN_1743_C01,VN_1743,300000,600000,300000,300.000đ - 600.000đ/h
VN_1743_C02,VN_1743,300000,600000,300000,300.000đ - 600.000đ/h
VN_1743_C03,VN_1743,300000,600000,300000,300.000đ - 600.000đ/h
VN_1742_C01,VN_1742,300000,600000,300000,300.000đ - 600.000đ/h
VN_1742_C02,VN_1742,300000,600000,300000,300.000đ - 600.000đ/h
VN_1742_C03,VN_1742,300000,600000,300000,300.000đ - 600.000đ/h
VN_1744_C01,VN_1744,300000,600000,300000,300.000đ - 600.000đ/h
VN_1744_C02,VN_1744,300000,600000,300000,300.000đ - 600.000đ/h
VN_1744_C03,VN_1744,300000,600000,300000,300.000đ - 600.000đ/h
VN_1745_C01,VN_1745,300000,600000,300000,300.000đ - 600.000đ/h
VN_1745_C02,VN_1745,300000,600000,300000,300.000đ - 600.000đ/h
VN_1745_C03,VN_1745,300000,600000,300000,300.000đ - 600.000đ/h
VN_1747_C01,VN_1747,300000,600000,300000,300.000đ - 600.000đ/h
VN_1747_C02,VN_1747,300000,600000,300000,300.000đ - 600.000đ/h
VN_1747_C03,VN_1747,300000,600000,300000,300.000đ - 600.000đ/h
VN_1748_C01,VN_1748,300000,600000,300000,300.000đ - 600.000đ/h
VN_1748_C02,VN_1748,300000,600000,300000,300.000đ - 600.000đ/h
VN_1748_C03,VN_1748,300000,600000,300000,300.000đ - 600.000đ/h
VN_1746_C01,VN_1746,300000,600000,300000,300.000đ - 600.000đ/h
VN_1746_C02,VN_1746,300000,600000,300000,300.000đ - 600.000đ/h
VN_1746_C03,VN_1746,300000,600000,300000,300.000đ - 600.000đ/h
VN_1738_C01,VN_1738,300000,600000,300000,300.000đ - 600.000đ/h
VN_1738_C02,VN_1738,300000,600000,300000,300.000đ - 600.000đ/h
VN_1738_C03,VN_1738,300000,600000,300000,300.000đ - 600.000đ/h
VN_1750_C01,VN_1750,300000,600000,300000,300.000đ - 600.000đ/h
VN_1750_C02,VN_1750,300000,600000,300000,300.000đ - 600.000đ/h
VN_1750_C03,VN_1750,300000,600000,300000,300.000đ - 600.000đ/h
VN_1751_C01,VN_1751,300000,600000,300000,300.000đ - 600.000đ/h
VN_1751_C02,VN_1751,300000,600000,300000,300.000đ - 600.000đ/h
VN_1751_C03,VN_1751,300000,600000,300000,300.000đ - 600.000đ/h
VN_1752_C01,VN_1752,300000,600000,300000,300.000đ - 600.000đ/h
VN_1752_C02,VN_1752,300000,600000,300000,300.000đ - 600.000đ/h
VN_1752_C03,VN_1752,300000,600000,300000,300.000đ - 600.000đ/h
VN_1753_C01,VN_1753,300000,600000,300000,300.000đ - 600.000đ/h
VN_1753_C02,VN_1753,300000,600000,300000,300.000đ - 600.000đ/h
VN_1753_C03,VN_1753,300000,600000,300000,300.000đ - 600.000đ/h
VN_1756_C01,VN_1756,300000,600000,300000,300.000đ - 600.000đ/h
VN_1756_C02,VN_1756,300000,600000,300000,300.000đ - 600.000đ/h
VN_1756_C03,VN_1756,300000,600000,300000,300.000đ - 600.000đ/h
VN_1758_C01,VN_1758,300000,600000,300000,300.000đ - 600.000đ/h
VN_1758_C02,VN_1758,300000,600000,300000,300.000đ - 600.000đ/h
VN_1758_C03,VN_1758,300000,600000,300000,300.000đ - 600.000đ/h
VN_1757_C01,VN_1757,150000,300000,150000,150.000đ - 300.000đ/h
VN_1757_C02,VN_1757,150000,300000,150000,150.000đ - 300.000đ/h
VN_1757_C03,VN_1757,150000,300000,150000,150.000đ - 300.000đ/h
VN_1757_C04,VN_1757,150000,300000,150000,150.000đ - 300.000đ/h
VN_1757_C05,VN_1757,150000,300000,150000,150.000đ - 300.000đ/h
VN_1757_C06,VN_1757,150000,300000,150000,150.000đ - 300.000đ/h
VN_1759_C01,VN_1759,300000,600000,300000,300.000đ - 600.000đ/h
VN_1759_C02,VN_1759,300000,600000,300000,300.000đ - 600.000đ/h
VN_1759_C03,VN_1759,300000,600000,300000,300.000đ - 600.000đ/h
VN_1761_C01,VN_1761,150000,300000,150000,150.000đ - 300.000đ/h
VN_1761_C02,VN_1761,150000,300000,150000,150.000đ - 300.000đ/h
VN_1761_C03,VN_1761,150000,300000,150000,150.000đ - 300.000đ/h
VN_1761_C04,VN_1761,150000,300000,150000,150.000đ - 300.000đ/h
VN_1761_C05,VN_1761,150000,300000,150000,150.000đ - 300.000đ/h
VN_1761_C06,VN_1761,150000,300000,150000,150.000đ - 300.000đ/h
VN_1749_C01,VN_1749,300000,600000,300000,300.000đ - 600.000đ/h
VN_1749_C02,VN_1749,300000,600000,300000,300.000đ - 600.000đ/h
VN_1749_C03,VN_1749,300000,600000,300000,300.000đ - 600.000đ/h
VN_1760_C01,VN_1760,150000,300000,150000,150.000đ - 300.000đ/h
VN_1760_C02,VN_1760,150000,300000,150000,150.000đ - 300.000đ/h
VN_1760_C03,VN_1760,150000,300000,150000,150.000đ - 300.000đ/h
VN_1760_C04,VN_1760,150000,300000,150000,150.000đ - 300.000đ/h
VN_1760_C05,VN_1760,150000,300000,150000,150.000đ - 300.000đ/h
VN_1760_C06,VN_1760,150000,300000,150000,150.000đ - 300.000đ/h
VN_1755_C01,VN_1755,150000,300000,150000,150.000đ - 300.000đ/h
VN_1755_C02,VN_1755,150000,300000,150000,150.000đ - 300.000đ/h
VN_1755_C03,VN_1755,150000,300000,150000,150.000đ - 300.000đ/h
VN_1755_C04,VN_1755,150000,300000,150000,150.000đ - 300.000đ/h
VN_1755_C05,VN_1755,150000,300000,150000,150.000đ - 300.000đ/h
VN_1755_C06,VN_1755,150000,300000,150000,150.000đ - 300.000đ/h
VN_1762_C01,VN_1762,300000,600000,300000,300.000đ - 600.000đ/h
VN_1762_C02,VN_1762,300000,600000,300000,300.000đ - 600.000đ/h
VN_1762_C03,VN_1762,300000,600000,300000,300.000đ - 600.000đ/h
VN_1763_C01,VN_1763,150000,300000,150000,150.000đ - 300.000đ/h
VN_1763_C02,VN_1763,150000,300000,150000,150.000đ - 300.000đ/h
VN_1763_C03,VN_1763,150000,300000,150000,150.000đ - 300.000đ/h
VN_1763_C04,VN_1763,150000,300000,150000,150.000đ - 300.000đ/h
VN_1763_C05,VN_1763,150000,300000,150000,150.000đ - 300.000đ/h
VN_1763_C06,VN_1763,150000,300000,150000,150.000đ - 300.000đ/h
VN_1764_C01,VN_1764,300000,600000,300000,300.000đ - 600.000đ/h
VN_1764_C02,VN_1764,300000,600000,300000,300.000đ - 600.000đ/h
VN_1764_C03,VN_1764,300000,600000,300000,300.000đ - 600.000đ/h
VN_1754_C01,VN_1754,300000,600000,300000,300.000đ - 600.000đ/h
VN_1754_C02,VN_1754,300000,600000,300000,300.000đ - 600.000đ/h
VN_1754_C03,VN_1754,300000,600000,300000,300.000đ - 600.000đ/h
VN_1772_C01,VN_1772,150000,300000,150000,150.000đ - 300.000đ/h
VN_1772_C02,VN_1772,150000,300000,150000,150.000đ - 300.000đ/h
VN_1772_C03,VN_1772,150000,300000,150000,150.000đ - 300.000đ/h
VN_1772_C04,VN_1772,150000,300000,150000,150.000đ - 300.000đ/h
VN_1772_C05,VN_1772,150000,300000,150000,150.000đ - 300.000đ/h
VN_1772_C06,VN_1772,150000,300000,150000,150.000đ - 300.000đ/h
VN_1767_C01,VN_1767,300000,600000,300000,300.000đ - 600.000đ/h
VN_1767_C02,VN_1767,300000,600000,300000,300.000đ - 600.000đ/h
VN_1767_C03,VN_1767,300000,600000,300000,300.000đ - 600.000đ/h
VN_1768_C01,VN_1768,300000,600000,300000,300.000đ - 600.000đ/h
VN_1768_C02,VN_1768,300000,600000,300000,300.000đ - 600.000đ/h
VN_1768_C03,VN_1768,300000,600000,300000,300.000đ - 600.000đ/h
VN_1766_C01,VN_1766,300000,600000,300000,300.000đ - 600.000đ/h
VN_1766_C02,VN_1766,300000,600000,300000,300.000đ - 600.000đ/h
VN_1766_C03,VN_1766,300000,600000,300000,300.000đ - 600.000đ/h
VN_1770_C01,VN_1770,300000,600000,300000,300.000đ - 600.000đ/h
VN_1770_C02,VN_1770,300000,600000,300000,300.000đ - 600.000đ/h
VN_1770_C03,VN_1770,300000,600000,300000,300.000đ - 600.000đ/h
VN_1765_C01,VN_1765,150000,300000,150000,150.000đ - 300.000đ/h
VN_1765_C02,VN_1765,150000,300000,150000,150.000đ - 300.000đ/h
VN_1765_C03,VN_1765,150000,300000,150000,150.000đ - 300.000đ/h
VN_1765_C04,VN_1765,150000,300000,150000,150.000đ - 300.000đ/h
VN_1765_C05,VN_1765,150000,300000,150000,150.000đ - 300.000đ/h
VN_1765_C06,VN_1765,150000,300000,150000,150.000đ - 300.000đ/h
VN_1771_C01,VN_1771,300000,600000,300000,300.000đ - 600.000đ/h
VN_1771_C02,VN_1771,300000,600000,300000,300.000đ - 600.000đ/h
VN_1771_C03,VN_1771,300000,600000,300000,300.000đ - 600.000đ/h
VN_1774_C01,VN_1774,300000,600000,300000,300.000đ - 600.000đ/h
VN_1774_C02,VN_1774,300000,600000,300000,300.000đ - 600.000đ/h
VN_1774_C03,VN_1774,300000,600000,300000,300.000đ - 600.000đ/h
VN_1773_C01,VN_1773,300000,600000,300000,300.000đ - 600.000đ/h
VN_1773_C02,VN_1773,300000,600000,300000,300.000đ - 600.000đ/h
VN_1773_C03,VN_1773,300000,600000,300000,300.000đ - 600.000đ/h
VN_1777_C01,VN_1777,300000,600000,300000,300.000đ - 600.000đ/h
VN_1777_C02,VN_1777,300000,600000,300000,300.000đ - 600.000đ/h
VN_1777_C03,VN_1777,300000,600000,300000,300.000đ - 600.000đ/h
VN_1775_C01,VN_1775,300000,600000,300000,300.000đ - 600.000đ/h
VN_1775_C02,VN_1775,300000,600000,300000,300.000đ - 600.000đ/h
VN_1775_C03,VN_1775,300000,600000,300000,300.000đ - 600.000đ/h
VN_1769_C01,VN_1769,300000,600000,300000,300.000đ - 600.000đ/h
VN_1769_C02,VN_1769,300000,600000,300000,300.000đ - 600.000đ/h
VN_1769_C03,VN_1769,300000,600000,300000,300.000đ - 600.000đ/h
VN_1776_C01,VN_1776,300000,600000,300000,300.000đ - 600.000đ/h
VN_1776_C02,VN_1776,300000,600000,300000,300.000đ - 600.000đ/h
VN_1776_C03,VN_1776,300000,600000,300000,300.000đ - 600.000đ/h
VN_1779_C01,VN_1779,300000,600000,300000,300.000đ - 600.000đ/h
VN_1779_C02,VN_1779,300000,600000,300000,300.000đ - 600.000đ/h
VN_1779_C03,VN_1779,300000,600000,300000,300.000đ - 600.000đ/h
VN_1780_C01,VN_1780,300000,600000,300000,300.000đ - 600.000đ/h
VN_1780_C02,VN_1780,300000,600000,300000,300.000đ - 600.000đ/h
VN_1780_C03,VN_1780,300000,600000,300000,300.000đ - 600.000đ/h
VN_1782_C01,VN_1782,300000,600000,300000,300.000đ - 600.000đ/h
VN_1782_C02,VN_1782,300000,600000,300000,300.000đ - 600.000đ/h
VN_1782_C03,VN_1782,300000,600000,300000,300.000đ - 600.000đ/h
VN_1781_C01,VN_1781,300000,600000,300000,300.000đ - 600.000đ/h
VN_1781_C02,VN_1781,300000,600000,300000,300.000đ - 600.000đ/h
VN_1781_C03,VN_1781,300000,600000,300000,300.000đ - 600.000đ/h
VN_1783_C01,VN_1783,300000,600000,300000,300.000đ - 600.000đ/h
VN_1783_C02,VN_1783,300000,600000,300000,300.000đ - 600.000đ/h
VN_1783_C03,VN_1783,300000,600000,300000,300.000đ - 600.000đ/h
VN_1784_C01,VN_1784,300000,600000,300000,300.000đ - 600.000đ/h
VN_1784_C02,VN_1784,300000,600000,300000,300.000đ - 600.000đ/h
VN_1784_C03,VN_1784,300000,600000,300000,300.000đ - 600.000đ/h
VN_1778_C01,VN_1778,300000,600000,300000,300.000đ - 600.000đ/h
VN_1778_C02,VN_1778,300000,600000,300000,300.000đ - 600.000đ/h
VN_1778_C03,VN_1778,300000,600000,300000,300.000đ - 600.000đ/h
VN_1785_C01,VN_1785,300000,600000,300000,300.000đ - 600.000đ/h
VN_1785_C02,VN_1785,300000,600000,300000,300.000đ - 600.000đ/h
VN_1785_C03,VN_1785,300000,600000,300000,300.000đ - 600.000đ/h
VN_1786_C01,VN_1786,150000,300000,150000,150.000đ - 300.000đ/h
VN_1786_C02,VN_1786,150000,300000,150000,150.000đ - 300.000đ/h
VN_1786_C03,VN_1786,150000,300000,150000,150.000đ - 300.000đ/h
VN_1786_C04,VN_1786,150000,300000,150000,150.000đ - 300.000đ/h
VN_1786_C05,VN_1786,150000,300000,150000,150.000đ - 300.000đ/h
VN_1786_C06,VN_1786,150000,300000,150000,150.000đ - 300.000đ/h
VN_1787_C01,VN_1787,300000,600000,300000,300.000đ - 600.000đ/h
VN_1787_C02,VN_1787,300000,600000,300000,300.000đ - 600.000đ/h
VN_1787_C03,VN_1787,300000,600000,300000,300.000đ - 600.000đ/h
VN_1788_C01,VN_1788,150000,300000,150000,150.000đ - 300.000đ/h
VN_1788_C02,VN_1788,150000,300000,150000,150.000đ - 300.000đ/h
VN_1788_C03,VN_1788,150000,300000,150000,150.000đ - 300.000đ/h
VN_1789_C01,VN_1789,150000,300000,150000,150.000đ - 300.000đ/h
VN_1789_C02,VN_1789,150000,300000,150000,150.000đ - 300.000đ/h
VN_1789_C03,VN_1789,150000,300000,150000,150.000đ - 300.000đ/h
VN_1789_C04,VN_1789,150000,300000,150000,150.000đ - 300.000đ/h
VN_1789_C05,VN_1789,150000,300000,150000,150.000đ - 300.000đ/h
VN_1789_C06,VN_1789,150000,300000,150000,150.000đ - 300.000đ/h
VN_1792_C01,VN_1792,300000,600000,300000,300.000đ - 600.000đ/h
VN_1792_C02,VN_1792,300000,600000,300000,300.000đ - 600.000đ/h
VN_1792_C03,VN_1792,300000,600000,300000,300.000đ - 600.000đ/h
VN_1790_C01,VN_1790,300000,600000,300000,300.000đ - 600.000đ/h
VN_1790_C02,VN_1790,300000,600000,300000,300.000đ - 600.000đ/h
VN_1790_C03,VN_1790,300000,600000,300000,300.000đ - 600.000đ/h
VN_1794_C01,VN_1794,300000,600000,300000,300.000đ - 600.000đ/h
VN_1794_C02,VN_1794,300000,600000,300000,300.000đ - 600.000đ/h
VN_1794_C03,VN_1794,300000,600000,300000,300.000đ - 600.000đ/h
VN_1791_C01,VN_1791,150000,300000,150000,150.000đ - 300.000đ/h
VN_1791_C02,VN_1791,150000,300000,150000,150.000đ - 300.000đ/h
VN_1791_C03,VN_1791,150000,300000,150000,150.000đ - 300.000đ/h
VN_1791_C04,VN_1791,150000,300000,150000,150.000đ - 300.000đ/h
VN_1791_C05,VN_1791,150000,300000,150000,150.000đ - 300.000đ/h
VN_1791_C06,VN_1791,150000,300000,150000,150.000đ - 300.000đ/h
VN_1797_C01,VN_1797,300000,600000,300000,300.000đ - 600.000đ/h
VN_1797_C02,VN_1797,300000,600000,300000,300.000đ - 600.000đ/h
VN_1797_C03,VN_1797,300000,600000,300000,300.000đ - 600.000đ/h
VN_1796_C01,VN_1796,300000,600000,300000,300.000đ - 600.000đ/h
VN_1796_C02,VN_1796,300000,600000,300000,300.000đ - 600.000đ/h
VN_1796_C03,VN_1796,300000,600000,300000,300.000đ - 600.000đ/h
VN_1804_C01,VN_1804,300000,600000,300000,300.000đ - 600.000đ/h
VN_1804_C02,VN_1804,300000,600000,300000,300.000đ - 600.000đ/h
VN_1804_C03,VN_1804,300000,600000,300000,300.000đ - 600.000đ/h
VN_1798_C01,VN_1798,300000,600000,300000,300.000đ - 600.000đ/h
VN_1798_C02,VN_1798,300000,600000,300000,300.000đ - 600.000đ/h
VN_1798_C03,VN_1798,300000,600000,300000,300.000đ - 600.000đ/h
VN_1795_C01,VN_1795,300000,600000,300000,300.000đ - 600.000đ/h
VN_1795_C02,VN_1795,300000,600000,300000,300.000đ - 600.000đ/h
VN_1795_C03,VN_1795,300000,600000,300000,300.000đ - 600.000đ/h
VN_1799_C01,VN_1799,300000,600000,300000,300.000đ - 600.000đ/h
VN_1799_C02,VN_1799,300000,600000,300000,300.000đ - 600.000đ/h
VN_1799_C03,VN_1799,300000,600000,300000,300.000đ - 600.000đ/h
VN_1793_C01,VN_1793,300000,600000,300000,300.000đ - 600.000đ/h
VN_1793_C02,VN_1793,300000,600000,300000,300.000đ - 600.000đ/h
VN_1793_C03,VN_1793,300000,600000,300000,300.000đ - 600.000đ/h
VN_1800_C01,VN_1800,300000,600000,300000,300.000đ - 600.000đ/h
VN_1800_C02,VN_1800,300000,600000,300000,300.000đ - 600.000đ/h
VN_1800_C03,VN_1800,300000,600000,300000,300.000đ - 600.000đ/h
VN_1801_C01,VN_1801,300000,600000,300000,300.000đ - 600.000đ/h
VN_1801_C02,VN_1801,300000,600000,300000,300.000đ - 600.000đ/h
VN_1801_C03,VN_1801,300000,600000,300000,300.000đ - 600.000đ/h
VN_1802_C01,VN_1802,300000,600000,300000,300.000đ - 600.000đ/h
VN_1802_C02,VN_1802,300000,600000,300000,300.000đ - 600.000đ/h
VN_1802_C03,VN_1802,300000,600000,300000,300.000đ - 600.000đ/h
VN_1805_C01,VN_1805,150000,300000,150000,150.000đ - 300.000đ/h
VN_1805_C02,VN_1805,150000,300000,150000,150.000đ - 300.000đ/h
VN_1805_C03,VN_1805,150000,300000,150000,150.000đ - 300.000đ/h
VN_1805_C04,VN_1805,150000,300000,150000,150.000đ - 300.000đ/h
VN_1805_C05,VN_1805,150000,300000,150000,150.000đ - 300.000đ/h
VN_1805_C06,VN_1805,150000,300000,150000,150.000đ - 300.000đ/h
VN_1806_C01,VN_1806,150000,300000,150000,150.000đ - 300.000đ/h
VN_1806_C02,VN_1806,150000,300000,150000,150.000đ - 300.000đ/h
VN_1806_C03,VN_1806,150000,300000,150000,150.000đ - 300.000đ/h
VN_1806_C04,VN_1806,150000,300000,150000,150.000đ - 300.000đ/h
VN_1806_C05,VN_1806,150000,300000,150000,150.000đ - 300.000đ/h
VN_1806_C06,VN_1806,150000,300000,150000,150.000đ - 300.000đ/h
VN_1808_C01,VN_1808,150000,300000,150000,150.000đ - 300.000đ/h
VN_1808_C02,VN_1808,150000,300000,150000,150.000đ - 300.000đ/h
VN_1808_C03,VN_1808,150000,300000,150000,150.000đ - 300.000đ/h
VN_1808_C04,VN_1808,150000,300000,150000,150.000đ - 300.000đ/h
VN_1808_C05,VN_1808,150000,300000,150000,150.000đ - 300.000đ/h
VN_1808_C06,VN_1808,150000,300000,150000,150.000đ - 300.000đ/h
VN_1807_C01,VN_1807,300000,600000,300000,300.000đ - 600.000đ/h
VN_1807_C02,VN_1807,300000,600000,300000,300.000đ - 600.000đ/h
VN_1807_C03,VN_1807,300000,600000,300000,300.000đ - 600.000đ/h
VN_1809_C01,VN_1809,300000,600000,300000,300.000đ - 600.000đ/h
VN_1809_C02,VN_1809,300000,600000,300000,300.000đ - 600.000đ/h
VN_1809_C03,VN_1809,300000,600000,300000,300.000đ - 600.000đ/h
VN_1811_C01,VN_1811,300000,600000,300000,300.000đ - 600.000đ/h
VN_1811_C02,VN_1811,300000,600000,300000,300.000đ - 600.000đ/h
VN_1811_C03,VN_1811,300000,600000,300000,300.000đ - 600.000đ/h
VN_1812_C01,VN_1812,300000,600000,300000,300.000đ - 600.000đ/h
VN_1812_C02,VN_1812,300000,600000,300000,300.000đ - 600.000đ/h
VN_1812_C03,VN_1812,300000,600000,300000,300.000đ - 600.000đ/h
VN_1810_C01,VN_1810,300000,600000,300000,300.000đ - 600.000đ/h
VN_1810_C02,VN_1810,300000,600000,300000,300.000đ - 600.000đ/h
VN_1810_C03,VN_1810,300000,600000,300000,300.000đ - 600.000đ/h
VN_1815_C01,VN_1815,300000,600000,300000,300.000đ - 600.000đ/h
VN_1815_C02,VN_1815,300000,600000,300000,300.000đ - 600.000đ/h
VN_1815_C03,VN_1815,300000,600000,300000,300.000đ - 600.000đ/h
VN_1813_C01,VN_1813,300000,600000,300000,300.000đ - 600.000đ/h
VN_1813_C02,VN_1813,300000,600000,300000,300.000đ - 600.000đ/h
VN_1813_C03,VN_1813,300000,600000,300000,300.000đ - 600.000đ/h
VN_1803_C01,VN_1803,150000,300000,150000,150.000đ - 300.000đ/h
VN_1803_C02,VN_1803,150000,300000,150000,150.000đ - 300.000đ/h
VN_1803_C03,VN_1803,150000,300000,150000,150.000đ - 300.000đ/h
VN_1803_C04,VN_1803,150000,300000,150000,150.000đ - 300.000đ/h
VN_1803_C05,VN_1803,150000,300000,150000,150.000đ - 300.000đ/h
VN_1803_C06,VN_1803,150000,300000,150000,150.000đ - 300.000đ/h
VN_1814_C01,VN_1814,300000,600000,300000,300.000đ - 600.000đ/h
VN_1814_C02,VN_1814,300000,600000,300000,300.000đ - 600.000đ/h
VN_1814_C03,VN_1814,300000,600000,300000,300.000đ - 600.000đ/h
VN_1816_C01,VN_1816,150000,300000,150000,150.000đ - 300.000đ/h
VN_1816_C02,VN_1816,150000,300000,150000,150.000đ - 300.000đ/h
VN_1816_C03,VN_1816,150000,300000,150000,150.000đ - 300.000đ/h
VN_1816_C04,VN_1816,150000,300000,150000,150.000đ - 300.000đ/h
VN_1816_C05,VN_1816,150000,300000,150000,150.000đ - 300.000đ/h
VN_1816_C06,VN_1816,150000,300000,150000,150.000đ - 300.000đ/h
VN_1818_C01,VN_1818,300000,600000,300000,300.000đ - 600.000đ/h
VN_1818_C02,VN_1818,300000,600000,300000,300.000đ - 600.000đ/h
VN_1818_C03,VN_1818,300000,600000,300000,300.000đ - 600.000đ/h
VN_1817_C01,VN_1817,300000,600000,300000,300.000đ - 600.000đ/h
VN_1817_C02,VN_1817,300000,600000,300000,300.000đ - 600.000đ/h
VN_1817_C03,VN_1817,300000,600000,300000,300.000đ - 600.000đ/h
VN_1819_C01,VN_1819,300000,600000,300000,300.000đ - 600.000đ/h
VN_1819_C02,VN_1819,300000,600000,300000,300.000đ - 600.000đ/h
VN_1819_C03,VN_1819,300000,600000,300000,300.000đ - 600.000đ/h
VN_1822_C01,VN_1822,300000,600000,300000,300.000đ - 600.000đ/h
VN_1822_C02,VN_1822,300000,600000,300000,300.000đ - 600.000đ/h
VN_1822_C03,VN_1822,300000,600000,300000,300.000đ - 600.000đ/h
VN_1820_C01,VN_1820,150000,300000,150000,150.000đ - 300.000đ/h
VN_1820_C02,VN_1820,150000,300000,150000,150.000đ - 300.000đ/h
VN_1820_C03,VN_1820,150000,300000,150000,150.000đ - 300.000đ/h
VN_1823_C01,VN_1823,300000,600000,300000,300.000đ - 600.000đ/h
VN_1823_C02,VN_1823,300000,600000,300000,300.000đ - 600.000đ/h
VN_1823_C03,VN_1823,300000,600000,300000,300.000đ - 600.000đ/h
VN_1824_C01,VN_1824,300000,600000,300000,300.000đ - 600.000đ/h
VN_1824_C02,VN_1824,300000,600000,300000,300.000đ - 600.000đ/h
VN_1824_C03,VN_1824,300000,600000,300000,300.000đ - 600.000đ/h
VN_1825_C01,VN_1825,150000,300000,150000,150.000đ - 300.000đ/h
VN_1825_C02,VN_1825,150000,300000,150000,150.000đ - 300.000đ/h
VN_1825_C03,VN_1825,150000,300000,150000,150.000đ - 300.000đ/h
VN_1825_C04,VN_1825,150000,300000,150000,150.000đ - 300.000đ/h
VN_1825_C05,VN_1825,150000,300000,150000,150.000đ - 300.000đ/h
VN_1825_C06,VN_1825,150000,300000,150000,150.000đ - 300.000đ/h
VN_1829_C01,VN_1829,300000,600000,300000,300.000đ - 600.000đ/h
VN_1829_C02,VN_1829,300000,600000,300000,300.000đ - 600.000đ/h
VN_1829_C03,VN_1829,300000,600000,300000,300.000đ - 600.000đ/h
VN_1827_C01,VN_1827,150000,300000,150000,150.000đ - 300.000đ/h
VN_1827_C02,VN_1827,150000,300000,150000,150.000đ - 300.000đ/h
VN_1827_C03,VN_1827,150000,300000,150000,150.000đ - 300.000đ/h
VN_1827_C04,VN_1827,150000,300000,150000,150.000đ - 300.000đ/h
VN_1827_C05,VN_1827,150000,300000,150000,150.000đ - 300.000đ/h
VN_1827_C06,VN_1827,150000,300000,150000,150.000đ - 300.000đ/h
VN_1826_C01,VN_1826,300000,600000,300000,300.000đ - 600.000đ/h
VN_1826_C02,VN_1826,300000,600000,300000,300.000đ - 600.000đ/h
VN_1826_C03,VN_1826,300000,600000,300000,300.000đ - 600.000đ/h
VN_1830_C01,VN_1830,300000,600000,300000,300.000đ - 600.000đ/h
VN_1830_C02,VN_1830,300000,600000,300000,300.000đ - 600.000đ/h
VN_1830_C03,VN_1830,300000,600000,300000,300.000đ - 600.000đ/h
VN_1821_C01,VN_1821,300000,600000,300000,300.000đ - 600.000đ/h
VN_1821_C02,VN_1821,300000,600000,300000,300.000đ - 600.000đ/h
VN_1821_C03,VN_1821,300000,600000,300000,300.000đ - 600.000đ/h
VN_1834_C01,VN_1834,300000,600000,300000,300.000đ - 600.000đ/h
VN_1834_C02,VN_1834,300000,600000,300000,300.000đ - 600.000đ/h
VN_1834_C03,VN_1834,300000,600000,300000,300.000đ - 600.000đ/h
VN_1833_C01,VN_1833,300000,600000,300000,300.000đ - 600.000đ/h
VN_1833_C02,VN_1833,300000,600000,300000,300.000đ - 600.000đ/h
VN_1833_C03,VN_1833,300000,600000,300000,300.000đ - 600.000đ/h
VN_1835_C01,VN_1835,300000,600000,300000,300.000đ - 600.000đ/h
VN_1835_C02,VN_1835,300000,600000,300000,300.000đ - 600.000đ/h
VN_1835_C03,VN_1835,300000,600000,300000,300.000đ - 600.000đ/h
VN_1828_C01,VN_1828,300000,600000,300000,300.000đ - 600.000đ/h
VN_1828_C02,VN_1828,300000,600000,300000,300.000đ - 600.000đ/h
VN_1828_C03,VN_1828,300000,600000,300000,300.000đ - 600.000đ/h
VN_1836_C01,VN_1836,300000,600000,300000,300.000đ - 600.000đ/h
VN_1836_C02,VN_1836,300000,600000,300000,300.000đ - 600.000đ/h
VN_1836_C03,VN_1836,300000,600000,300000,300.000đ - 600.000đ/h
VN_1831_C01,VN_1831,300000,600000,300000,300.000đ - 600.000đ/h
VN_1831_C02,VN_1831,300000,600000,300000,300.000đ - 600.000đ/h
VN_1831_C03,VN_1831,300000,600000,300000,300.000đ - 600.000đ/h
VN_1839_C01,VN_1839,150000,300000,150000,150.000đ - 300.000đ/h
VN_1839_C02,VN_1839,150000,300000,150000,150.000đ - 300.000đ/h
VN_1839_C03,VN_1839,150000,300000,150000,150.000đ - 300.000đ/h
VN_1839_C04,VN_1839,150000,300000,150000,150.000đ - 300.000đ/h
VN_1839_C05,VN_1839,150000,300000,150000,150.000đ - 300.000đ/h
VN_1839_C06,VN_1839,150000,300000,150000,150.000đ - 300.000đ/h
VN_1838_C01,VN_1838,300000,600000,300000,300.000đ - 600.000đ/h
VN_1838_C02,VN_1838,300000,600000,300000,300.000đ - 600.000đ/h
VN_1838_C03,VN_1838,300000,600000,300000,300.000đ - 600.000đ/h
VN_1840_C01,VN_1840,300000,600000,300000,300.000đ - 600.000đ/h
VN_1840_C02,VN_1840,300000,600000,300000,300.000đ - 600.000đ/h
VN_1840_C03,VN_1840,300000,600000,300000,300.000đ - 600.000đ/h
VN_1841_C01,VN_1841,300000,600000,300000,300.000đ - 600.000đ/h
VN_1841_C02,VN_1841,300000,600000,300000,300.000đ - 600.000đ/h
VN_1841_C03,VN_1841,300000,600000,300000,300.000đ - 600.000đ/h
VN_1843_C01,VN_1843,150000,300000,150000,150.000đ - 300.000đ/h
VN_1843_C02,VN_1843,150000,300000,150000,150.000đ - 300.000đ/h
VN_1843_C03,VN_1843,150000,300000,150000,150.000đ - 300.000đ/h
VN_1843_C04,VN_1843,150000,300000,150000,150.000đ - 300.000đ/h
VN_1843_C05,VN_1843,150000,300000,150000,150.000đ - 300.000đ/h
VN_1843_C06,VN_1843,150000,300000,150000,150.000đ - 300.000đ/h
VN_1844_C01,VN_1844,300000,600000,300000,300.000đ - 600.000đ/h
VN_1844_C02,VN_1844,300000,600000,300000,300.000đ - 600.000đ/h
VN_1844_C03,VN_1844,300000,600000,300000,300.000đ - 600.000đ/h
VN_1837_C01,VN_1837,150000,300000,150000,150.000đ - 300.000đ/h
VN_1837_C02,VN_1837,150000,300000,150000,150.000đ - 300.000đ/h
VN_1837_C03,VN_1837,150000,300000,150000,150.000đ - 300.000đ/h
VN_1837_C04,VN_1837,150000,300000,150000,150.000đ - 300.000đ/h
VN_1837_C05,VN_1837,150000,300000,150000,150.000đ - 300.000đ/h
VN_1837_C06,VN_1837,150000,300000,150000,150.000đ - 300.000đ/h
VN_1842_C01,VN_1842,300000,600000,300000,300.000đ - 600.000đ/h
VN_1842_C02,VN_1842,300000,600000,300000,300.000đ - 600.000đ/h
VN_1842_C03,VN_1842,300000,600000,300000,300.000đ - 600.000đ/h
VN_1847_C01,VN_1847,300000,600000,300000,300.000đ - 600.000đ/h
VN_1847_C02,VN_1847,300000,600000,300000,300.000đ - 600.000đ/h
VN_1847_C03,VN_1847,300000,600000,300000,300.000đ - 600.000đ/h
VN_1846_C01,VN_1846,300000,600000,300000,300.000đ - 600.000đ/h
VN_1846_C02,VN_1846,300000,600000,300000,300.000đ - 600.000đ/h
VN_1846_C03,VN_1846,300000,600000,300000,300.000đ - 600.000đ/h
VN_1848_C01,VN_1848,300000,600000,300000,300.000đ - 600.000đ/h
VN_1848_C02,VN_1848,300000,600000,300000,300.000đ - 600.000đ/h
VN_1848_C03,VN_1848,300000,600000,300000,300.000đ - 600.000đ/h
VN_1849_C01,VN_1849,300000,600000,300000,300.000đ - 600.000đ/h
VN_1849_C02,VN_1849,300000,600000,300000,300.000đ - 600.000đ/h
VN_1849_C03,VN_1849,300000,600000,300000,300.000đ - 600.000đ/h
VN_1851_C01,VN_1851,300000,600000,300000,300.000đ - 600.000đ/h
VN_1851_C02,VN_1851,300000,600000,300000,300.000đ - 600.000đ/h
VN_1851_C03,VN_1851,300000,600000,300000,300.000đ - 600.000đ/h
VN_1850_C01,VN_1850,120000,220000,120000,120.000đ - 220.000đ/h
VN_1850_C02,VN_1850,120000,220000,120000,120.000đ - 220.000đ/h
VN_1850_C03,VN_1850,120000,220000,120000,120.000đ - 220.000đ/h
VN_1850_C04,VN_1850,120000,220000,120000,120.000đ - 220.000đ/h
VN_1845_C01,VN_1845,300000,600000,300000,300.000đ - 600.000đ/h
VN_1845_C02,VN_1845,300000,600000,300000,300.000đ - 600.000đ/h
VN_1845_C03,VN_1845,300000,600000,300000,300.000đ - 600.000đ/h
VN_1852_C01,VN_1852,300000,600000,300000,300.000đ - 600.000đ/h
VN_1852_C02,VN_1852,300000,600000,300000,300.000đ - 600.000đ/h
VN_1852_C03,VN_1852,300000,600000,300000,300.000đ - 600.000đ/h
VN_1853_C01,VN_1853,300000,600000,300000,300.000đ - 600.000đ/h
VN_1853_C02,VN_1853,300000,600000,300000,300.000đ - 600.000đ/h
VN_1853_C03,VN_1853,300000,600000,300000,300.000đ - 600.000đ/h
VN_1854_C01,VN_1854,150000,300000,150000,150.000đ - 300.000đ/h
VN_1854_C02,VN_1854,150000,300000,150000,150.000đ - 300.000đ/h
VN_1854_C03,VN_1854,150000,300000,150000,150.000đ - 300.000đ/h
VN_1854_C04,VN_1854,150000,300000,150000,150.000đ - 300.000đ/h
VN_1854_C05,VN_1854,150000,300000,150000,150.000đ - 300.000đ/h
VN_1854_C06,VN_1854,150000,300000,150000,150.000đ - 300.000đ/h
VN_1855_C01,VN_1855,300000,600000,300000,300.000đ - 600.000đ/h
VN_1855_C02,VN_1855,300000,600000,300000,300.000đ - 600.000đ/h
VN_1855_C03,VN_1855,300000,600000,300000,300.000đ - 600.000đ/h
VN_1858_C01,VN_1858,150000,300000,150000,150.000đ - 300.000đ/h
VN_1858_C02,VN_1858,150000,300000,150000,150.000đ - 300.000đ/h
VN_1858_C03,VN_1858,150000,300000,150000,150.000đ - 300.000đ/h
VN_1858_C04,VN_1858,150000,300000,150000,150.000đ - 300.000đ/h
VN_1858_C05,VN_1858,150000,300000,150000,150.000đ - 300.000đ/h
VN_1858_C06,VN_1858,150000,300000,150000,150.000đ - 300.000đ/h
VN_1856_C01,VN_1856,300000,600000,300000,300.000đ - 600.000đ/h
VN_1856_C02,VN_1856,300000,600000,300000,300.000đ - 600.000đ/h
VN_1856_C03,VN_1856,300000,600000,300000,300.000đ - 600.000đ/h
VN_1857_C01,VN_1857,300000,600000,300000,300.000đ - 600.000đ/h
VN_1857_C02,VN_1857,300000,600000,300000,300.000đ - 600.000đ/h
VN_1857_C03,VN_1857,300000,600000,300000,300.000đ - 600.000đ/h
VN_1832_C01,VN_1832,300000,600000,300000,300.000đ - 600.000đ/h
VN_1832_C02,VN_1832,300000,600000,300000,300.000đ - 600.000đ/h
VN_1832_C03,VN_1832,300000,600000,300000,300.000đ - 600.000đ/h
CRT_VN_1859_01,VN_1859,50000,80000,50000,50.000đ - 80.000đ/giờ
CRT_VN_1859_02,VN_1859,50000,80000,50000,50.000đ - 80.000đ/giờ
CRT_VN_1859_03,VN_1859,50000,80000,50000,50.000đ - 80.000đ/giờ
CRT_VN_1859_04,VN_1859,50000,80000,50000,50.000đ - 80.000đ/giờ
CRT_VN_1859_05,VN_1859,50000,80000,50000,50.000đ - 80.000đ/giờ
CRT_VN_1859_06,VN_1859,50000,80000,50000,50.000đ - 80.000đ/giờ
CRT_VN_1859_07,VN_1859,50000,80000,50000,50.000đ - 80.000đ/giờ
CRT_VN_1859_08,VN_1859,50000,80000,50000,50.000đ - 80.000đ/giờ
CRT_VN_1859_09,VN_1859,50000,80000,50000,50.000đ - 80.000đ/giờ
CRT_VN_1859_10,VN_1859,50000,80000,50000,50.000đ - 80.000đ/giờ
CRT_VN_1859_11,VN_1859,50000,80000,50000,50.000đ - 80.000đ/giờ
CRT_VN_1859_12,VN_1859,50000,80000,50000,50.000đ - 80.000đ/giờ
CRT_VN_1860_01,VN_1860,40000,70000,40000,40.000đ - 70.000đ/giờ
CRT_VN_1860_02,VN_1860,40000,70000,40000,40.000đ - 70.000đ/giờ
CRT_VN_1860_03,VN_1860,40000,70000,40000,40.000đ - 70.000đ/giờ
CRT_VN_1860_04,VN_1860,40000,70000,40000,40.000đ - 70.000đ/giờ
CRT_VN_1860_05,VN_1860,40000,70000,40000,40.000đ - 70.000đ/giờ
CRT_VN_1860_06,VN_1860,40000,70000,40000,40.000đ - 70.000đ/giờ
CRT_VN_1860_07,VN_1860,40000,70000,40000,40.000đ - 70.000đ/giờ
CRT_VN_1860_08,VN_1860,40000,70000,40000,40.000đ - 70.000đ/giờ
CRT_VN_1860_09,VN_1860,40000,70000,40000,40.000đ - 70.000đ/giờ
CRT_VN_1860_10,VN_1860,40000,70000,40000,40.000đ - 70.000đ/giờ
CRT_VN_1861_01,VN_1861,35000,60000,35000,35.000đ - 60.000đ/giờ
CRT_VN_1861_02,VN_1861,35000,60000,35000,35.000đ - 60.000đ/giờ
CRT_VN_1861_03,VN_1861,35000,60000,35000,35.000đ - 60.000đ/giờ
CRT_VN_1861_04,VN_1861,35000,60000,35000,35.000đ - 60.000đ/giờ
CRT_VN_1861_05,VN_1861,35000,60000,35000,35.000đ - 60.000đ/giờ
CRT_VN_1861_06,VN_1861,35000,60000,35000,35.000đ - 60.000đ/giờ
CRT_VN_1861_07,VN_1861,35000,60000,35000,35.000đ - 60.000đ/giờ
CRT_VN_1861_08,VN_1861,35000,60000,35000,35.000đ - 60.000đ/giờ
CRT_VN_1862_01,VN_1862,45000,75000,45000,45.000đ - 75.000đ/giờ
CRT_VN_1862_02,VN_1862,45000,75000,45000,45.000đ - 75.000đ/giờ
CRT_VN_1862_03,VN_1862,45000,75000,45000,45.000đ - 75.000đ/giờ
CRT_VN_1862_04,VN_1862,45000,75000,45000,45.000đ - 75.000đ/giờ
CRT_VN_1862_05,VN_1862,45000,75000,45000,45.000đ - 75.000đ/giờ
CRT_VN_1862_06,VN_1862,45000,75000,45000,45.000đ - 75.000đ/giờ
CRT_VN_1862_07,VN_1862,45000,75000,45000,45.000đ - 75.000đ/giờ
CRT_VN_1862_08,VN_1862,45000,75000,45000,45.000đ - 75.000đ/giờ
CRT_VN_1862_09,VN_1862,45000,75000,45000,45.000đ - 75.000đ/giờ
CRT_VN_1862_10,VN_1862,45000,75000,45000,45.000đ - 75.000đ/giờ
CRT_VN_1862_11,VN_1862,45000,75000,45000,45.000đ - 75.000đ/giờ
CRT_VN_1862_12,VN_1862,45000,75000,45000,45.000đ - 75.000đ/giờ
CRT_VN_1862_13,VN_1862,45000,75000,45000,45.000đ - 75.000đ/giờ
CRT_VN_1862_14,VN_1862,45000,75000,45000,45.000đ - 75.000đ/giờ
CRT_VN_1863_01,VN_1863,40000,65000,40000,40.000đ - 65.000đ/giờ
CRT_VN_1863_02,VN_1863,40000,65000,40000,40.000đ - 65.000đ/giờ
CRT_VN_1863_03,VN_1863,40000,65000,40000,40.000đ - 65.000đ/giờ
CRT_VN_1863_04,VN_1863,40000,65000,40000,40.000đ - 65.000đ/giờ
CRT_VN_1863_05,VN_1863,40000,65000,40000,40.000đ - 65.000đ/giờ
CRT_VN_1863_06,VN_1863,40000,65000,40000,40.000đ - 65.000đ/giờ
CRT_VN_1863_07,VN_1863,40000,65000,40000,40.000đ - 65.000đ/giờ
CRT_VN_1863_08,VN_1863,40000,65000,40000,40.000đ - 65.000đ/giờ
CRT_VN_1864_01,VN_1864,50000,80000,50000,50.000đ - 80.000đ/giờ
CRT_VN_1864_02,VN_1864,50000,80000,50000,50.000đ - 80.000đ/giờ
CRT_VN_1864_03,VN_1864,50000,80000,50000,50.000đ - 80.000đ/giờ
CRT_VN_1864_04,VN_1864,50000,80000,50000,50.000đ - 80.000đ/giờ
CRT_VN_1864_05,VN_1864,50000,80000,50000,50.000đ - 80.000đ/giờ
CRT_VN_1864_06,VN_1864,50000,80000,50000,50.000đ - 80.000đ/giờ
CRT_VN_1864_07,VN_1864,50000,80000,50000,50.000đ - 80.000đ/giờ
CRT_VN_1864_08,VN_1864,50000,80000,50000,50.000đ - 80.000đ/giờ
CRT_VN_1864_09,VN_1864,50000,80000,50000,50.000đ - 80.000đ/giờ
CRT_VN_1864_10,VN_1864,50000,80000,50000,50.000đ - 80.000đ/giờ
CRT_VN_1865_01,VN_1865,40000,60000,40000,40.000đ - 60.000đ/giờ
CRT_VN_1865_02,VN_1865,40000,60000,40000,40.000đ - 60.000đ/giờ
CRT_VN_1865_03,VN_1865,40000,60000,40000,40.000đ - 60.000đ/giờ
CRT_VN_1865_04,VN_1865,40000,60000,40000,40.000đ - 60.000đ/giờ
CRT_VN_1865_05,VN_1865,40000,60000,40000,40.000đ - 60.000đ/giờ
CRT_VN_1865_06,VN_1865,40000,60000,40000,40.000đ - 60.000đ/giờ
CRT_VN_1866_01,VN_1866,45000,70000,45000,45.000đ - 70.000đ/giờ
CRT_VN_1866_02,VN_1866,45000,70000,45000,45.000đ - 70.000đ/giờ
CRT_VN_1866_03,VN_1866,45000,70000,45000,45.000đ - 70.000đ/giờ
CRT_VN_1866_04,VN_1866,45000,70000,45000,45.000đ - 70.000đ/giờ
CRT_VN_1866_05,VN_1866,45000,70000,45000,45.000đ - 70.000đ/giờ
CRT_VN_1866_06,VN_1866,45000,70000,45000,45.000đ - 70.000đ/giờ
CRT_VN_1866_07,VN_1866,45000,70000,45000,45.000đ - 70.000đ/giờ
CRT_VN_1866_08,VN_1866,45000,70000,45000,45.000đ - 70.000đ/giờ
CRT_VN_1867_01,VN_1867,40000,75000,40000,40.000đ - 75.000đ/giờ
CRT_VN_1867_02,VN_1867,40000,75000,40000,40.000đ - 75.000đ/giờ
CRT_VN_1867_03,VN_1867,40000,75000,40000,40.000đ - 75.000đ/giờ
CRT_VN_1867_04,VN_1867,40000,75000,40000,40.000đ - 75.000đ/giờ
CRT_VN_1867_05,VN_1867,40000,75000,40000,40.000đ - 75.000đ/giờ
CRT_VN_1867_06,VN_1867,40000,75000,40000,40.000đ - 75.000đ/giờ
CRT_VN_1867_07,VN_1867,40000,75000,40000,40.000đ - 75.000đ/giờ
CRT_VN_1867_08,VN_1867,40000,75000,40000,40.000đ - 75.000đ/giờ
CRT_VN_1867_09,VN_1867,40000,75000,40000,40.000đ - 75.000đ/giờ
CRT_VN_1867_10,VN_1867,40000,75000,40000,40.000đ - 75.000đ/giờ
CRT_VN_1867_11,VN_1867,40000,75000,40000,40.000đ - 75.000đ/giờ
CRT_VN_1867_12,VN_1867,40000,75000,40000,40.000đ - 75.000đ/giờ
CRT_VN_1867_13,VN_1867,40000,75000,40000,40.000đ - 75.000đ/giờ
CRT_VN_1867_14,VN_1867,40000,75000,40000,40.000đ - 75.000đ/giờ
CRT_VN_1867_15,VN_1867,40000,75000,40000,40.000đ - 75.000đ/giờ
CRT_VN_1867_16,VN_1867,40000,75000,40000,40.000đ - 75.000đ/giờ
CRT_VN_1868_01,VN_1868,45000,80000,45000,45.000đ - 80.000đ/giờ
CRT_VN_1868_02,VN_1868,45000,80000,45000,45.000đ - 80.000đ/giờ
CRT_VN_1868_03,VN_1868,45000,80000,45000,45.000đ - 80.000đ/giờ
CRT_VN_1868_04,VN_1868,45000,80000,45000,45.000đ - 80.000đ/giờ
CRT_VN_1868_05,VN_1868,45000,80000,45000,45.000đ - 80.000đ/giờ
CRT_VN_1868_06,VN_1868,45000,80000,45000,45.000đ - 80.000đ/giờ
CRT_VN_1868_07,VN_1868,45000,80000,45000,45.000đ - 80.000đ/giờ
CRT_VN_1868_08,VN_1868,45000,80000,45000,45.000đ - 80.000đ/giờ
CRT_VN_1868_09,VN_1868,45000,80000,45000,45.000đ - 80.000đ/giờ
CRT_VN_1868_10,VN_1868,45000,80000,45000,45.000đ - 80.000đ/giờ
CRT_VN_1868_11,VN_1868,45000,80000,45000,45.000đ - 80.000đ/giờ
CRT_VN_1868_12,VN_1868,45000,80000,45000,45.000đ - 80.000đ/giờ
CRT_VN_1868_13,VN_1868,45000,80000,45000,45.000đ - 80.000đ/giờ
CRT_VN_1868_14,VN_1868,45000,80000,45000,45.000đ - 80.000đ/giờ
CRT_VN_1868_15,VN_1868,45000,80000,45000,45.000đ - 80.000đ/giờ
CRT_VN_1868_16,VN_1868,45000,80000,45000,45.000đ - 80.000đ/giờ
CRT_VN_1868_17,VN_1868,45000,80000,45000,45.000đ - 80.000đ/giờ
CRT_VN_1868_18,VN_1868,45000,80000,45000,45.000đ - 80.000đ/giờ
CRT_VN_1869_01,VN_1869,50000,85000,50000,50.000đ - 85.000đ/giờ
CRT_VN_1869_02,VN_1869,50000,85000,50000,50.000đ - 85.000đ/giờ
CRT_VN_1869_03,VN_1869,50000,85000,50000,50.000đ - 85.000đ/giờ
CRT_VN_1869_04,VN_1869,50000,85000,50000,50.000đ - 85.000đ/giờ
CRT_VN_1869_05,VN_1869,50000,85000,50000,50.000đ - 85.000đ/giờ
CRT_VN_1869_06,VN_1869,50000,85000,50000,50.000đ - 85.000đ/giờ
CRT_VN_1869_07,VN_1869,50000,85000,50000,50.000đ - 85.000đ/giờ
CRT_VN_1869_08,VN_1869,50000,85000,50000,50.000đ - 85.000đ/giờ
CRT_VN_1869_09,VN_1869,50000,85000,50000,50.000đ - 85.000đ/giờ
CRT_VN_1869_10,VN_1869,50000,85000,50000,50.000đ - 85.000đ/giờ
CRT_VN_1869_11,VN_1869,50000,85000,50000,50.000đ - 85.000đ/giờ
CRT_VN_1869_12,VN_1869,50000,85000,50000,50.000đ - 85.000đ/giờ
CRT_VN_1870_01,VN_1870,35000,65000,35000,35.000đ - 65.000đ/giờ
CRT_VN_1870_02,VN_1870,35000,65000,35000,35.000đ - 65.000đ/giờ
CRT_VN_1870_03,VN_1870,35000,65000,35000,35.000đ - 65.000đ/giờ
CRT_VN_1870_04,VN_1870,35000,65000,35000,35.000đ - 65.000đ/giờ
CRT_VN_1870_05,VN_1870,35000,65000,35000,35.000đ - 65.000đ/giờ
CRT_VN_1870_06,VN_1870,35000,65000,35000,35.000đ - 65.000đ/giờ
CRT_VN_1870_07,VN_1870,35000,65000,35000,35.000đ - 65.000đ/giờ
CRT_VN_1870_08,VN_1870,35000,65000,35000,35.000đ - 65.000đ/giờ
CRT_VN_1870_09,VN_1870,35000,65000,35000,35.000đ - 65.000đ/giờ
CRT_VN_1870_10,VN_1870,35000,65000,35000,35.000đ - 65.000đ/giờ
CRT_VN_1871_01,VN_1871,45000,75000,45000,45.000đ - 75.000đ/giờ
CRT_VN_1871_02,VN_1871,45000,75000,45000,45.000đ - 75.000đ/giờ
CRT_VN_1871_03,VN_1871,45000,75000,45000,45.000đ - 75.000đ/giờ
CRT_VN_1871_04,VN_1871,45000,75000,45000,45.000đ - 75.000đ/giờ
CRT_VN_1871_05,VN_1871,45000,75000,45000,45.000đ - 75.000đ/giờ
CRT_VN_1871_06,VN_1871,45000,75000,45000,45.000đ - 75.000đ/giờ
CRT_VN_1871_07,VN_1871,45000,75000,45000,45.000đ - 75.000đ/giờ
CRT_VN_1871_08,VN_1871,45000,75000,45000,45.000đ - 75.000đ/giờ
CRT_VN_1871_09,VN_1871,45000,75000,45000,45.000đ - 75.000đ/giờ
CRT_VN_1871_10,VN_1871,45000,75000,45000,45.000đ - 75.000đ/giờ
CRT_VN_1871_11,VN_1871,45000,75000,45000,45.000đ - 75.000đ/giờ
CRT_VN_1871_12,VN_1871,45000,75000,45000,45.000đ - 75.000đ/giờ
CRT_VN_1871_13,VN_1871,45000,75000,45000,45.000đ - 75.000đ/giờ
CRT_VN_1871_14,VN_1871,45000,75000,45000,45.000đ - 75.000đ/giờ
CRT_VN_1872_01,VN_1872,40000,70000,40000,40.000đ - 70.000đ/giờ
CRT_VN_1872_02,VN_1872,40000,70000,40000,40.000đ - 70.000đ/giờ
CRT_VN_1872_03,VN_1872,40000,70000,40000,40.000đ - 70.000đ/giờ
CRT_VN_1872_04,VN_1872,40000,70000,40000,40.000đ - 70.000đ/giờ
CRT_VN_1872_05,VN_1872,40000,70000,40000,40.000đ - 70.000đ/giờ
CRT_VN_1872_06,VN_1872,40000,70000,40000,40.000đ - 70.000đ/giờ
CRT_VN_1872_07,VN_1872,40000,70000,40000,40.000đ - 70.000đ/giờ
CRT_VN_1872_08,VN_1872,40000,70000,40000,40.000đ - 70.000đ/giờ
CRT_VN_1872_09,VN_1872,40000,70000,40000,40.000đ - 70.000đ/giờ
CRT_VN_1872_10,VN_1872,40000,70000,40000,40.000đ - 70.000đ/giờ
CRT_VN_1873_01,VN_1873,35000,60000,35000,35.000đ - 60.000đ/giờ
CRT_VN_1873_02,VN_1873,35000,60000,35000,35.000đ - 60.000đ/giờ
CRT_VN_1873_03,VN_1873,35000,60000,35000,35.000đ - 60.000đ/giờ
CRT_VN_1873_04,VN_1873,35000,60000,35000,35.000đ - 60.000đ/giờ
CRT_VN_1873_05,VN_1873,35000,60000,35000,35.000đ - 60.000đ/giờ
CRT_VN_1873_06,VN_1873,35000,60000,35000,35.000đ - 60.000đ/giờ
CRT_VN_1873_07,VN_1873,35000,60000,35000,35.000đ - 60.000đ/giờ
CRT_VN_1873_08,VN_1873,35000,60000,35000,35.000đ - 60.000đ/giờ
CRT_VN_1874_01,VN_1874,35000,60000,35000,35.000đ - 60.000đ/giờ
CRT_VN_1874_02,VN_1874,35000,60000,35000,35.000đ - 60.000đ/giờ
CRT_VN_1874_03,VN_1874,35000,60000,35000,35.000đ - 60.000đ/giờ
CRT_VN_1874_04,VN_1874,35000,60000,35000,35.000đ - 60.000đ/giờ
CRT_VN_1874_05,VN_1874,35000,60000,35000,35.000đ - 60.000đ/giờ
CRT_VN_1874_06,VN_1874,35000,60000,35000,35.000đ - 60.000đ/giờ
CRT_VN_1874_07,VN_1874,35000,60000,35000,35.000đ - 60.000đ/giờ
CRT_VN_1874_08,VN_1874,35000,60000,35000,35.000đ - 60.000đ/giờ
CRT_VN_1875_01,VN_1875,35000,65000,35000,35.000đ - 65.000đ/giờ
CRT_VN_1875_02,VN_1875,35000,65000,35000,35.000đ - 65.000đ/giờ
CRT_VN_1875_03,VN_1875,35000,65000,35000,35.000đ - 65.000đ/giờ
CRT_VN_1875_04,VN_1875,35000,65000,35000,35.000đ - 65.000đ/giờ
CRT_VN_1875_05,VN_1875,35000,65000,35000,35.000đ - 65.000đ/giờ
CRT_VN_1875_06,VN_1875,35000,65000,35000,35.000đ - 65.000đ/giờ
CRT_VN_1875_07,VN_1875,35000,65000,35000,35.000đ - 65.000đ/giờ
CRT_VN_1875_08,VN_1875,35000,65000,35000,35.000đ - 65.000đ/giờ
CRT_VN_1875_09,VN_1875,35000,65000,35000,35.000đ - 65.000đ/giờ
CRT_VN_1875_10,VN_1875,35000,65000,35000,35.000đ - 65.000đ/giờ
CRT_VN_1876_01,VN_1876,30000,55000,30000,30.000đ - 55.000đ/giờ
CRT_VN_1876_02,VN_1876,30000,55000,30000,30.000đ - 55.000đ/giờ
CRT_VN_1876_03,VN_1876,30000,55000,30000,30.000đ - 55.000đ/giờ
CRT_VN_1876_04,VN_1876,30000,55000,30000,30.000đ - 55.000đ/giờ
CRT_VN_1876_05,VN_1876,30000,55000,30000,30.000đ - 55.000đ/giờ
CRT_VN_1876_06,VN_1876,30000,55000,30000,30.000đ - 55.000đ/giờ
CRT_VN_1876_07,VN_1876,30000,55000,30000,30.000đ - 55.000đ/giờ
CRT_VN_1876_08,VN_1876,30000,55000,30000,30.000đ - 55.000đ/giờ
CRT_VN_1877_01,VN_1877,40000,65000,40000,40.000đ - 65.000đ/giờ
CRT_VN_1877_02,VN_1877,40000,65000,40000,40.000đ - 65.000đ/giờ
CRT_VN_1877_03,VN_1877,40000,65000,40000,40.000đ - 65.000đ/giờ
CRT_VN_1877_04,VN_1877,40000,65000,40000,40.000đ - 65.000đ/giờ
CRT_VN_1877_05,VN_1877,40000,65000,40000,40.000đ - 65.000đ/giờ
CRT_VN_1877_06,VN_1877,40000,65000,40000,40.000đ - 65.000đ/giờ
CRT_VN_1877_07,VN_1877,40000,65000,40000,40.000đ - 65.000đ/giờ
CRT_VN_1877_08,VN_1877,40000,65000,40000,40.000đ - 65.000đ/giờ
CRT_VN_1877_09,VN_1877,40000,65000,40000,40.000đ - 65.000đ/giờ
CRT_VN_1877_10,VN_1877,40000,65000,40000,40.000đ - 65.000đ/giờ
CRT_VN_1878_01,VN_1878,180000,350000,180000,180.000đ - 350.000đ/giờ
CRT_VN_1878_02,VN_1878,180000,350000,180000,180.000đ - 350.000đ/giờ
CRT_VN_1878_03,VN_1878,180000,350000,180000,180.000đ - 350.000đ/giờ
CRT_VN_1878_04,VN_1878,180000,350000,180000,180.000đ - 350.000đ/giờ
CRT_VN_1879_01,VN_1879,150000,300000,150000,150.000đ - 300.000đ/giờ
CRT_VN_1879_02,VN_1879,150000,300000,150000,150.000đ - 300.000đ/giờ
CRT_VN_1879_03,VN_1879,150000,300000,150000,150.000đ - 300.000đ/giờ
CRT_VN_1879_04,VN_1879,150000,300000,150000,150.000đ - 300.000đ/giờ
CRT_VN_1880_01,VN_1880,160000,320000,160000,160.000đ - 320.000đ/giờ
CRT_VN_1880_02,VN_1880,160000,320000,160000,160.000đ - 320.000đ/giờ
CRT_VN_1880_03,VN_1880,160000,320000,160000,160.000đ - 320.000đ/giờ
CRT_VN_1880_04,VN_1880,160000,320000,160000,160.000đ - 320.000đ/giờ
CRT_VN_1881_01,VN_1881,200000,380000,200000,200.000đ - 380.000đ/giờ
CRT_VN_1881_02,VN_1881,200000,380000,200000,200.000đ - 380.000đ/giờ
CRT_VN_1881_03,VN_1881,200000,380000,200000,200.000đ - 380.000đ/giờ
CRT_VN_1881_04,VN_1881,200000,380000,200000,200.000đ - 380.000đ/giờ
CRT_VN_1881_05,VN_1881,200000,380000,200000,200.000đ - 380.000đ/giờ
CRT_VN_1881_06,VN_1881,200000,380000,200000,200.000đ - 380.000đ/giờ
CRT_VN_1882_01,VN_1882,160000,300000,160000,160.000đ - 300.000đ/giờ
CRT_VN_1882_02,VN_1882,160000,300000,160000,160.000đ - 300.000đ/giờ
CRT_VN_1882_03,VN_1882,160000,300000,160000,160.000đ - 300.000đ/giờ
CRT_VN_1882_04,VN_1882,160000,300000,160000,160.000đ - 300.000đ/giờ
CRT_VN_1883_01,VN_1883,150000,280000,150000,150.000đ - 280.000đ/giờ
CRT_VN_1883_02,VN_1883,150000,280000,150000,150.000đ - 280.000đ/giờ
CRT_VN_1883_03,VN_1883,150000,280000,150000,150.000đ - 280.000đ/giờ
CRT_VN_1883_04,VN_1883,150000,280000,150000,150.000đ - 280.000đ/giờ
CRT_VN_1884_01,VN_1884,140000,280000,140000,140.000đ - 280.000đ/giờ
CRT_VN_1884_02,VN_1884,140000,280000,140000,140.000đ - 280.000đ/giờ
CRT_VN_1884_03,VN_1884,140000,280000,140000,140.000đ - 280.000đ/giờ
CRT_VN_1884_04,VN_1884,140000,280000,140000,140.000đ - 280.000đ/giờ
CRT_VN_1885_01,VN_1885,200000,400000,200000,200.000đ - 400.000đ/giờ
CRT_VN_1885_02,VN_1885,200000,400000,200000,200.000đ - 400.000đ/giờ
CRT_VN_1885_03,VN_1885,200000,400000,200000,200.000đ - 400.000đ/giờ
CRT_VN_1885_04,VN_1885,200000,400000,200000,200.000đ - 400.000đ/giờ
CRT_VN_1886_01,VN_1886,220000,450000,220000,220.000đ - 450.000đ/giờ
CRT_VN_1886_02,VN_1886,220000,450000,220000,220.000đ - 450.000đ/giờ
CRT_VN_1886_03,VN_1886,220000,450000,220000,220.000đ - 450.000đ/giờ
CRT_VN_1886_04,VN_1886,220000,450000,220000,220.000đ - 450.000đ/giờ
CRT_VN_1886_05,VN_1886,220000,450000,220000,220.000đ - 450.000đ/giờ
CRT_VN_1886_06,VN_1886,220000,450000,220000,220.000đ - 450.000đ/giờ
CRT_VN_1887_01,VN_1887,180000,380000,180000,180.000đ - 380.000đ/giờ
CRT_VN_1887_02,VN_1887,180000,380000,180000,180.000đ - 380.000đ/giờ
CRT_VN_1887_03,VN_1887,180000,380000,180000,180.000đ - 380.000đ/giờ
CRT_VN_1887_04,VN_1887,180000,380000,180000,180.000đ - 380.000đ/giờ
CRT_VN_1888_01,VN_1888,160000,320000,160000,160.000đ - 320.000đ/giờ
CRT_VN_1888_02,VN_1888,160000,320000,160000,160.000đ - 320.000đ/giờ
CRT_VN_1888_03,VN_1888,160000,320000,160000,160.000đ - 320.000đ/giờ
CRT_VN_1888_04,VN_1888,160000,320000,160000,160.000đ - 320.000đ/giờ
CRT_VN_1889_01,VN_1889,180000,350000,180000,180.000đ - 350.000đ/giờ
CRT_VN_1889_02,VN_1889,180000,350000,180000,180.000đ - 350.000đ/giờ
CRT_VN_1889_03,VN_1889,180000,350000,180000,180.000đ - 350.000đ/giờ
CRT_VN_1889_04,VN_1889,180000,350000,180000,180.000đ - 350.000đ/giờ
CRT_VN_1889_05,VN_1889,180000,350000,180000,180.000đ - 350.000đ/giờ
CRT_VN_1889_06,VN_1889,180000,350000,180000,180.000đ - 350.000đ/giờ
CRT_VN_1890_01,VN_1890,160000,300000,160000,160.000đ - 300.000đ/giờ
CRT_VN_1890_02,VN_1890,160000,300000,160000,160.000đ - 300.000đ/giờ
CRT_VN_1890_03,VN_1890,160000,300000,160000,160.000đ - 300.000đ/giờ
CRT_VN_1890_04,VN_1890,160000,300000,160000,160.000đ - 300.000đ/giờ
CRT_VN_1891_01,VN_1891,150000,300000,150000,150.000đ - 300.000đ/giờ
CRT_VN_1891_02,VN_1891,150000,300000,150000,150.000đ - 300.000đ/giờ
CRT_VN_1891_03,VN_1891,150000,300000,150000,150.000đ - 300.000đ/giờ
CRT_VN_1891_04,VN_1891,150000,300000,150000,150.000đ - 300.000đ/giờ
CRT_VN_1892_01,VN_1892,160000,320000,160000,160.000đ - 320.000đ/giờ
CRT_VN_1892_02,VN_1892,160000,320000,160000,160.000đ - 320.000đ/giờ
CRT_VN_1892_03,VN_1892,160000,320000,160000,160.000đ - 320.000đ/giờ
CRT_VN_1892_04,VN_1892,160000,320000,160000,160.000đ - 320.000đ/giờ
CRT_VN_1893_01,VN_1893,150000,320000,150000,150.000đ - 320.000đ/giờ
CRT_VN_1893_02,VN_1893,150000,320000,150000,150.000đ - 320.000đ/giờ
CRT_VN_1893_03,VN_1893,150000,320000,150000,150.000đ - 320.000đ/giờ
CRT_VN_1893_04,VN_1893,150000,320000,150000,150.000đ - 320.000đ/giờ
CRT_VN_1893_05,VN_1893,150000,320000,150000,150.000đ - 320.000đ/giờ
CRT_VN_1893_06,VN_1893,150000,320000,150000,150.000đ - 320.000đ/giờ
CRT_VN_1894_01,VN_1894,140000,280000,140000,140.000đ - 280.000đ/giờ
CRT_VN_1894_02,VN_1894,140000,280000,140000,140.000đ - 280.000đ/giờ
CRT_VN_1894_03,VN_1894,140000,280000,140000,140.000đ - 280.000đ/giờ
CRT_VN_1894_04,VN_1894,140000,280000,140000,140.000đ - 280.000đ/giờ
CRT_VN_1895_01,VN_1895,140000,260000,140000,140.000đ - 260.000đ/giờ
CRT_VN_1895_02,VN_1895,140000,260000,140000,140.000đ - 260.000đ/giờ
CRT_VN_1895_03,VN_1895,140000,260000,140000,140.000đ - 260.000đ/giờ
CRT_VN_1895_04,VN_1895,140000,260000,140000,140.000đ - 260.000đ/giờ
CRT_VN_1896_01,VN_1896,120000,240000,120000,120.000đ - 240.000đ/giờ
CRT_VN_1896_02,VN_1896,120000,240000,120000,120.000đ - 240.000đ/giờ
CRT_VN_1896_03,VN_1896,120000,240000,120000,120.000đ - 240.000đ/giờ
CRT_VN_1896_04,VN_1896,120000,240000,120000,120.000đ - 240.000đ/giờ
CRT_VN_1897_01,VN_1897,140000,270000,140000,140.000đ - 270.000đ/giờ
CRT_VN_1897_02,VN_1897,140000,270000,140000,140.000đ - 270.000đ/giờ
CRT_VN_1897_03,VN_1897,140000,270000,140000,140.000đ - 270.000đ/giờ
CRT_VN_1897_04,VN_1897,140000,270000,140000,140.000đ - 270.000đ/giờ
CRT_VN_1898_01,VN_1898,150000,300000,150000,150.000đ - 300.000đ/giờ
CRT_VN_1898_02,VN_1898,150000,300000,150000,150.000đ - 300.000đ/giờ
CRT_VN_1898_03,VN_1898,150000,300000,150000,150.000đ - 300.000đ/giờ
CRT_VN_1899_01,VN_1899,200000,380000,200000,200.000đ - 380.000đ/giờ
CRT_VN_1899_02,VN_1899,200000,380000,200000,200.000đ - 380.000đ/giờ
CRT_VN_1899_03,VN_1899,200000,380000,200000,200.000đ - 380.000đ/giờ
CRT_VN_1899_04,VN_1899,200000,380000,200000,200.000đ - 380.000đ/giờ
CRT_VN_1900_01,VN_1900,120000,240000,120000,120.000đ - 240.000đ/giờ
CRT_VN_1900_02,VN_1900,120000,240000,120000,120.000đ - 240.000đ/giờ
CRT_VN_1900_03,VN_1900,120000,240000,120000,120.000đ - 240.000đ/giờ
CRT_VN_1901_01,VN_1901,130000,250000,130000,130.000đ - 250.000đ/giờ
CRT_VN_1901_02,VN_1901,130000,250000,130000,130.000đ - 250.000đ/giờ
CRT_VN_1901_03,VN_1901,130000,250000,130000,130.000đ - 250.000đ/giờ
CRT_VN_1902_01,VN_1902,140000,260000,140000,140.000đ - 260.000đ/giờ
CRT_VN_1902_02,VN_1902,140000,260000,140000,140.000đ - 260.000đ/giờ
CRT_VN_1902_03,VN_1902,140000,260000,140000,140.000đ - 260.000đ/giờ
CRT_VN_1903_01,VN_1903,160000,320000,160000,160.000đ - 320.000đ/giờ
CRT_VN_1903_02,VN_1903,160000,320000,160000,160.000đ - 320.000đ/giờ
CRT_VN_1903_03,VN_1903,160000,320000,160000,160.000đ - 320.000đ/giờ
CRT_VN_1903_04,VN_1903,160000,320000,160000,160.000đ - 320.000đ/giờ
CRT_VN_1904_01,VN_1904,150000,300000,150000,150.000đ - 300.000đ/giờ
CRT_VN_1904_02,VN_1904,150000,300000,150000,150.000đ - 300.000đ/giờ
CRT_VN_1904_03,VN_1904,150000,300000,150000,150.000đ - 300.000đ/giờ
CRT_VN_1905_01,VN_1905,180000,350000,180000,180.000đ - 350.000đ/giờ
CRT_VN_1905_02,VN_1905,180000,350000,180000,180.000đ - 350.000đ/giờ
CRT_VN_1905_03,VN_1905,180000,350000,180000,180.000đ - 350.000đ/giờ
CRT_VN_1906_01,VN_1906,150000,290000,150000,150.000đ - 290.000đ/giờ
CRT_VN_1906_02,VN_1906,150000,290000,150000,150.000đ - 290.000đ/giờ
CRT_VN_1906_03,VN_1906,150000,290000,150000,150.000đ - 290.000đ/giờ
CRT_VN_1907_01,VN_1907,100000,200000,100000,100.000đ - 200.000đ/giờ
CRT_VN_1907_02,VN_1907,100000,200000,100000,100.000đ - 200.000đ/giờ
CRT_VN_1907_03,VN_1907,100000,200000,100000,100.000đ - 200.000đ/giờ
CRT_VN_1907_04,VN_1907,100000,200000,100000,100.000đ - 200.000đ/giờ
CRT_VN_1908_01,VN_1908,100000,200000,100000,100.000đ - 200.000đ/giờ
CRT_VN_1908_02,VN_1908,100000,200000,100000,100.000đ - 200.000đ/giờ
CRT_VN_1908_03,VN_1908,100000,200000,100000,100.000đ - 200.000đ/giờ
CRT_VN_1908_04,VN_1908,100000,200000,100000,100.000đ - 200.000đ/giờ
CRT_VN_1909_01,VN_1909,130000,250000,130000,130.000đ - 250.000đ/giờ
CRT_VN_1909_02,VN_1909,130000,250000,130000,130.000đ - 250.000đ/giờ
CRT_VN_1909_03,VN_1909,130000,250000,130000,130.000đ - 250.000đ/giờ
CRT_VN_1910_01,VN_1910,80000,180000,80000,80.000đ - 180.000đ/giờ
CRT_VN_1910_02,VN_1910,80000,180000,80000,80.000đ - 180.000đ/giờ
CRT_VN_1910_03,VN_1910,80000,180000,80000,80.000đ - 180.000đ/giờ
CRT_VN_1910_04,VN_1910,80000,180000,80000,80.000đ - 180.000đ/giờ
CRT_VN_1911_01,VN_1911,90000,190000,90000,90.000đ - 190.000đ/giờ
CRT_VN_1911_02,VN_1911,90000,190000,90000,90.000đ - 190.000đ/giờ
CRT_VN_1911_03,VN_1911,90000,190000,90000,90.000đ - 190.000đ/giờ
CRT_VN_1911_04,VN_1911,90000,190000,90000,90.000đ - 190.000đ/giờ
CRT_VN_1912_01,VN_1912,140000,280000,140000,140.000đ - 280.000đ/giờ
CRT_VN_1912_02,VN_1912,140000,280000,140000,140.000đ - 280.000đ/giờ
CRT_VN_1912_03,VN_1912,140000,280000,140000,140.000đ - 280.000đ/giờ
CRT_VN_1912_04,VN_1912,140000,280000,140000,140.000đ - 280.000đ/giờ