"facility_id","facility_name","day_group","start_time","end_time","price_min_vnd","price_max_vnd","unit_minutes","precision","price_basis","offer_type","source_url","source_published_date","observed_at","confidence","verification_status","notes","source_name","source_address","source_sport","retrieved_at","candidate_id"
"VN_0038","Game On Pickleball - 387A Lương Thế Vinh","mon-fri","05:00","17:00","150000","150000","60","time_slots","court_hour","standard","https://shopvnb.com/san-pickleball-game-on.html","2025-11-03","2026-10-04","medium","source_verified","Nguồn công bố rõ ngày và khung giờ","","","","",""
"VN_0038","Game On Pickleball - 387A Lương Thế Vinh","mon-fri","17:00","24:00","200000","200000","60","time_slots","court_hour","standard","https://shopvnb.com/san-pickleball-game-on.html","2025-11-03","2026-10-04","medium","source_verified","Nguồn công bố rõ ngày và khung giờ","","","","",""
"VN_0038","Game On Pickleball - 387A Lương Thế Vinh","sat-sun","05:00","17:00","180000","180000","60","time_slots","court_hour","standard","https://shopvnb.com/san-pickleball-game-on.html","2025-11-03","2026-10-04","medium","source_verified","Nguồn công bố rõ ngày và khung giờ","","","","",""
"VN_0038","Game On Pickleball - 387A Lương Thế Vinh","sat-sun","17:00","24:00","200000","200000","60","time_slots","court_hour","standard","https://shopvnb.com/san-pickleball-game-on.html","2025-11-03","2026-10-04","medium","source_verified","Nguồn công bố rõ ngày và khung giờ","","","","",""
"VN_0107","VMC Pickle Ball - 6B Nhuệ Giang","mon-sun","06:00","16:00","60000","60000","60","time_slots","court_hour","approximate","https://shopvnb.com/vmc-pickleball.html","2026-04-11","2026-10-04","medium","source_verified","Nguồn dùng từ khoảng; chưa xác nhận trực tiếp","","","","",""
"VN_0107","VMC Pickle Ball - 6B Nhuệ Giang","mon-sun","16:00","23:00","120000","120000","60","time_slots","court_hour","approximate","https://shopvnb.com/vmc-pickleball.html","2026-04-11","2026-10-04","medium","source_verified","Nguồn dùng từ khoảng; chưa xác nhận trực tiếp","","","","",""
"VN_0035","ACE Pickleball Club - Pullman Hanoi","unknown","","","130000","290000","60","price_range_only","court_hour","standard","https://www.sporta.vn/san/ace-pickleball-club-pullman-hanoi","","2026-10-04","medium","source_verified","Khoảng giá tùy khung giờ","","","","",""
"VN_0075","Gia Thụy Pickleball - Nguyễn Văn Cừ","unknown","","","100000","170000","60","price_range_only","court_hour","standard","https://shopvnb.com/san-pickleball-gia-thuy.html","2026-01-12","2026-10-04","medium","source_verified","Khoảng giá tùy giờ","","","","",""
"VN_0072","LK-Pro Pickleball - Khu đô thị Văn Phú","unknown","","","100000","180000","60","price_range_only","court_hour","standard","https://shopvnb.com/san-pickleball-lk-pro.html","2026-08-21","2026-10-04","medium","source_verified","Khoảng giá tùy giờ","","","","",""
"VN_0256","Goat Pickleball - 30 Phan Thúc Duyện (kéo dài)","unknown","","","180000","350000","60","price_range_only","court_hour","standard","https://www.sporta.vn/san/goat-pickleball-30-phan-thuc-duyen--keo-dai-","","2026-10-04","medium","source_verified","Khoảng giá tùy khung giờ","","","","",""
"VN_0074","Pickleball Pro Club - 728 Trương Định","unknown","05:00","16:00","105000","105000","60","time_slots","court_hour","promotion","https://www.sporta.vn/san/pickleball-pro-club-728-truong-dinh","","2026-10-04","medium","source_verified","Giảm 30%; chưa nêu nhóm ngày hoặc hạn ưu đãi","","","","",""
"VN_0074","Pickleball Pro Club - 728 Trương Định","unknown","16:00","24:00","150000","150000","60","time_slots","court_hour","promotion","https://www.sporta.vn/san/pickleball-pro-club-728-truong-dinh","","2026-10-04","medium","source_verified","Giảm 25%; chưa nêu nhóm ngày hoặc hạn ưu đãi","","","","",""
"VN_0074","Pickleball Pro Club - 728 Trương Định","unknown","05:00","16:00","80000","80000","60","time_slots","court_hour","fixed_package","https://www.sporta.vn/san/pickleball-pro-club-728-truong-dinh","","2026-10-04","medium","source_verified","Đặt cố định 12 buổi/tháng và ít nhất 20 giờ","","","","",""
"VN_0074","Pickleball Pro Club - 728 Trương Định","unknown","16:00","24:00","130000","130000","60","time_slots","court_hour","fixed_package","https://www.sporta.vn/san/pickleball-pro-club-728-truong-dinh","","2026-10-04","medium","source_verified","Đặt cố định 12 buổi/tháng và ít nhất 20 giờ","","","","",""
"VN_0097","Star Club Pickleball - 181 P. Cầu Cốc","unknown","","","99000","","60","lower_bound","court_hour","starting_price","https://www.sporta.vn/san/star-club-pickleball-181-p--cau-coc","","2026-10-04","low","source_verified","Nguồn ghi từ 99k/giờ; chưa biết giá tối đa","","","","",""
"VN_0099","Sân pickleball VICEM - 1 Phan Đình Giót","mon-fri","06:00","17:00","80000","80000","60","time_slots","court_hour","standard","https://www.sporta.vn/san/san-pickleball-vicem-1-phan-dinh-giot","","2026-10-04","high","source_verified","Nguồn công bố rõ ngày giờ và giá","","","","",""
"VN_0099","Sân pickleball VICEM - 1 Phan Đình Giót","sat-sun","06:00","17:00","120000","120000","60","time_slots","court_hour","standard","https://www.sporta.vn/san/san-pickleball-vicem-1-phan-dinh-giot","","2026-10-04","high","source_verified","Nguồn công bố rõ ngày giờ và giá","","","","",""
"VN_0099","Sân pickleball VICEM - 1 Phan Đình Giót","mon-sun","17:00","23:00","180000","180000","60","time_slots","court_hour","standard","https://www.sporta.vn/san/san-pickleball-vicem-1-phan-dinh-giot","","2026-10-04","high","source_verified","Nguồn công bố rõ ngày giờ và giá","","","","",""
"VN_0132","Pickleball Gamuda Sky - Đ. 2.4 Gamuda","mon-sun","","","50000","","60","lower_bound","court_hour","starting_price","https://www.sporta.vn/san/pickleball-gamuda-sky-d--2-4-gamuda","","2026-10-04","low","source_verified","Nguồn ghi từ 50k/giờ; chưa rõ điều kiện","","","","",""
"VN_0132","Pickleball Gamuda Sky - Đ. 2.4 Gamuda","mon-sun","","","100000","100000","60","price_point","court_hour","experience_package","https://www.sporta.vn/san/pickleball-gamuda-sky-d--2-4-gamuda","","2026-10-04","medium","source_verified","Gói trải nghiệm","","","","",""
"VN_0132","Pickleball Gamuda Sky - Đ. 2.4 Gamuda","mon-sun","","","150000","150000","60","price_point","court_hour","flexible_package","https://www.sporta.vn/san/pickleball-gamuda-sky-d--2-4-gamuda","","2026-10-04","medium","source_verified","Gói linh hoạt mọi khung giờ","","","","",""
"VN_0132","Pickleball Gamuda Sky - Đ. 2.4 Gamuda","mon-sun","","","400000","400000","60","price_point","bundle_hour","court_plus_coach","https://www.sporta.vn/san/pickleball-gamuda-sky-d--2-4-gamuda","","2026-10-04","medium","source_verified","Gồm phí sân và HLV; không phải giá sân thuần","","","","",""
"VN_0146","Pickleball Heypick - 292 Kim Giang","unknown","","","160000","160000","60","price_point","court_hour","peak_unspecified","https://www.sporta.vn/san/pickleball-heypick-292-kim-giang","","2026-10-04","medium","source_verified","Khung giờ vàng nhưng nguồn không nêu giờ","","","","",""
"VN_0146","Pickleball Heypick - 292 Kim Giang","unknown","","","150000","150000","60","price_point","court_hour","fixed_monthly","https://www.sporta.vn/san/pickleball-heypick-292-kim-giang","","2026-10-04","medium","source_verified","Giá đặt cố định theo tháng","","","","",""
"VN_0146","Pickleball Heypick - 292 Kim Giang","unknown","","","140000","140000","60","price_point","court_hour","fixed_quarterly","https://www.sporta.vn/san/pickleball-heypick-292-kim-giang","","2026-10-04","medium","source_verified","Giá đặt cố định theo quý","","","","",""
"VN_0180","Việt Nam Hoàng Gia SaiGon 102 Pickleball - 70 TL43","unknown","05:00","22:00","120000","120000","60","time_slots","court_hour","standard","https://www.sporta.vn/san/viet-nam-hoang-gia-saigon-102-pickleball-70-tl43","","2026-10-04","medium","source_verified","Có giờ và giá nhưng không nêu nhóm ngày","","","","",""
"VN_0245","WIN x Q4 Pickleball - S360 bến Vân Đồn","unknown","","","100000","290000","60","price_range_only","court_hour","standard","https://www.sporta.vn/san/in-x-q4-pickleball-s360-ben-van-don","","2026-10-04","medium","source_verified","Khoảng giá tùy khung giờ","","","","",""
"VN_0033","US. Pickleball Club - 70 An Dương","unknown","06:00","16:00","250000","250000","60","time_slots","court_hour","approximate","https://shopvnb.com/us-pickleball-club.html","","2026-10-04","medium","source_verified","Nguồn ghi khoảng 250.000 VND/giờ; cuối tuần và ngày lễ có thể thay đổi","","","","",""
"VN_0033","US. Pickleball Club - 70 An Dương","unknown","16:00","24:00","370000","370000","60","time_slots","court_hour","approximate","https://shopvnb.com/us-pickleball-club.html","","2026-10-04","medium","source_verified","Nguồn ghi khoảng 370.000 VND/giờ; cuối tuần và ngày lễ có thể thay đổi","","","","",""
"VN_0003","Hippi Pickleball - Ngõ 464 Âu Cơ","unknown","","","120000","200000","","price_range_only","court_unknown_duration","approximate","https://thegioithethao.vn/san-pickleball-hippi-club-f-eyxka","","2026-10-04","low","public_source_matched","Giá tham khảo công khai; đã đối chiếu tên và địa chỉ. Chưa xác nhận giá đang áp dụng; nguồn không phân ngày/giờ.","Sân Pickleball Hippi Club","464 Đ. Âu Cơ, Phường Nhật Tân, Quận Tây Hồ, Hà Nội","Pickleball","2026-10-04T14:12:30.418Z","814c7af57614a420"
"VN_0006","Chubbyball Pickleball - 50/12 Nghĩa Dũng, Ba Đình, Hà Nội","unknown","","","140000","240000","","price_range_only","court_unknown_duration","approximate","https://thegioithethao.vn/san-pickleball-chubbyball-f-phvDU","","2026-10-04","low","public_source_matched","Giá tham khảo công khai; đã đối chiếu tên và địa chỉ. Chưa xác nhận giá đang áp dụng; nguồn không phân ngày/giờ.","Sân Pickleball ChubbyBall","50 Ng. 12 P. Nghĩa Dũng, Phường Phúc Xá, Quận Ba Đình, Hà Nội","Pickleball","2026-10-04T14:12:37.514Z","661b8c20be000a59"
"VN_0015","THOC Pickleball - Tây Hồ","unknown","","","130000","210000","","price_range_only","court_unknown_duration","approximate","https://thegioithethao.vn/san-thoc-pickleball-f-RpxlS","","2026-10-04","low","public_source_matched","Giá tham khảo công khai; đã đối chiếu tên và địa chỉ. Chưa xác nhận giá đang áp dụng; nguồn không phân ngày/giờ.","Sân THOC Pickleball","2 Ng. 69 P. Tứ Liên, Phường Tứ Liên, Quận Tây Hồ, Hà Nội","Pickleball","2026-10-04T14:12:33.254Z","df815144c508ac90"
"VN_0018","Ven đê 4 Pickleball - Ngõ 1 phố Trịnh Tố Tấm","unknown","","","100000","160000","","price_range_only","court_unknown_duration","approximate","https://thegioithethao.vn/san-pickleball-ven-de-4-f-42GlM","","2026-10-04","low","public_source_matched","Giá tham khảo công khai; đã đối chiếu tên và địa chỉ. Chưa xác nhận giá đang áp dụng; nguồn không phân ngày/giờ.","Sân Pickleball Ven Đê 4","Số 8 ngõ 1 phố Trịnh Tố Tâm, Phường Bồ Đề, Quận Long Biên, Hà Nội","Pickleball","2026-10-04T14:12:22.247Z","59b52e6c4150e3dc"
"VN_0050","Paradise Pickleball - Hồng Tiến, Long Biên","unknown","","","120000","220000","","price_range_only","court_unknown_duration","approximate","https://thegioithethao.vn/san-paradise-pickleball-club-f-DZLxa","","2026-10-04","low","public_source_matched","Khớp Paradise, lô A.4/HH2 và đường Hồng Tiến; nhãn phường giữa danh mục/nguồn khác nhau. Giá chưa rõ thời lượng.","Sân Paradise Pickleball Club","Khu A.4/HH2, đường Hồng Tiến, Phường Ngọc Thụy, Quận Long Biên, Hà Nội","Pickleball","2026-10-04T14:12:14.786Z","40a0c95a300dd041"
"VN_0057","Pink Club Pickleball - 584 Lạc Long Quân","unknown","","","150000","250000","","price_range_only","court_unknown_duration","approximate","https://thegioithethao.vn/pink-club-f-94FtH","","2026-10-04","low","public_source_matched","Giá tham khảo công khai; đã đối chiếu tên và địa chỉ. Chưa xác nhận giá đang áp dụng; nguồn không phân ngày/giờ.","Pink Club","584 Đ. Lạc Long Quân, Phường Nhật Tân, Quận Tây Hồ, Hà Nội","","2026-10-04T14:12:33.273Z","75c2d51ec0b82f08"
"VN_0088","Pickleball House - Cự Khối","unknown","","","80000","150000","","price_range_only","court_unknown_duration","approximate","https://thegioithethao.vn/san-pickleball-house-f-1gCYG","","2026-10-04","low","public_source_matched","Giá tham khảo công khai; đã đối chiếu tên và địa chỉ. Chưa xác nhận giá đang áp dụng; nguồn không phân ngày/giờ.","Sân Pickleball House","Đ. Cự Khối, Phường Cự Khối, Quận Long Biên, Hà Nội","Pickleball","2026-10-04T14:12:29.145Z","f426d75031acc7ee"
"VN_0117","Ohlala Pickleball - 465B Hoàng Hoa Thám","unknown","","","160000","230000","","price_range_only","court_unknown_duration","approximate","https://thegioithethao.vn/san-pickleball-ohlala-f-5W4yp","","2026-10-04","low","public_source_matched","Giá tham khảo công khai; đã đối chiếu tên và địa chỉ. Chưa xác nhận giá đang áp dụng; nguồn không phân ngày/giờ.","Sân Pickleball Ohlala","465B Đ. Hoàng Hoa Thám, Phường Vĩnh Phúc, Quận Ba Đình, Hà Nội","Pickleball","2026-10-04T14:12:37.518Z","b4700ea8e3643eca"
"VN_0137","BallBurn Pickle Club & Bistro - 614 Lạc Long Quân","unknown","","","190000","290000","","price_range_only","court_unknown_duration","approximate","https://thegioithethao.vn/ballburn-pickle-club-bistro-f-JW1O0","","2026-10-04","low","public_source_matched","Giá tham khảo công khai; đã đối chiếu tên và địa chỉ. Chưa xác nhận giá đang áp dụng; nguồn không phân ngày/giờ.","BALLBURN Pickle Club & Bistro","614 Đ. Lạc Long Quân, Phường Nhật Tân, Quận Tây Hồ, Hà Nội","","2026-10-04T14:12:31.857Z","a8255b862f242c83"
"VN_0276","Sân Bóng Đá Sport One","unknown","","","200000","300000","","price_range_only","court_unknown_duration","approximate","https://thegioithethao.vn/san-bong-da-sport-one-f-NZyKQ","","2026-10-04","low","public_source_matched","Sport One tại C12 Phạm Hùng, ấp 5, Bình Hưng khớp danh mục C12/5. Nguồn không chỉ rõ mức giá dành cho sân 5 hay 11 người và thời lượng; không suy diễn giá/giờ.","Sân bóng đá Sport One","C12 Đường Phạm Hùng, Ấp 5, Xã Bình Hưng, Huyện Bình Chánh, Hồ Chí Minh","Bóng đá","2026-10-04T14:13:21.299Z","5987f4969ff50a73"
"VN_0360","Miami Pickleball - 73-75 Nguyễn Đình Thi","unknown","","","90000","140000","","price_range_only","court_unknown_duration","approximate","https://thegioithethao.vn/san-pickleball-miami-da-nang-f-2zoZ9","","2026-10-04","low","public_source_matched","Giá tham khảo công khai; đã đối chiếu tên và địa chỉ. Chưa xác nhận giá đang áp dụng; nguồn không phân ngày/giờ.","Sân Pickleball Miami - Đà Nẵng","75 Nguyễn Đình Thi, Phường Hòa Xuân, Quận Cẩm Lệ, Đà Nẵng","Pickleball","2026-10-04T14:13:00.964Z","55604aad491f0f22"
"VN_0361","Fairplay Pickleball - 239 Diên Hồng, ngã tư Diên Hồng và 29/3","unknown","","","120000","160000","","price_range_only","court_unknown_duration","approximate","https://thegioithethao.vn/san-pickleball-fairplay-f-ymWYx","","2026-10-04","low","public_source_matched","Giá tham khảo công khai; đã đối chiếu tên và địa chỉ. Chưa xác nhận giá đang áp dụng; nguồn không phân ngày/giờ.","Sân PickleBall FairPlay","239 Diên Hồng, Phường Hòa Xuân, Quận Cẩm Lệ, Đà Nẵng","Pickleball","2026-10-04T14:12:58.163Z","326e996dfb75a819"
"VN_0363","Tuấn Nhàn Pickleball - 27 Vũ Trọng Hoàng","unknown","","","120000","150000","","price_range_only","court_unknown_duration","approximate","https://thegioithethao.vn/san-pickleball-tuan-nhan-f-cxACs","","2026-10-04","low","public_source_matched","Giá tham khảo công khai; đã đối chiếu tên và địa chỉ. Chưa xác nhận giá đang áp dụng; nguồn không phân ngày/giờ.","Sân Pickleball Tuấn Nhàn","27 Đ. Vũ Trọng Hoàng, Phường Hòa An, Quận Cẩm Lệ, Đà Nẵng","Pickleball","2026-10-04T14:12:47.073Z","5a860e6b0678840f"
"VN_0364","Nam Hải Vân Sport Pickleball - 01 Đỗ Đăng Tuyển","unknown","","","120000","180000","","price_range_only","court_unknown_duration","approximate","https://thegioithethao.vn/nam-hai-van-sport-f-vz8Ue","","2026-10-04","low","public_source_matched","Giá tham khảo công khai; đã đối chiếu tên và địa chỉ. Chưa xác nhận giá đang áp dụng; nguồn không phân ngày/giờ.","Nam Hải Vân Sport","1 Đỗ Đăng Tuyển, Phường Khuê Trung, Quận Cẩm Lệ, Đà Nẵng","","2026-10-04T14:13:10.958Z","6c084a014fa248d2"
"VN_0365","Ngũ Hành Sơn Pickleball - 03 Sơn Thủy 11","unknown","","","100000","120000","","price_range_only","court_unknown_duration","approximate","https://thegioithethao.vn/ngu-hanh-son-pickleball-f-XhMAk","","2026-10-04","low","public_source_matched","Giá tham khảo công khai; đã đối chiếu tên và địa chỉ. Chưa xác nhận giá đang áp dụng; nguồn không phân ngày/giờ.","Ngu Hanh Son Pickleball","3 Sơn Thủy 11, Phường Hoà Hải, Quận Ngũ Hành Sơn, Đà Nẵng","Pickleball","2026-10-04T14:13:03.737Z","9cfd53bf5af2d713"
"VN_0366","Mitsuba Pickleball - 453 Ngô Quyền","unknown","","","100000","140000","","price_range_only","court_unknown_duration","approximate","https://thegioithethao.vn/san-pickleball-mitsuba-f-CAKrZ","","2026-10-04","low","public_source_matched","Nguồn TheGioiTheThao khớp 453 Ngô Quyền. Không dùng mức giá VNB tại 451 khi chưa xác nhận; giá được chọn chưa rõ thời lượng.","Sân Pickleball Mitsuba","453 Ngô Quyền, Phường An Hải Bắc, Quận Sơn Trà, Đà Nẵng","Pickleball","2026-10-04T14:13:00.814Z","6de6e780d57b5b91"
"VN_0370","SeaMart Pickleball - 146 Duy Tân","unknown","","","120000","180000","","price_range_only","court_unknown_duration","approximate","https://thegioithethao.vn/seamart-pickleball-f-t0BVW","","2026-10-04","low","public_source_matched","Giá tham khảo công khai; đã đối chiếu tên và địa chỉ. Chưa xác nhận giá đang áp dụng; nguồn không phân ngày/giờ.","SeaMart Pickleball","146 Duy Tân, Phường Hòa Thuận Tây, Quận Hải Châu, Đà Nẵng","Pickleball","2026-10-04T14:13:07.697Z","94488b388556493d"
"VN_0374","KaKa Pickleball - 2 Đường Giáng Hương 9, TTTT Euro Village 2","unknown","","","100000","150000","","price_range_only","court_unknown_duration","approximate","https://thegioithethao.vn/san-pickleball-kaka-euro-village-2-f-Vi4YS","","2026-10-04","low","public_source_matched","Giá tham khảo công khai; đã đối chiếu tên và địa chỉ. Chưa xác nhận giá đang áp dụng; nguồn không phân ngày/giờ.","Sân Pickleball KaKa Euro Village 2","Euro Village 2, Phường Hòa Xuân, Quận Cẩm Lệ, Đà Nẵng","Pickleball","2026-10-04T14:13:02.220Z","dcb7a815fac7765d"
"VN_0376","Smile Pickleball - 26-28 Giáng Hương 6, Khu Euro Village 2","unknown","","","80000","140000","","price_range_only","court_unknown_duration","approximate","https://thegioithethao.vn/san-pickleball-smile-f-mtIUe","","2026-10-04","low","public_source_matched","Giá tham khảo công khai; đã đối chiếu tên và địa chỉ. Chưa xác nhận giá đang áp dụng; nguồn không phân ngày/giờ.","Sân Pickleball Smile","26-28 Giáng Hương 6, Khu Euro Village 2, Phường Hòa Xuân, Quận Cẩm Lệ, Đà Nẵng","Pickleball","2026-10-04T14:13:00.801Z","4302d9f9855e7fbc"
"VN_0377","Nana Pickleball - 01 Phan Tứ","unknown","","","120000","140000","","price_range_only","court_unknown_duration","approximate","https://thegioithethao.vn/san-pickleball-nana-f-HI9RC","","2026-10-04","low","public_source_matched","Giá tham khảo công khai; đã đối chiếu tên và địa chỉ. Chưa xác nhận giá đang áp dụng; nguồn không phân ngày/giờ.","Sân pickleball Nana","01 Phan Tứ, Phường Mỹ An, Quận Ngũ Hành Sơn, Đà Nẵng","Pickleball","2026-10-04T14:12:56.726Z","3fe6776700c6264c"
"VN_0378","Hợp Thành Phát Pickleball - Lô 3-4 Dự án ven sông","unknown","","","120000","150000","","price_range_only","court_unknown_duration","approximate","https://thegioithethao.vn/hop-thanh-phat-pickleball-club-f-MQCeV","","2026-10-04","low","public_source_matched","Giá tham khảo công khai; đã đối chiếu tên và địa chỉ. Chưa xác nhận giá đang áp dụng; nguồn không phân ngày/giờ.","Hợp Thành Phát Pickleball Club","Lô 3-4 góc đường Nguyễn Phước Lan - Minh Mạng, Phường Hòa Xuân, Quận Cẩm Lệ, Đà Nẵng","Pickleball","2026-10-04T14:13:04.932Z","cd74030d74fe32c6"
"VN_0400","Sân Bóng Lindo Sport","unknown","","","350000","350000","","price_only","court_unknown_duration","approximate","https://thegioithethao.vn/san-bong-lindo-sport-f-OuKW9","","2026-10-04","low","public_source_matched","Khớp Lindo Sport và 395 đường 29 Tháng 3; nhãn phường Hòa Xuân/Khuê Trung khác nhau. Giá chưa rõ thời lượng.","Sân bóng Lindo Sport","395 Đ. 29 Tháng 3, Phường Khuê Trung, Quận Cẩm Lệ, Đà Nẵng","Bóng đá","2026-10-04T14:14:46.522Z","ba24a6b369041076"
"VN_0405","Clb Bóng Đá Mini An Phúc","unknown","","","300000","300000","","price_only","court_unknown_duration","approximate","https://thegioithethao.vn/clb-bong-da-mini-an-phuc-f-rbdJE","","2026-10-04","low","public_source_matched","Giá tham khảo công khai; đã đối chiếu tên và địa chỉ. Chưa xác nhận giá đang áp dụng; nguồn không phân ngày/giờ.","CLB bóng đá Mini An Phúc","Nguyễn Hữu Cảnh, Phường Thuận Phước, Quận Hải Châu, Đà Nẵng","Bóng đá","2026-10-04T14:15:48.598Z","9431a69884fe69ac"
"VN_0420","Sân bóng đá Mỹ Nhật Quang","unknown","","","300000","300000","","price_only","court_unknown_duration","approximate","https://thegioithethao.vn/san-bong-da-my-nhat-quang-f-BE8Ja","","2026-10-04","low","public_source_matched","Giá tham khảo công khai; đã đối chiếu tên và địa chỉ. Chưa xác nhận giá đang áp dụng; nguồn không phân ngày/giờ.","Sân bóng đá Mỹ Nhật Quang","498 Nguyễn Hữu Thọ, Phường Khuê Trung, Quận Cẩm Lệ, Đà Nẵng","Bóng đá","2026-10-04T14:15:48.618Z","4d01e733c8535687"
"VN_0425","Sân Bóng đá An Phúc 2","unknown","","","500000","500000","","price_only","court_unknown_duration","approximate","https://thegioithethao.vn/san-bong-an-phuc-2-f-c9Ir4","","2026-10-04","low","public_source_matched","Khớp An Phúc 2 và 409 Trưng Nữ Vương; nhãn phường Hòa Thuận Nam/Tây khác nhau. Giá chưa rõ thời lượng.","Sân bóng An Phúc 2","409 Trưng Nữ Vương, Phường Hòa Thuận Tây, Quận Hải Châu, Đà Nẵng","Bóng đá","2026-10-04T14:15:51.977Z","5a955d57348f14f5"
"VN_0625","K.A Friends Pickleball - 146 hoàng quốc việt","unknown","","","80000","150000","","price_range_only","court_unknown_duration","approximate","https://thegioithethao.vn/san-pickleball-k-a-friends-f-4Q0MS","","2026-10-04","low","public_source_matched","Giá tham khảo công khai; đã đối chiếu tên và địa chỉ. Chưa xác nhận giá đang áp dụng; nguồn không phân ngày/giờ.","Sân Pickleball K.A & FRIENDS","146 P. Hoàng Quốc Việt, Phường Ngọc Sơn, Quận Kiến An, Hải Phòng","Pickleball","2026-10-04T14:12:18.999Z","86d58af24af8024a"
"VN_0633","C. Happy Pickleball - 26A/654 Ngô Gia Tự","unknown","","","70000","140000","","price_range_only","court_unknown_duration","approximate","https://thegioithethao.vn/san-pickleball-c-happy-f-JAkYz","","2026-10-04","low","public_source_matched","Giá tham khảo công khai; đã đối chiếu tên và địa chỉ. Chưa xác nhận giá đang áp dụng; nguồn không phân ngày/giờ.","Sân Pickleball C.Happy","26A/654 Ngô Gia Tự, Phường Thành Tô, Quận Hải An, Hải Phòng","Pickleball","2026-10-04T14:12:17.413Z","bd85dc0a93f87058"
"VN_0642","TRAY Pickleball - Khu Đô thị ICC","unknown","","","120000","200000","","price_range_only","court_unknown_duration","approximate","https://thegioithethao.vn/tray-pickleball-arena-f-Lif5V","","2026-10-04","low","public_source_matched","Giá tham khảo công khai; đã đối chiếu tên và địa chỉ. Chưa xác nhận giá đang áp dụng; nguồn không phân ngày/giờ.","TRAY Pickleball Arena","150GH4 Khu đô thị ICC, Quán Mau, Phường Hàng Kênh, Quận Lê Chân, Hải Phòng","Pickleball","2026-10-04T14:12:12.093Z","ae05d8bb6260e312"
"VN_0822","Sân Cầu lông Trường Anh - Hạ Long","unknown","","","80000","80000","","price_only","court_unknown_duration","approximate","https://thegioithethao.vn/san-cau-long-truong-anh-f-rksA8","","2026-10-04","low","public_source_matched","Giá tham khảo công khai; đã đối chiếu tên và địa chỉ. Chưa xác nhận giá đang áp dụng; nguồn không phân ngày/giờ.","Sân cầu lông Trường Anh","93 Huỳnh Thúc Kháng, Phường Hồng Hà, Thành phố Hạ Long, Quảng Ninh","Cầu lông","2026-10-04T14:13:34.960Z","29d6a1d58095bb3e"
"VN_0830","Sân Bóng nhân tạo Cung Văn hóa thiếu nhi Quảng Ninh","unknown","","","300000","500000","","price_range_only","court_unknown_duration","approximate","https://thegioithethao.vn/san-bong-nhan-tao-cung-van-hoa-thieu-nhi-quang-ninh-f-RTBKD","","2026-10-04","low","public_source_matched","Giá tham khảo công khai; đã đối chiếu tên và địa chỉ. Chưa xác nhận giá đang áp dụng; nguồn không phân ngày/giờ.","Sân bóng nhân tạo Cung văn hóa thiếu nhi Quảng Ninh","176 Lê Thánh Tông, Phường Bạch Đằng, Thành phố Hạ Long, Quảng Ninh","Bóng đá","2026-10-04T14:13:20.377Z","a41e2a6b15c943ea"
"VN_0001","Master Bros - Indoor Pickleball Facility","unknown","","","100000","250000","60","price_range_only","court_hour","approximate","https://shopvnb.com/san-pickleball-master-bros.html","","2026-10-03","medium","public_source_matched","Giá tham khảo công khai; đã đối chiếu tên và địa chỉ. Chưa xác nhận giá đang áp dụng; nguồn không phân ngày/giờ.","Review sân Pickleball Master Bros hiện đại và chất lượng tại huyện Thanh Trì, Hà Nội"," 286 Nguyễn Xiển, Tân Triều, Thanh Trì, Hà Nội - ","Pickleball","2026-10-03T08:30:11.383Z","652935d6fb2c66e6"
"VN_0002","My Dink 5 Pickleball - Số 1 Lê Đức Thọ","unknown","","","150000","230000","60","price_range_only","court_hour","approximate","https://shopvnb.com/san-pickleball-my-dink-5.html","","2026-10-03","medium","public_source_matched","Giá tham khảo công khai; đã đối chiếu tên và địa chỉ. Chưa xác nhận giá đang áp dụng; nguồn không phân ngày/giờ.","Review sân Pickleball My Dink 5 chất lượng và uy tín tại quận Nam Từ Liêm, Hà Nội"," Tầng 5, Khán đài B SVĐ Quốc Gia Mỹ Đình - Số 1 Lê Đức Thọ, Phường Mỹ Đình 1, Quận Nam Từ Liêm, Hà Nội - ","Pickleball","2026-10-03T08:28:24.336Z","6be9853d2aa228d0"
"VN_0004","Đảo Sen Pickleball - 125D Nguyễn Sơn","unknown","","","100000","180000","60","price_range_only","court_hour","approximate","https://shopvnb.com/san-pickleball-dao-sen.html","","2026-10-03","medium","public_source_matched","Giá tham khảo công khai; đã đối chiếu tên và địa chỉ. Chưa xác nhận giá đang áp dụng; nguồn không phân ngày/giờ.","Review sân Pickleball Đảo Sen đẹp và chất lượng tại quận Long Biên, Hà Nội"," 125D Nguyễn Sơn, Gia Thụy, Long Biên, Hà Nội - ","Pickleball","2026-10-03T08:30:55.723Z","6c4958f0adb9398c"
"VN_0005","Âu Lạc Pickleball - Ngõ 464 Âu Cơ","unknown","","","100000","200000","60","price_range_only","court_hour","approximate","https://shopvnb.com/san-pickleball-au-lac.html","","2026-10-03","medium","public_source_matched","Giá tham khảo công khai; đã đối chiếu tên và địa chỉ. Chưa xác nhận giá đang áp dụng; nguồn không phân ngày/giờ.","Review sân Pickleball Âu Lạc đẹp và chất lượng tại quận Tây Hồ, Hà Nội"," Ngõ 464 Âu Cơ, Phường Nhật Tân, Quận Tây Hồ, TP. Hà Nội - ","Pickleball","2026-10-03T08:28:52.873Z","5a094e3835078194"
"VN_0007","Giảng Võ Club","unknown","","","120000","220000","60","price_range_only","court_hour","approximate","https://shopvnb.com/san-pickleball-giang-vo.html","","2026-10-03","medium","public_source_matched","Giá tham khảo công khai; đã đối chiếu tên và địa chỉ. Chưa xác nhận giá đang áp dụng; nguồn không phân ngày/giờ.","Review sân Pickleball Giảng Võ chất lượng tại quận Ba Đình, Hà Nội"," Số 15 Ngõ 29 Láng Hạ, Phường Thành Công, Quận Ba Đình, TP. Hà Nội - ","Pickleball","2026-10-03T08:26:09.898Z","8e2e6a9a25fec2f8"
"VN_0008","The ClubHouse - Pickleball An Khánh","unknown","","","100000","250000","","price_range_only","court_unknown_duration","approximate","https://thegioithethao.vn/san-pickleball-the-clubhouse-an-khanh-f-SDxo4","","2026-10-04","low","public_source_matched","Giá tham khảo công khai; đã đối chiếu tên và địa chỉ. Chưa xác nhận giá đang áp dụng; nguồn không phân ngày/giờ.","Sân Pickleball The ClubHouse An Khánh","Khu Biệt Thự Hoa Phượng, Khu đô thị Nam An Khánh, Xã An Khánh, Huyện Hoài Đức, Hà Nội","Pickleball","2026-10-04T14:11:19.305Z","0573914318b5d7f8"
"VN_0009","TDT-STADIUM - 74 Định Công","unknown","","","100000","250000","","price_range_only","court_unknown_duration","approximate","https://thegioithethao.vn/san-pickleball-tdt-stadium-f-RONYx","","2026-10-04","low","public_source_matched","Giá tham khảo công khai; đã đối chiếu tên và địa chỉ. Chưa xác nhận giá đang áp dụng; nguồn không phân ngày/giờ.","Sân Pickleball TDT Stadium","74 Định Công, Phường Định Công, Quận Hoàng Mai, Hà Nội","Pickleball","2026-10-04T14:11:23.472Z","b7a1c194efef292d"
"VN_0011","Sân Pickleball Lý Sơn - Lyson Pickleball","unknown","","","100000","190000","60","price_range_only","court_hour","approximate","https://shopvnb.com/san-pickleball-ly-son.html","","2026-10-03","medium","public_source_matched","Giá tham khảo công khai; đã đối chiếu tên và địa chỉ. Chưa xác nhận giá đang áp dụng; nguồn không phân ngày/giờ.","Review sân Pickleball Lý Sơn chất lượng và hiện đại tại quận Long Biên, Hà Nội"," Ô đất A3/CCTP3, Ngã ba đường Lý Sơn, Đường Khai Sơn, Phường Thượng Thanh, Quận Long Biên, Hà Nội - ","Pickleball","2026-10-03T08:30:15.930Z","69d25278368d296c"
"VN_0012","Cầu Giấy Pickleball - 35 Trần Quý Kiên","unknown","","","100000","200000","60","price_range_only","court_hour","peak_unspecified","https://shopvnb.com/san-pickleball-nha-thi-dau-cau-giay.html","","2026-10-03","medium","public_source_matched","Giá tham khảo công khai; đã đối chiếu tên và địa chỉ. Chưa xác nhận giá đang áp dụng; nguồn không phân ngày/giờ.","Tìm hiểu chi tiết sân Pickleball Nhà Thi Đấu Cầu Giấy, Hà Nội"," 35 P. Trần Quý Kiên, Dịch Vọng, Cầu Giấy, Hà Nội","Pickleball","2026-10-03T08:25:23.988Z","7604884bfcb5f474"
"VN_0013","PICKLE POPS CLUB PICKLEBALL - Ngõ 182 Đình Thôn","unknown","","","140000","250000","60","price_range_only","court_hour","approximate","https://shopvnb.com/san-pickleball-pickle-pops.html","","2026-10-03","medium","public_source_matched","Giá tham khảo công khai; đã đối chiếu tên và địa chỉ. Chưa xác nhận giá đang áp dụng; nguồn không phân ngày/giờ.","Khám phá sân Pickleball Pickle Pops đẹp, chất lượng và xịn xò tại quận Nam Từ Liêm, Hà Nội"," Ngõ 182 Đình Thôn, Tổ 14, Phường Mỹ Đình 1, Quận Nam Từ Liêm, Hà Nội - ","Pickleball","2026-10-03T08:26:34.591Z","8c0b4a5e45b6e3ec"
"VN_0014","Ba Dứa Pickleball - Nguyễn Xiển, Hoàng Mai","unknown","","","100000","200000","60","price_range_only","court_hour","approximate","https://shopvnb.com/san-pickleball-ba-dua.html","","2026-10-03","medium","public_source_matched","Giá tham khảo công khai; đã đối chiếu tên và địa chỉ. Chưa xác nhận giá đang áp dụng; nguồn không phân ngày/giờ.","Review sân Pickleball Ba Dứa chất lượng tại quận Hoàng Mai, Hà Nội"," Sun C, The Manor Central Park, Đường Nguyễn Xiển, Phường Đại Kim, Quận Hoàng Mai, Hà Nội - ","Pickleball","2026-10-03T08:30:18.163Z","984ab6ea28c4f464"
"VN_0016","Sân Pickleball Thịnh Hào","unknown","","","100000","220000","60","price_range_only","court_hour","approximate","https://shopvnb.com/san-pickleball-thinh-hao.html","","2026-10-03","medium","public_source_matched","Giá tham khảo công khai; đã đối chiếu tên và địa chỉ. Chưa xác nhận giá đang áp dụng; nguồn không phân ngày/giờ.","Khám phá sân Pickleball Thịnh Hào uy tín và chất lượng tại quận Đống Đa, Hà Nội"," Ngõ 60 Thịnh Hào 1, Phường Hàng Bột, Quận Đống Đa, Hà Nội - ","Pickleball","2026-10-03T08:27:39.881Z","6eee8618daa6745a"
"VN_0017","Sân Pickleball 68 Vũ Đức Thận","unknown","","","100000","150000","60","price_range_only","court_hour","approximate","https://shopvnb.com/san-pickleball-68-vu-duc-than.html","","2026-10-03","medium","public_source_matched","Giá tham khảo công khai; đã đối chiếu tên và địa chỉ. Chưa xác nhận giá đang áp dụng; nguồn không phân ngày/giờ.","Review sân Pickleball 68 Vũ Đức Thận chất lượng tại quận Long Biên, Hà Nội"," 68 Vũ Đức Thận, Việt Hưng, Long Biên, Hà Nội - ","Pickleball","2026-10-03T08:30:26.296Z","02c83e759a7234d7"
"VN_0020","Gecko Pickleball","unknown","","","80000","150000","","price_range_only","court_unknown_duration","approximate","https://thegioithethao.vn/san-gecko-pickleball-long-bien-f-W7oJP","","2026-10-04","low","public_source_matched","Giá tham khảo công khai; đã đối chiếu tên và địa chỉ. Chưa xác nhận giá đang áp dụng; nguồn không phân ngày/giờ.","Sân GECKO PICKLEBALL LONG BIEN","Ngã 3 Đặng Vũ Hỷ, Nam Đuống, Phường Thượng Thanh, Quận Long Biên, Hà Nội","Pickleball","2026-10-04T14:10:40.047Z","01086d4c0cef3dd9"
"VN_0022","Nam Đồng Pickleball","unknown","","","150000","220000","60","price_range_only","court_hour","approximate","https://shopvnb.com/san-pickleball-nam-dong.html","","2026-10-03","medium","public_source_matched","Giá tham khảo công khai; đã đối chiếu tên và địa chỉ. Chưa xác nhận giá đang áp dụng; nguồn không phân ngày/giờ.","Review sân Pickleball Nam Đồng chất lượng tại quận Đống Đa, Hà Nội"," Ngõ 2 Tây Sơn, Phường Quang Trung, Quận Đống Đa, Hà Nội - ","Pickleball","2026-10-03T08:29:27.629Z","162691e40faf2ce7"
"VN_0024","Sân Pickleball SWIN","unknown","","","100000","","60","lower_bound","court_hour","approximate","https://www.alobo.vn/muc-gia-trung-binh-khi-thue-san-pickleball-o-alobo-la-bao-nhieu/","","2026-10-03","medium","public_source_matched","Giá tham khảo công khai; đã đối chiếu tên và địa chỉ. Chưa xác nhận giá đang áp dụng; nguồn không phân ngày/giờ.","8. Sân Pickleball Swin Nhà Khách BQP"," 266 Thụy Khuê, Ba Đình, Hà Nội","Pickleball","2026-10-03T08:16:35.743Z","d80c96701723d24c"
"VN_0025","Sân Pickleball Volley Vibes - Hai Bà Trưng","unknown","","","160000","230000","60","price_range_only","court_hour","approximate","https://shopvnb.com/san-pickleball-volley-vibes.html","","2026-10-03","medium","public_source_matched","Giá tham khảo công khai; đã đối chiếu tên và địa chỉ. Chưa xác nhận giá đang áp dụng; nguồn không phân ngày/giờ.","Review sân Pickleball Volley Vibes đẹp và chất lượng tại quận Hai Bà Trưng, Hà Nội"," 962 Bạch Đằng, Phường Bạch Đằng, Quận Hai Bà Trưng, Hà Nội (Kho K4B Cảng Hà Nội) - ","Pickleball","2026-10-03T08:29:15.480Z","059eed521528e2f5"
"VN_0027","Coco Pickle Club - Đặng Văn Ngữ","unknown","","","120000","230000","60","price_range_only","court_hour","approximate","https://shopvnb.com/san-pickleball-coco-pickle-club.html","","2026-10-03","medium","public_source_matched","Giá tham khảo công khai; đã đối chiếu tên và địa chỉ. Chưa xác nhận giá đang áp dụng; nguồn không phân ngày/giờ.","Khám phá sân Pickleball Coco Pickle Club chất lượng và xịn xò tại Hà Nội"," 16 Ngh. 4A/4 P. Đặng Văn Ngữ, Trung Tự, Đống Đa, Hà Nội","Pickleball","2026-10-03T08:25:05.893Z","6882b5fa664f82f1"
"VN_0028","Sân Pickleball Thành Đạt - 75 Trương Công Giai","unknown","","","100000","170000","60","price_range_only","court_hour","approximate","https://shopvnb.com/san-pickleball-thanh-dat.html","","2026-10-03","medium","public_source_matched","Giá tham khảo công khai; đã đối chiếu tên và địa chỉ. Chưa xác nhận giá đang áp dụng; nguồn không phân ngày/giờ.","Khám phá sân Pickleball Thành Đạt chất lượng đáng để trải nghiệm tại quận Cầu Giấy, Hà Nội"," 75 - 79 Trương Công Giai, Phường Dịch Vọng, Quận Cầu Giấy, Hà Nội - ","Pickleball","2026-10-03T08:30:43.146Z","75761245c55ac1c9"
"VN_0029","Bách Khoa Pickleball - Nhà thi đấu Bách Khoa","unknown","","","200000","220000","60","price_range_only","court_hour","approximate","https://shopvnb.com/san-pickleball-quan-hai-ba-trung.html","","2026-10-03","medium","public_source_matched","Giá tham khảo công khai; đã đối chiếu tên và địa chỉ. Chưa xác nhận giá đang áp dụng; nguồn không phân ngày/giờ.","1. Sân Pickleball Bách Khoa Hà Nội"," Nhà thi đấu trường Đại học Bách Khoa Hà Nội - 42 Tạ Quang Bửu, Phường Bách Khoa, Quận Hai Bà Trưng, Hà Nội","Pickleball","2026-10-03T08:30:07.814Z","2e48da53067f2e6b"
"VN_0031","All Day Pickleball - 6 Kim Đồng","unknown","","","150000","250000","60","price_range_only","court_hour","approximate","https://shopvnb.com/san-pickleball-all-day.html","","2026-10-03","medium","public_source_matched","Giá tham khảo công khai; đã đối chiếu tên và địa chỉ. Chưa xác nhận giá đang áp dụng; nguồn không phân ngày/giờ.","Tìm hiểu chi tiết sân Pickleball All Day tại Hà Nội"," 6 Kim Đồng, Giáp Bát, Hoàng Mai, Hà Nội","Pickleball","2026-10-03T08:25:07.004Z","31c1a9064b314f9c"
"VN_0032","Ferry Pickleball - 07 Đào Duy Anh","unknown","","","60000","120000","60","price_range_only","court_hour","approximate","https://shopvnb.com/san-pickleball-quan-dong-da.html","","2026-10-03","medium","public_source_matched","Giá tham khảo công khai; đã đối chiếu tên và địa chỉ. Chưa xác nhận giá đang áp dụng; nguồn không phân ngày/giờ.","6. Sân Pickleball Ferry"," 7 Đào Duy Anh, Phường Phương Liên, Quận Đống Đa, Hà Nội","Pickleball","2026-10-03T08:29:53.548Z","8ca5f001589bd7e5"
"VN_0037","Tuk Tuk Pickleball - Yên Xá","unknown","","","90000","200000","","price_range_only","court_unknown_duration","approximate","https://thegioithethao.vn/san-tuk-tuk-pickleball-cho-yen-xa-f-zbZOx","","2026-10-04","low","public_source_matched","Giá tham khảo công khai; đã đối chiếu tên và địa chỉ. Chưa xác nhận giá đang áp dụng; nguồn không phân ngày/giờ.","Sân TUK TUK Pickleball - Chợ Yên Xá","Chợ Đ. Yên Xá, Xã Tân Triều, Huyện Thanh Trì, Hà Nội","Pickleball","2026-10-04T14:11:15.202Z","5ecaacb4363f48db"
"VN_0039","Sân Pickleball - Số 1 Tăng Bạt Hổ","unknown","","","190000","300000","60","price_range_only","court_hour","approximate","https://shopvnb.com/san-pickleball-so-1-tang-bat-ho.html","","2026-10-03","medium","public_source_matched","Giá tham khảo công khai; đã đối chiếu tên và địa chỉ. Chưa xác nhận giá đang áp dụng; nguồn không phân ngày/giờ.","Khám phá sân Pickleball Số 1 Tăng Bạt Hổ uy tín và chất lượng tại quận Hai Bà Trưng, Hà Nội"," 1 Tăng Bạt Hổ, Phường Phạm Đình Hổ, Quận Hai Bà Trưng, Hà Nội - ","Pickleball","2026-10-03T08:27:53.119Z","6eb43cab7abf0855"
"VN_0042","CLB PICKLEBALL X20 - 35 Phan Đình Giót","unknown","","","100000","150000","60","price_range_only","court_hour","approximate","https://shopvnb.com/san-pickleball-quan-thanh-xuan.html","","2026-10-03","medium","public_source_matched","Giá tham khảo công khai; đã đối chiếu tên và địa chỉ. Chưa xác nhận giá đang áp dụng; nguồn không phân ngày/giờ.","2. Sân Pickleball X20"," 35 Phan Đình Giót, Phường Phương Liệt, Quận Thanh Xuân, Hà Nội","Pickleball","2026-10-03T08:29:00.995Z","f2ae66b07b440a2d"
"VN_0046","Pickleball G.S77 - 12 Khuất Duy Tiến","unknown","","","171000","230000","60","price_range_only","court_hour","approximate","https://shopvnb.com/san-pickleball-g-s77.html","","2026-10-03","medium","public_source_matched","Giá tham khảo công khai; đã đối chiếu tên và địa chỉ. Chưa xác nhận giá đang áp dụng; nguồn không phân ngày/giờ.","Khám phá sân Pickleball G.S77 chất lượng và uy tín tại quận Thanh Xuân, Hà Nội"," Ngõ 12 Khuất Duy Tiến, Phường Thanh Xuân Trung, Quận Thanh Xuân, Hà Nội - ","Pickleball","2026-10-03T08:27:44.022Z","5110e3b8ad744393"
"VN_0047","Wessie Haus Pickleball Club - Mỹ Đình","unknown","","","130000","230000","60","price_range_only","court_hour","approximate","https://shopvnb.com/san-pickleball-wessie-haus.html","","2026-10-03","medium","public_source_matched","Giá tham khảo công khai; đã đối chiếu tên và địa chỉ. Chưa xác nhận giá đang áp dụng; nguồn không phân ngày/giờ.","Khám phá sân Pickleball Wessie Haus uy tín, chất lượng và xịn xò tại quận Nam Từ Liêm, Hà Nội"," Sân Vận Động Quốc Gia Mỹ Đình - Phường Mỹ Đình, Quận Nam Từ Liêm, Hà Nội - ","Pickleball","2026-10-03T08:28:18.422Z","907ede5f19867eb6"
"VN_0048","Trần Hòa Pickleball - 161 Trần Hòa","unknown","","","80000","150000","60","price_range_only","court_hour","approximate","https://shopvnb.com/san-pickleball-161-tran-hoa.html","","2026-10-03","medium","public_source_matched","Giá tham khảo công khai; đã đối chiếu tên và địa chỉ. Chưa xác nhận giá đang áp dụng; nguồn không phân ngày/giờ.","Review sân Pickleball 161 Trần Hoà đẹp và chất lượng tại quận Hoàng Mai, Hà Nội"," 161 Trần Hòa, Phường Định Công, Quận Hoàng Mai, TP. Hà Nội - ","Pickleball","2026-10-03T08:29:29.985Z","c6f5e03e69750b8f"
"VN_0049","Pickleball Hoa Phượng - An Khánh","unknown","","","80000","210000","60","price_range_only","court_hour","approximate","https://shopvnb.com/san-pickleball-hoa-phuong.html","","2026-10-03","medium","public_source_matched","Giá tham khảo công khai; đã đối chiếu tên và địa chỉ. Chưa xác nhận giá đang áp dụng; nguồn không phân ngày/giờ.","Review sân Pickleball Hoa Phượng chất lượng tại huyện Hoài Đức, Hà Nội"," Khu nhà ở biệt thự Hoa Phượng, Xã An Khánh, Huyện Hoài Đức, Hà Nội - ","Pickleball","2026-10-03T08:27:14.264Z","8726f64ac7875ce3"
"VN_0051","Peace Pickleball - Tổng Cục 5, Thanh Trì","unknown","","","100000","180000","60","price_range_only","court_hour","approximate","https://shopvnb.com/san-pickleball-huyen-thanh-tri.html","","2026-10-03","medium","public_source_matched","Giá tham khảo công khai; đã đối chiếu tên và địa chỉ. Chưa xác nhận giá đang áp dụng; nguồn không phân ngày/giờ.","10. Sân Pickleball Peace"," Tổng Cục 5 Yên Xá, Xã Tân Triều, Huyện Thanh Trì, Hà Nội","Pickleball","2026-10-03T08:29:54.730Z","c3567b583e519fb2"
"VN_0052","Vibe Pickleball - 100 Phạm Tu","unknown","","","150000","240000","60","price_range_only","court_hour","approximate","https://shopvnb.com/san-pickleball-huyen-thanh-tri.html","","2026-10-03","medium","public_source_matched","Giá tham khảo công khai; đã đối chiếu tên và địa chỉ. Chưa xác nhận giá đang áp dụng; nguồn không phân ngày/giờ.","11. Sân Pickleball Vibe"," 100 Phạm Tu, KĐT The Manor Central Park, Xã Thanh Liệt, Huyện Thanh Trì, Hà Nội","Pickleball","2026-10-03T08:29:54.730Z","df2d311dbb5bc17d"
"VN_0055","Huỳnh Thúc Kháng Pickleball - 110 Chùa Láng","unknown","","","150000","250000","60","price_range_only","court_hour","approximate","https://shopvnb.com/san-pickleball-huynh-thuc-khang.html","","2026-10-03","medium","public_source_matched","Giá tham khảo công khai; đã đối chiếu tên và địa chỉ. Chưa xác nhận giá đang áp dụng; nguồn không phân ngày/giờ.","Review sân pickleball Huỳnh Thúc Kháng đẹp và chất lượng tại quận Đống Đa, Hà Nội"," 110 Chùa Láng, Phường Láng Thượng, Quận Đống Đa, Thủ Đô Hà Nội.","Pickleball","2026-10-03T08:25:40.699Z","a693a0672f5b16df"
"VN_0056","City Pickleball - 165 Chùa Bộc","unknown","","","200000","300000","","price_range_only","court_unknown_duration","approximate","https://thegioithethao.vn/san-city-pickleball-chua-boc-f-b2YHA","","2026-10-04","low","public_source_matched","Giá tham khảo công khai; đã đối chiếu tên và địa chỉ. Chưa xác nhận giá đang áp dụng; nguồn không phân ngày/giờ.","Sân City Pickleball Chùa Bộc","Số 1 ngõ 165 Chùa Bộc, Phường Trung Liệt, Quận Đống Đa, Hà Nội","Pickleball","2026-10-04T14:10:38.691Z","3bde7e4b2a5af1f5"
"VN_0058","Pickleball Thiên Đường Bảo Sơn","unknown","","","100000","200000","","price_range_only","court_unknown_duration","approximate","https://thegioithethao.vn/san-pickleball-thien-duong-bao-son-f-3p5Ad","","2026-10-04","low","public_source_matched","Giá tham khảo công khai; đã đối chiếu tên và địa chỉ. Chưa xác nhận giá đang áp dụng; nguồn không phân ngày/giờ.","Sân PickleBall Thiên Đường Bảo Sơn","Công Viên Thiên Đường Bảo Sơn, Xã An Khánh, Huyện Hoài Đức, Hà Nội","Pickleball","2026-10-04T14:11:20.619Z","7936c93d5e4cf5d6"
"VN_0062","Pickleball Đảo Sen - 125D P. Nguyễn Sơn","unknown","","","100000","180000","60","price_range_only","court_hour","approximate","https://shopvnb.com/san-pickleball-dao-sen.html","","2026-10-03","medium","public_source_matched","Giá tham khảo công khai; đã đối chiếu tên và địa chỉ. Chưa xác nhận giá đang áp dụng; nguồn không phân ngày/giờ.","Review sân Pickleball Đảo Sen đẹp và chất lượng tại quận Long Biên, Hà Nội"," 125D Nguyễn Sơn, Gia Thụy, Long Biên, Hà Nội - ","Pickleball","2026-10-03T08:30:55.723Z","49beb4184877c71e"
"VN_0063","Sân Pickleball Đền Lừ - 32 Hồ Đền Lừ 3","unknown","","","140000","230000","60","price_range_only","court_hour","approximate","https://shopvnb.com/san-pickleball-den-lu.html","","2026-10-03","medium","public_source_matched","Giá tham khảo công khai; đã đối chiếu tên và địa chỉ. Chưa xác nhận giá đang áp dụng; nguồn không phân ngày/giờ.","Review sân Pickleball Đền Lừ chất lượng và quy mô tại quận Hoàng Mai, Hà Nội"," 32 Hồ Đền Lừ 3, Hoàng Văn Thụ, Quận Hoàng Mai, Hà Nội - ","Pickleball","2026-10-03T08:27:41.283Z","3d48b5c0dfcf1d01"
"VN_0064","Joyful Pickleball Club - 29 P. Tố Hữu","unknown","","","120000","180000","60","price_range_only","court_hour","approximate","https://shopvnb.com/san-pickleball-quan-nam-tu-liem.html","","2026-10-03","medium","public_source_matched","Giá tham khảo công khai; đã đối chiếu tên và địa chỉ. Chưa xác nhận giá đang áp dụng; nguồn không phân ngày/giờ.","6. Sân Pickleball Joyful"," 29 Tố Hữu, Phường Trung Văn, Quận Nam Từ Liêm, Hà Nội","Pickleball","2026-10-03T08:29:52.365Z","672ccd194794a7fd"
"VN_0065","Champick Club Pickleball - 918 đường Kim Giang","unknown","","","120000","210000","","price_range_only","court_unknown_duration","approximate","https://thegioithethao.vn/san-pickleball-champick-club-thanh-tri-f-cayhL","","2026-10-04","low","public_source_matched","Giá tham khảo công khai; đã đối chiếu tên và địa chỉ. Chưa xác nhận giá đang áp dụng; nguồn không phân ngày/giờ.","Sân Pickleball Champick Club - Thanh Trì","918 Đ. Kim Giang, Xã Thanh Liệt, Huyện Thanh Trì, Hà Nội","Pickleball","2026-10-04T14:10:59.776Z","861f7e78f76abc76"
"VN_0069","Sân Pickleball XaLa - 21 P. Xala","unknown","","","90000","220000","60","price_range_only","court_hour","approximate","https://shopvnb.com/san-pickleball-quan-ha-dong.html","","2026-10-03","medium","public_source_matched","Giá tham khảo công khai; đã đối chiếu tên và địa chỉ. Chưa xác nhận giá đang áp dụng; nguồn không phân ngày/giờ.","10. Sân Pickleball Xala"," 21 P. Xa La, P. Phúc La, Hà Đông, Hà Nội","Pickleball","2026-10-03T08:29:49.888Z","364ec0e7ce286b1c"
"VN_0070","Việt Hàn Geleximco Pickleball - Lê Trọng Tấn","unknown","","","100000","220000","60","price_range_only","court_hour","approximate","https://shopvnb.com/san-pickleball-viet-han-geleximco.html","","2026-10-03","medium","public_source_matched","Giá tham khảo công khai; đã đối chiếu tên và địa chỉ. Chưa xác nhận giá đang áp dụng; nguồn không phân ngày/giờ.","Khám phá sân Pickleball Việt Hàn Geleximco uy tín và chất lượng tại quận Hà Đông, Hà Nội"," Khu D, Lô D21 Geleximco, Đường Lê Trọng Tấn, Dương Nội, Quận Hà Đông, Hà Nội - ","Pickleball","2026-10-03T08:26:15.425Z","1899bed98cde18ef"
"VN_0078","Pickleball Khai Sơn - P. Thượng Thanh","unknown","","","100000","190000","60","price_range_only","court_hour","approximate","https://shopvnb.com/san-pickleball-khai-son.html","","2026-10-03","medium","public_source_matched","Giá tham khảo công khai; đã đối chiếu tên và địa chỉ. Chưa xác nhận giá đang áp dụng; nguồn không phân ngày/giờ.","Khám phá sân Pickleball Khai Sơn chất lượng, uy tín và quy mô tại quận Long Biên, Hà Nội"," Ô đất A3/CCTP3, Đường Khai Sơn, Phường Thượng Thanh, Quận Long Biên, Hà Nội (Cạnh chung cư Khai Sơn City) - ","Pickleball","2026-10-03T08:27:42.700Z","196f9891f7d4ec2c"
"VN_0082","Pickleball Hồ Thạch Bàn - P. Đông Dinh","unknown","","","100000","170000","60","price_range_only","court_hour","approximate","https://shopvnb.com/san-pickleball-ho-thach-ban.html","","2026-10-03","medium","public_source_matched","Tên sân và khu vực Thạch Bàn/Long Biên khớp; danh mục ghi Đông Dinh, nguồn ghi Đồng Dinh. Giá tham khảo, chưa xác nhận hiện hành.","Review sân Pickleball Hồ Thạch Bàn chất lượng đáng để trải nghiệm tại quận Long Biên, Hà Nội"," Phố Đồng Dinh, Phường Thạch Bàn, Quận Long Biên, TP. Hà Nội - ","Pickleball","2026-10-03T08:28:17.251Z","1f80cb33cc78134d"
"VN_0089","Pickleball Water Tower - 551 Nguyễn Văn Cừ","unknown","","","100000","170000","60","price_range_only","court_hour","approximate","https://shopvnb.com/san-pickleball-water-tower.html","","2026-10-03","medium","public_source_matched","Giá tham khảo công khai; đã đối chiếu tên và địa chỉ. Chưa xác nhận giá đang áp dụng; nguồn không phân ngày/giờ.","Khám phá sân Pickleball Water Tower chất lượng và quy mô lớn tại quận Long Biên, Hà Nội"," 551 Nguyễn Văn Cừ, Phường Ngọc Lâm, Quận Long Biên, TP. Hà Nội - ","Pickleball","2026-10-03T08:28:16.064Z","c573867de9ec0924"
"VN_0090","Vĩnh Tuy Pickleball Club - 256 P. Dương Văn Bé","unknown","","","110000","180000","","price_range_only","court_unknown_duration","approximate","https://thegioithethao.vn/san-pickleball-vinh-tuy-f-SJyw7","","2026-10-04","low","public_source_matched","Giá tham khảo công khai; đã đối chiếu tên và địa chỉ. Chưa xác nhận giá đang áp dụng; nguồn không phân ngày/giờ.","Sân Pickleball Vĩnh Tuy","256 P. Dương Văn Bé, Phường Vĩnh Tuy, Quận Hai Bà Trưng, Hà Nội","Pickleball","2026-10-04T14:10:42.681Z","6f6c4d90eea9e905"
"VN_0095","Pickleball Minh Khoa - Thượng Thanh","unknown","","","84000","120000","60","price_range_only","court_hour","approximate","https://shopvnb.com/san-pickleball-minh-khoa.html","","2026-10-03","medium","public_source_matched","Giá tham khảo công khai; đã đối chiếu tên và địa chỉ. Chưa xác nhận giá đang áp dụng; nguồn không phân ngày/giờ.","Review sân Pickleball Minh Khoa đẹp và chất lượng tại quận Long Biên, Hà Nội"," Ngõ 94 Thượng Thanh, Phường Thượng Thanh, Quận Long Biên, Hà Nội - ","Pickleball","2026-10-03T08:26:08.750Z","edf98b1de909a443"
"VN_0098","HENA PICKLEBALL - 323 Hữu Hưng","unknown","","","100000","140000","60","price_range_only","court_hour","approximate","https://shopvnb.com/san-pickleball-quan-ha-dong.html","","2026-10-03","medium","public_source_matched","Giá tham khảo công khai; đã đối chiếu tên và địa chỉ. Chưa xác nhận giá đang áp dụng; nguồn không phân ngày/giờ.","15. Sân Hena Pickleball"," 323 Đ. Hữu Hưng, Dương Nội, Hà Nội","Pickleball","2026-10-03T08:29:49.888Z","543a6513d34e2ae4"
"VN_0100","Cổ Dương Pickleball - Cổ Dương","unknown","","","56000","150000","60","price_range_only","court_hour","approximate","https://shopvnb.com/san-pickleball-co-duong.html","","2026-10-03","medium","public_source_matched","Tên Cổ Dương và huyện Đông Anh khớp; nguồn nêu xã Tiên Dương. Không có địa chỉ số nhà để đối chiếu chi tiết. Giá tham khảo, chưa xác nhận hiện hành.","Khám phá sân Pickleball Cổ Dương chất lượng và xịn xò tại huyện Đông Anh, Hà Nội"," Tiên Dương, huyện Đông Anh, Hà Nội - ","Pickleball","2026-10-03T08:28:54.041Z","0c7a7b204566f294"
"VN_0102","SportsHub - 40 Phạm Hùng","unknown","","","120000","250000","60","price_range_only","court_hour","approximate","https://shopvnb.com/san-pickleball-quan-nam-tu-liem.html","","2026-10-03","medium","public_source_matched","Giá tham khảo công khai; đã đối chiếu tên và địa chỉ. Chưa xác nhận giá đang áp dụng; nguồn không phân ngày/giờ.","14. Sân Pickleball Sportshub Phạm Hùng"," 40 Đ. Phạm Hùng, Đình Thôn, Nam Từ Liêm, Hà Nội","Pickleball","2026-10-03T08:29:52.365Z","d21e21b138d9d688"
"VN_0104","RAILWAY PICKLEBALL - Khâm Thiên","unknown","","","180000","250000","","price_range_only","court_unknown_duration","approximate","https://shopvnb.com/san-pickleball-quan-dong-da.html","","2026-10-03","low","public_source_matched","Giá tham khảo công khai; đã đối chiếu tên và địa chỉ. Chưa xác nhận giá đang áp dụng; nguồn không phân ngày/giờ.","15. Sân pickleball Railway"," 2D P. Khâm Thiên, Phường Văn Miếu - Quốc Tự Giám, TP. Hà Nội (Phường Khâm Thiên, Quận Đống Đa, TP. Hà Nội cũ)","Pickleball","2026-10-03T08:29:53.548Z","d10cc5a172cb6064"
"VN_0106","Pickleball Diệp Linh - Đông Anh","unknown","","","100000","150000","60","price_range_only","court_hour","approximate","https://shopvnb.com/san-pickleball-diep-linh.html","","2026-10-03","medium","public_source_matched","Giá tham khảo công khai; đã đối chiếu tên và địa chỉ. Chưa xác nhận giá đang áp dụng; nguồn không phân ngày/giờ.","Khám phá sân Pickleball Diệp Linh đẹp, chất lượng và quy mô lớn tại huyện Đông Anh, Hà Nội"," Diệp Linh Plaza - Tổ 6 Km12, QL3, Xã Uy Nỗ, Huyện Đông Anh, Hà Nội - ","Pickleball","2026-10-03T08:27:47.491Z","4d0328ad16a16240"
"VN_0114","Pickleball 228 Cầu Cốc","unknown","","","80000","180000","60","price_range_only","court_hour","approximate","https://shopvnb.com/san-pickleball-228-cau-coc.html","","2026-10-03","medium","public_source_matched","Giá tham khảo công khai; đã đối chiếu tên và địa chỉ. Chưa xác nhận giá đang áp dụng; nguồn không phân ngày/giờ.","Review sân Pickleball 228 Cầu Cốc đẹp và chất lượng tại quận Nam Từ Liêm, Hà Nội"," 228 Cầu Cốc, Phường Tây Mỗ, Quận Nam Từ Liêm, Hà Nội - ","Pickleball","2026-10-03T08:28:20.729Z","61d6a805df972756"
"VN_0115","HK Sport Pickleball - 02 Phúc Tân","unknown","","","120000","240000","60","price_range_only","court_hour","approximate","https://shopvnb.com/san-pickleball-hk-sport.html","","2026-10-03","medium","public_source_matched","Giá tham khảo công khai; đã đối chiếu tên và địa chỉ. Chưa xác nhận giá đang áp dụng; nguồn không phân ngày/giờ.","Review sân Pickleball HK Sport chất lượng đáng để trải nghiệm tại quận Hoàn Kiếm, Hà Nội"," Trung Tâm Thể Thao Quận Hoàn Kiếm - 02 Phúc Tân, Phường Phúc Tân, Quận Hoàn Kiếm, Hà Nội - ","Pickleball","2026-10-03T08:26:48.973Z","6809761db993f3e7"
"VN_0122","Sammy Pickleball Park","unknown","","","120000","190000","","price_range_only","court_unknown_duration","approximate","https://thegioithethao.vn/san-sammy-pickleball-park-f-yaBCE","","2026-10-04","low","public_source_matched","Giá tham khảo công khai; đã đối chiếu tên và địa chỉ. Chưa xác nhận giá đang áp dụng; nguồn không phân ngày/giờ.","Sân Sammy Pickleball Park","Hồng Tiến kéo dài, Phường Ngọc Thụy, Quận Long Biên, Hà Nội","Pickleball","2026-10-04T14:03:44.045Z","a37ba81550dde0b4"
"VN_0124","NET Sports - 18 Tam Trinh","unknown","","","130000","230000","60","price_range_only","court_hour","approximate","https://shopvnb.com/san-pickleball-net-sports.html","","2026-10-03","medium","public_source_matched","Giá tham khảo công khai; đã đối chiếu tên và địa chỉ. Chưa xác nhận giá đang áp dụng; nguồn không phân ngày/giờ.","Review sân Pickleball NET Sports đẹp và chất lượng tại quận Hoàng Mai, Hà Nội"," 18 Tam Trinh, Phường Mai Động, Quận Hoàng Mai, Hà Nội - ","Pickleball","2026-10-03T08:30:44.309Z","09d6b5c3f171d0be"
"VN_0126","Pickleball PTC - 658 Nguyễn Khoái","unknown","","","100000","230000","60","price_range_only","court_hour","approximate","https://shopvnb.com/san-pickleball-quan-hoang-mai.html","","2026-10-03","medium","public_source_matched","Giá tham khảo công khai; đã đối chiếu tên và địa chỉ. Chưa xác nhận giá đang áp dụng; nguồn không phân ngày/giờ.","24. Sân Pickleball PTC Hoàng Mai"," 658 Đ. Nguyễn Khoái, P. Hoàng Mai, Hà Nội","Pickleball","2026-10-03T08:29:51.071Z","8b8d09ec1a1c3d50"
"VN_0128","Catchy Pickleball Club - 150 phố Tân Khai","unknown","","","100000","220000","","price_range_only","court_unknown_duration","approximate","https://thegioithethao.vn/san-pickleball-catchy-club-f-HZvkm","","2026-10-04","low","public_source_matched","Tên Catchy và phố Tân Khai khớp; nguồn thiếu số ngõ 150. Giá chưa rõ thời lượng, chưa xác nhận hiện hành.","Sân Pickleball Catchy Club","P. Tân Khai, Phường Vĩnh Hưng, Quận Hoàng Mai, Hà Nội","Pickleball","2026-10-04T14:11:21.881Z","f198987057da6f18"
"VN_0138","DC Pickleball Hub - 71 Trần Nguyên Đán","unknown","","","120000","200000","","price_range_only","court_unknown_duration","approximate","https://thegioithethao.vn/dc-pickleball-hub-f-pvwa3","","2026-10-04","low","public_source_matched","Giá tham khảo công khai; đã đối chiếu tên và địa chỉ. Chưa xác nhận giá đang áp dụng; nguồn không phân ngày/giờ.","DC Pickleball Hub","71 P. Trần Nguyên Đán, Phường Định Công, Quận Hoàng Mai, Hà Nội","Pickleball","2026-10-04T14:11:18.109Z","f41d6194a86c01fd"
"VN_0141","Pickleball Bồ Đề - 237 Phú Viên","unknown","","","120000","180000","60","price_range_only","court_hour","approximate","https://shopvnb.com/san-pickleball-bo-de.html","","2026-10-03","medium","public_source_matched","Giá tham khảo công khai; đã đối chiếu tên và địa chỉ. Chưa xác nhận giá đang áp dụng; nguồn không phân ngày/giờ.","Khám phá sân Pickleball Bồ Đề chất lượng và quy mô lớn tại quận Long Biên, Hà Nội"," 237 Phú Viên, Phường Bồ Đề, Quận Long Biên, Hà Nội - ","Pickleball","2026-10-03T08:26:59.137Z","62f1d0ac0d3074dc"
"VN_0143","Pickleball 163 Trần Hòa","unknown","","","100000","180000","60","price_range_only","court_hour","approximate","https://shopvnb.com/san-pickleball-163-tran-hoa.html","","2026-10-03","medium","public_source_matched","Giá tham khảo công khai; đã đối chiếu tên và địa chỉ. Chưa xác nhận giá đang áp dụng; nguồn không phân ngày/giờ.","Review sân Pickleball 163 Trần Hoà đẹp, chất lượng và quy mô tại quận Hoàng Mai, Hà Nội"," 163 Trần Hòa, Phường Đại Kim, Quận Hoàng Mai, TP. Hà Nội - ","Pickleball","2026-10-03T08:28:31.075Z","ab48dee8efcdddd5"
"VN_0145","Taydo Pickleball - P. Yên Sở","unknown","","","160000","190000","60","price_range_only","court_hour","approximate","https://shopvnb.com/san-pickleball-quan-hoang-mai.html","","2026-10-03","medium","public_source_matched","Giá tham khảo công khai; đã đối chiếu tên và địa chỉ. Chưa xác nhận giá đang áp dụng; nguồn không phân ngày/giờ.","1. Sân Pickleball Taydo"," Khu X2A, số 48, phố Hưng Thịnh, phường Yên Sở, quận Hoàng Mai, TP. Hà Nội","Pickleball","2026-10-03T08:29:51.071Z","353522a6bbab854c"
"VN_0158","Sân bóng đá hà trì, phường hà cầu, hà đông Hà Nội","unknown","","","400000","900000","","price_range_only","court_match","approximate","https://diadiem247.com/ha-noi/san-bong-ha-tri-ha-dong-l369160.html","","2026-10-03","low","public_source_matched","Khớp tên sân Hà Trì và phường Hà Cầu; nguồn nêu khu 2, danh mục nêu ngã tư. Giá theo trận, chưa rõ số phút.","Sân Bóng Hà Trì- Hà Đông"," Hà Trì, khu 2, Phường Hà Cầu, Quận Hà Đông, Hà Nội","Bóng đá","2026-10-03T08:32:18.270Z","fa199fd023ecfc92"
"VN_0181","Gym One Pickleball","unknown","","","175000","240000","60","price_range_only","court_hour","approximate","https://shopvnb.com/san-pickleball-gym-one.html","","2026-10-03","medium","public_source_matched","Giá tham khảo công khai; đã đối chiếu tên và địa chỉ. Chưa xác nhận giá đang áp dụng; nguồn không phân ngày/giờ.","Review sân Pickleball Gym One đẹp và chất lượng tại quận 3, TP.HCM"," 26A Lê Quý Đôn, Phường Võ Thị Sáu, Quận 3, TP. Hồ Chí Minh - ","Pickleball","2026-10-03T08:28:45.940Z","afa0fee648487212"
"VN_0184","Nguyễn Du Pickleball - 116 Nguyễn Du","unknown","","","150000","300000","60","price_range_only","court_hour","approximate","https://shopvnb.com/san-pickleball-quan-1.html","","2026-10-03","medium","public_source_matched","Giá tham khảo công khai; đã đối chiếu tên và địa chỉ. Chưa xác nhận giá đang áp dụng; nguồn không phân ngày/giờ.","5. Sân Pickleball Nguyễn Du"," 116 Nguyễn Du, Phường Bến Thành, Quận 1, Thành phố Hồ Chí Minh","Pickleball","2026-10-03T08:28:47.128Z","6aa5f95a49c07d34"
"VN_0192","CLB Lan Anh Pickleball - 291 Đ. Cách Mạng Tháng Tám","unknown","","","150000","200000","60","price_range_only","court_hour","approximate","https://shopvnb.com/san-pickleball-lan-anh.html","","2026-10-03","medium","public_source_matched","Giá tham khảo công khai; đã đối chiếu tên và địa chỉ. Chưa xác nhận giá đang áp dụng; nguồn không phân ngày/giờ.","Review Sân Pickleball Lan Anh chất lượng và hiện đại nhất tại quận 10, TP.HCM"," 291 hẻm 285, Cách mạng tháng 8, Phường 12, Quận 10, TP. Hồ Chí Minh - ","Pickleball","2026-10-03T08:31:22.774Z","be5c891846726146"
"VN_0194","HitPark - 789K Đường số 1","unknown","","","120000","240000","","price_range_only","court_unknown_duration","approximate","https://www.alobo.vn/san-pickleball-quan-2/","","2026-10-03","low","public_source_matched","Giá tham khảo công khai; đã đối chiếu tên và địa chỉ. Chưa xác nhận giá đang áp dụng; nguồn không phân ngày/giờ.","2. Sân Pickleball Quận 2 – Sân Pickleball HitPark"," 789K Đường số 1, Phường Bình An, Quận 2, Thành phố Hồ Chí Minh","Pickleball","2026-10-03T08:16:52.092Z","eea5308e2547dbea"
"VN_0195","D-Joy - 15/1B Lương Định Của","unknown","","","140000","220000","60","price_range_only","court_hour","approximate","https://www.alobo.vn/muc-gia-trung-binh-khi-thue-san-pickleball-o-alobo-la-bao-nhieu/","","2026-10-03","medium","public_source_matched","Giá tham khảo công khai; đã đối chiếu tên và địa chỉ. Chưa xác nhận giá đang áp dụng; nguồn không phân ngày/giờ.","1. Pickleball D-Joy"," 15/1B Lương Định Của, An Khánh, Quận 2, Hồ Chí Minh","Pickleball","2026-10-03T08:16:35.743Z","b71af60c90d98f63"
"VN_0202","Black Panther Pickleball - 77/40 Đường 77","unknown","","","120000","170000","60","price_range_only","court_hour","approximate","https://shopvnb.com/san-pickleball-quan-9.html","","2026-10-03","medium","public_source_matched","Giá tham khảo công khai; đã đối chiếu tên và địa chỉ. Chưa xác nhận giá đang áp dụng; nguồn không phân ngày/giờ.","6. Sân Pickleball Black Panther"," 77/40 Đường 77, Phường Hiệp Phú, Quận 9, TP.HCM.","Pickleball","2026-10-03T08:25:48.596Z","e7932c27b7151346"
"VN_0205","Khét Lẹt Pickleball - 313/17 Đ. Phan Huy Ích","unknown","","","80000","160000","60","price_range_only","court_hour","approximate","https://shopvnb.com/san-pickleball-khet-let.html","","2026-10-03","medium","public_source_matched","Giá tham khảo công khai; đã đối chiếu tên và địa chỉ. Chưa xác nhận giá đang áp dụng; nguồn không phân ngày/giờ.","Tìm hiểu sân Pickleball Khét Lẹt chuẩn quốc tế tại Gò Vấp, TP.HCM"," 313/17 Phan Huy Ích, Ward 14, Gò Vấp, Thành phố Hồ Chí Minh","Pickleball","2026-10-03T08:25:37.364Z","86732c40ef8b9572"
"VN_0206","Vinaprint Pickleball - 252 Nguyễn Văn Lượng","unknown","","","150000","200000","60","price_range_only","court_hour","approximate","https://shopvnb.com/san-pickleball-go-vap.html","","2026-10-03","medium","public_source_matched","Giá tham khảo công khai; đã đối chiếu tên và địa chỉ. Chưa xác nhận giá đang áp dụng; nguồn không phân ngày/giờ.","8. Sân Pickleball Vinaprint"," 252 Nguyễn Văn Lượng, Phường 17, Quận Gò Vấp, TP.HCM","Pickleball","2026-10-03T08:31:20.125Z","9d37ae6325922db1"
"VN_0207","Riverside Pickleball - 213/6 đường số 28","unknown","","","130000","180000","60","price_range_only","court_hour","approximate","https://shopvnb.com/san-pickleball-go-vap.html","","2026-10-03","medium","public_source_matched","Giá tham khảo công khai; đã đối chiếu tên và địa chỉ. Chưa xác nhận giá đang áp dụng; nguồn không phân ngày/giờ.","6. Sân Pickleball RiverSide"," 213/6 Đường Số 28, Phường 6, Quận Gò Vấp, TP.HCM","Pickleball","2026-10-03T08:31:20.125Z","9529a42e3b70f5b2"
"VN_0208","YOYO Pickleball - 22b Đường 6","unknown","","","85000","180000","60","price_range_only","court_hour","approximate","https://shopvnb.com/san-pickleball-quan-9.html","","2026-10-03","medium","public_source_matched","Giá tham khảo công khai; đã đối chiếu tên và địa chỉ. Chưa xác nhận giá đang áp dụng; nguồn không phân ngày/giờ.","5. Sân Pickleball YOYO"," 22b Đường 6, Phường Trường Thạnh, Quận 9, Thành phố Hồ Chí Minh","Pickleball","2026-10-03T08:25:48.596Z","58f9255e9cc96e1b"
"VN_0210","Liber Pickleball - 235/50/31, Đ. Đặng Thuỳ Trâm","unknown","","","120000","220000","60","price_range_only","court_hour","approximate","https://shopvnb.com/san-pickleball-binh-thanh.html","","2026-10-03","medium","public_source_matched","Giá tham khảo công khai; đã đối chiếu tên và địa chỉ. Chưa xác nhận giá đang áp dụng; nguồn không phân ngày/giờ.","1. Sân Pickleball Liber"," 235/50/31 Đặng Thùy Trâm, Phường 13, Quận Bình Thạnh, TP.HCM","Pickleball","2026-10-03T08:30:01.864Z","49c7f1d75ce0b21d"
"VN_0212","Playday Pickleball - 722 Điện Biên Phủ","unknown","","","170000","300000","60","price_range_only","court_hour","approximate","https://shopvnb.com/san-pickleball-binh-thanh.html","","2026-10-03","medium","public_source_matched","Giá tham khảo công khai; đã đối chiếu tên và địa chỉ. Chưa xác nhận giá đang áp dụng; nguồn không phân ngày/giờ.","11. Sân Playday Pickleball"," 722 Điện Biên Phủ, Phường 22, Quận Bình Thạnh, TP.HCM","Pickleball","2026-10-03T08:30:01.864Z","30fbf16bf17b4e5d"
"VN_0215","426 pickleball - 16/15 Bình Lợi","unknown","","","50000","180000","60","price_range_only","court_hour","approximate","https://shopvnb.com/san-pickleball-binh-thanh.html","","2026-10-03","medium","public_source_matched","Giá tham khảo công khai; đã đối chiếu tên và địa chỉ. Chưa xác nhận giá đang áp dụng; nguồn không phân ngày/giờ.","8. Sân Pickleball 426"," 16/15 Bình Lợi, Phường 13, Quận Bình Thạnh, TP.HCM","Pickleball","2026-10-03T08:30:01.864Z","e5d2370d3ebf8a03"
"VN_0218","Sala Pickleball - 860/105, Đ. Xô Viết Nghệ Tĩnh","unknown","","","80000","250000","60","price_range_only","court_hour","approximate","https://shopvnb.com/san-pickleball-binh-thanh.html","","2026-10-03","medium","public_source_matched","Giá tham khảo công khai; đã đối chiếu tên và địa chỉ. Chưa xác nhận giá đang áp dụng; nguồn không phân ngày/giờ.","6. Sân Pickleball Sala"," 860/105 Xô Viết Nghệ Tĩnh, Phường 25, Quận Bình Thạnh, TP.HCM","Pickleball","2026-10-03T08:30:01.864Z","a26d232c73fe32b0"
"VN_0219","LC Thanh Đa - 860/75/1, Đ. Xô Viết Nghệ Tĩnh","unknown","","","150000","220000","60","price_range_only","court_hour","approximate","https://shopvnb.com/san-pickleball-lc-thanh-da.html","","2026-10-03","medium","public_source_matched","Giá tham khảo công khai; đã đối chiếu tên và địa chỉ. Chưa xác nhận giá đang áp dụng; nguồn không phân ngày/giờ.","Review sân Pickleball LC Thanh Đa chất lượng tại quận Bình Thạnh, TP.HCM"," 860/75/1 Xô Viết Nghệ Tĩnh, Phường 25, Quận Bình Thạnh, TP.HCM - ","Pickleball","2026-10-03T08:27:28.730Z","9a77311879fe1dcb"
"VN_0220","Thy's Pickleball","unknown","","","130000","240000","60","price_range_only","court_hour","approximate","https://shopvnb.com/san-pickleball-binh-thanh.html","","2026-10-03","medium","public_source_matched","Giá tham khảo công khai; đã đối chiếu tên và địa chỉ. Chưa xác nhận giá đang áp dụng; nguồn không phân ngày/giờ.","7. Sân Thy's Pickleball"," 818/14 Xô Viết Nghệ Tĩnh, Phường 25, Quận Bình Thạnh, TP.HCM","Pickleball","2026-10-03T08:30:01.864Z","80e54ea6a66e54df"
"VN_0225","Pickleball Nhà Mình - 496/72 Dương Quảng Hàm","unknown","","","130000","180000","60","price_range_only","court_hour","approximate","https://shopvnb.com/san-pickleball-go-vap.html","","2026-10-03","medium","public_source_matched","Giá tham khảo công khai; đã đối chiếu tên và địa chỉ. Chưa xác nhận giá đang áp dụng; nguồn không phân ngày/giờ.","2. Sân Pickleball Nhà Mình"," 496/72 Dương Quảng Hàm, Phường 6, Quận Gò Vấp, TP Hồ Chí Minh","Pickleball","2026-10-03T08:31:20.125Z","c8fd71fa3860699b"
"VN_0227","The Drop Zone Pickleball - 105/14 Bình Quới","unknown","","","90000","230000","60","price_range_only","court_hour","approximate","https://shopvnb.com/san-pickleball-the-drop-zone.html","","2026-10-03","medium","public_source_matched","Giá tham khảo công khai; đã đối chiếu tên và địa chỉ. Chưa xác nhận giá đang áp dụng; nguồn không phân ngày/giờ.","Khám phá sân Pickleball The Drop Zone đẹp, xịn xò và chất lượng tại quận Bình Thạnh, TP.HCM"," 105/14 Bình Quới, Phường 27, Quận Bình Thạnh, TP.HCM - ","Pickleball","2026-10-03T08:26:01.006Z","74a246947e7027ff"
"VN_0233","Ninja Turtles - 29 Đường 12","unknown","","","120000","220000","60","price_range_only","court_hour","approximate","https://shopvnb.com/san-pickleball-ninja-turtles.html","","2026-10-03","medium","public_source_matched","Giá tham khảo công khai; đã đối chiếu tên và địa chỉ. Chưa xác nhận giá đang áp dụng; nguồn không phân ngày/giờ.","Khám phá sân Pickleball Ninja Turtles chất lượng, xịn xò và quy mô lớn tại TP. Thủ Đức, TP.HCM"," 29 Đường số 12, Khu phố 2, Phường Hiệp Bình Phước, TP. Thủ Đức, TP.HCM - ","Pickleball","2026-10-03T08:28:40.257Z","8dba2983bc83a9a4"
"VN_0234","Pickleball Warehouse Gò vấp - 747 Quang Trung","unknown","","","100000","200000","60","price_range_only","court_hour","approximate","https://shopvnb.com/san-pickleball-warehouse-go-vap.html","","2026-10-03","medium","public_source_matched","Giá tham khảo công khai; đã đối chiếu tên và địa chỉ. Chưa xác nhận giá đang áp dụng; nguồn không phân ngày/giờ.","Review sân Pickleball Warehouse Gò Vấp chất lượng đáng để trải nghiệm tại quận Gò Vấp, TP.HCM"," 747 Quang Trung, Phường 8, Quận Gò Vấp, TP.HCM - ","Pickleball","2026-10-03T08:30:28.522Z","f4646a818974e320"
"VN_0236","89 gò vấp pickleball - 221/1 Phan Huy Ích","unknown","","","130000","190000","60","price_range_only","court_hour","approximate","https://shopvnb.com/san-pickleball-89-go-vap.html","","2026-10-03","medium","public_source_matched","Giá tham khảo công khai; đã đối chiếu tên và địa chỉ. Chưa xác nhận giá đang áp dụng; nguồn không phân ngày/giờ.","Khám phá sân Pickleball 89 Gò Vấp đẹp và chất lượng tại quận Gò Vấp, TP.HCM"," 221/1 Phan Huy Ích, Phường 14, Quận Gò Vấp, TP.HCM - ","Pickleball","2026-10-03T08:27:10.996Z","5021e5f3c1a41e2f"
"VN_0242","Piko House - 46 Bùi Tư Toàn","unknown","","","130000","230000","60","price_range_only","court_hour","approximate","https://shopvnb.com/san-pickleball-piko-house.html","","2026-10-03","medium","public_source_matched","Giá tham khảo công khai; đã đối chiếu tên và địa chỉ. Chưa xác nhận giá đang áp dụng; nguồn không phân ngày/giờ.","Khám phá sân Pickleball Piko House chất lượng và xịn xò tại quận Bình Tân, TP.HCM"," 46 Bùi Tư Toàn, Phường An Lạc, Quận Bình Tân, TP.HCM - ","Pickleball","2026-10-03T08:26:18.814Z","d7f19c7bc94a33e1"
"VN_0243","Pickle Bounce Pickleball - 306/5 Vườn Lài","unknown","","","150000","250000","60","price_range_only","court_hour","approximate","https://shopvnb.com/san-pickleball-pickle-bounce.html","","2026-10-03","medium","public_source_matched","Giá tham khảo công khai; đã đối chiếu tên và địa chỉ. Chưa xác nhận giá đang áp dụng; nguồn không phân ngày/giờ.","Review sân Pickleball Pickle Bounce xịn xò và uy tín tại quận 12, TP.HCM"," 306/5 Vườn Lài, An Phú Đông, Quận 12, Thành phố Hồ Chí Minh","Pickleball","2026-10-03T08:25:02.495Z","224410b6cbad8189"
"VN_0248","Swin Pickleball - 218a thành thái","unknown","","","150000","350000","60","price_range_only","court_hour","approximate","https://www.alobo.vn/tong-hop-8-san-pickleball-tphcm-chat-luong-nhat/","","2026-10-03","medium","public_source_matched","Giá tham khảo công khai; đã đối chiếu tên và địa chỉ. Chưa xác nhận giá đang áp dụng; nguồn không phân ngày/giờ.","1. SWIN Pickleball Quận 10"," 218a Thành Thái, quận 10, thành phố Hồ Chí Minh","Pickleball","2026-10-03T08:16:44.665Z","01e3446fe8474c74"
"VN_0251","TS Sports Club Pickleball - 15 Đào Duy Anh","unknown","","","250000","400000","60","price_range_only","court_hour","approximate","https://shopvnb.com/san-pickleball-ts-sports.html","","2026-10-03","medium","public_source_matched","Giá tham khảo công khai; đã đối chiếu tên và địa chỉ. Chưa xác nhận giá đang áp dụng; nguồn không phân ngày/giờ.","Khám phá sân Pickleball TS Sports hiện đại và chất lượng tại quận Phú Nhuận, TP.HCM"," 15 Đào Duy Anh, Phường 9, Quận Phú Nhuận, TP.HCM - ","Pickleball","2026-10-03T08:28:26.536Z","050ba597b65b3d7e"
"VN_0255","Pickoball Saigon Club - 265 Đ. An Dương Vương","unknown","","","130000","230000","60","price_range_only","court_hour","approximate","https://shopvnb.com/san-pickleball-binh-tan.html","","2026-10-03","medium","public_source_matched","Giá tham khảo công khai; đã đối chiếu tên và địa chỉ. Chưa xác nhận giá đang áp dụng; nguồn không phân ngày/giờ.","1. Sân Pickleball Pickoball Saigon"," 265 An Dương Vương, Phường An Lạc, Quận Bình Tân, TP.HCM","Pickleball","2026-10-03T08:29:47.514Z","1b0c20cb05f94445"
"VN_0261","Dương Ngọc Thành Pickleball","unknown","","","70000","140000","60","price_range_only","court_hour","approximate","https://shopvnb.com/san-pickleball-duong-ngoc-thanh.html","","2026-10-03","medium","public_source_matched","Giá tham khảo công khai; đã đối chiếu tên và địa chỉ. Chưa xác nhận giá đang áp dụng; nguồn không phân ngày/giờ.","Review sân Pickleball Dương Ngọc Thành uy tín và chất lượng tại quận 12, TP.HCM"," 10A Tân Thới Nhất 17, Phường Tân Thới Nhất, Quận 12, TP.HCM - ","Pickleball","2026-10-03T08:26:43.305Z","dae556c78a3aafcf"
"VN_0264","Sky Pickleball -","unknown","","","140000","230000","60","price_range_only","court_hour","approximate","https://shopvnb.com/san-pickleball-tan-binh.html","","2026-10-03","medium","public_source_matched","Giá tham khảo công khai; đã đối chiếu tên và địa chỉ. Chưa xác nhận giá đang áp dụng; nguồn không phân ngày/giờ.","10. Sân Pickleball Sky"," 18D Cộng Hòa, Phường 4, Tân Bình, Thành phố Hồ Chí Minh","Pickleball","2026-10-03T08:29:46.387Z","6131fce547649179"
"VN_0267","POC Pickleball - 25 Tú Xương","unknown","","","120000","220000","60","price_range_only","court_hour","approximate","https://shopvnb.com/san-pickleball-quan-9.html","","2026-10-03","medium","public_source_matched","Giá tham khảo công khai; đã đối chiếu tên và địa chỉ. Chưa xác nhận giá đang áp dụng; nguồn không phân ngày/giờ.","4. Sân Pickleball POC"," 25 Tú Xương, Phường Tăng Nhơn Phú B, Quận 9, Thành phố Hồ Chí Minh","Pickleball","2026-10-03T08:25:48.596Z","bef2fcfe020c373a"
"VN_0281","Dinker Pickleball Club - Quận 7","unknown","","","250000","350000","60","price_range_only","court_hour","approximate","https://shopvnb.com/san-pickleball-quan-7.html","","2026-10-03","medium","public_source_matched","Giá tham khảo công khai; đã đối chiếu tên và địa chỉ. Chưa xác nhận giá đang áp dụng; nguồn không phân ngày/giờ.","13. Sân Pickleball The Dinker Club"," 02 - 04 Đường Số 9, Khu đô thị Him Lam, Phường Tân Hưng, Quận 7, TP.HCM","Pickleball","2026-10-03T08:31:59.912Z","5e0c22cbf7a4fccf"
"VN_0298","Sân bóng đá Thạch Đà","unknown","","","180000","350000","","price_range_only","court_match","approximate","https://diadiem247.com/tp-ho-chi-minh/san-bong-thach-da-quan-go-vap-l370777.html","","2026-10-03","low","public_source_matched","Giá tham khảo công khai; đã đối chiếu tên và địa chỉ. Chưa xác nhận giá đang áp dụng; nguồn không phân ngày/giờ.","Sân Bóng Thạch Đà- Quận Gò Vấp"," Số 34 đường 59, Tổ 2, Khu phố 6, Phường 14, Quận Gò Vấp, Thành phố Hồ Chí Minh","Bóng đá","2026-10-03T08:31:13.713Z","2f1a3d2e0d40f6e9"
"VN_0301","Sân Bóng Đá phương Nam 2","unknown","","","170000","330000","","price_range_only","court_match","approximate","https://diadiem247.com/tp-ho-chi-minh/san-bong-phuong-nam-2-quan-go-vap-l370775.html","","2026-10-03","low","public_source_matched","Giá tham khảo công khai; đã đối chiếu tên và địa chỉ. Chưa xác nhận giá đang áp dụng; nguồn không phân ngày/giờ.","Sân Bóng Phương Nam 2- Quận Gò Vấp"," Hẻm 158 Phạm Văn Chiêu, Phường 9, Quận Gò Vấp, Thành phố Hồ Chí Minh","Bóng đá","2026-10-03T08:31:14.626Z","d0faa33d38b345ae"
"VN_0356","Sân Bưu Điện","unknown","","","70000","100000","60","price_range_only","court_hour","approximate","https://shopvnb.com/san-cau-long-buu-dien-da-nang.html","","2026-10-03","medium","public_source_matched","Giá tham khảo công khai; đã đối chiếu tên và địa chỉ. Chưa xác nhận giá đang áp dụng; nguồn không phân ngày/giờ.","Tìm hiểu sân cầu lông Bưu Điện Đà Nẵng chi tiết về quy mô, chất lượng và dịch vụ"," Sân Bưu Điện, 50B Nguyễn Du, Hải Châu, Đà Nẵng","Cầu lông","2026-10-03T08:23:26.387Z","64d529777700a801"
"VN_0357","Sông Hàn Pickleball - 17 Lê Duẩn","unknown","","","60000","180000","60","price_range_only","court_hour","approximate","https://shopvnb.com/san-pickleball-song-han.html","","2026-10-03","medium","public_source_matched","Giá tham khảo công khai; đã đối chiếu tên và địa chỉ. Chưa xác nhận giá đang áp dụng; nguồn không phân ngày/giờ.","Review sân Pickleball Sông Hàn chất lượng và xịn xò tại quận Hải Châu, TP. Đà Nẵng"," 17 Lê Duẩn, Phường Hải Châu, Quận Hải Châu, TP. Đà Nẵng - ","Pickleball","2026-10-03T08:28:07.996Z","fc5cdcd31cc2cae1"
"VN_0359","Pickleball Đà Nẵng Unity - 271 Nguyễn Văn Linh","unknown","","","100000","150000","60","price_range_only","court_hour","approximate","https://shopvnb.com/san-pickleball-da-nang-unity.html","","2026-10-03","medium","public_source_matched","Giá tham khảo công khai; đã đối chiếu tên và địa chỉ. Chưa xác nhận giá đang áp dụng; nguồn không phân ngày/giờ.","Review sân Pickleball Da Nang Unity chất lượng đáng để chơi tại TP. Đà Nẵng"," 271 Nguyễn Văn Linh, Hải Châu, Đà Nẵng - ","Pickleball","2026-10-03T08:31:03.707Z","e02dcff3b35135d5"
"VN_0367","Đảo Xanh Pickleball - Khu biệt thự Đảo Xanh","unknown","","","120000","180000","60","price_range_only","court_hour","approximate","https://shopvnb.com/san-pickleball-dao-xanh.html","","2026-10-03","medium","public_source_matched","Giá tham khảo công khai; đã đối chiếu tên và địa chỉ. Chưa xác nhận giá đang áp dụng; nguồn không phân ngày/giờ.","Review sân Pickleball Đảo Xanh đẹp và chất lượng tại Đà Nẵng"," Khu biệt thự Đảo Xanh, Đường Đảo Xanh 3, Hòa Cường Bắc, Hải Châu, Đà Nẵng - ","Pickleball","2026-10-03T08:30:29.583Z","e6bda472a1f126d4"
"VN_0368","Sông Thu Pickleball - 36D Dương Đình Nghệ","unknown","","","100000","160000","60","price_range_only","court_hour","approximate","https://shopvnb.com/san-pickleball-son-tra.html","","2026-10-03","medium","public_source_matched","Giá tham khảo công khai; đã đối chiếu tên và địa chỉ. Chưa xác nhận giá đang áp dụng; nguồn không phân ngày/giờ.","10. Sân Pickleball Sông Thu"," 36D, Dương Đình Nghệ, Phường An Hải, TP Đà Nẵng (Phường An Hải, Quận Sơn Trà, TP. Đà Nẵng cũ)","Pickleball","2026-10-03T08:25:25.116Z","e1e598950ee3f3fb"
"VN_0369","Fit Fun Pickleball - 86 Duy Tân","unknown","","","140000","200000","60","price_range_only","court_hour","approximate","https://shopvnb.com/san-pickleball-fit-fun.html","","2026-10-03","medium","public_source_matched","Giá tham khảo công khai; đã đối chiếu tên và địa chỉ. Chưa xác nhận giá đang áp dụng; nguồn không phân ngày/giờ.","Review sân Pickleball Fit Fun chất lượng và hiện đại nhất tại Đà Nẵng"," 86 Duy Tân, Hòa Thuận Nam, Hải Châu, Đà Nẵng - ","Pickleball","2026-10-03T08:31:01.398Z","af095b5b234c0311"
"VN_0380","Picklehead My Khe Beach - 84 Chế Lan Viên","unknown","","","90000","180000","60","price_range_only","court_hour","approximate","https://shopvnb.com/san-pickleball-picklehead-my-khe-beach.html","","2026-10-03","medium","public_source_matched","Giá tham khảo công khai; đã đối chiếu tên và địa chỉ. Chưa xác nhận giá đang áp dụng; nguồn không phân ngày/giờ.","Review sân Pickleball Picklehead My Khe Beach chất lượng và xịn xò tại quận Ngũ Hành Sơn, TP. Đà Nẵng"," 84 Chế Lan Viên, Phường Bắc Mỹ An, Quận Ngũ Hành Sơn, TP. Đà Nẵng - ","Pickleball","2026-10-03T08:29:06.796Z","7070d67a88980543"
"VN_0431","Sân bóng đá Trang Hoàng","unknown","","","200000","400000","","price_range_only","court_unknown_duration","approximate","https://diadiem247.com/da-nang/san-bong-co-nhan-tao-trang-hoang-da-nang-l371068.html","","2026-10-03","low","public_source_matched","Khớp tên Trang Hoàng và 86 Duy Tân; nguồn ghi Hòa Thuận Tây, danh mục ghi Hòa Thuận Nam. Giá sân bóng đá, chưa rõ thời lượng; không dùng giá pickleball cùng địa chỉ.","Sân Bóng Cỏ Nhân Tạo Trang Hoàng Đà Nẵng"," Số 86 Duy Tân, Phường Hòa Thuận Tây, Quận Hải Châu, Đà Nẵng","Bóng đá","2026-10-03T08:30:27.195Z","72feccfde9ccce5a"
"VN_0441","Hà Phương Pickleball - 359 Đại lộ Bình Dương","unknown","","","100000","140000","60","price_range_only","court_hour","approximate","https://shopvnb.com/san-pickleball-ha-phuong.html","","2026-10-03","medium","public_source_matched","Giá tham khảo công khai; đã đối chiếu tên và địa chỉ. Chưa xác nhận giá đang áp dụng; nguồn không phân ngày/giờ.","Khám phá sân Pickleball Hà Phương chất lượng và uy tín tại TP. Thủ Dầu Một, tỉnh Bình Dương"," 359 Đại lộ Bình Dương, Phường Chánh Nghĩa, TP. Thủ Dầu Một, Tỉnh Bình Dương - ","Pickleball","2026-10-03T08:26:13.196Z","5e666a3fd5a2a8ec"
"VN_0456","Tison Pickleball - 84K Bùi Hữu Nghĩa","unknown","","","100000","180000","60","price_range_only","court_hour","approximate","https://shopvnb.com/san-pickleball-binh-duong.html","","2026-10-03","medium","public_source_matched","Giá tham khảo công khai; đã đối chiếu tên và địa chỉ. Chưa xác nhận giá đang áp dụng; nguồn không phân ngày/giờ.","9. Sân Pickleball Tison"," 84K Bùi Hữu Nghĩa, KP. Bình Đáng, Phường Bình Hoà, TP. Thuận An, Bình Dương","Pickleball","2026-10-03T08:30:03.047Z","78ee293eb4375fdc"
"VN_0626","Starpik Đồi Rồng Pickleball - Khu Du lịch Quốc tế Đồi Rồng – Đồ Sơn – Hải Phòng","unknown","","","160000","220000","","price_range_only","court_unknown_duration","approximate","https://thegioithethao.vn/clb-pickleball-starpik-doi-rong-f-gMZXv","","2026-10-04","low","public_source_matched","Giá tham khảo công khai; đã đối chiếu tên và địa chỉ. Chưa xác nhận giá đang áp dụng; nguồn không phân ngày/giờ.","CLB Pickleball Starpik Đồi Rồng","Khu du lịch quốc tế Đồi Rồng, Phường Vạn Hương, Quận Đồ Sơn, Hải Phòng","Pickleball","2026-10-04T14:11:53.142Z","c9bee60ace2376f4"
"VN_0627","Văn Cao Pickleball - Số 2 Văn Cao","unknown","","","100000","180000","60","price_range_only","court_hour","approximate","https://shopvnb.com/san-pickleball-van-cao.html","","2026-10-03","medium","public_source_matched","Giá tham khảo công khai; đã đối chiếu tên và địa chỉ. Chưa xác nhận giá đang áp dụng; nguồn không phân ngày/giờ.","Review sân Pickleball Văn Cao uy tín và chất lượng tại quận Ngô Quyền, TP. Hải Phòng"," 2 Văn Cao, Phường Đằng Lâm, Quận Ngô Quyền, TP. Hải Phòng - ","Pickleball","2026-10-03T08:28:19.549Z","713156949a84c6bf"
"VN_0628","Thái Sơn Pickleball - 91 P. Nguyễn Văn Hới","unknown","","","100000","180000","60","price_range_only","court_hour","approximate","https://shopvnb.com/san-pickleball-thai-son.html","","2026-10-03","medium","public_source_matched","Giá tham khảo công khai; đã đối chiếu tên và địa chỉ. Chưa xác nhận giá đang áp dụng; nguồn không phân ngày/giờ.","Khám phá sân Pickleball Thái Sơn đẹp, chất lượng và quy mô lớn tại quận Hải An, TP. Hải Phòng"," 91 Phố Nguyễn Văn Hới, Phường Cát Bi, Quận Hải An, TP. Hải Phòng - ","Pickleball","2026-10-03T08:28:39.125Z","8d38c6d690f829e3"
"VN_0632","Camela Pickleball - 515A Hùng Vương","unknown","","","60000","150000","60","price_range_only","court_hour","approximate","https://shopvnb.com/san-pickleball-hai-phong.html","","2026-10-03","medium","public_source_matched","Giá tham khảo công khai; đã đối chiếu tên và địa chỉ. Chưa xác nhận giá đang áp dụng; nguồn không phân ngày/giờ.","17. Sân Camela Pickleball"," 515A Hùng Vương, Phường Quán Toan, Quận Hồng Bàng, TP. Hải Phòng","Pickleball","2026-10-03T08:30:05.402Z","fbee8e39a820882c"
"VN_0636","Pickleball Đất Cảng - 1A Cầu Bính","unknown","","","80000","160000","60","price_range_only","court_hour","approximate","https://shopvnb.com/san-pickleball-hai-phong.html","","2026-10-03","medium","public_source_matched","Giá tham khảo công khai; đã đối chiếu tên và địa chỉ. Chưa xác nhận giá đang áp dụng; nguồn không phân ngày/giờ.","25. Sân Pickleball Đất Cảng Hải Phòng"," 1a Cầu Bính, Thượng Lý, Hồng Bàng, Hải Phòng","Pickleball","2026-10-03T08:30:05.402Z","743f3e98956754de"
"VN_0675","Sân bóng Việt Tiến","unknown","","","200000","500000","","price_range_only","court_match","approximate","https://diadiem247.com/hai-phong/san-bong-viet-tien-hai-phong-l371142.html","","2026-10-03","low","public_source_matched","Khớp tên Việt Tiến và Tràng Minh, Kiến An, Hải Phòng; danh mục thiếu số nhà. Nguồn ghi giá theo trận, chưa rõ số phút.","Sân Bóng Việt Tiến Hải Phòng"," 237 Trần Tất Văn, Phường Tràng Minh, Quận Kiến An, Hải Phòng","Bóng đá","2026-10-03T08:30:15.300Z","981b8f6b4268b6f1"
"VN_0678","Sân Bóng Đằng Lâm","unknown","","","300000","600000","","price_range_only","court_match","approximate","https://diadiem247.com/hai-phong/san-bong-da-dang-lam-l371151.html","","2026-10-03","low","public_source_matched","Khớp tên Đằng Lâm và khu vực Hải An/Hải Phòng; danh mục thiếu số nhà. Giá theo trận, chưa rõ số phút.","Sân Bóng Đá Đằng Lâm"," Lực Hành, Phường Đằng Lâm, Quận Hải An, Hải Phòng","Bóng đá","2026-10-03T08:30:07.720Z","a4be5da5efd3578b"
"VN_0687","Sân bóng đá Quán Nam","unknown","","","300000","400000","","price_range_only","court_unknown_duration","approximate","https://thegioithethao.vn/san-bong-da-quan-nam-f-rxiXS","","2026-10-04","low","public_source_matched","Giá tham khảo công khai; đã đối chiếu tên và địa chỉ. Chưa xác nhận giá đang áp dụng; nguồn không phân ngày/giờ.","Sân bóng đá Quán Nam","76 Ngô Kim Tài., Phường Kênh Dương, Quận Lê Chân, Hải Phòng","Bóng đá","2026-10-04T14:11:54.624Z","f09ef2da14d86d6a"
"VN_0696","Cồn Khương Pickleball - 37 Nguyễn Văn Cừ","unknown","","","50000","100000","60","price_range_only","court_hour","approximate","https://shopvnb.com/san-pickleball-con-khuong.html","","2026-10-03","medium","public_source_matched","Giá tham khảo công khai; đã đối chiếu tên và địa chỉ. Chưa xác nhận giá đang áp dụng; nguồn không phân ngày/giờ.","Tìm hiểu chi tiết sân pickleball Cồn Khương, cụm sân chất lượng và uy tín tại Cần Thơ"," 37 Đ. Nguyễn Văn Cừ, P, Cái Khế, Cần Thơ","Pickleball","2026-10-03T08:24:37.737Z","b6e17b0c54c68a36"
"VN_0699","Sân Bóng Đá 150A Cần Thơ","unknown","","","300000","450000","","price_range_only","court_match","approximate","https://diadiem247.com/can-tho/san-bong-da-150a-can-tho-l371162.html","","2026-10-03","low","public_source_matched","Giá tham khảo công khai; đã đối chiếu tên và địa chỉ. Chưa xác nhận giá đang áp dụng; nguồn không phân ngày/giờ.","Sân Bóng Đá 150A Cần Thơ"," Khu dân cư số 5, Phường Xuân Khánh, Quận Ninh Kiều, Cần Thơ","Bóng đá","2026-10-03T08:30:05.814Z","5ac948658cb12fa0"
"VN_0703","Olala Pickleball - Khu CCO1 Đường Thích Quảng Đức","unknown","","","80000","180000","60","price_range_only","court_hour","approximate","https://shopvnb.com/san-pickleball-nha-trang.html","","2026-10-03","medium","public_source_matched","Giá tham khảo công khai; đã đối chiếu tên và địa chỉ. Chưa xác nhận giá đang áp dụng; nguồn không phân ngày/giờ.","9. Sân Pickleball Olala"," Khu CC01, Đường Thích Quảng Đức, Phường Phước Long, TP. Nha Trang, Khánh Hoà","Pickleball","2026-10-03T08:29:58.289Z","0feff3415ac66818"
"VN_0712","DSD Pickleball Nha Trang","unknown","","","150000","230000","60","price_range_only","court_hour","approximate","https://shopvnb.com/san-pickleball-dsd-nha-trang.html","","2026-10-03","medium","public_source_matched","Giá tham khảo công khai; đã đối chiếu tên và địa chỉ. Chưa xác nhận giá đang áp dụng; nguồn không phân ngày/giờ.","Khám phá sân Pickleball DSD Nha Trang chất lượng và uy tín tại TP. Nha Trang, Khánh Hoà"," Khu đô thị Thái Hưng, Đường số 94, Phường Vĩnh Thái, TP. Nha Trang, Khánh Hoà - ","Pickleball","2026-10-03T08:28:29.991Z","e1b7aa036225f13d"
"VN_0716","Banuri Pickleball - 199 Ngô Đến","unknown","","","50000","140000","60","price_range_only","court_hour","approximate","https://shopvnb.com/san-pickleball-nha-trang.html","","2026-10-03","medium","public_source_matched","Giá tham khảo công khai; đã đối chiếu tên và địa chỉ. Chưa xác nhận giá đang áp dụng; nguồn không phân ngày/giờ.","5. Sân Pickleball Banuri"," 199 Ngô Đến, Tháp Bà, Vĩnh Phước, Nha Trang, Khánh Hoà","Pickleball","2026-10-03T08:29:58.289Z","500894356f1fb7dc"
"VN_0718","K29 Pickleball Club - 29 Thủy Xưởng","unknown","","","159000","199000","60","price_range_only","court_hour","approximate","https://shopvnb.com/san-pickleball-nha-trang.html","","2026-10-03","medium","public_source_matched","Giá tham khảo công khai; đã đối chiếu tên và địa chỉ. Chưa xác nhận giá đang áp dụng; nguồn không phân ngày/giờ.","12. Sân K29 Pickleball"," 29 Thuỷ Xưởng, Phường Phương Sơn, TP. Nha Trang, Tỉnh Khánh Hoà","Pickleball","2026-10-03T08:29:58.289Z","43252f2c25b507b0"
"VN_0719","OP Pickleball Nha Trang","unknown","","","100000","180000","60","price_range_only","court_hour","approximate","https://shopvnb.com/san-pickleball-op-nha-trang.html","","2026-10-03","medium","public_source_matched","Giá tham khảo công khai; đã đối chiếu tên và địa chỉ. Chưa xác nhận giá đang áp dụng; nguồn không phân ngày/giờ.","Review sân Pickleball OP Nha Trang chất lượng tại TP. Nha Trang, Khánh Hoà"," 96 Lê Hồng Phong, Phường Phước Tân, TP. Nha Trang, Khánh Hòa - ","Pickleball","2026-10-03T08:30:27.382Z","1be63d53f1709b7f"
"VN_0726","DSD Pickleball - Số 94, Khu đô thị Thái Hưng","unknown","","","150000","230000","60","price_range_only","court_hour","approximate","https://shopvnb.com/san-pickleball-dsd-nha-trang.html","","2026-10-03","medium","public_source_matched","Tên DSD và KĐT Thái Hưng khớp. Nguồn ghi Đường số 94, danh mục ghi Số 94; có khả năng trùng VN_0712. Độ phủ đếm mã dữ liệu, không đếm cơ sở duy nhất ngoài thực tế.","Khám phá sân Pickleball DSD Nha Trang chất lượng và uy tín tại TP. Nha Trang, Khánh Hoà"," Khu đô thị Thái Hưng, Đường số 94, Phường Vĩnh Thái, TP. Nha Trang, Khánh Hoà - ","Pickleball","2026-10-03T08:28:29.991Z","9e25e2e6a103c0fa"
"VN_0729","Sân cầu lông Khánh Việt","unknown","","","50000","80000","60","price_range_only","court_hour","approximate","https://shopvnb.com/san-cau-long-khanh-viet-nha-trang.html","","2026-10-03","medium","public_source_matched","Giá tham khảo công khai; đã đối chiếu tên và địa chỉ. Chưa xác nhận giá đang áp dụng; nguồn không phân ngày/giờ.","Tìm hiểu chi tiết dịch vụ và chất lượng tại sân cầu lông Khánh Việt Nha Trang"," 06 Đặng Lộ, Vĩnh Hải, Nha Trang, Khánh Hoà","Cầu lông","2026-10-03T08:24:12.630Z","19fd8e70c57dfb6d"
"VN_0738","Sân bóng tennis Không quân","unknown","","","100000","300000","60","price_range_only","court_hour","approximate","https://shopvnb.com/san-tennis-nha-trang.html","","2026-10-03","medium","public_source_matched","Khớp sân tennis Không Quân tại 105B Nguyễn Thị Minh Khai. Dùng môn Tennis từ tên/nguồn; nếu nhãn môn danh mục khác thì loại khỏi thống kê theo nhãn cũ. Giá tham khảo.","2. Sân tennis Không Quân"," 105B Nguyễn Thị Minh Khai, P. Phước Hoà, TP. Nha Trang, Khánh Hòa","Tennis","2026-10-03T08:32:28.430Z","fb841babc68e61ae"
"VN_0742","Sân Cầu Lông LITA","unknown","","","90000","110000","60","price_range_only","court_hour","approximate","https://www.alobo.vn/san-cau-long-nha-trang-san-pickleball-nha-trang/","","2026-10-03","medium","public_source_matched","Giá tham khảo công khai; đã đối chiếu tên và địa chỉ. Chưa xác nhận giá đang áp dụng; nguồn không phân ngày/giờ.","8. LITA Badminton Court"," 442 Lê Hồng Phong, phường Phước Hòa, Nha Trang, Khánh Hòa","Cầu lông","2026-10-03T08:17:12.784Z","3f67516f5d39e21d"
"VN_0770","Pickleball Bảo Lộc","unknown","","","80000","120000","60","price_range_only","court_hour","approximate","https://shopvnb.com/san-pickleball-bao-loc.html","","2026-10-03","medium","public_source_matched","Giá tham khảo công khai; đã đối chiếu tên và địa chỉ. Chưa xác nhận giá đang áp dụng; nguồn không phân ngày/giờ.","Khám phá sân Pickleball Bảo Lộc đẹp, chất lượng và uy tín tại TP. Bảo Lộc, tỉnh Lâm Đồng"," Hẻm 159 Lam Sơn, Phường Lộc Sơn, TP. Bảo Lộc, Tỉnh Lâm Đồng - ","Pickleball","2026-10-03T08:28:10.250Z","dc46f3bcd93cbc4a"
"VN_0795","HT Pickleball Hạ Long - 76 - 78 Đặng Thùy Trâm","unknown","","","100000","200000","60","price_range_only","court_hour","approximate","https://shopvnb.com/san-pickleball-ht-ha-long.html","","2026-10-03","medium","public_source_matched","Giá tham khảo công khai; đã đối chiếu tên và địa chỉ. Chưa xác nhận giá đang áp dụng; nguồn không phân ngày/giờ.","Review sân Pickleball HT Hạ Long chất lượng và uy tín tại TP. Hạ Long, tỉnh Quảng Ninh"," 76-78 Đặng Thùy Trâm, Phường Hồng Hà, TP. Hạ Long, Tỉnh Quảng Ninh - ","Pickleball","2026-10-03T08:26:46.734Z","7ab6d83346ebfb8f"
"VN_0800","Watson Pickleball - : Đường Lạc Long Quân, C87 lô 9, Khu dân cư Du lịch Đông Hùng Thắng","unknown","","","100000","160000","60","price_range_only","court_hour","approximate","https://shopvnb.com/san-pickleball-quang-ninh.html","","2026-10-03","medium","public_source_matched","Giá tham khảo công khai; đã đối chiếu tên và địa chỉ. Chưa xác nhận giá đang áp dụng; nguồn không phân ngày/giờ.","20. Sân Pickleball Watson Hạ Long"," C87-C88 Lô 9 Khu du lịch Đông Hùng Thắng, Phường Bãi Cháy, TP. Hạ Long, Tỉnh Quảng Ninh","Pickleball","2026-10-03T08:29:59.495Z","48f0d865c510e5f6"
"VN_0813","Sân pickleball JuPy","unknown","","","110000","170000","60","price_range_only","court_hour","approximate","https://shopvnb.com/san-pickleball-quang-ninh.html","","2026-10-03","medium","public_source_matched","Giá tham khảo công khai; đã đối chiếu tên và địa chỉ. Chưa xác nhận giá đang áp dụng; nguồn không phân ngày/giờ.","27. Sân Pickleball Jupy"," Ô 128, Lô 10 - KDC Du Lịch Đông Hùng Thắng, Đường Nguyễn Văn Linh, Phường Bãi Cháy, TP. Hạ Long, Tỉnh Quảng Ninh","Pickleball","2026-10-03T08:29:59.495Z","beadc3bda129cc14"
"VN_0911","Bean's Pickleball - Khu đô thị Dabaco Đền Đô","unknown","","","120000","200000","60","price_range_only","court_hour","approximate","https://shopvnb.com/san-pickleball-bean-s.html","","2026-10-03","medium","public_source_matched","Giá tham khảo công khai; đã đối chiếu tên và địa chỉ. Chưa xác nhận giá đang áp dụng; nguồn không phân ngày/giờ.","Review sân Pickleball Bean's đẹp và chất lượng tại TP. Từ Sơn, tỉnh Bắc Ninh"," Khu đô thị Dabaco Đền Đô, Phường Đình Bảng, TP. Từ Sơn, Tỉnh Bắc Ninh - ","Pickleball","2026-10-03T08:27:38.766Z","4e3fe7f5db1f47c4"
"VN_0981","PICKLEBALL BẾN THỦY - VINH RIVERSIDE","unknown","","","100000","160000","60","price_range_only","court_hour","approximate","https://shopvnb.com/san-pickleball-ben-thuy.html","","2026-10-03","medium","public_source_matched","Giá tham khảo công khai; đã đối chiếu tên và địa chỉ. Chưa xác nhận giá đang áp dụng; nguồn không phân ngày/giờ.","Review sân Pickleball Bến Thuỷ đẹp và chất lượng tại TP. Vinh, Nghệ An"," Khu đô thị Vinh Riverside - Đường Dũng Quyết, Phường Trung Đô, TP. Vinh, Nghệ An - ","Pickleball","2026-10-03T08:29:22.938Z","83eb949cf7695e06"
"VN_1009","Hue Pickleball Arena - Đường Lưu Nhân Chú, KQH Thủy Thanh 3","unknown","","","100000","180000","60","price_range_only","court_hour","approximate","https://www.alobo.vn/san-cau-long-thua-thien-hue-pickleball-thua-thien-hue/","","2026-10-03","medium","public_source_matched","Giá tham khảo công khai; đã đối chiếu tên và địa chỉ. Chưa xác nhận giá đang áp dụng; nguồn không phân ngày/giờ.","1. Hue Pickleball Arena"," Lưu Nhân Chú, Thủy Thanh, Hương Thủy, Thừa Thiên Huế","Pickleball","2026-10-03T08:17:17.357Z","93d9ddc9e71a06b9"
"VN_1065","Sân Trung Tâm Nam Định - 445 Đặng Xuân Bảng","unknown","","","70000","140000","60","price_range_only","court_hour","approximate","https://shopvnb.com/san-pickleball-nam-dinh.html","","2026-10-03","medium","public_source_matched","Giá tham khảo công khai; đã đối chiếu tên và địa chỉ. Chưa xác nhận giá đang áp dụng; nguồn không phân ngày/giờ.","Review sân Pickleball Nam Định chất lượng đáng để trải nghiệm"," 445 Đặng Xuân Bảng, Phường Nam Vân, TP. Nam Định, Tỉnh Nam Định - ","Pickleball","2026-10-03T08:30:40.912Z","58fb8e7b4b6bd740"
"VN_1066","Double T pickleball -  25 Nguyễn Trãi","unknown","","","110000","170000","60","price_range_only","court_hour","approximate","https://shopvnb.com/san-pickleball-double-t.html","","2026-10-03","medium","public_source_matched","Giá tham khảo công khai; đã đối chiếu tên và địa chỉ. Chưa xác nhận giá đang áp dụng; nguồn không phân ngày/giờ.","Review sân Pickleball Double T chất lượng tại Nam Định"," 25 Nguyễn Trãi, Phường Phan Đình Phùng, TP. Nam Định, Tỉnh Nam Định - ","Pickleball","2026-10-03T08:29:05.653Z","4dcaa5a74abdc7d1"
"VN_1071","Nam Sông Đào Pickleball - 121 Lạc Long Quân","unknown","","","50000","140000","60","price_range_only","court_hour","approximate","https://shopvnb.com/san-pickleball-nam-song-dao.html","","2026-10-03","medium","public_source_matched","Giá tham khảo công khai; đã đối chiếu tên và địa chỉ. Chưa xác nhận giá đang áp dụng; nguồn không phân ngày/giờ.","Review sân Pickleball Nam Sông Đào đẹp và chất lượng tại phường Cửa Nam, TP. Nam Định"," 121 Lạc Long Quân, Phường Cửa Nam, TP. Nam Định, Tỉnh Nam Định - ","Pickleball","2026-10-03T08:27:34.399Z","5380fc4648a067bd"
"VN_1072","Nghĩa Hưng Pickleball - Trung tâm sân vận động huyện Nghĩa Hưng","unknown","","","80000","130000","60","price_range_only","court_hour","approximate","https://shopvnb.com/san-pickleball-nghia-hung.html","","2026-10-03","medium","public_source_matched","Giá tham khảo công khai; đã đối chiếu tên và địa chỉ. Chưa xác nhận giá đang áp dụng; nguồn không phân ngày/giờ.","Review sân Pickleball Nghĩa Hưng chất lượng tại huyện Nghĩa Hưng, Nam Định"," Trung tâm sân vận động huyện Nghĩa Hưng, Xã Nghĩa Trung, Huyện Nghĩa Hưng, Tỉnh Nam Định - ","Pickleball","2026-10-03T08:29:28.801Z","2271d115965ac6b3"
"VN_1091","Long Hưng Pickleball - Tỉnh lộ 379","unknown","","","110000","210000","60","price_range_only","court_hour","approximate","https://shopvnb.com/san-pickleball-long-hung.html","","2026-10-03","medium","public_source_matched","Giá tham khảo công khai; đã đối chiếu tên và địa chỉ. Chưa xác nhận giá đang áp dụng; nguồn không phân ngày/giờ.","Review sân Pickleball Long Hưng đẹp, chất lượng và quy mô lớn tại huyện Văn Giang, tỉnh Hưng Yên"," Đường 379, Xã Long Hưng, Huyện Văn Giang, Tỉnh Hưng Yên - ","Pickleball","2026-10-03T08:26:41.243Z","55ce19d736669eb8"
"VN_1106","Sân bóng Đô Lương","unknown","","","500000","500000","","price_only","court_unknown_duration","approximate","https://thegioithethao.vn/san-bong-do-luong-hai-duong-f-iT91A","","2026-10-04","low","public_source_matched","Giá tham khảo công khai; đã đối chiếu tên và địa chỉ. Chưa xác nhận giá đang áp dụng; nguồn không phân ngày/giờ.","Sân bóng Đô Lương - Hải Dương","Trần Hưng Đạo, Phường Ngọc Châu, Thành phố Hải Dương, Hải Dương","Bóng đá","2026-10-04T14:11:50.612Z","d66faaed092188df"
"VN_1195","Sân cầu lông Minh Anh - Minh Anh Badminton Club","unknown","","","50000","50000","60","price_only","court_hour","approximate","https://www.alobo.vn/san-cau-long-long-an-san-pickleball-long-an/","","2026-10-03","medium","public_source_matched","Giá tham khảo công khai; đã đối chiếu tên và địa chỉ. Chưa xác nhận giá đang áp dụng; nguồn không phân ngày/giờ.","6. Minh Anh Badminton Club"," 32A Xuân Hòa 1, Xã Lợi Bình Nhơn, Tân An, Long An","Cầu lông","2026-10-03T08:17:21.579Z","65850d1c6ed2c49d"
"VN_1255","Happy Sport Pickleball - Số 86B Nguyễn Văn Tư","unknown","","","100000","160000","60","price_range_only","court_hour","approximate","https://shopvnb.com/san-pickleball-ben-tre.html","","2026-10-03","medium","public_source_matched","Giá tham khảo công khai; đã đối chiếu tên và địa chỉ. Chưa xác nhận giá đang áp dụng; nguồn không phân ngày/giờ.","3. Sân Pickleball Happy Sport - pickleball.club"," 86B, Đường Nguyễn Văn Tư, Phường Bến Tre, Tỉnh Vĩnh Long (Phường 7, Thành phố Bến Tre cũ)","Pickleball","2026-10-03T08:27:18.634Z","66a2de00eb4d392e"
"VN_1732","Sân cầu lông Nghĩa Dũng","unknown","","","70000","70000","60","price_only","court_hour","approximate","https://shopvnb.com/san-cau-long-nghia-dung.html","","2026-10-03","medium","public_source_matched","Giá tham khảo công khai; đã đối chiếu tên và địa chỉ. Chưa xác nhận giá đang áp dụng; nguồn không phân ngày/giờ.","Sân cầu lông Nghĩa Dũng: Đánh giá chi tiết không gian và dịch vụ tại sân"," 101 Nguyễn Thiếp, Diên Hồng, Gia Lai","Cầu lông","2026-10-03T08:23:18.319Z","269400b261599812"
"VN_0151","Sân bóng Minh Kiệt","unknown","","","300000","800000","","price_range_only","court_unknown_duration","approximate","https://diadiem247.com/ha-noi/san-bong-minh-kiet-duong-noi-l369162.html","","2026-10-03","low","public_source_matched","Giá tham khảo công khai; đã đối chiếu tên và địa chỉ. Chưa xác nhận giá đang áp dụng; nguồn không phân ngày/giờ.","Sân Bóng Minh Kiệt- Dương Nội","Khu Đô Thị Dương Nội, Quận Hà Đông, Thành phố Hà Nội","Bóng đá","2026-10-03T08:32:16.387Z","eec6c951d66bbd67"
"VN_0389","Sân bóng đá Harmony","unknown","","","300000","800000","","price_range_only","court_unknown_duration","approximate","https://diadiem247.com/da-nang/san-bong-da-co-nhan-tao-harmony-l371100.html","","2026-10-03","low","public_source_matched","Giá tham khảo công khai; đã đối chiếu tên và địa chỉ. Chưa xác nhận giá đang áp dụng; nguồn không phân ngày/giờ.","Sân Bóng Đá Cỏ Nhân Tạo Harmony","Lô A5 đường Phạm Văn Đồng, Quận Sơn Trà, Thành phố Đà Nẵng","Bóng đá","2026-10-03T08:30:21.480Z","0b35cdd0d629f205"
"VN_0623","Sân bóng đá Đông Sơn","unknown","","","150000","350000","","price_range_only","court_unknown_duration","approximate","https://diadiem247.com/hai-phong/san-bong-da-dong-son-l371145.html","","2026-10-03","low","public_source_matched","Khớp tên Đông Sơn và xã Đông Sơn, Thủy Nguyên; địa chỉ danh mục dạng plus-code, chưa xác nhận cửa vào. Giá niêm yết danh bạ, chưa rõ thời lượng.","Sân Bóng Đá Đông Sơn","Sân Bóng Đông Sơn, Xã Đông Sơn, Huyện Thuỷ Nguyên, Thành phố Hải Phòng","Bóng đá","2026-10-03T08:30:11.288Z","efe03a3590a6494c"
"VN_0647","Sân cỏ nhân tạo Vinh Quang","unknown","","","200000","400000","","price_range_only","court_unknown_duration","approximate","https://diadiem247.com/hai-phong/san-bong-da-vinh-quang-hai-phong-l371144.html","","2026-10-03","low","public_source_matched","Giá tham khảo công khai; đã đối chiếu tên và địa chỉ. Chưa xác nhận giá đang áp dụng; nguồn không phân ngày/giờ.","Sân Bóng Đá Vinh Quang Hải Phòng","95/2 Lạc Xuân Đài, Phường Lạc Viên, Quận Ngô Quyền, Thành phố Hải Phòng","Bóng đá","2026-10-03T08:30:13.450Z","e1e9ecb44f7886f5"
"VN_0667","Sân bóng Hoa Động","unknown","","","300000","500000","","price_range_only","court_unknown_duration","approximate","https://diadiem247.com/hai-phong/san-bong-da-hoa-dong-l371148.html","","2026-10-03","low","public_source_matched","Khớp tên sân Hoa Động và xã Hoa Động, Thủy Nguyên; danh mục có plus-code. Giá niêm yết danh bạ, chưa rõ thời lượng.","Sân Bóng Đá Hoa Động","Sân Bóng Hoa Động, Xã Hoa Động, Huyện Thuỷ Nguyên, Thành phố Hải Phòng","Bóng đá","2026-10-03T08:30:09.504Z","157dc399eb1bea28"
"VN_0686","Sân Bóng Đá Đông Hải 1","unknown","","","250000","450000","","price_range_only","court_unknown_duration","approximate","https://diadiem247.com/hai-phong/san-bong-dong-hai-1-l371152.html","","2026-10-03","low","public_source_matched","Giá tham khảo công khai; đã đối chiếu tên và địa chỉ. Chưa xác nhận giá đang áp dụng; nguồn không phân ngày/giờ.","Sân Bóng Đông Hải 1","3/14/274 Bùi Thị Từ Nhiên, Phường Đông Hải 1, Quận Hải An, Thành phố Hải Phòng","Bóng đá","2026-10-03T08:30:06.764Z","3cbd2ea41b930ec8"
"VN_0693","Sân Bóng An Bình","unknown","","","200000","350000","","price_range_only","court_unknown_duration","approximate","https://diadiem247.com/can-tho/san-bong-co-nhan-tao-an-binh-l371166.html","","2026-10-03","low","public_source_matched","Khớp tên sân và phường An Bình, Cần Thơ; nguồn không nêu hẻm 1 như danh mục. Giá niêm yết danh bạ, chưa rõ thời lượng.","Sân Bóng Cỏ Nhân Tạo An Bình","Sân Bóng Cỏ Nhân Tạo An Bình, Phường An Bình, Quận Ninh Kiều, Thành phố Cần Thơ","Bóng đá","2026-10-03T08:30:04.920Z","457e5aab238a869d"
"VN_0731","Sân bóng Vĩnh Phước - Nha Trang","unknown","","","300000","800000","","price_range_only","court_unknown_duration","approximate","https://diadiem247.com/khanh-hoa/san-bong-da-vinh-phuoc-l371216.html","","2026-10-03","low","public_source_matched","Giá tham khảo công khai; đã đối chiếu tên và địa chỉ. Chưa xác nhận giá đang áp dụng; nguồn không phân ngày/giờ.","Sân Bóng Đá Vĩnh Phước","Phía sau chung Cư Vĩnh Phước, Đường 2/4, Phường Vĩnh Phước, Thành phố Nha Trang, Tỉnh Khánh Hòa","Bóng đá","2026-10-03T08:29:55.716Z","e9423a12d5ff25ce"
"VN_0908","Sân bóng nhân tạo Đại Đồng","unknown","","","200000","700000","","price_range_only","court_unknown_duration","approximate","https://diadiem247.com/bac-ninh/san-bong-dai-dong-l371238.html","","2026-10-03","low","public_source_matched","Giá tham khảo công khai; đã đối chiếu tên và địa chỉ. Chưa xác nhận giá đang áp dụng; nguồn không phân ngày/giờ.","Sân Bóng Đại Đồng","Đại Thượng, Xã Đại Đồng, Huyện Tiên Du, Tỉnh Bắc Ninh","Bóng đá","2026-10-03T08:29:51.203Z","5bd77c3bbbfd05ba"
"VN_0939","Sân Bóng An Lạc Gia","unknown","","","300000","800000","","price_range_only","court_unknown_duration","approximate","https://diadiem247.com/bac-ninh/san-bong-an-gia-lac-l371237.html","","2026-10-03","low","public_source_matched","Tên sân An Lạc Gia/An Gia Lạc đảo vị trí hai từ; cùng địa chỉ Lương Tân, Yên Phong, Bắc Ninh. Giá tham khảo danh bạ, chưa rõ thời lượng.","Sân Bóng An Gia Lạc","Lương Tân, Xã Yên Trung, Huyện Yên Phong, Tỉnh Bắc Ninh","Bóng đá","2026-10-03T08:29:52.088Z","c853846888fec945"
"VN_0956","Sân vận động phường Đình Bảng","unknown","","","200000","400000","","price_range_only","court_unknown_duration","approximate","https://diadiem247.com/bac-ninh/san-van-dong-phuong-dinh-bang-l371231.html","","2026-10-03","low","public_source_matched","Giá tham khảo công khai; đã đối chiếu tên và địa chỉ. Chưa xác nhận giá đang áp dụng; nguồn không phân ngày/giờ.","Sân Vận Động Phường Đình Bảng","Thọ Môn Vạn Hạnh, Phường Đình Bảng, Thị xã Từ Sơn, Tỉnh Bắc Ninh","","2026-10-03T08:29:54.713Z","f4800023a93bd974"
"VN_1081","SÂN BÓNG CHÙA NÔM","unknown","","","300000","800000","","price_range_only","court_unknown_duration","approximate","https://diadiem247.com/hung-yen/san-bong-da-mini-chua-nom-l371306.html","","2026-10-03","low","public_source_matched","Giá tham khảo công khai; đã đối chiếu tên và địa chỉ. Chưa xác nhận giá đang áp dụng; nguồn không phân ngày/giờ.","Sân Bóng Đá Mini Chùa Nôm","Đường Chùa Nôm, Xã Đại Đồng, Huyện Văn Lâm, Tỉnh Hưng Yên","Bóng đá","2026-10-03T08:29:38.585Z","7e8e9386f797fda7"
"VN_1082","Sân bóng Tú Nam","unknown","","","200000","400000","","price_range_only","court_unknown_duration","approximate","https://diadiem247.com/hung-yen/san-bong-da-tu-nam-l371284.html","","2026-10-03","low","public_source_matched","Giá tham khảo công khai; đã đối chiếu tên và địa chỉ. Chưa xác nhận giá đang áp dụng; nguồn không phân ngày/giờ.","Sân Bóng Đá Tú Nam","Sân Bóng Tú Nam, Phố Nối, Huyện Yên Mỹ, Tỉnh Hưng Yên","Bóng đá","2026-10-03T08:29:42.103Z","6e07679fee903def"
"VN_1084","Sân bóng Thủy lợi, Cơ sở Hưng Yên","unknown","","","300000","800000","","price_range_only","court_unknown_duration","approximate","https://diadiem247.com/hung-yen/san-bong-dai-hoc-thuy-loi-co-so-hung-yen-l371309.html","","2026-10-03","low","public_source_matched","Giá tham khảo công khai; đã đối chiếu tên và địa chỉ. Chưa xác nhận giá đang áp dụng; nguồn không phân ngày/giờ.","Sân Bóng Đại Học Thủy Lợi Cơ Sở Hưng Yên","Đại Học Thủy Lợi 2, Xã An Viên, Huyện Tiên Lữ, Tỉnh Hưng Yên","Bóng đá","2026-10-03T08:29:37.686Z","a46b7bf53f0634f5"
"VN_1099","Sân Bóng Chùa Nôm","unknown","","","300000","800000","","price_range_only","court_unknown_duration","approximate","https://diadiem247.com/hung-yen/san-bong-da-mini-chua-nom-l371306.html","","2026-10-03","low","public_source_matched","Khớp Chùa Nôm và đường Chùa Nôm, Đại Đồng. Có khả năng trùng cơ sở VN_1081; độ phủ đếm mã dữ liệu.","Sân Bóng Đá Mini Chùa Nôm","Đường Chùa Nôm, Xã Đại Đồng, Huyện Văn Lâm, Tỉnh Hưng Yên","Bóng đá","2026-10-03T08:29:38.585Z","0451cc2c3b2d4c52"
"VN_1100","Sân bóng TPG - Yên Mỹ","unknown","","","300000","700000","","price_range_only","court_unknown_duration","approximate","https://diadiem247.com/hung-yen/san-bong-tpg-yen-my-l371313.html","","2026-10-03","low","public_source_matched","Giá tham khảo công khai; đã đối chiếu tên và địa chỉ. Chưa xác nhận giá đang áp dụng; nguồn không phân ngày/giờ.","Sân Bóng TPG - Yên Mỹ","TT Vòng xuyến Ngã 5 Yên Mỹ, Xã Tân Lập, Huyện Yên Mỹ, Tỉnh Hưng Yên","Bóng đá","2026-10-03T08:29:35.922Z","570e920cc6b2b44b"
"VN_1105","Sân bóng Thành Đông","unknown","","","200000","700000","","price_range_only","court_unknown_duration","approximate","https://diadiem247.com/hai-duong/san-bong-thanh-dong-hai-duong-l371275.html","","2026-10-03","low","public_source_matched","Khớp Thành Đông tại Nguyễn Dữ/KĐT Tuệ Tĩnh. Không dùng giá sân Thành Đông Bravo tại KĐT Nam Hải Dương; khác cơ sở.","Sân Bóng Thành Đông Hải Dương","Đường Nguyễn Dữ, Khu đô thị mới Tuệ Tĩnh, Phường Cẩm Thượng, Thành phố Hải Dương, Tỉnh Hải Dương","Bóng đá","2026-10-03T08:29:48.299Z","724ae02f7129a703"
"VN_0097","Star Club Pickleball - 181 P. Cầu Cốc","unknown","06:00","17:00","100000","100000","60","time_slots","court_hour","approximate","https://shopvnb.com/san-pickleball-star-club-181-cau-coc.html","","2026-10-03","medium","public_source_matched","Nguồn nêu 06:00–17:00: 100.000 đồng/giờ; không nêu nhóm ngày. Giá tham khảo, giữ riêng giá từ 99.000 ở nguồn cũ.","Review sân Pickleball Star Club 181 Cầu Cốc uy tín và xịn xò tại Hà Nội"," 181 P. Cầu Cốc, Tây Mỗ, Nam Từ Liêm, Hà Nội","Pickleball","2026-10-03T08:25:08.147Z","03798a2020d3e0e1"
"VN_0097","Star Club Pickleball - 181 P. Cầu Cốc","unknown","17:00","22:00","180000","180000","60","time_slots","court_hour","approximate","https://shopvnb.com/san-pickleball-star-club-181-cau-coc.html","","2026-10-03","medium","public_source_matched","Nguồn nêu 17:00–22:00: 180.000 đồng/giờ; không nêu nhóm ngày. Giá tham khảo, không suy diễn ngày áp dụng.","Review sân Pickleball Star Club 181 Cầu Cốc uy tín và xịn xò tại Hà Nội"," 181 P. Cầu Cốc, Tây Mỗ, Nam Từ Liêm, Hà Nội","Pickleball","2026-10-03T08:25:08.147Z","638f468ffe0a9de6"
"VN_0438","Sân bóng đá Chuyên Việt","unknown","","","150000","300000","60","price_range_only","court_hour","historical_reference","https://diadiem247.com/da-nang/san-bong-chuyen-viet-l371066.html","2021-06-21","2026-10-04","low","public_source_matched","Giá thuê bóng đá 150–300 nghìn/giờ, không phải bóng chuyền. Nguồn cập nhật 21/06/2021, rất cũ; chỉ tham khảo lịch sử, cần kiểm tra lại trước khi dùng.","Sân Bóng Chuyên Việt","98 Tiểu La, Hòa Thuận Đông, Hải Châu, Đà Nẵng","Bóng đá","2026-10-04","manual-chuyen-viet"
"VN_0299","Sân cầu lông Viettel","unknown","","","80000","100000","60","price_range_only","court_hour","approximate","https://vssports.vn/san-cau-long-viettel.html","2026-01-13","2026-10-04","medium","public_source_matched","Viettel Hoàng Hoa Thám: danh mục ghi 158, nguồn ghi đầy đủ 158/67/30. Nguồn nêu khoảng 80 nghìn trước 17h, 100 nghìn sau 17h/cuối tuần; giữ khoảng giá vì chưa rõ toàn bộ lịch áp dụng.","Sân cầu lông Viettel tại Tân Bình","158/67/30 Hoàng Hoa Thám, Phường 12, Tân Bình, TP.HCM","Cầu lông","2026-10-04","manual-viettel"
"VN_0272","SeventySeven Basketball Court","unknown","06:00","17:00","300000","300000","60","time_slots","court_hour","standard","https://tuanviet.vn/danh-sach-san-bong-ro-thanh-pho-ho-chi-minh","","2026-10-04","low","public_source_matched","Thuê cả sân. Nguồn nêu giờ mở cửa 07:00 nhưng bảng giá bắt đầu 06:00; giữ khung giờ bảng giá và đánh dấu mâu thuẫn. Không xác nhận khả năng đặt lúc 06:00; chưa rõ nhóm ngày.","SeventySeven Basketball Court 1","224 Thành Thái, Phường Diên Hồng (Phường 14, Quận 10 cũ), TP.HCM","Bóng rổ","2026-10-04","manual-seventy-full-day"
"VN_0272","SeventySeven Basketball Court","unknown","17:00","23:00","350000","350000","60","time_slots","court_hour","standard","https://tuanviet.vn/danh-sach-san-bong-ro-thanh-pho-ho-chi-minh","","2026-10-04","medium","public_source_matched","Thuê cả sân. Nguồn có giờ và giá nhưng không nêu rõ nhóm ngày áp dụng; giá tham khảo.","SeventySeven Basketball Court 1","224 Thành Thái, Phường Diên Hồng (Phường 14, Quận 10 cũ), TP.HCM","Bóng rổ","2026-10-04","manual-seventy-full-night"
"VN_0272","SeventySeven Basketball Court","unknown","06:00","17:00","150000","150000","60","time_slots","half_court_hour","standard","https://tuanviet.vn/danh-sach-san-bong-ro-thanh-pho-ho-chi-minh","","2026-10-04","low","public_source_matched","Chỉ thuê nửa sân; không trộn thống kê với cả sân. Nguồn mâu thuẫn giờ mở cửa 07:00 và bảng giá 06:00; chưa rõ nhóm ngày.","SeventySeven Basketball Court 1","224 Thành Thái, Phường Diên Hồng (Phường 14, Quận 10 cũ), TP.HCM","Bóng rổ","2026-10-04","manual-seventy-half-day"
"VN_0272","SeventySeven Basketball Court","unknown","17:00","23:00","175000","175000","60","time_slots","half_court_hour","standard","https://tuanviet.vn/danh-sach-san-bong-ro-thanh-pho-ho-chi-minh","","2026-10-04","low","public_source_matched","Chỉ thuê nửa sân; không trộn thống kê với cả sân. Không suy diễn nhóm ngày áp dụng.","SeventySeven Basketball Court 1","224 Thành Thái, Phường Diên Hồng (Phường 14, Quận 10 cũ), TP.HCM","Bóng rổ","2026-10-04","manual-seventy-half-night"
"VN_0387","Thép Việt Pickleball","unknown","","","90000","160000","60","price_range_only","court_hour","approximate","https://www.alobo.vn/san-cau-long-da-nang-san-pickleball-da-nang/","","2026-10-03","medium","public_source_matched","Khớp chính xác tên Thép Việt Pickleball, cùng đường Nghiêm Xuân Yêm; số 115/117 liền kề có thể là khác biệt điểm ghim/cổng vào.","5. Sân Pickleball Thép Việt"," 117 Nghiêm Xuân Yêm, Khuê Mỹ, Ngũ Hành Sơn, Đà Nẵng","Pickleball","2026-10-03T08:17:14.029Z","12522f4f2e896871"
"VN_0754","Sân Pickleball Đa Quốc","unknown","","","80000","140000","60","price_range_only","court_hour","approximate","https://shopvnb.com/san-pickleball-nha-trang.html","","2026-10-03","medium","public_source_matched","Khớp tên, số 75C Nguyễn Thị Minh Khai và Nha Trang; nhãn phường Tân Lập/Tân Tiến khác nhau.","19. Sân Pickleball Đa Quốc Nha Trang"," 75C Nguyễn Thị Minh Khai, Tân Tiến, Nha Trang, Khánh Hòa","Pickleball","2026-10-03T08:29:58.289Z","0e1c826d02fb18b9"
"VN_0200","Hoàng Minh Pickleball - 32 Lê Anh Xuân","unknown","","","80000","280000","60","price_range_only","court_hour","approximate","https://shopvnb.com/san-pickleball-quan-1.html","","2026-10-03","medium","public_source_matched","Khớp tên Hoàng Minh Pickleball và cùng đường Lê Anh Xuân; dải số 32 so với 34-38 được giữ như sai khác điểm ghim/cụm địa chỉ.","4. Sân Pickleball Hoàng Minh"," 34-38 Lê Anh Xuân, Phường Bến Thành, Quận 1, Thành phố Hồ Chí Minh","Pickleball","2026-10-03T08:28:47.128Z","e3412ddc59ebedc9"
"VN_0084","Pickleball Tư Đình - Số 1C Cổ Linh","unknown","","","140000","140000","","price_only","court_unknown_duration","peak_unspecified","https://thegioithethao.vn/san-pickleball-tu-dinh-f-bsWjG","","2026-10-04","low","public_source_matched","Khớp tên Tư Đình, đường Cổ Linh và khu vực Long Biên; giá giờ vàng, nguồn chưa nêu thời lượng nên không dùng trong thống kê giá/giờ.","Sân Pickleball Tư Đình","đối diện THCS, 1 Đ. Cổ Linh, Tư Đình, Phường Long Biên, Quận Long Biên, Hà Nội","Pickleball","2026-10-04T14:10:58.491Z","27b861a38fcbf3a3"
"VN_0034","Nextball 9699 Pickleball Club - 102 Trường Chinh","unknown","","","180000","270000","","price_range_only","court_unknown_duration","approximate","https://shopvnb.com/san-pickleball-quan-dong-da.html","","2026-10-03","low","public_source_matched","Khớp Nextball 9699 và ngõ 102 Trường Chinh.","11. Sân pickleball CLB Nextball 9699"," 102 đường Trường Chinh, phường Phương Mai, quận Đống Đa, Hà Nội","Pickleball","2026-10-03T08:29:53.548Z","1d1c7b7faa6bbdd3"
"VN_0043","Sân Nextball 9699","unknown","","","180000","270000","","price_range_only","court_unknown_duration","approximate","https://shopvnb.com/san-pickleball-quan-dong-da.html","","2026-10-03","low","public_source_matched","Bản ghi trùng vật lý của Nextball 9699 trong snapshot; cùng số 48 ngõ 102 Trường Chinh.","11. Sân pickleball CLB Nextball 9699"," 102 đường Trường Chinh, phường Phương Mai, quận Đống Đa, Hà Nội","Pickleball","2026-10-03T08:29:53.548Z","a295890c62623966"
"VN_0066","Maymay Pickleball Club - P.Thượng Thanh","unknown","","","170000","170000","","price_only","court_unknown_duration","peak_unspecified","https://thegioithethao.vn/san-pickleball-maymay-club-f-VHir9","","2026-10-04","low","public_source_matched","Khớp Maymay Pickleball và phường Thượng Thanh, Long Biên; giá giờ vàng, nguồn chưa nêu thời lượng.","Sân Pickleball Maymay Club","Phố Đàm Quang Trung, Phường Thượng Thanh, Quận Long Biên, Hà Nội","Pickleball","2026-10-04T14:10:44.005Z","82662cb623d6999a"
"VN_0019","Sân Pickleball Láng Hạ - 32 Láng Trung","unknown","","","120000","200000","60","price_range_only","court_hour","standard","https://pickleballplus.vn/san-tap/27","","2026-10-04","medium","public_source_matched","Giá tham khảo công khai; đã đối chiếu tên và địa chỉ. Chưa xác nhận giá đang áp dụng; nguồn không phân ngày/giờ.","Sân Pickleball Láng Hạ - 32 Láng Trung","Ngõ 32 Láng Trung, Phường Láng Hạ, Quận Đống Đa, Hà Nội","Pickleball","2026-10-04","manual-lang-ha-32"
"VN_1354","Phu Quoc Dynamics Center Pickleball - 318/18 Nguyễn Trung Trực","unknown","07:00","22:00","120000","150000","60","time_slots","court_hour","standard","https://pickleballplus.vn/san-tap/387","","2026-10-04","medium","public_source_matched","Giá tham khảo công khai; đã đối chiếu tên và địa chỉ. Chưa xác nhận giá đang áp dụng; nguồn không phân ngày/giờ.","Phu Quoc Dynamics Center Pickleball","318/18 Nguyễn Trung Trực, Dương Đông, Phú Quốc, Kiên Giang","Pickleball","2026-10-04","manual-phu-quoc-dynamics-pickleball"
"VN_0189","The Kitchen Zone Pickleball - Số 6 đường D14","unknown","","","160000","210000","60","price_range_only","court_hour","approximate","https://www.alobo.vn/san-pickleball-quan-2/","","2026-10-03","medium","public_source_matched","Giá tham khảo công khai; đã đối chiếu tên và địa chỉ. Chưa xác nhận giá đang áp dụng; nguồn không phân ngày/giờ.","Sân pickleball The Kitchen Zone","32 Đồng Văn Cống, Phường Bình Trưng Tây, TP. Thủ Đức, TP.HCM","Pickleball","2026-10-03","manual-kitchen-zone"
"VN_0059","Pick360 Đại Từ - 32 Đại Từ","unknown","","","60000","130000","60","price_range_only","court_hour","approximate","https://www.decathlon.vn/blog/gia-thue-san-cau-long/","2025-08-01","2026-10-04","medium","public_source_matched","Giá tham khảo công khai; đã đối chiếu tên và địa chỉ. Chưa xác nhận giá đang áp dụng; nguồn không phân ngày/giờ.","Sân cầu lông A&C 32 Đại Từ","32 Đại Từ, Đại Kim, Hoàng Mai, Hà Nội","Cầu lông","2026-10-04","manual-ac-32-dai-tu-badminton"
"VN_0161","Tennis O2","unknown","","","200000","400000","","price_range_only","court_match","approximate","https://www.decathlon.vn/blog/san-tennis-ha-noi/","","2026-10-04","low","public_source_matched","Giá tham khảo công khai; đã đối chiếu tên và địa chỉ. Chưa xác nhận giá đang áp dụng; nguồn không phân ngày/giờ.","Sân Tennis O2 (Ông Tình)","Khu đô thị Văn Quán, Phúc La, Hà Đông, Hà Nội","Tennis","2026-10-04","manual-tennis-o2"
"VN_0734","Sân Tennis 20-8 Nha Trang","unknown","","","100000","300000","","price_range_only","court_unknown_duration","approximate","https://diadiem247.com/khanh-hoa/san-tennis-20-8-khanh-hoa-l424326.html","2024-07-10","2026-10-04","low","public_source_matched","Giá tham khảo công khai; đã đối chiếu tên và địa chỉ. Chưa xác nhận giá đang áp dụng; nguồn không phân ngày/giờ.","Sân tennis 20/8 Khánh Hoà","75C Nguyễn Thị Minh Khai, Nha Trang, Khánh Hòa","Tennis","2026-10-04","manual-tennis-20-8"
"VN_1443","Sân Tennis Tín Nghĩa Phan Thiết","unknown","05:00","22:00","100000","200000","60","time_slots","court_hour","approximate","https://santennisdaikim.org/san-tennis-tin-nghia/","2025","2026-10-04","low","public_source_matched","Giá tham khảo công khai; đã đối chiếu tên và địa chỉ. Chưa xác nhận giá đang áp dụng; nguồn không phân ngày/giờ.","Sân Tennis Tín Nghĩa","14 Tôn Thất Bách, Phú Tài, Phan Thiết, Bình Thuận","Tennis","2026-10-04","manual-tennis-tin-nghia"
"VN_0284","Sân Tennis Trung Thiện","unknown","","","150000","150000","","lower_bound_only","court_unknown_duration","from_price","https://tennislocal.app/landing/ho-chi-minh-city-tennis-courts","","2026-10-04","low","public_source_matched","Giá tham khảo công khai; đã đối chiếu tên và địa chỉ. Chưa xác nhận giá đang áp dụng; nguồn không phân ngày/giờ.","Sân Tennis Trung Thiện","35 Hiệp Thành 19, Quận 12, TP. Hồ Chí Minh","Tennis","2026-10-04","manual-tennis-trung-thien"
"VN_1624","Sân Tennis Bể Bơi Quảng Bình","unknown","","","100000","160000","60","price_range_only","court_hour","approximate","https://quangbinhtoplist.com/dia-chi-cho-thue-san-tennis-o-quang-binh/","","2026-10-04","medium","public_source_matched","Giá tham khảo công khai; đã đối chiếu tên và địa chỉ. Chưa xác nhận giá đang áp dụng; nguồn không phân ngày/giờ.","Sân tennis Bể Bơi","Đồng Hới, Quảng Bình","Tennis","2026-10-04","manual-tennis-be-boi-quang-binh"
"VN_1900","Sân Bóng Chuyền Trung Tâm Thể Thao ĐH Bách Khoa","unknown","","","100000","200000","60","price_range_only","court_hour","approximate","https://tinphatsports.vn/san-bong-chuyen-ha-noi/","2024-07-07","2026-10-04","medium","public_source_matched","Khớp tên trường, môn bóng chuyền và đường Tạ Quang Bửu tại Hà Nội. Bài tổng hợp đăng 07/07/2024, cập nhật 05/05/2025; giá tham khảo 100.000–200.000đ/giờ. Giờ 05:00–22:00 là giờ hoạt động, không phải bảng giá khung giờ. Không áp dụng tự động ưu đãi sinh viên; chưa xác nhận giá hiện hành.","Sân bóng chuyền Đại Học Bách Khoa – Hà Nội","42 Tạ Quang Bửu, Phường Bách Khoa, Hai Bà Trưng, Hà Nội","Bóng chuyền","2026-10-04","manual-volleyball-bach-khoa-hanoi"
"VN_1880","Sân Bóng Rổ Nhà Thi Đấu ĐH Y Hà Nội","unknown","","","150000","150000","60","price_range_only","court_hour","standard","https://thethaothientruong.vn/tin-tuc/san-bong-ro-ha-noi.html","2026-03-29","2026-10-04","medium","public_source_matched","Khớp Đại học Y Hà Nội, số 1 Tôn Thất Tùng. Chỉ lấy giá sân trong nhà 150.000đ/giờ; không gộp giá sân ngoài trời 100.000đ. Giá tham khảo từ bài tổng hợp, chưa xác nhận giá hiện hành. Nguồn không chia ngày/khung giờ.","Sân bóng rổ Đại học Y Hà Nội - trong nhà","Số 1 Tôn Thất Tùng, Đống Đa, Hà Nội","Bóng rổ","2026-10-04","manual-basketball-y-hanoi-indoor"
