"facility_id","facility_name","address","sport","status","day_group","start_time","end_time","price_min_vnd","price_max_vnd","unit_minutes","precision","source_url","retrieved_at","observed_at","confidence","evidence","price_basis","offer_type","source_sport","verification_status"
"VN_0001","Master Bros - Indoor Pickleball Facility","B1 toà Ecogreen 286 Nguyễn Xiển, Hà Nội","Pickleball","curated_public_price","unknown","","","100000","250000","60","price_range_only","https://shopvnb.com/san-pickleball-master-bros.html","2026-10-03T08:30:11.383Z","2026-10-03","medium","Giá tham khảo công khai; đã đối chiếu tên và địa chỉ. Chưa xác nhận giá đang áp dụng; nguồn không phân ngày/giờ.","court_hour","approximate","Pickleball","public_source_matched"
"VN_0002","My Dink 5 Pickleball - Số 1 Lê Đức Thọ","Tầng 5, Khán đài B SVĐ Quốc Gia Mỹ Đình - Số 1 Lê Đức Thọ, Hà Nội","Pickleball","curated_public_price","unknown","","","150000","230000","60","price_range_only","https://shopvnb.com/san-pickleball-my-dink-5.html","2026-10-03T08:28:24.336Z","2026-10-03","medium","Giá tham khảo công khai; đã đối chiếu tên và địa chỉ. Chưa xác nhận giá đang áp dụng; nguồn không phân ngày/giờ.","court_hour","approximate","Pickleball","public_source_matched"
"VN_0003","Hippi Pickleball - Ngõ 464 Âu Cơ","Ngõ 464 Âu Cơ, Thôn Bắc, Hà Nội","Pickleball","curated_public_price","unknown","","","120000","200000","","price_range_only","https://thegioithethao.vn/san-pickleball-hippi-club-f-eyxka","2026-10-04T14:12:30.418Z","2026-10-04","low","Giá tham khảo công khai; đã đối chiếu tên và địa chỉ. Chưa xác nhận giá đang áp dụng; nguồn không phân ngày/giờ.","court_unknown_duration","approximate","Pickleball","public_source_matched"
"VN_0004","Đảo Sen Pickleball - 125D Nguyễn Sơn","125D Nguyễn Sơn, Hà Nội","Pickleball","curated_public_price","unknown","","","100000","180000","60","price_range_only","https://shopvnb.com/san-pickleball-dao-sen.html","2026-10-03T08:30:55.723Z","2026-10-03","medium","Giá tham khảo công khai; đã đối chiếu tên và địa chỉ. Chưa xác nhận giá đang áp dụng; nguồn không phân ngày/giờ.","court_hour","approximate","Pickleball","public_source_matched"
"VN_0005","Âu Lạc Pickleball - Ngõ 464 Âu Cơ","Ngõ 464 Âu Cơ, Hà Nội","Pickleball","curated_public_price","unknown","","","100000","200000","60","price_range_only","https://shopvnb.com/san-pickleball-au-lac.html","2026-10-03T08:28:52.873Z","2026-10-03","medium","Giá tham khảo công khai; đã đối chiếu tên và địa chỉ. Chưa xác nhận giá đang áp dụng; nguồn không phân ngày/giờ.","court_hour","approximate","Pickleball","public_source_matched"
"VN_0006","Chubbyball Pickleball - 50/12 Nghĩa Dũng, Ba Đình, Hà Nội","50/12 Nghĩa Dũng, Hà Nội","Pickleball","curated_public_price","unknown","","","140000","240000","","price_range_only","https://thegioithethao.vn/san-pickleball-chubbyball-f-phvDU","2026-10-04T14:12:37.514Z","2026-10-04","low","Giá tham khảo công khai; đã đối chiếu tên và địa chỉ. Chưa xác nhận giá đang áp dụng; nguồn không phân ngày/giờ.","court_unknown_duration","approximate","Pickleball","public_source_matched"
"VN_0007","Giảng Võ Club","Số 15 Ngõ 29 Láng Hạ, Hà Nội","Pickleball","curated_public_price","unknown","","","120000","220000","60","price_range_only","https://shopvnb.com/san-pickleball-giang-vo.html","2026-10-03T08:26:09.898Z","2026-10-03","medium","Giá tham khảo công khai; đã đối chiếu tên và địa chỉ. Chưa xác nhận giá đang áp dụng; nguồn không phân ngày/giờ.","court_hour","approximate","Pickleball","public_source_matched"
"VN_0008","The ClubHouse - Pickleball An Khánh","Khu Biệt Thự Hoa Phượng, Khu đô thị Nam An Khánh, Hà Nội","Pickleball","curated_public_price","unknown","","","100000","250000","","price_range_only","https://thegioithethao.vn/san-pickleball-the-clubhouse-an-khanh-f-SDxo4","2026-10-04T14:11:19.305Z","2026-10-04","low","Giá tham khảo công khai; đã đối chiếu tên và địa chỉ. Chưa xác nhận giá đang áp dụng; nguồn không phân ngày/giờ.","court_unknown_duration","approximate","Pickleball","public_source_matched"
"VN_0009","TDT-STADIUM - 74 Định Công","74 Định Công, Hà Nội","Pickleball","curated_public_price","unknown","","","100000","250000","","price_range_only","https://thegioithethao.vn/san-pickleball-tdt-stadium-f-RONYx","2026-10-04T14:11:23.472Z","2026-10-04","low","Giá tham khảo công khai; đã đối chiếu tên và địa chỉ. Chưa xác nhận giá đang áp dụng; nguồn không phân ngày/giờ.","court_unknown_duration","approximate","Pickleball","public_source_matched"
"VN_0010","Pickleball GWM - 199 Ngọc Hồi","199 Ngọc Hồi, Hà Nội","Pickleball","no_public_price","","","","","","","none","https://www.sporta.vn/san/pickleball-gm-199-ngoc-hoi","2026-10-04T13:26:59.215Z","2026-10-04","none","","","","",""
"VN_0011","Sân Pickleball Lý Sơn - Lyson Pickleball","Ô đất A3/CCTP3, Ngã ba đường Lý Sơn, Hà Nội","Pickleball","curated_public_price","unknown","","","100000","190000","60","price_range_only","https://shopvnb.com/san-pickleball-ly-son.html","2026-10-03T08:30:15.930Z","2026-10-03","medium","Giá tham khảo công khai; đã đối chiếu tên và địa chỉ. Chưa xác nhận giá đang áp dụng; nguồn không phân ngày/giờ.","court_hour","approximate","Pickleball","public_source_matched"
"VN_0012","Cầu Giấy Pickleball - 35 Trần Quý Kiên","35 Trần Quý Kiên, Hà Nội","Pickleball","curated_public_price","unknown","","","100000","200000","60","price_range_only","https://shopvnb.com/san-pickleball-nha-thi-dau-cau-giay.html","2026-10-03T08:25:23.988Z","2026-10-03","medium","Giá tham khảo công khai; đã đối chiếu tên và địa chỉ. Chưa xác nhận giá đang áp dụng; nguồn không phân ngày/giờ.","court_hour","peak_unspecified","Pickleball","public_source_matched"
"VN_0013","PICKLE POPS CLUB PICKLEBALL - Ngõ 182 Đình Thôn","Ngõ 182 Đình Thôn, Tổ 14, Hà Nội","Pickleball","curated_public_price","unknown","","","140000","250000","60","price_range_only","https://shopvnb.com/san-pickleball-pickle-pops.html","2026-10-03T08:26:34.591Z","2026-10-03","medium","Giá tham khảo công khai; đã đối chiếu tên và địa chỉ. Chưa xác nhận giá đang áp dụng; nguồn không phân ngày/giờ.","court_hour","approximate","Pickleball","public_source_matched"
"VN_0014","Ba Dứa Pickleball - Nguyễn Xiển, Hoàng Mai","Sun C, The Manor Central Park, Đường Nguyễn Xiển, Hà Nội","Pickleball","curated_public_price","unknown","","","100000","200000","60","price_range_only","https://shopvnb.com/san-pickleball-ba-dua.html","2026-10-03T08:30:18.163Z","2026-10-03","medium","Giá tham khảo công khai; đã đối chiếu tên và địa chỉ. Chưa xác nhận giá đang áp dụng; nguồn không phân ngày/giờ.","court_hour","approximate","Pickleball","public_source_matched"
"VN_0015","THOC Pickleball - Tây Hồ","Số 2, Ngõ 69 Tứ Liên, Hà Nội","Pickleball","curated_public_price","unknown","","","130000","210000","","price_range_only","https://thegioithethao.vn/san-thoc-pickleball-f-RpxlS","2026-10-04T14:12:33.254Z","2026-10-04","low","Giá tham khảo công khai; đã đối chiếu tên và địa chỉ. Chưa xác nhận giá đang áp dụng; nguồn không phân ngày/giờ.","court_unknown_duration","approximate","Pickleball","public_source_matched"
"VN_0016","Sân Pickleball Thịnh Hào","60 Thịnh Hào 1, Hà Nội","Pickleball","curated_public_price","unknown","","","100000","220000","60","price_range_only","https://shopvnb.com/san-pickleball-thinh-hao.html","2026-10-03T08:27:39.881Z","2026-10-03","medium","Giá tham khảo công khai; đã đối chiếu tên và địa chỉ. Chưa xác nhận giá đang áp dụng; nguồn không phân ngày/giờ.","court_hour","approximate","Pickleball","public_source_matched"
"VN_0017","Sân Pickleball 68 Vũ Đức Thận","68 Vũ Đức Thận, Hà Nội","Pickleball","curated_public_price","unknown","","","100000","150000","60","price_range_only","https://shopvnb.com/san-pickleball-68-vu-duc-than.html","2026-10-03T08:30:26.296Z","2026-10-03","medium","Giá tham khảo công khai; đã đối chiếu tên và địa chỉ. Chưa xác nhận giá đang áp dụng; nguồn không phân ngày/giờ.","court_hour","approximate","Pickleball","public_source_matched"
"VN_0018","Ven đê 4 Pickleball - Ngõ 1 phố Trịnh Tố Tấm","số 8 ngõ 1 phố Trịnh Tố Tâm, Hà Nội","Pickleball","curated_public_price","unknown","","","100000","160000","","price_range_only","https://thegioithethao.vn/san-pickleball-ven-de-4-f-42GlM","2026-10-04T14:12:22.247Z","2026-10-04","low","Giá tham khảo công khai; đã đối chiếu tên và địa chỉ. Chưa xác nhận giá đang áp dụng; nguồn không phân ngày/giờ.","court_unknown_duration","approximate","Pickleball","public_source_matched"
"VN_0019","Sân Pickleball Láng Hạ - 32 Láng Trung","Ngõ 32 Láng Trung, Hà Nội","Pickleball","curated_public_price","unknown","","","120000","200000","60","price_range_only","https://pickleballplus.vn/san-tap/27","2026-10-04","2026-10-04","medium","Giá tham khảo công khai; đã đối chiếu tên và địa chỉ. Chưa xác nhận giá đang áp dụng; nguồn không phân ngày/giờ.","court_hour","standard","Pickleball","public_source_matched"
"VN_0020","Gecko Pickleball","Ngã 3 Đặng Vũ Hỷ, Nam Đuống, Hà Nội","Pickleball","curated_public_price","unknown","","","80000","150000","","price_range_only","https://thegioithethao.vn/san-gecko-pickleball-long-bien-f-W7oJP","2026-10-04T14:10:40.047Z","2026-10-04","low","Giá tham khảo công khai; đã đối chiếu tên và địa chỉ. Chưa xác nhận giá đang áp dụng; nguồn không phân ngày/giờ.","court_unknown_duration","approximate","Pickleball","public_source_matched"
"VN_0021","TM Pickleball - 23 Nghiêm Xuân Yêm","23 Nghiêm Xuân Yêm, Hà Nội","Pickleball","contact_only","","","","","","","none","https://www.sporta.vn/san/tm-pickleball-23-nghiem-xuan-yem","2026-10-04T13:26:59.554Z","2026-10-04","none","","","","",""
"VN_0022","Nam Đồng Pickleball","Ngõ 2 Tây Sơn, Hà Nội","Pickleball","curated_public_price","unknown","","","150000","220000","60","price_range_only","https://shopvnb.com/san-pickleball-nam-dong.html","2026-10-03T08:29:27.629Z","2026-10-03","medium","Giá tham khảo công khai; đã đối chiếu tên và địa chỉ. Chưa xác nhận giá đang áp dụng; nguồn không phân ngày/giờ.","court_hour","approximate","Pickleball","public_source_matched"
"VN_0023","NineX Pickleball Club - 237 PHÚ VIÊN","237 PHÚ VIÊN, Hà Nội","Pickleball","no_public_price","","","","","","","none","https://www.sporta.vn/san/ninex-pickleball-club-237-phu-vien","2026-10-04T13:26:59.655Z","2026-10-04","none","","","","",""
"VN_0024","Sân Pickleball SWIN","266 Thụy Khuê, Hà Nội","Pickleball","curated_public_price","unknown","","","100000","","60","lower_bound","https://www.alobo.vn/muc-gia-trung-binh-khi-thue-san-pickleball-o-alobo-la-bao-nhieu/","2026-10-03T08:16:35.743Z","2026-10-03","medium","Giá tham khảo công khai; đã đối chiếu tên và địa chỉ. Chưa xác nhận giá đang áp dụng; nguồn không phân ngày/giờ.","court_hour","approximate","Pickleball","public_source_matched"
"VN_0025","Sân Pickleball Volley Vibes - Hai Bà Trưng","962 Bạch Đằng, Hà Nội","Pickleball","curated_public_price","unknown","","","160000","230000","60","price_range_only","https://shopvnb.com/san-pickleball-volley-vibes.html","2026-10-03T08:29:15.480Z","2026-10-03","medium","Giá tham khảo công khai; đã đối chiếu tên và địa chỉ. Chưa xác nhận giá đang áp dụng; nguồn không phân ngày/giờ.","court_hour","approximate","Pickleball","public_source_matched"
"VN_0026","Sân Pickleball Swin 12 Chùa Bộc","12 Chùa Bộc, Hà Nội","Pickleball","no_public_price","","","","","","","none","https://www.sporta.vn/san/san-pickleball-sin-12-chua-boc","2026-10-04T13:26:59.872Z","2026-10-04","none","","","","",""
"VN_0027","Coco Pickle Club - Đặng Văn Ngữ","Ngách 4A/4 Đặng Văn Ngữ, Hà Nội","Pickleball","curated_public_price","unknown","","","120000","230000","60","price_range_only","https://shopvnb.com/san-pickleball-coco-pickle-club.html","2026-10-03T08:25:05.893Z","2026-10-03","medium","Giá tham khảo công khai; đã đối chiếu tên và địa chỉ. Chưa xác nhận giá đang áp dụng; nguồn không phân ngày/giờ.","court_hour","approximate","Pickleball","public_source_matched"
"VN_0028","Sân Pickleball Thành Đạt - 75 Trương Công Giai","75 - 79 Trương Công Giai, Hà Nội","Pickleball","curated_public_price","unknown","","","100000","170000","60","price_range_only","https://shopvnb.com/san-pickleball-thanh-dat.html","2026-10-03T08:30:43.146Z","2026-10-03","medium","Giá tham khảo công khai; đã đối chiếu tên và địa chỉ. Chưa xác nhận giá đang áp dụng; nguồn không phân ngày/giờ.","court_hour","approximate","Pickleball","public_source_matched"
"VN_0029","Bách Khoa Pickleball - Nhà thi đấu Bách Khoa","42 P. Tạ Quang Bửu, Hà Nội","Pickleball","curated_public_price","unknown","","","200000","220000","60","price_range_only","https://shopvnb.com/san-pickleball-quan-hai-ba-trung.html","2026-10-03T08:30:07.814Z","2026-10-03","medium","Giá tham khảo công khai; đã đối chiếu tên và địa chỉ. Chưa xác nhận giá đang áp dụng; nguồn không phân ngày/giờ.","court_hour","approximate","Pickleball","public_source_matched"
"VN_0030","Sân Hoàng Minh Giám","23 Hoàng Minh Giám, Hà Nội","Cầu lông","no_public_price","","","","","","","none","https://www.sporta.vn/san/san-hoang-minh-giam","2026-10-04T13:26:59.971Z","2026-10-04","none","","","","",""
"VN_0031","All Day Pickleball - 6 Kim Đồng","6 P. Kim Đồng, Hà Nội","Pickleball","curated_public_price","unknown","","","150000","250000","60","price_range_only","https://shopvnb.com/san-pickleball-all-day.html","2026-10-03T08:25:07.004Z","2026-10-03","medium","Giá tham khảo công khai; đã đối chiếu tên và địa chỉ. Chưa xác nhận giá đang áp dụng; nguồn không phân ngày/giờ.","court_hour","approximate","Pickleball","public_source_matched"
"VN_0032","Ferry Pickleball - 07 Đào Duy Anh","7 P. Đào Duy Anh, Hà Nội","Pickleball","curated_public_price","unknown","","","60000","120000","60","price_range_only","https://shopvnb.com/san-pickleball-quan-dong-da.html","2026-10-03T08:29:53.548Z","2026-10-03","medium","Giá tham khảo công khai; đã đối chiếu tên và địa chỉ. Chưa xác nhận giá đang áp dụng; nguồn không phân ngày/giờ.","court_hour","approximate","Pickleball","public_source_matched"
"VN_0033","US. Pickleball Club - 70 An Dương","70C An Dương, Hà Nội","Pickleball","curated_public_price","unknown","06:00","16:00","250000","250000","60","time_slots","https://shopvnb.com/us-pickleball-club.html","","2026-10-04","medium","Nguồn ghi khoảng 250.000 VND/giờ; cuối tuần và ngày lễ có thể thay đổi","court_hour","approximate","","source_verified"
"VN_0033","US. Pickleball Club - 70 An Dương","70C An Dương, Hà Nội","Pickleball","curated_public_price","unknown","16:00","24:00","370000","370000","60","time_slots","https://shopvnb.com/us-pickleball-club.html","","2026-10-04","medium","Nguồn ghi khoảng 370.000 VND/giờ; cuối tuần và ngày lễ có thể thay đổi","court_hour","approximate","","source_verified"
"VN_0034","Nextball 9699 Pickleball Club - 102 Trường Chinh","48/Ngõ 102 Trường Chinh, Hà Nội","Pickleball","curated_public_price","unknown","","","180000","270000","","price_range_only","https://shopvnb.com/san-pickleball-quan-dong-da.html","2026-10-03T08:29:53.548Z","2026-10-03","low","Khớp Nextball 9699 và ngõ 102 Trường Chinh.","court_unknown_duration","approximate","Pickleball","public_source_matched"
"VN_0035","ACE Pickleball Club - Pullman Hanoi","Pullman Hanoi, 61 Giảng Võ, Hà Nội","Pickleball","curated_public_price","unknown","","","130000","290000","60","price_range_only","https://www.sporta.vn/san/ace-pickleball-club-pullman-hanoi","","2026-10-04","medium","Khoảng giá tùy khung giờ","court_hour","standard","","source_verified"
"VN_0036","Pickleball Cầu Đơ - 46 Lê Hồng Phong","46 Lê Hồng Phong, Hà Nội","Pickleball","no_public_price","","","","","","","none","https://www.sporta.vn/san/pickleball-cau-do-46-le-hong-phong","2026-10-04T13:27:00.272Z","2026-10-04","none","","","","",""
"VN_0037","Tuk Tuk Pickleball - Yên Xá","Chợ Đ. Yên Xá, Yên Xá, Thanh Trì, Hà Nội, Việt Nam, Hà Nội","Pickleball","curated_public_price","unknown","","","90000","200000","","price_range_only","https://thegioithethao.vn/san-tuk-tuk-pickleball-cho-yen-xa-f-zbZOx","2026-10-04T14:11:15.202Z","2026-10-04","low","Giá tham khảo công khai; đã đối chiếu tên và địa chỉ. Chưa xác nhận giá đang áp dụng; nguồn không phân ngày/giờ.","court_unknown_duration","approximate","Pickleball","public_source_matched"
"VN_0038","Game On Pickleball - 387A Lương Thế Vinh","387A Lương Thế Vinh, Hà Nội","Pickleball","curated_public_price","mon-fri","05:00","17:00","150000","150000","60","time_slots","https://shopvnb.com/san-pickleball-game-on.html","","2026-10-04","medium","Nguồn công bố rõ ngày và khung giờ","court_hour","standard","","source_verified"
"VN_0038","Game On Pickleball - 387A Lương Thế Vinh","387A Lương Thế Vinh, Hà Nội","Pickleball","curated_public_price","mon-fri","17:00","24:00","200000","200000","60","time_slots","https://shopvnb.com/san-pickleball-game-on.html","","2026-10-04","medium","Nguồn công bố rõ ngày và khung giờ","court_hour","standard","","source_verified"
"VN_0038","Game On Pickleball - 387A Lương Thế Vinh","387A Lương Thế Vinh, Hà Nội","Pickleball","curated_public_price","sat-sun","05:00","17:00","180000","180000","60","time_slots","https://shopvnb.com/san-pickleball-game-on.html","","2026-10-04","medium","Nguồn công bố rõ ngày và khung giờ","court_hour","standard","","source_verified"
"VN_0038","Game On Pickleball - 387A Lương Thế Vinh","387A Lương Thế Vinh, Hà Nội","Pickleball","curated_public_price","sat-sun","17:00","24:00","200000","200000","60","time_slots","https://shopvnb.com/san-pickleball-game-on.html","","2026-10-04","medium","Nguồn công bố rõ ngày và khung giờ","court_hour","standard","","source_verified"
"VN_0039","Sân Pickleball - Số 1 Tăng Bạt Hổ","1 Tăng Bạt Hổ, Hà Nội","Pickleball","curated_public_price","unknown","","","190000","300000","60","price_range_only","https://shopvnb.com/san-pickleball-so-1-tang-bat-ho.html","2026-10-03T08:27:53.119Z","2026-10-03","medium","Giá tham khảo công khai; đã đối chiếu tên và địa chỉ. Chưa xác nhận giá đang áp dụng; nguồn không phân ngày/giờ.","court_hour","approximate","Pickleball","public_source_matched"
"VN_0040","Sân Liên Đoàn Pickleball Hà Nội","1 Đ. Lý Sơn, Hà Nội","Pickleball","no_public_price","","","","","","","none","https://www.sporta.vn/san/san-lien-doan-pickleball-ha-noi","2026-10-04T13:27:00.672Z","2026-10-04","none","","","","",""
"VN_0041","Smashzone Pickleball - Số 2 Đặng Thai Mai","Số 2 Đặng Thai Mai, Hà Nội","Pickleball","contact_only","","","","","","","none","https://www.sporta.vn/san/smashzone-pickleball-so-2-dang-thai-mai","2026-10-04T13:27:00.505Z","2026-10-04","none","","","","",""
"VN_0042","CLB PICKLEBALL X20 - 35 Phan Đình Giót","35 P. Phan Đình Giót, Hà Nội","Pickleball","curated_public_price","unknown","","","100000","150000","60","price_range_only","https://shopvnb.com/san-pickleball-quan-thanh-xuan.html","2026-10-03T08:29:00.995Z","2026-10-03","medium","Giá tham khảo công khai; đã đối chiếu tên và địa chỉ. Chưa xác nhận giá đang áp dụng; nguồn không phân ngày/giờ.","court_hour","approximate","Pickleball","public_source_matched"
"VN_0043","Sân Nextball 9699","số 48 ngõ 102 Trường Chinh, Hà Nội","Pickleball","curated_public_price","unknown","","","180000","270000","","price_range_only","https://shopvnb.com/san-pickleball-quan-dong-da.html","2026-10-03T08:29:53.548Z","2026-10-03","low","Bản ghi trùng vật lý của Nextball 9699 trong snapshot; cùng số 48 ngõ 102 Trường Chinh.","court_unknown_duration","approximate","Pickleball","public_source_matched"
"VN_0044","HK Pickleball Club - 66 Phạm Tu","66 Đ. Phạm Tu, Hà Nội","Pickleball","contact_only","","","","","","","none","https://www.sporta.vn/san/hk-pickleball-club-66-pham-tu","2026-10-04T13:27:00.641Z","2026-10-04","none","","","","",""
"VN_0045","HTL Pickleball Center","44 Hàm Tử Quan, Hà Nội","Pickleball","no_public_price","","","","","","","none","https://www.sporta.vn/san/htl-pickleball-center","2026-10-04T13:27:00.657Z","2026-10-04","none","","","","",""
"VN_0046","Pickleball G.S77 - 12 Khuất Duy Tiến","12 Khuất Duy Tiến, Hà Nội","Pickleball","curated_public_price","unknown","","","171000","230000","60","price_range_only","https://shopvnb.com/san-pickleball-g-s77.html","2026-10-03T08:27:44.022Z","2026-10-03","medium","Giá tham khảo công khai; đã đối chiếu tên và địa chỉ. Chưa xác nhận giá đang áp dụng; nguồn không phân ngày/giờ.","court_hour","approximate","Pickleball","public_source_matched"
"VN_0047","Wessie Haus Pickleball Club - Mỹ Đình","Sân Vận Động Mỹ Đình, Hà Nội","Pickleball","curated_public_price","unknown","","","130000","230000","60","price_range_only","https://shopvnb.com/san-pickleball-wessie-haus.html","2026-10-03T08:28:18.422Z","2026-10-03","medium","Giá tham khảo công khai; đã đối chiếu tên và địa chỉ. Chưa xác nhận giá đang áp dụng; nguồn không phân ngày/giờ.","court_hour","approximate","Pickleball","public_source_matched"
"VN_0048","Trần Hòa Pickleball - 161 Trần Hòa","161 Trần Hòa, Hà Nội","Pickleball","curated_public_price","unknown","","","80000","150000","60","price_range_only","https://shopvnb.com/san-pickleball-161-tran-hoa.html","2026-10-03T08:29:29.985Z","2026-10-03","medium","Giá tham khảo công khai; đã đối chiếu tên và địa chỉ. Chưa xác nhận giá đang áp dụng; nguồn không phân ngày/giờ.","court_hour","approximate","Pickleball","public_source_matched"
"VN_0049","Pickleball Hoa Phượng - An Khánh","Khu biệt thự Hoa Phượng, An Khánh, Hà Nội","Pickleball","curated_public_price","unknown","","","80000","210000","60","price_range_only","https://shopvnb.com/san-pickleball-hoa-phuong.html","2026-10-03T08:27:14.264Z","2026-10-03","medium","Giá tham khảo công khai; đã đối chiếu tên và địa chỉ. Chưa xác nhận giá đang áp dụng; nguồn không phân ngày/giờ.","court_hour","approximate","Pickleball","public_source_matched"
"VN_0050","Paradise Pickleball - Hồng Tiến, Long Biên","Khu A.4/HH2, P. Hồng Tiến, Phương Đình, Hà Nội","Pickleball","curated_public_price","unknown","","","120000","220000","","price_range_only","https://thegioithethao.vn/san-paradise-pickleball-club-f-DZLxa","2026-10-04T14:12:14.786Z","2026-10-04","low","Khớp Paradise, lô A.4/HH2 và đường Hồng Tiến; nhãn phường giữa danh mục/nguồn khác nhau. Giá chưa rõ thời lượng.","court_unknown_duration","approximate","Pickleball","public_source_matched"
"VN_0051","Peace Pickleball - Tổng Cục 5, Thanh Trì","Tổng Cục 5, Thanh Trì, Hà Nội, Việt Nam, Hà Nội","Pickleball","curated_public_price","unknown","","","100000","180000","60","price_range_only","https://shopvnb.com/san-pickleball-huyen-thanh-tri.html","2026-10-03T08:29:54.730Z","2026-10-03","medium","Giá tham khảo công khai; đã đối chiếu tên và địa chỉ. Chưa xác nhận giá đang áp dụng; nguồn không phân ngày/giờ.","court_hour","approximate","Pickleball","public_source_matched"
"VN_0052","Vibe Pickleball - 100 Phạm Tu","100 Phạm Tu, Xã Thanh Liệt, Huyện Thanh Trì, Hà Nội, Hà Nội","Pickleball","curated_public_price","unknown","","","150000","240000","60","price_range_only","https://shopvnb.com/san-pickleball-huyen-thanh-tri.html","2026-10-03T08:29:54.730Z","2026-10-03","medium","Giá tham khảo công khai; đã đối chiếu tên và địa chỉ. Chưa xác nhận giá đang áp dụng; nguồn không phân ngày/giờ.","court_hour","approximate","Pickleball","public_source_matched"
"VN_0053","Rooftop Pickleball - 117 Trần Duy Hưng","117 Trần Duy Hưng, Hà Nội","Pickleball","contact_only","","","","","","","none","https://www.sporta.vn/san/rooftop-pickleball-117-tran-duy-hung","2026-10-04T13:27:00.955Z","2026-10-04","none","","","","",""
"VN_0054","Rượu vang Pickleball - 32 Cầu Diễn","Cạnh cây xăng, 32 Đ. Cầu Diễn, Hà Nội","Pickleball","no_public_price","","","","","","","none","https://www.sporta.vn/san/ruou-vang-pickleball-32-cau-dien","2026-10-04T13:27:00.920Z","2026-10-04","none","","","","",""
"VN_0055","Huỳnh Thúc Kháng Pickleball - 110 Chùa Láng","110 Chùa Láng, Hà Nội","Pickleball","curated_public_price","unknown","","","150000","250000","60","price_range_only","https://shopvnb.com/san-pickleball-huynh-thuc-khang.html","2026-10-03T08:25:40.699Z","2026-10-03","medium","Giá tham khảo công khai; đã đối chiếu tên và địa chỉ. Chưa xác nhận giá đang áp dụng; nguồn không phân ngày/giờ.","court_hour","approximate","Pickleball","public_source_matched"
"VN_0056","City Pickleball - 165 Chùa Bộc","1 Ng. 165 P. Chùa Bộc, Hà Nội","Pickleball","curated_public_price","unknown","","","200000","300000","","price_range_only","https://thegioithethao.vn/san-city-pickleball-chua-boc-f-b2YHA","2026-10-04T14:10:38.691Z","2026-10-04","low","Giá tham khảo công khai; đã đối chiếu tên và địa chỉ. Chưa xác nhận giá đang áp dụng; nguồn không phân ngày/giờ.","court_unknown_duration","approximate","Pickleball","public_source_matched"
"VN_0057","Pink Club Pickleball - 584 Lạc Long Quân","584 Lạc Long Quân, Hà Nội","Pickleball","curated_public_price","unknown","","","150000","250000","","price_range_only","https://thegioithethao.vn/pink-club-f-94FtH","2026-10-04T14:12:33.273Z","2026-10-04","low","Giá tham khảo công khai; đã đối chiếu tên và địa chỉ. Chưa xác nhận giá đang áp dụng; nguồn không phân ngày/giờ.","court_unknown_duration","approximate","","public_source_matched"
"VN_0058","Pickleball Thiên Đường Bảo Sơn","SÂN PICKLEBALL BẢO SƠN - CÔNG VIÊN THIÊN ĐƯỜNG BẢO SƠN, Hà Nội","Pickleball","curated_public_price","unknown","","","100000","200000","","price_range_only","https://thegioithethao.vn/san-pickleball-thien-duong-bao-son-f-3p5Ad","2026-10-04T14:11:20.619Z","2026-10-04","low","Giá tham khảo công khai; đã đối chiếu tên và địa chỉ. Chưa xác nhận giá đang áp dụng; nguồn không phân ngày/giờ.","court_unknown_duration","approximate","Pickleball","public_source_matched"
"VN_0059","Pick360 Đại Từ - 32 Đại Từ","32 P. Đại Từ, Đại Kim, Hà Nội","Cầu lông","curated_public_price","unknown","","","60000","130000","60","price_range_only","https://www.decathlon.vn/blog/gia-thue-san-cau-long/","2026-10-04","2026-10-04","medium","Giá tham khảo công khai; đã đối chiếu tên và địa chỉ. Chưa xác nhận giá đang áp dụng; nguồn không phân ngày/giờ.","court_hour","approximate","Cầu lông","public_source_matched"
"VN_0060","Top Pickleball - 14 Hồ Rùa","Ngõ 14 Hồ Rùa, Nguyễn Lân, Hà Nội","Pickleball","no_public_price","","","","","","","none","https://www.sporta.vn/san/top-pickleball-14-ho-rua","2026-10-04T13:27:01.156Z","2026-10-04","none","","","","",""
"VN_0061","Riverside Pickleball - 2 Nguyễn Khắc Viện","Số 2 Nguyễn Khắc Viện, phường Giáng Biểu, quận Long Biên, Hà Nội, Hà Nội","Pickleball","no_public_price","","","","","","","none","https://www.sporta.vn/san/riverside-pickleball-2-nguyen-khac-vien","2026-10-04T13:27:01.166Z","2026-10-04","none","","","","",""
"VN_0062","Pickleball Đảo Sen - 125D P. Nguyễn Sơn","125D P. Nguyễn Sơn, Gia Thụy, Long Biên, Hà Nội, Hà Nội","Pickleball","curated_public_price","unknown","","","100000","180000","60","price_range_only","https://shopvnb.com/san-pickleball-dao-sen.html","2026-10-03T08:30:55.723Z","2026-10-03","medium","Giá tham khảo công khai; đã đối chiếu tên và địa chỉ. Chưa xác nhận giá đang áp dụng; nguồn không phân ngày/giờ.","court_hour","approximate","Pickleball","public_source_matched"
"VN_0063","Sân Pickleball Đền Lừ - 32 Hồ Đền Lừ 3","32 Hồ Đền Lừ 3, Hoàng Văn Thụ, Quận Hoàng Mai, Hà Nội., Hà Nội","Pickleball","curated_public_price","unknown","","","140000","230000","60","price_range_only","https://shopvnb.com/san-pickleball-den-lu.html","2026-10-03T08:27:41.283Z","2026-10-03","medium","Giá tham khảo công khai; đã đối chiếu tên và địa chỉ. Chưa xác nhận giá đang áp dụng; nguồn không phân ngày/giờ.","court_hour","approximate","Pickleball","public_source_matched"
"VN_0064","Joyful Pickleball Club - 29 P. Tố Hữu","29 P. Tố Hữu, Trung Văn, Nam Từ Liêm, Hà Nội 777777, Việt Nam, Hà Nội","Pickleball","curated_public_price","unknown","","","120000","180000","60","price_range_only","https://shopvnb.com/san-pickleball-quan-nam-tu-liem.html","2026-10-03T08:29:52.365Z","2026-10-03","medium","Giá tham khảo công khai; đã đối chiếu tên và địa chỉ. Chưa xác nhận giá đang áp dụng; nguồn không phân ngày/giờ.","court_hour","approximate","Pickleball","public_source_matched"
"VN_0065","Champick Club Pickleball - 918 đường Kim Giang","918 đường Kim Giang, Thanh Liệt, Thanh Trì, Hà Nội, Hanoi, Vietnam, Hà Nội","Pickleball","curated_public_price","unknown","","","120000","210000","","price_range_only","https://thegioithethao.vn/san-pickleball-champick-club-thanh-tri-f-cayhL","2026-10-04T14:10:59.776Z","2026-10-04","low","Giá tham khảo công khai; đã đối chiếu tên và địa chỉ. Chưa xác nhận giá đang áp dụng; nguồn không phân ngày/giờ.","court_unknown_duration","approximate","Pickleball","public_source_matched"
"VN_0066","Maymay Pickleball Club - P.Thượng Thanh","B.3/N04, phường Thượng Thanh, quận Long Biên, Hà Nội, Hanoi, Vietnam, Hà Nội","Pickleball","curated_public_price","unknown","","","170000","170000","","price_only","https://thegioithethao.vn/san-pickleball-maymay-club-f-VHir9","2026-10-04T14:10:44.005Z","2026-10-04","low","Khớp Maymay Pickleball và phường Thượng Thanh, Long Biên; giá giờ vàng, nguồn chưa nêu thời lượng.","court_unknown_duration","peak_unspecified","Pickleball","public_source_matched"
"VN_0067","Bunne Pickleball Home - Sài Đồng,","Ngõ 134 P. Sài Đồng, TT. Sài Đồng, Long Biên, Hà Nội, Hà Nội","Pickleball","no_public_price","","","","","","","none","https://www.sporta.vn/san/bunne-pickleball-home-sai-dong-","2026-10-04T13:27:01.636Z","2026-10-04","none","","","","",""
"VN_0068","MST Pickleball Training Center - 97 Đức Giang","Ngõ 97 P. Đức Giang, Thượng Thanh, Long Biên, Hà Nội 100000, Việt Nam, Hà Nội","Pickleball","no_public_price","","","","","","","none","https://www.sporta.vn/san/mst-pickleball-training-center-97-duc-giang","2026-10-04T13:27:01.556Z","2026-10-04","none","","","","",""
"VN_0069","Sân Pickleball XaLa - 21 P. Xala","21 P. Xa La, P. Phúc La, Hà Đông, Hà Nội, Việt Nam, Hà Nội","Pickleball","curated_public_price","unknown","","","90000","220000","60","price_range_only","https://shopvnb.com/san-pickleball-quan-ha-dong.html","2026-10-03T08:29:49.888Z","2026-10-03","medium","Giá tham khảo công khai; đã đối chiếu tên và địa chỉ. Chưa xác nhận giá đang áp dụng; nguồn không phân ngày/giờ.","court_hour","approximate","Pickleball","public_source_matched"
"VN_0070","Việt Hàn Geleximco Pickleball - Lê Trọng Tấn","Geleximco Khu D - Lê Trọng Tấn - Hà Đông, Hanoi, Vietnam, Hà Nội","Pickleball","curated_public_price","unknown","","","100000","220000","60","price_range_only","https://shopvnb.com/san-pickleball-viet-han-geleximco.html","2026-10-03T08:26:15.425Z","2026-10-03","medium","Giá tham khảo công khai; đã đối chiếu tên và địa chỉ. Chưa xác nhận giá đang áp dụng; nguồn không phân ngày/giờ.","court_hour","approximate","Pickleball","public_source_matched"
"VN_0071","Green House Pickleball - KĐT VIỆT HƯNG","Green House, P. Nguyễn Cao Luyện, Khu đô thị Việt Hưng, Long Biên, Hà Nội , Hà Nội","Pickleball","no_public_price","","","","","","","none","https://www.sporta.vn/san/green-house-pickleball-kdt-viet-hung","2026-10-04T13:27:01.623Z","2026-10-04","none","","","","",""
"VN_0072","LK-Pro Pickleball - Khu đô thị Văn Phú","20/TT27 Khu đô thị Văn Phú, Quận Hà Đông, TP. Hà Nội., Hà Nội","Pickleball","curated_public_price","unknown","","","100000","180000","60","price_range_only","https://shopvnb.com/san-pickleball-lk-pro.html","","2026-10-04","medium","Khoảng giá tùy giờ","court_hour","standard","","source_verified"
"VN_0073","Mầm Pickleball - Long Biên","Đường Nam Đồng, phường Trung Thành, quận Long Biên, Hà Nội, Hà Nội","Pickleball","no_public_price","","","","","","","none","https://www.sporta.vn/san/mam-pickleball-long-bien","2026-10-04T13:27:02.243Z","2026-10-04","none","","","","",""
"VN_0074","Pickleball Pro Club - 728 Trương Định","728 Trương Định, Giáp Bát, Hoàng Mai, Hà Nội, Hà Nội","Pickleball","curated_public_price","unknown","05:00","16:00","105000","105000","60","time_slots","https://www.sporta.vn/san/pickleball-pro-club-728-truong-dinh","","2026-10-04","medium","Giảm 30%; chưa nêu nhóm ngày hoặc hạn ưu đãi","court_hour","promotion","","source_verified"
"VN_0074","Pickleball Pro Club - 728 Trương Định","728 Trương Định, Giáp Bát, Hoàng Mai, Hà Nội, Hà Nội","Pickleball","curated_public_price","unknown","16:00","24:00","150000","150000","60","time_slots","https://www.sporta.vn/san/pickleball-pro-club-728-truong-dinh","","2026-10-04","medium","Giảm 25%; chưa nêu nhóm ngày hoặc hạn ưu đãi","court_hour","promotion","","source_verified"
"VN_0074","Pickleball Pro Club - 728 Trương Định","728 Trương Định, Giáp Bát, Hoàng Mai, Hà Nội, Hà Nội","Pickleball","curated_public_price","unknown","05:00","16:00","80000","80000","60","time_slots","https://www.sporta.vn/san/pickleball-pro-club-728-truong-dinh","","2026-10-04","medium","Đặt cố định 12 buổi/tháng và ít nhất 20 giờ","court_hour","fixed_package","","source_verified"
"VN_0074","Pickleball Pro Club - 728 Trương Định","728 Trương Định, Giáp Bát, Hoàng Mai, Hà Nội, Hà Nội","Pickleball","curated_public_price","unknown","16:00","24:00","130000","130000","60","time_slots","https://www.sporta.vn/san/pickleball-pro-club-728-truong-dinh","","2026-10-04","medium","Đặt cố định 12 buổi/tháng và ít nhất 20 giờ","court_hour","fixed_package","","source_verified"
"VN_0075","Gia Thụy Pickleball - Nguyễn Văn Cừ","53/564/32 D. Nguyễn Văn Cừ, Tố 12, Long Biên, Hà Nội, Hà Nội","Pickleball","curated_public_price","unknown","","","100000","170000","60","price_range_only","https://shopvnb.com/san-pickleball-gia-thuy.html","","2026-10-04","medium","Khoảng giá tùy giờ","court_hour","standard","","source_verified"
"VN_0076","Hi Pickleball - 128 Quang Trung","182 Đ. Quang Trung, P. Quang Trung, Hà Đông, Hà Nội, Việt Nam, Hà Nội","Pickleball","no_public_price","","","","","","","none","https://www.sporta.vn/san/hi-pickleball-128-quang-trung","2026-10-04T13:27:02.120Z","2026-10-04","none","","","","",""
"VN_0077","GAET Pickleball - 194 Thanh Am","16, Ngõ 194 Thanh Am, Thượng Thanh, Long Biên, TP. Hà Nội, Hà Nội","Pickleball","no_public_price","","","","","","","none","https://www.sporta.vn/san/gaet-pickleball-194-thanh-am","2026-10-04T13:27:01.877Z","2026-10-04","none","","","","",""
"VN_0078","Pickleball Khai Sơn - P. Thượng Thanh","Ô đất A.3/CCTP3 – đường Khai Sơn, P. Thượng Thanh, Long Biên, Hà Nội, Hà Nội","Pickleball","curated_public_price","unknown","","","100000","190000","60","price_range_only","https://shopvnb.com/san-pickleball-khai-son.html","2026-10-03T08:27:42.700Z","2026-10-03","medium","Giá tham khảo công khai; đã đối chiếu tên và địa chỉ. Chưa xác nhận giá đang áp dụng; nguồn không phân ngày/giờ.","court_hour","approximate","Pickleball","public_source_matched"
"VN_0079","HVHC Pickleball - 604 Ngọc Thụy","Cổng T42 Học Viện Hậu Cần (Cuối ngõ 604 Ngọc Thụy, Long Biên, Hà Nội), Hà Nội","Pickleball","no_public_price","","","","","","","none","https://www.sporta.vn/san/hvhc-pickleball-604-ngoc-thuy","2026-10-04T13:27:01.906Z","2026-10-04","none","","","","",""
"VN_0080","MÂY Pickleball Rooftop Court - Chợ Ngọc Thuỵ","Sân thượng tầng 5, Chợ Ngọc Thuỵ, Long Biên, Hà Nội, Hà Nội","Pickleball","no_public_price","","","","","","","none","https://www.sporta.vn/san/may-pickleball-rooftop-court-cho-ngoc-thuy","2026-10-04T13:27:02.154Z","2026-10-04","none","","","","",""
"VN_0081","Moon Light Pickleball - KĐT Khai Sơn","Đường Nguyễn Gia Bống – khu đô thị Khai Sơn – phường Thượng Thanh, Long Biên, Hà Nội, Hà Nội","Pickleball","no_public_price","","","","","","","none","https://www.sporta.vn/san/moon-light-pickleball-kdt-khai-son","2026-10-04T13:27:02.029Z","2026-10-04","none","","","","",""
"VN_0082","Pickleball Hồ Thạch Bàn - P. Đông Dinh","P. Đông Dinh, Thạch Bàn, Long Biên, Hà Nội, Hà Nội","Pickleball","curated_public_price","unknown","","","100000","170000","60","price_range_only","https://shopvnb.com/san-pickleball-ho-thach-ban.html","2026-10-03T08:28:17.251Z","2026-10-03","medium","Tên sân và khu vực Thạch Bàn/Long Biên khớp; danh mục ghi Đông Dinh, nguồn ghi Đồng Dinh. Giá tham khảo, chưa xác nhận hiện hành.","court_hour","approximate","Pickleball","public_source_matched"
"VN_0083","A.N.H Pickleball Club - 52 phố Ngọc Lâm","Ngõ 52 phố Ngọc Lâm, Long Biên, Hà Nội (xính nghĩa điện máy), Hà Nội","Pickleball","no_public_price","","","","","","","none","https://www.sporta.vn/san/a-n-h-pickleball-club-52-pho-ngoc-lam","2026-10-04T13:27:02.152Z","2026-10-04","none","","","","",""
"VN_0084","Pickleball Tư Đình - Số 1C Cổ Linh","Số 1C Cổ Linh, Tư Đình, Long Biên, Hà Nội, Hà Nội","Pickleball","curated_public_price","unknown","","","140000","140000","","price_only","https://thegioithethao.vn/san-pickleball-tu-dinh-f-bsWjG","2026-10-04T14:10:58.491Z","2026-10-04","low","Khớp tên Tư Đình, đường Cổ Linh và khu vực Long Biên; giá giờ vàng, nguồn chưa nêu thời lượng nên không dùng trong thống kê giá/giờ.","court_unknown_duration","peak_unspecified","Pickleball","public_source_matched"
"VN_0085","Pickleball Việt Hưng - Đông Anh","Sân bóng Phù Liễn, Bắc Hồng, Đông Anh, Hà Nội, Hà Nội","Pickleball","no_public_price","","","","","","","none","https://www.sporta.vn/san/pickleball-viet-hung-dong-anh","2026-10-04T13:27:02.305Z","2026-10-04","none","","","","",""
"VN_0086","DINO PICKLEBALL CLUB - 15 phố Ô Cách","Số 10B ngõ 15 phố Ô Cách, Phường Đức Giang, quận Long Biên, Hà Nội, Hà Nội","Pickleball","no_public_price","","","","","","","none","https://www.sporta.vn/san/dino-pickleball-club-15-pho-o-cach","2026-10-04T13:27:02.421Z","2026-10-04","none","","","","",""
"VN_0087","Victory Pickleball - ngõ 1 Phù Viên","Số 128, ngõ 1 Phù Viên, phường Bồ Đề, Long Biên, Hà Nội, Hà Nội","Pickleball","no_public_price","","","","","","","none","https://www.sporta.vn/san/victory-pickleball-ngo-1-phu-vien","2026-10-04T13:27:02.487Z","2026-10-04","none","","","","",""
"VN_0088","Pickleball House - Cự Khối","Đường Cự Khối, phường Cự Khối, quận Long Biên, Hà Nội, Hà Nội","Pickleball","curated_public_price","unknown","","","80000","150000","","price_range_only","https://thegioithethao.vn/san-pickleball-house-f-1gCYG","2026-10-04T14:12:29.145Z","2026-10-04","low","Giá tham khảo công khai; đã đối chiếu tên và địa chỉ. Chưa xác nhận giá đang áp dụng; nguồn không phân ngày/giờ.","court_unknown_duration","approximate","Pickleball","public_source_matched"
"VN_0089","Pickleball Water Tower - 551 Nguyễn Văn Cừ","551 Nguyễn Văn Cừ, Ngọc Lâm, Long Biên, Hà Nội (cổng phụ 481 Ngọc Lâm), Hà Nội","Pickleball","curated_public_price","unknown","","","100000","170000","60","price_range_only","https://shopvnb.com/san-pickleball-water-tower.html","2026-10-03T08:28:16.064Z","2026-10-03","medium","Giá tham khảo công khai; đã đối chiếu tên và địa chỉ. Chưa xác nhận giá đang áp dụng; nguồn không phân ngày/giờ.","court_hour","approximate","Pickleball","public_source_matched"
"VN_0090","Vĩnh Tuy Pickleball Club - 256 P. Dương Văn Bé","256 P. Dương Văn Bé, Vĩnh Phú, Hà Nội","Pickleball","curated_public_price","unknown","","","110000","180000","","price_range_only","https://thegioithethao.vn/san-pickleball-vinh-tuy-f-SJyw7","2026-10-04T14:10:42.681Z","2026-10-04","low","Giá tham khảo công khai; đã đối chiếu tên và địa chỉ. Chưa xác nhận giá đang áp dụng; nguồn không phân ngày/giờ.","court_unknown_duration","approximate","Pickleball","public_source_matched"
"VN_0091","US. Pickleball Club - 70C P. An Dương","70C P. An Dương, Yên Phụ, Tây Hồ, Hà Nội 100001, Việt Nam, Hà Nội","Pickleball","no_public_price","","","","","","","none","https://www.sporta.vn/san/us--pickleball-club-70c-p--an-duong","2026-10-04T13:27:02.566Z","2026-10-04","none","","","","",""
"VN_0092","COCOPICK - 70C An Dương","70C An Dương, Tay Ho, Vietnam, Hà Nội","Cầu lông","no_public_price","","","","","","","none","https://www.sporta.vn/san/cocopick-70c-an-duong","2026-10-04T13:27:02.452Z","2026-10-04","none","","","","",""
"VN_0093","Cổ Loa Pickleball - Đông Anh","LK09 TT1.6, Uy Nỗ, Đông Anh, Hà Nội, Việt Nam, Hà Nội","Pickleball","no_public_price","","","","","","","none","https://www.sporta.vn/san/co-loa-pickleball-dong-anh","2026-10-04T13:27:02.588Z","2026-10-04","none","","","","",""
"VN_0094","Trinity Pickleball - 14 Trần Bình Trọng","14 Trần Bình Trọng - Hoàn Kiếm - Hà Nội, Hà Nội","Pickleball","no_public_price","","","","","","","none","https://www.sporta.vn/san/trinity-pickleball-14-tran-binh-trong","2026-10-04T13:27:02.594Z","2026-10-04","none","","","","",""
"VN_0095","Pickleball Minh Khoa - Thượng Thanh","Ngõ 94, Thượng Thanh, Long Biên, Hà Nội, Hà Nội","Pickleball","curated_public_price","unknown","","","84000","120000","60","price_range_only","https://shopvnb.com/san-pickleball-minh-khoa.html","2026-10-03T08:26:08.750Z","2026-10-03","medium","Giá tham khảo công khai; đã đối chiếu tên và địa chỉ. Chưa xác nhận giá đang áp dụng; nguồn không phân ngày/giờ.","court_hour","approximate","Pickleball","public_source_matched"
"VN_0096","Vũ Đại Kim pickleball - 488 Minh Khai","488 Minh Khai - Vĩnh Tuy - Hai Bà Trưng - HN, Hà Nội","Pickleball","rejected_non_rental_price","","","","","","","none","https://www.sporta.vn/san/vu-dai-kim-pickleball-488-minh-khai","2026-10-04T13:27:02.803Z","2026-10-04","none","n trong nhà- 2 sân đạt chuẩn thi đấu - 2 sân tập * Ca xé vé ( có chia trình ) — giá đã bao gồm 1 nước chỉ 70k📍 Địa chỉ: số 488 Minh Khai - Vĩnh Tuy - Hai Bà Trưng - HN Hình ảnh thực tế Đăng nhập để xem số điện thoại Số điện thoại Đăng nhập để xem Vị trí 488 Minh Khai - Vĩnh Tuy - Hai Bà Trưng - HN, Quận Hai Bà Trưng,","","","",""
"VN_0097","Star Club Pickleball - 181 P. Cầu Cốc","181 P. Cầu Cốc, Tây Mỗ, Nam Từ Liêm, Hà Nội, Hà Nội","Pickleball","curated_public_price","unknown","","","99000","","60","lower_bound","https://www.sporta.vn/san/star-club-pickleball-181-p--cau-coc","","2026-10-04","low","Nguồn ghi từ 99k/giờ; chưa biết giá tối đa","court_hour","starting_price","","source_verified"
"VN_0097","Star Club Pickleball - 181 P. Cầu Cốc","181 P. Cầu Cốc, Tây Mỗ, Nam Từ Liêm, Hà Nội, Hà Nội","Pickleball","curated_public_price","unknown","06:00","17:00","100000","100000","60","time_slots","https://shopvnb.com/san-pickleball-star-club-181-cau-coc.html","2026-10-03T08:25:08.147Z","2026-10-03","medium","Nguồn nêu 06:00–17:00: 100.000 đồng/giờ; không nêu nhóm ngày. Giá tham khảo, giữ riêng giá từ 99.000 ở nguồn cũ.","court_hour","approximate","Pickleball","public_source_matched"
"VN_0097","Star Club Pickleball - 181 P. Cầu Cốc","181 P. Cầu Cốc, Tây Mỗ, Nam Từ Liêm, Hà Nội, Hà Nội","Pickleball","curated_public_price","unknown","17:00","22:00","180000","180000","60","time_slots","https://shopvnb.com/san-pickleball-star-club-181-cau-coc.html","2026-10-03T08:25:08.147Z","2026-10-03","medium","Nguồn nêu 17:00–22:00: 180.000 đồng/giờ; không nêu nhóm ngày. Giá tham khảo, không suy diễn ngày áp dụng.","court_hour","approximate","Pickleball","public_source_matched"
"VN_0098","HENA PICKLEBALL - 323 Hữu Hưng","323 Hữu Hưng, Đường 72, Tây Mỗ, Nam Từ Liêm, Hà Nội","Pickleball","curated_public_price","unknown","","","100000","140000","60","price_range_only","https://shopvnb.com/san-pickleball-quan-ha-dong.html","2026-10-03T08:29:49.888Z","2026-10-03","medium","Giá tham khảo công khai; đã đối chiếu tên và địa chỉ. Chưa xác nhận giá đang áp dụng; nguồn không phân ngày/giờ.","court_hour","approximate","Pickleball","public_source_matched"
"VN_0099","Sân pickleball VICEM - 1 Phan Đình Giót","Số 5 Ngõ 1 Phan Đình Giót - Phương Liệt - Thanh Xuân - Hà Nội, Hà Nội","Pickleball","curated_public_price","mon-fri","06:00","17:00","80000","80000","60","time_slots","https://www.sporta.vn/san/san-pickleball-vicem-1-phan-dinh-giot","","2026-10-04","high","Nguồn công bố rõ ngày giờ và giá","court_hour","standard","","source_verified"
"VN_0099","Sân pickleball VICEM - 1 Phan Đình Giót","Số 5 Ngõ 1 Phan Đình Giót - Phương Liệt - Thanh Xuân - Hà Nội, Hà Nội","Pickleball","curated_public_price","sat-sun","06:00","17:00","120000","120000","60","time_slots","https://www.sporta.vn/san/san-pickleball-vicem-1-phan-dinh-giot","","2026-10-04","high","Nguồn công bố rõ ngày giờ và giá","court_hour","standard","","source_verified"
"VN_0099","Sân pickleball VICEM - 1 Phan Đình Giót","Số 5 Ngõ 1 Phan Đình Giót - Phương Liệt - Thanh Xuân - Hà Nội, Hà Nội","Pickleball","curated_public_price","mon-sun","17:00","23:00","180000","180000","60","time_slots","https://www.sporta.vn/san/san-pickleball-vicem-1-phan-dinh-giot","","2026-10-04","high","Nguồn công bố rõ ngày giờ và giá","court_hour","standard","","source_verified"
"VN_0100","Cổ Dương Pickleball - Cổ Dương","Cổ Dương, Đông Anh, Hà Nội, Hà Nội","Pickleball","curated_public_price","unknown","","","56000","150000","60","price_range_only","https://shopvnb.com/san-pickleball-co-duong.html","2026-10-03T08:28:54.041Z","2026-10-03","medium","Tên Cổ Dương và huyện Đông Anh khớp; nguồn nêu xã Tiên Dương. Không có địa chỉ số nhà để đối chiếu chi tiết. Giá tham khảo, chưa xác nhận hiện hành.","court_hour","approximate","Pickleball","public_source_matched"
"VN_0101","Sunrise Pickleball - 93 Đức Giang","93 Đức Giang – Long Biên – Hà Nội – Cổng số 1, Hà Nội","Pickleball","no_public_price","","","","","","","none","https://www.sporta.vn/san/sunrise-pickleball-93-duc-giang","2026-10-04T13:27:03.120Z","2026-10-04","none","","","","",""
"VN_0102","SportsHub - 40 Phạm Hùng","40 Phạm Hùng, Phường Mỹ Đình 2, Quận Nam Từ Liêm, Hà Nội, Hà Nội","Pickleball","curated_public_price","unknown","","","120000","250000","60","price_range_only","https://shopvnb.com/san-pickleball-quan-nam-tu-liem.html","2026-10-03T08:29:52.365Z","2026-10-03","medium","Giá tham khảo công khai; đã đối chiếu tên và địa chỉ. Chưa xác nhận giá đang áp dụng; nguồn không phân ngày/giờ.","court_hour","approximate","Pickleball","public_source_matched"
"VN_0103","Forheads Pickleball Club - 564 Đ. Nguyễn Văn Cừ","564 Đ. Nguyễn Văn Cừ, Ngọc Lâm, Long Biên, Hà Nội, Hà Nội","Pickleball","no_public_price","","","","","","","none","https://www.sporta.vn/san/forheads-pickleball-club-564-d--nguyen-van-cu","2026-10-04T13:27:02.983Z","2026-10-04","none","","","","",""
"VN_0104","RAILWAY PICKLEBALL - Khâm Thiên","2D P. Khâm Thiên, Thổ Quan, Hà Nội., Hà Nội","Pickleball","curated_public_price","unknown","","","180000","250000","","price_range_only","https://shopvnb.com/san-pickleball-quan-dong-da.html","2026-10-03T08:29:53.548Z","2026-10-03","low","Giá tham khảo công khai; đã đối chiếu tên và địa chỉ. Chưa xác nhận giá đang áp dụng; nguồn không phân ngày/giờ.","court_unknown_duration","approximate","Pickleball","public_source_matched"
"VN_0105","Sân Pickleball Đại Học Kiểm Sát - Đ. Ý La","59 ngõ 230 Đường Ý La, Dương Kinh, Hà Đông, Hà Nội, Hà Nội","Pickleball","no_public_price","","","","","","","none","https://www.sporta.vn/san/san-pickleball-dai-hoc-kiem-sat-d--y-la","2026-10-04T13:27:03.153Z","2026-10-04","none","","","","",""
"VN_0106","Pickleball Diệp Linh - Đông Anh","Diệp Linh Plaza, Tổ 6 km12, QL3, Đông Anh, Hà Nội, Hà Nội","Pickleball","curated_public_price","unknown","","","100000","150000","60","price_range_only","https://shopvnb.com/san-pickleball-diep-linh.html","2026-10-03T08:27:47.491Z","2026-10-03","medium","Giá tham khảo công khai; đã đối chiếu tên và địa chỉ. Chưa xác nhận giá đang áp dụng; nguồn không phân ngày/giờ.","court_hour","approximate","Pickleball","public_source_matched"
"VN_0107","VMC Pickle Ball - 6B Nhuê Giang","6B Nhuê Giang – Tây Mô – Nam Tư Liêm – Hà Nội, Hà Nội","Pickleball","curated_public_price","mon-sun","06:00","16:00","60000","60000","60","time_slots","https://shopvnb.com/vmc-pickleball.html","","2026-10-04","medium","Nguồn dùng từ khoảng; chưa xác nhận trực tiếp","court_hour","approximate","","source_verified"
"VN_0107","VMC Pickle Ball - 6B Nhuê Giang","6B Nhuê Giang – Tây Mô – Nam Tư Liêm – Hà Nội, Hà Nội","Pickleball","curated_public_price","mon-sun","16:00","23:00","120000","120000","60","time_slots","https://shopvnb.com/vmc-pickleball.html","","2026-10-04","medium","Nguồn dùng từ khoảng; chưa xác nhận trực tiếp","court_hour","approximate","","source_verified"
"VN_0108","Kings Pickleball Club - 53 Phố Đức Giang","Số 47 Ngõ 53 Phố Đức Giang, Phường Đức Giang, Quận Long Biên, Hà Nội, Hà Nội","Pickleball","no_public_price","","","","","","","none","https://www.sporta.vn/san/kings-pickleball-club-53-pho-duc-giang","2026-10-04T13:27:03.364Z","2026-10-04","none","","","","",""
"VN_0109","DAI KIM Pickleball Complex - Đại Kim","Ban quản lý dự án Đại Kim - Đại Kim - Hoàng Mai - Hà Nội (Phía sau Đại học Thăng Long)., Hà Nội","Pickleball","no_public_price","","","","","","","none","https://www.sporta.vn/san/dai-kim-pickleball-complex-dai-kim","2026-10-04T13:27:03.365Z","2026-10-04","none","","","","",""
"VN_0110","The Mezzo - 15B Hồng Hà","15B Hồng Hà, Ba Đình, Hà Nội, Hà Nội","Pickleball","no_public_price","","","","","","","none","https://www.sporta.vn/san/the-mezzo-15b-hong-ha","2026-10-04T13:27:03.287Z","2026-10-04","none","","","","",""
"VN_0111","The Pickleball Lounge - Vinhomes Riverside","Trung Quốc tế Anh BIS Hà Nội, Vinhomes Riverside, đường Hoa Lan, Long Biên, Hà Nội, Hà Nội","Pickleball","no_public_price","","","","","","","none","https://www.sporta.vn/san/the-pickleball-lounge-vinhomes-riverside","2026-10-04T13:27:03.404Z","2026-10-04","none","","","","",""
"VN_0112","Pickleball 1987 - Đông Ngàn","3V96+WG3 Đối Diện Điếm Canh, Đê Số 14, Đông Ngàn, Đông Anh, Hà Nội, Việt Nam, Hà Nội","Pickleball","no_public_price","","","","","","","none","https://www.sporta.vn/san/pickleball-1987-dong-ngan","2026-10-04T13:27:03.557Z","2026-10-04","none","","","","",""
"VN_0113","VIVA LA PICKLEBALL - 409 An Dương Vương","Ngõ 409 An Dương Vương, Phường Phú Thượng, Quận Tây Hồ, Hà Nội","Pickleball","no_public_price","","","","","","","none","https://www.sporta.vn/san/viva-la-pickleball-409-an-duong-vuong","2026-10-04T13:27:03.679Z","2026-10-04","none","","","","",""
"VN_0114","Pickleball 228 Cầu Cốc","228 Cầu Cốc, Tây Mỗ, Nam Từ Liêm, Hà Nội, Hà Nội","Pickleball","curated_public_price","unknown","","","80000","180000","60","price_range_only","https://shopvnb.com/san-pickleball-228-cau-coc.html","2026-10-03T08:28:20.729Z","2026-10-03","medium","Giá tham khảo công khai; đã đối chiếu tên và địa chỉ. Chưa xác nhận giá đang áp dụng; nguồn không phân ngày/giờ.","court_hour","approximate","Pickleball","public_source_matched"
"VN_0115","HK Sport Pickleball - 02 Phúc Tân","02 Phúc Tân, Phường Phúc Tân, Quận Hoàn Kiếm, Hà Nội., Hà Nội","Pickleball","curated_public_price","unknown","","","120000","240000","60","price_range_only","https://shopvnb.com/san-pickleball-hk-sport.html","2026-10-03T08:26:48.973Z","2026-10-03","medium","Giá tham khảo công khai; đã đối chiếu tên và địa chỉ. Chưa xác nhận giá đang áp dụng; nguồn không phân ngày/giờ.","court_hour","approximate","Pickleball","public_source_matched"
"VN_0116","Stamina Pickleball - 106 Hoàng Quốc Việt","Ngõ 106 Hoàng Quốc Việt, KĐTM Nghĩa Đô, Cổ Nhuế, Bắc Từ Liêm, Hà Nội, Hà Nội","Pickleball","no_public_price","","","","","","","none","https://www.sporta.vn/san/stamina-pickleball-106-hoang-quoc-viet","2026-10-04T13:27:03.821Z","2026-10-04","none","","","","",""
"VN_0117","Ohlala Pickleball - 465B Hoàng Hoa Thám","465B Hoàng Hoa Thám, Vĩnh Phúc, Ba Đình, Hà Nội, Hà Nội","Pickleball","curated_public_price","unknown","","","160000","230000","","price_range_only","https://thegioithethao.vn/san-pickleball-ohlala-f-5W4yp","2026-10-04T14:12:37.518Z","2026-10-04","low","Giá tham khảo công khai; đã đối chiếu tên và địa chỉ. Chưa xác nhận giá đang áp dụng; nguồn không phân ngày/giờ.","court_unknown_duration","approximate","Pickleball","public_source_matched"
"VN_0118","Sân Picklezoo - 151 Hoàng Hoa Thám","Ngõ 151 Hoàng Hoa Thám, P. Ngọc Hà, Q. Ba Đình, Hà Nội, Hà Nội","Pickleball","no_public_price","","","","","","","none","https://www.sporta.vn/san/san-picklezoo-151-hoang-hoa-tham","2026-10-04T13:27:03.972Z","2026-10-04","none","","","","",""
"VN_0119","MTV Pickleball - 25 Đào Duy Tùng","25 Đào Duy Tùng Đông Anh Hà Nội, Hà Nội","Pickleball","no_public_price","","","","","","","none","https://www.sporta.vn/san/mtv-pickleball-25-dao-duy-tung","2026-10-04T13:27:03.941Z","2026-10-04","none","","","","",""
"VN_0120","MAX BRO - chợ Gia Lâm","Tầng 3 chợ Gia Lâm, ngõ 366 Phố Ngọc Lâm, Long Biên, Hà Nội, Hà Nội","Cầu lông","no_public_price","","","","","","","none","https://www.sporta.vn/san/max-bro-cho-gia-lam","2026-10-04T13:27:04.006Z","2026-10-04","none","","","","",""
"VN_0121","Maxpings Pickleball - 120 Định Công","120 Định Công, Hà Nội","Pickleball","no_public_price","","","","","","","none","https://www.sporta.vn/san/maxpings-pickleball-120-dinh-cong","2026-10-04T13:27:04.206Z","2026-10-04","none","","","","",""
"VN_0122","Sammy Pickleball Park","Hồng Tiến kéo dài, Hà Nội","Pickleball","curated_public_price","unknown","","","120000","190000","","price_range_only","https://thegioithethao.vn/san-sammy-pickleball-park-f-yaBCE","2026-10-04T14:03:44.045Z","2026-10-04","low","Giá tham khảo công khai; đã đối chiếu tên và địa chỉ. Chưa xác nhận giá đang áp dụng; nguồn không phân ngày/giờ.","court_unknown_duration","approximate","Pickleball","public_source_matched"
"VN_0123","T2T Picleball - Khuất Duy Tiến","Khuất Duy Tiến, Hà Nội","Pickleball","no_public_price","","","","","","","none","https://www.sporta.vn/san/t2t-picleball-khuat-duy-tien","2026-10-04T13:27:04.154Z","2026-10-04","none","","","","",""
"VN_0124","NET Sports - 18 Tam Trinh","18 Tam Trinh, Hoàng Mai, Hà Nội (cạnh gara ô tô 199), Hà Nội","Pickleball","curated_public_price","unknown","","","130000","230000","60","price_range_only","https://shopvnb.com/san-pickleball-net-sports.html","2026-10-03T08:30:44.309Z","2026-10-03","medium","Giá tham khảo công khai; đã đối chiếu tên và địa chỉ. Chưa xác nhận giá đang áp dụng; nguồn không phân ngày/giờ.","court_hour","approximate","Pickleball","public_source_matched"
"VN_0125","Đầm Chuối Pickleball - Cuối ngõ 509, Vũ Tông Phan","Cuối ngõ 509, phố Vũ Tông Phan, Hà Nội","Pickleball","no_public_price","","","","","","","none","https://www.sporta.vn/san/dam-chuoi-pickleball-cuoi-ngo-509--vu-tong-phan","2026-10-04T13:27:04.221Z","2026-10-04","none","","","","",""
"VN_0126","Pickleball PTC - 658 Nguyễn Khoái","658 Nguyễn Khoái – Hoàng Mai – Hà Nội, Hà Nội","Pickleball","curated_public_price","unknown","","","100000","230000","60","price_range_only","https://shopvnb.com/san-pickleball-quan-hoang-mai.html","2026-10-03T08:29:51.071Z","2026-10-03","medium","Giá tham khảo công khai; đã đối chiếu tên và địa chỉ. Chưa xác nhận giá đang áp dụng; nguồn không phân ngày/giờ.","court_hour","approximate","Pickleball","public_source_matched"
"VN_0127","Agriball Pickleball - Nhà thi đấu Ngô Xuân Quảng","Nhà thi đấu Ngô Xuân Quảng, Hà Nội","Pickleball","no_public_price","","","","","","","none","https://www.sporta.vn/san/agriball-pickleball-nha-thi-dau-ngo-xuan-quang","2026-10-04T13:27:04.416Z","2026-10-04","none","","","","",""
"VN_0128","Catchy Pickleball Club - 150 phố Tân Khai","Đối diện ngõ 150 phố Tân Khai, quận Hoàng Mai, Hà Nội, Hà Nội","Pickleball","curated_public_price","unknown","","","100000","220000","","price_range_only","https://thegioithethao.vn/san-pickleball-catchy-club-f-HZvkm","2026-10-04T14:11:21.881Z","2026-10-04","low","Tên Catchy và phố Tân Khai khớp; nguồn thiếu số ngõ 150. Giá chưa rõ thời lượng, chưa xác nhận hiện hành.","court_unknown_duration","approximate","Pickleball","public_source_matched"
"VN_0129","Sân Bóng Đá 1688+ Thanh Hà","Khu Đô Thị Thanh Hà, Hà Nội","Bóng đá","no_public_price","","","","","","","none","https://www.sporta.vn/san/san-bong-da-1688--thanh-ha","2026-10-04T13:27:04.537Z","2026-10-04","none","","","","",""
"VN_0130","Sân Bóng Đông Lao","XP98+PRW, Unnamed Road, Đông La, Hà Nội","Bóng đá","no_public_price","","","","","","","none","https://www.sporta.vn/san/san-bong-dong-lao","2026-10-04T13:27:04.501Z","2026-10-04","none","","","","",""
"VN_0131","Sân Bóng Bắc Việt","XQFW+846, khu phát tín cuối đường chiến thắng hà đông, Ngõ 1, Tân Triều, Hà Nội","Bóng đá","no_public_price","","","","","","","none","https://www.sporta.vn/san/san-bong-bac-viet","2026-10-04T13:27:04.571Z","2026-10-04","none","","","","",""
"VN_0132","Pickleball Gamuda Sky - Đ. 2.4 Gamuda","Đường 2.4 Gamuda, phường Trần Phú, Hoàng Mai, Hà Nội, Hà Nội","Pickleball","curated_public_price","mon-sun","","","50000","","60","lower_bound","https://www.sporta.vn/san/pickleball-gamuda-sky-d--2-4-gamuda","","2026-10-04","low","Nguồn ghi từ 50k/giờ; chưa rõ điều kiện","court_hour","starting_price","","source_verified"
"VN_0132","Pickleball Gamuda Sky - Đ. 2.4 Gamuda","Đường 2.4 Gamuda, phường Trần Phú, Hoàng Mai, Hà Nội, Hà Nội","Pickleball","curated_public_price","mon-sun","","","100000","100000","60","price_point","https://www.sporta.vn/san/pickleball-gamuda-sky-d--2-4-gamuda","","2026-10-04","medium","Gói trải nghiệm","court_hour","experience_package","","source_verified"
"VN_0132","Pickleball Gamuda Sky - Đ. 2.4 Gamuda","Đường 2.4 Gamuda, phường Trần Phú, Hoàng Mai, Hà Nội, Hà Nội","Pickleball","curated_public_price","mon-sun","","","150000","150000","60","price_point","https://www.sporta.vn/san/pickleball-gamuda-sky-d--2-4-gamuda","","2026-10-04","medium","Gói linh hoạt mọi khung giờ","court_hour","flexible_package","","source_verified"
"VN_0132","Pickleball Gamuda Sky - Đ. 2.4 Gamuda","Đường 2.4 Gamuda, phường Trần Phú, Hoàng Mai, Hà Nội, Hà Nội","Pickleball","curated_public_price","mon-sun","","","400000","400000","60","price_point","https://www.sporta.vn/san/pickleball-gamuda-sky-d--2-4-gamuda","","2026-10-04","medium","Gồm phí sân và HLV; không phải giá sân thuần","bundle_hour","court_plus_coach","","source_verified"
"VN_0133","Cụm 4 sân Pickleball - 57 Xuân Quỳnh","57 Xuân Quỳnh, Hà Nội","Pickleball","no_public_price","","","","","","","none","https://www.sporta.vn/san/cum-4-san-pickleball-57-xuan-quynh","2026-10-04T13:27:04.771Z","2026-10-04","none","","","","",""
"VN_0134","Sân Bóng đá Yên Thành","70 Đường Phúc Thành, Biên Giang, Hà Nội","Bóng đá","no_public_price","","","","","","","none","https://www.sporta.vn/san/san-bong-da-yen-thanh","2026-10-04T13:27:04.721Z","2026-10-04","none","","","","",""
"VN_0135","Sân Bóng Gamuda The One","Đường số 2 Gamuda Garden, Gamuda Gardens, Hoàng Mai, Hà Nội, Hà Nội","Bóng đá","no_public_price","","","","","","","none","https://www.sporta.vn/san/san-bong-gamuda-the-one","2026-10-04T13:27:04.854Z","2026-10-04","none","","","","",""
"VN_0136","Pickzone - 396 Nguyễn Xiển","396 Nguyễn Xiển, Hà Nội","Pickleball","no_public_price","","","","","","","none","https://www.sporta.vn/san/pickzone-396-nguyen-xien","2026-10-04T13:27:04.869Z","2026-10-04","none","","","","",""
"VN_0137","BallBurn Pickle Club & Bistro - 614 Lạc Long Quân","614 Lạc Long Quân, Hà Nội","Pickleball","curated_public_price","unknown","","","190000","290000","","price_range_only","https://thegioithethao.vn/ballburn-pickle-club-bistro-f-JW1O0","2026-10-04T14:12:31.857Z","2026-10-04","low","Giá tham khảo công khai; đã đối chiếu tên và địa chỉ. Chưa xác nhận giá đang áp dụng; nguồn không phân ngày/giờ.","court_unknown_duration","approximate","","public_source_matched"
"VN_0138","DC Pickleball Hub - 71 Trần Nguyên Đán","71 Trần Nguyên Đán, phường Định Công, quận Hoàng Mai, Hà Nội, Hà Nội","Pickleball","curated_public_price","unknown","","","120000","200000","","price_range_only","https://thegioithethao.vn/dc-pickleball-hub-f-pvwa3","2026-10-04T14:11:18.109Z","2026-10-04","low","Giá tham khảo công khai; đã đối chiếu tên và địa chỉ. Chưa xác nhận giá đang áp dụng; nguồn không phân ngày/giờ.","court_unknown_duration","approximate","Pickleball","public_source_matched"
"VN_0139","4Seasons - 315 Vĩnh Hưng","315 Vĩnh Hưng, Hoàng Mai, Hà Nội, Hà Nội","Pickleball","no_public_price","","","","","","","none","https://www.sporta.vn/san/4seasons-315-vinh-hung","2026-10-04T13:27:04.884Z","2026-10-04","none","","","","",""
"VN_0140","Phù Lỗ Pickleball - 21a Quốc Lộ 3","21a Quốc Lộ 3, Hà Nội","Pickleball","no_public_price","","","","","","","none","https://www.sporta.vn/san/phu-lo-pickleball-21a-quoc-lo-3","2026-10-04T13:27:05.072Z","2026-10-04","none","","","","",""
"VN_0141","Pickleball Bồ Đề - 237 Phú Viên","237 Phú Viên, Hà Nội","Pickleball","curated_public_price","unknown","","","120000","180000","60","price_range_only","https://shopvnb.com/san-pickleball-bo-de.html","2026-10-03T08:26:59.137Z","2026-10-03","medium","Giá tham khảo công khai; đã đối chiếu tên và địa chỉ. Chưa xác nhận giá đang áp dụng; nguồn không phân ngày/giờ.","court_hour","approximate","Pickleball","public_source_matched"
"VN_0142","Hoàng Mai","Yên Sở, Hà Nội","Cầu lông","no_public_price","","","","","","","none","https://www.sporta.vn/san/hoang-mai","2026-10-04T13:27:05.202Z","2026-10-04","none","","","","",""
"VN_0143","Pickleball 163 Trần Hòa","163 Trần Hòa, Đại Kim, Hoàng Mai, Hà Nội, Hà Nội","Pickleball","curated_public_price","unknown","","","100000","180000","60","price_range_only","https://shopvnb.com/san-pickleball-163-tran-hoa.html","2026-10-03T08:28:31.075Z","2026-10-03","medium","Giá tham khảo công khai; đã đối chiếu tên và địa chỉ. Chưa xác nhận giá đang áp dụng; nguồn không phân ngày/giờ.","court_hour","approximate","Pickleball","public_source_matched"
"VN_0144","Sân Bóng Giáo Xứ Yên Hòa","7MCG+WX4, Yên Hòa, Hà Nội","Bóng đá","no_public_price","","","","","","","none","https://www.sporta.vn/san/san-bong-giao-xu-yen-hoa","2026-10-04T13:27:05.188Z","2026-10-04","none","","","","",""
"VN_0145","Taydo Pickleball - P. Yên Sở","Khu X2A, phường Yên Sở, quận Hoàng Mai, Hà Nội, Hà Nội","Pickleball","curated_public_price","unknown","","","160000","190000","60","price_range_only","https://shopvnb.com/san-pickleball-quan-hoang-mai.html","2026-10-03T08:29:51.071Z","2026-10-03","medium","Giá tham khảo công khai; đã đối chiếu tên và địa chỉ. Chưa xác nhận giá đang áp dụng; nguồn không phân ngày/giờ.","court_hour","approximate","Pickleball","public_source_matched"
"VN_0146","Pickleball Heypick - 292 Kim Giang","Cuối ngõ 292 Kim Giang, Đại Kim, Hoàng Mai, Hà Nội, Hà Nội","Pickleball","curated_public_price","unknown","","","160000","160000","60","price_point","https://www.sporta.vn/san/pickleball-heypick-292-kim-giang","","2026-10-04","medium","Khung giờ vàng nhưng nguồn không nêu giờ","court_hour","peak_unspecified","","source_verified"
"VN_0146","Pickleball Heypick - 292 Kim Giang","Cuối ngõ 292 Kim Giang, Đại Kim, Hoàng Mai, Hà Nội, Hà Nội","Pickleball","curated_public_price","unknown","","","150000","150000","60","price_point","https://www.sporta.vn/san/pickleball-heypick-292-kim-giang","","2026-10-04","medium","Giá đặt cố định theo tháng","court_hour","fixed_monthly","","source_verified"
"VN_0146","Pickleball Heypick - 292 Kim Giang","Cuối ngõ 292 Kim Giang, Đại Kim, Hoàng Mai, Hà Nội, Hà Nội","Pickleball","curated_public_price","unknown","","","140000","140000","60","price_point","https://www.sporta.vn/san/pickleball-heypick-292-kim-giang","","2026-10-04","medium","Giá đặt cố định theo quý","court_hour","fixed_quarterly","","source_verified"
"VN_0147","Thanh Lân Pickle Ball - 55 Thanh Lân","55 Thanh Lân, Thanh Trì, Hoàng Mai, Hà Nội, Hà Nội","Pickleball","no_public_price","","","","","","","none","https://www.sporta.vn/san/thanh-lan-pickle-ball-55-thanh-lan","2026-10-04T13:27:06.004Z","2026-10-04","none","","","","",""
"VN_0148","Pickleball NFS Arena - 88/389 Trương Định","88/389 Trương Định – Tân Mai – Hoàng Mai – Hà Nội, Hà Nội","Pickleball","no_public_price","","","","","","","none","https://www.sporta.vn/san/pickleball-nfs-arena-88-389-truong-dinh","2026-10-04T13:27:05.372Z","2026-10-04","none","","","","",""
"VN_0149","Sân bóng khu đô thị","168 P. Yên Bình, P. Phúc La, Hà Nội","Bóng đá","no_public_price","","","","","","","none","https://www.sporta.vn/san/san-bong-khu-do-thi","2026-10-04T13:27:05.355Z","2026-10-04","none","","","","",""
"VN_0150","SÂN BÓNG HOÀ BÌNH LONG BIÊN","2V9V+VMJ, Hà Nội","Bóng đá","no_public_price","","","","","","","none","https://www.sporta.vn/san/san-bong-hoa-binh-long-bien","2026-10-04T13:27:05.422Z","2026-10-04","none","","","","",""
"VN_0151","Sân bóng Minh Kiệt","XQQ3+525, Dương Nội, Hà Nội","Bóng đá","curated_public_price","unknown","","","300000","800000","","price_range_only","https://diadiem247.com/ha-noi/san-bong-minh-kiet-duong-noi-l369162.html","2026-10-03T08:32:16.387Z","2026-10-03","low","Giá tham khảo công khai; đã đối chiếu tên và địa chỉ. Chưa xác nhận giá đang áp dụng; nguồn không phân ngày/giờ.","court_unknown_duration","approximate","Bóng đá","public_source_matched"
"VN_0152","Sân Bóng ĐH Phenikaa","XP6X+HGP, La Khê, Hà Nội","Bóng đá","no_public_price","","","","","","","none","https://www.sporta.vn/san/san-bong-dh-phenikaa","2026-10-04T13:27:05.800Z","2026-10-04","none","","","","",""
"VN_0153","Sân vận động Học viện Chính trị","XQF8+MXF, P. Quang Trung, Hà Nội","Cầu lông","no_public_price","","","","","","","none","https://www.sporta.vn/san/san-van-dong-hoc-vien-chinh-tri","2026-10-04T13:27:06.103Z","2026-10-04","none","","","","",""
"VN_0154","Sân Bóng Văn La","XQ47+2C8, X2 P. Văn La, Khu đô thị Văn Phú, Hà Nội","Bóng đá","no_public_price","","","","","","","none","https://www.sporta.vn/san/san-bong-van-la","2026-10-04T13:27:05.969Z","2026-10-04","none","","","","",""
"VN_0155","Sân bóng đá Học viện Kỹ thuật Mật mã","141 Chiến Thắng, Tân Triều, Hà Nội","Bóng đá","no_public_price","","","","","","","none","https://www.sporta.vn/san/san-bong-da-hoc-vien-ky-thuat-mat-ma","2026-10-04T13:27:06.017Z","2026-10-04","none","","","","",""
"VN_0156","Sân bóng Đô Nghĩa","Yên Nghĩa, Hà Nội","Bóng đá","no_public_price","","","","","","","none","https://www.sporta.vn/san/san-bong-do-nghia","2026-10-04T13:27:05.971Z","2026-10-04","none","","","","",""
"VN_0157","Van Quan Football Stadium","XQFP+GJ2, P. Phúc La, Hà Nội","Bóng đá","no_public_price","","","","","","","none","https://www.sporta.vn/san/van-quan-football-stadium","2026-10-04T13:27:05.954Z","2026-10-04","none","","","","",""
"VN_0158","Sân bóng đá hà trì, phường hà cầu, hà đông Hà Nội","Ngã 4 P. Hà Trì, Hà Cầu, Hà Nội","Bóng đá","curated_public_price","unknown","","","400000","900000","","price_range_only","https://diadiem247.com/ha-noi/san-bong-ha-tri-ha-dong-l369160.html","2026-10-03T08:32:18.270Z","2026-10-03","low","Khớp tên sân Hà Trì và phường Hà Cầu; nguồn nêu khu 2, danh mục nêu ngã tư. Giá theo trận, chưa rõ số phút.","court_match","approximate","Bóng đá","public_source_matched"
"VN_0159","Sân Bóng Đá La Khê","XQ96+X49, Đ. Lê Trọng Tấn, La Khê, Hà Nội","Bóng đá","no_public_price","","","","","","","none","https://www.sporta.vn/san/san-bong-da-la-khe","2026-10-04T13:27:06.269Z","2026-10-04","none","","","","",""
"VN_0160","Sân bóng rổ","5 Liền Kề 4 ĐTM, Tổ 10, Hà Nội","Bóng đá","no_public_price","","","","","","","none","https://www.sporta.vn/san/san-bong-ro","2026-10-04T13:27:06.339Z","2026-10-04","none","","","","",""
"VN_0161","Sân Tennis O2 (Ông Tình)","XQFR+RRJ, P. Phúc La, Hà Nội","Tennis","curated_public_price","unknown","","","200000","400000","","price_range_only","https://www.decathlon.vn/blog/san-tennis-ha-noi/","2026-10-04","2026-10-04","low","Giá tham khảo công khai; đã đối chiếu tên và địa chỉ. Chưa xác nhận giá đang áp dụng; nguồn không phân ngày/giờ.","court_match","approximate","Tennis","public_source_matched"
"VN_0162","Sân Bóng Cầu Đơ","XQ9G+6H5, Lê Hồng Phong, P. Nguyễn Trãi, Hà Nội","Bóng đá","no_public_price","","","","","","","none","https://www.sporta.vn/san/san-bong-cau-do","2026-10-04T13:27:06.285Z","2026-10-04","none","","","","",""
"VN_0163","Sân bóng chuyền VHD","XQ57+JF5, Khu đô thị Văn Phú, Hà Nội","Bóng đá","no_public_price","","","","","","","none","https://www.sporta.vn/san/san-bong-chuyen-vhd","2026-10-04T13:27:06.347Z","2026-10-04","none","","","","",""
"VN_0164","Sân bóng Mậu Lương","XQ4V+GC3, P. Hoàng Công, Kiến Hưng, Hà Nội","Bóng đá","no_public_price","","","","","","","none","https://www.sporta.vn/san/san-bong-mau-luong","2026-10-04T13:27:06.727Z","2026-10-04","none","","","","",""
"VN_0165","Sân Bóng Tuấn Đông","VMC8+947, Xóm Đừn, Hà Nội","Bóng đá","no_public_price","","","","","","","none","https://www.sporta.vn/san/san-bong-tuan-dong","2026-10-04T13:27:06.451Z","2026-10-04","none","","","","",""
"VN_0166","Sân bóng TDP3 La Khê","XQ96+5XH, làng La Khê, Hà Nội","Bóng đá","no_public_price","","","","","","","none","https://www.sporta.vn/san/san-bong-tdp3-la-khe","2026-10-04T13:27:06.504Z","2026-10-04","none","","","","",""
"VN_0167","VietGoal Trung tâm Hà Đông","Sân bóng, P. Hà Trì, Hà Trì, Hà Nội","Cầu lông","no_public_price","","","","","","","none","https://www.sporta.vn/san/vietgoal-trung-tam-ha-dong","2026-10-04T13:27:06.620Z","2026-10-04","none","","","","",""
"VN_0168","Sân Bóng Dương Nội","Dương Kinh, Hà Nội","Bóng đá","no_public_price","","","","","","","none","https://www.sporta.vn/san/san-bong-duong-noi","2026-10-04T13:27:06.621Z","2026-10-04","none","","","","",""
"VN_0169","Sân bóng chuyền Metro Hà Đông","Đ. Tô Hiệu, Hà Cầu, Hà Nội","Bóng đá","no_public_price","","","","","","","none","https://www.sporta.vn/san/san-bong-chuyen-metro-ha-dong","2026-10-04T13:27:06.569Z","2026-10-04","none","","","","",""
"VN_0170","Sân Bóng Trường Tiểu Học Lê Quý Đôn","Dương Kinh, Hà Nội","Bóng đá","no_public_price","","","","","","","none","https://www.sporta.vn/san/san-bong-truong-tieu-hoc-le-quy-don","2026-10-04T13:27:06.711Z","2026-10-04","none","","","","",""
"VN_0171","Sân Bóng Yên nghĩa","XP3J+M4R, Đường Chợ, Yên Nghĩa, Hà Nội","Bóng đá","no_public_price","","","","","","","none","https://www.sporta.vn/san/san-bong-yen-nghia","2026-10-04T13:27:07.101Z","2026-10-04","none","","","","",""
"VN_0172","Sân bóng An Hưng","XQF2+QQH, Khu đô thị An Hưng, Hà Nội","Bóng đá","no_public_price","","","","","","","none","https://www.sporta.vn/san/san-bong-an-hung","2026-10-04T13:27:06.804Z","2026-10-04","none","","","","",""
"VN_0173","Sân bóng Duy Hưng Hà Đông","XQF8+FXX, Vạn Phúc, Hà Nội","Bóng đá","no_public_price","","","","","","","none","https://www.sporta.vn/san/san-bong-duy-hung-ha-dong","2026-10-04T13:27:06.891Z","2026-10-04","none","","","","",""
"VN_0174","Sân Bóng Xa La","P. Phúc La, Hà Nội","Bóng đá","no_public_price","","","","","","","none","https://www.sporta.vn/san/san-bong-xa-la","2026-10-04T13:27:06.862Z","2026-10-04","none","","","","",""
"VN_0175","Sân Bóng Bắc Lãm","WQQF+994, Phú Lương, Hà Nội","Bóng đá","no_public_price","","","","","","","none","https://www.sporta.vn/san/san-bong-bac-lam","2026-10-04T13:27:06.878Z","2026-10-04","none","","","","",""
"VN_0176","Trung tâm dạy Bóng đá Trẻ em VietGoal Văn Phú","P. Phú La/35 P. Văn La, Phú La, Hà Nội","Bóng đá","no_public_price","","","","","","","none","https://www.sporta.vn/san/trung-tam-day-bong-da-tre-em-vietgoal-van-phu","2026-10-04T13:27:07.102Z","2026-10-04","none","","","","",""
"VN_0177","Sân Bóng trường Nguyễn Huệ","560b Đ. Quang Trung, La Khê, Hà Nội","Bóng đá","no_public_price","","","","","","","none","https://www.sporta.vn/san/san-bong-truong-nguyen-hue","2026-10-04T13:27:07.229Z","2026-10-04","none","","","","",""
"VN_0178","Sân vận động C500","P. Văn Quán, Hà Nội","Cầu lông","no_public_price","","","","","","","none","https://www.sporta.vn/san/san-van-dong-c500","2026-10-04T13:27:07.487Z","2026-10-04","none","","","","",""
"VN_0179","Lê Xuân - Kỳ Hòa 2","Kỳ Hòa 2, 796/18 Đ. Sư Vạn Hạnh, Hồ Chí Minh","Pickleball","no_public_price","","","","","","","none","https://www.sporta.vn/san/le-xuan-ky-hoa-2","2026-10-04T13:27:07.213Z","2026-10-04","none","","","","",""
"VN_0180","Việt Nam Hoàng Gia SaiGon 102 Pickleball - 70 TL43","70 TL43, Hồ Chí Minh","Pickleball","curated_public_price","unknown","05:00","22:00","120000","120000","60","time_slots","https://www.sporta.vn/san/viet-nam-hoang-gia-saigon-102-pickleball-70-tl43","","2026-10-04","medium","Có giờ và giá nhưng không nêu nhóm ngày","court_hour","standard","","source_verified"
"VN_0181","Gym One Pickleball","26A Lê Quý Đôn, Phường Võ Thị Sáu, Hồ Chí Minh","Pickleball","curated_public_price","unknown","","","175000","240000","60","price_range_only","https://shopvnb.com/san-pickleball-gym-one.html","2026-10-03T08:28:45.940Z","2026-10-03","medium","Giá tham khảo công khai; đã đối chiếu tên và địa chỉ. Chưa xác nhận giá đang áp dụng; nguồn không phân ngày/giờ.","court_hour","approximate","Pickleball","public_source_matched"
"VN_0182","Happy Hub Pickleball - 458 Đường Nguyễn Tất Thành","458 Đường Nguyễn Tất Thành, Hồ Chí Minh","Pickleball","no_public_price","","","","","","","none","https://www.sporta.vn/san/happy-hub-pickleball-458-duong-nguyen-tat-thanh","2026-10-04T13:27:07.320Z","2026-10-04","none","","","","",""
"VN_0183","WareHouse Pickleball - 749 Quang Trung","749 Quang Trung, Hồ Chí Minh","Pickleball","no_public_price","","","","","","","none","https://www.sporta.vn/san/arehouse-pickleball-749-quang-trung","2026-10-04T13:27:07.537Z","2026-10-04","none","","","","",""
"VN_0184","Nguyễn Du Pickleball - 116 Nguyễn Du","Nhà thi đấu Nguyễn Du, 116 Nguyễn Du, Hồ Chí Minh","Pickleball","curated_public_price","unknown","","","150000","300000","60","price_range_only","https://shopvnb.com/san-pickleball-quan-1.html","2026-10-03T08:28:47.128Z","2026-10-03","medium","Giá tham khảo công khai; đã đối chiếu tên và địa chỉ. Chưa xác nhận giá đang áp dụng; nguồn không phân ngày/giờ.","court_hour","approximate","Pickleball","public_source_matched"
"VN_0185","USC Thanh Mỹ Lợi Pickleball - 91 TML Thủ Thiêm Villa","P, TP Thủ Đức, Thành phố Hồ Chí Minh - Link Map: https://maps.app.goo.gl/k1Ut6ETixXMnhwRF7, Hồ Chí Minh","Pickleball","no_public_price","","","","","","","none","https://www.sporta.vn/san/usc-thanh-my-loi-pickleball-91-tml-thu-thiem-villa","2026-10-04T13:27:07.586Z","2026-10-04","none","","","","",""
"VN_0186","Big83 Pickleball & Coffee - 108 đường 51","108 đường 51, Hồ Chí Minh","Pickleball","no_public_price","","","","","","","none","https://www.sporta.vn/san/big83-pickleball---coffee-108-duong-51","2026-10-04T13:27:07.619Z","2026-10-04","none","","","","",""
"VN_0187","Pickleball Q8 - Số 06 Dương Quang Đông","Số 06 Dương Quang Đông, Hồ Chí Minh","Pickleball","no_public_price","","","","","","","none","https://www.sporta.vn/san/pickleball-q8-so-06-duong-quang-dong","2026-10-04T13:27:07.703Z","2026-10-04","none","","","","",""
"VN_0188","ALP Pickleball & Coffee - 125/12/29 An Phú Đông 9","125/12/29 An Phú Đông 9, Hồ Chí Minh","Pickleball","no_public_price","","","","","","","none","https://www.sporta.vn/san/alp-pickleball---coffee-125-12-29-an-phu-dong-9","2026-10-04T13:27:07.721Z","2026-10-04","none","","","","",""
"VN_0189","The Kitchen Zone Pickleball - Số 6 đường D14","phường Bình Trưng Tây, TP Thủ Đức (Quận 2 - Đảo Kim Cương), TP. HCM, Hồ Chí Minh","Pickleball","curated_public_price","unknown","","","160000","210000","60","price_range_only","https://www.alobo.vn/san-pickleball-quan-2/","2026-10-03","2026-10-03","medium","Giá tham khảo công khai; đã đối chiếu tên và địa chỉ. Chưa xác nhận giá đang áp dụng; nguồn không phân ngày/giờ.","court_hour","approximate","Pickleball","public_source_matched"
"VN_0190","3T Pickleball - 1085 Tạ Quang Bửu","1085 Tạ Quang Bửu, Hồ Chí Minh","Pickleball","no_public_price","","","","","","","none","https://www.sporta.vn/san/3t-pickleball-1085-ta-quang-buu","2026-10-04T13:27:07.838Z","2026-10-04","none","","","","",""
"VN_0191","Vườn Lan Pickleball - Số 21 Đường Số 34","Phường 10, Quận 6, Thành phố Hồ Chí Minh - Link Map: https://maps.app.goo.gl/W1KzKA1X4zSoCivA9, Hồ Chí Minh","Pickleball","no_public_price","","","","","","","none","https://www.sporta.vn/san/vuon-lan-pickleball-so-21-duong-so-34","2026-10-04T13:27:07.887Z","2026-10-04","none","","","","",""
"VN_0192","CLB Lan Anh Pickleball - 291 Đ. Cách Mạng Tháng Tám","291 Đ. Cách Mạng Tháng Tám, Hồ Chí Minh","Pickleball","curated_public_price","unknown","","","150000","200000","60","price_range_only","https://shopvnb.com/san-pickleball-lan-anh.html","2026-10-03T08:31:22.774Z","2026-10-03","medium","Giá tham khảo công khai; đã đối chiếu tên và địa chỉ. Chưa xác nhận giá đang áp dụng; nguồn không phân ngày/giờ.","court_hour","approximate","Pickleball","public_source_matched"
"VN_0193","RUDAL Pickleball - 28 Đường 12","P. Bình An, Thủ Đức, Thành phố Hồ Chí Minh (Link Map: https://maps.app.goo.gl/qNTCu1dJhADjvU836), Hồ Chí Minh","Pickleball","no_public_price","","","","","","","none","https://www.sporta.vn/san/rudal-pickleball-28-duong-12","2026-10-04T13:27:08.180Z","2026-10-04","none","","","","",""
"VN_0194","HitPark - 789K Đường số 1","Phường Bình An, TP. Thủ Đức, Thành phố Hồ Chí Minh, Hồ Chí Minh","Pickleball","curated_public_price","unknown","","","120000","240000","","price_range_only","https://www.alobo.vn/san-pickleball-quan-2/","2026-10-03T08:16:52.092Z","2026-10-03","low","Giá tham khảo công khai; đã đối chiếu tên và địa chỉ. Chưa xác nhận giá đang áp dụng; nguồn không phân ngày/giờ.","court_unknown_duration","approximate","Pickleball","public_source_matched"
"VN_0195","D-Joy - 15/1B Lương Định Của","Quận 2, Thành phố Hồ Chí Minh, Hồ Chí Minh","Pickleball","curated_public_price","unknown","","","140000","220000","60","price_range_only","https://www.alobo.vn/muc-gia-trung-binh-khi-thue-san-pickleball-o-alobo-la-bao-nhieu/","2026-10-03T08:16:35.743Z","2026-10-03","medium","Giá tham khảo công khai; đã đối chiếu tên và địa chỉ. Chưa xác nhận giá đang áp dụng; nguồn không phân ngày/giờ.","court_hour","approximate","Pickleball","public_source_matched"
"VN_0196","Happy Life Pickleball - 313/5 Đ. Phan Huy Ích","313/5 Đ. Phan Huy Ích, Hồ Chí Minh","Pickleball","no_public_price","","","","","","","none","https://www.sporta.vn/san/happy-life-pickleball-313-5-d--phan-huy-ich","2026-10-04T13:27:08.004Z","2026-10-04","none","","","","",""
"VN_0197","Pickoland Pickleball - 188/A6 Nguyễn Văn Hưởng","Phường Thảo Điền, Quận 2, Thành phố Hồ Chí Minh, Hồ Chí Minh","Pickleball","no_public_price","","","","","","","none","https://www.sporta.vn/san/pickoland-pickleball-188-a6-nguyen-van-huong","2026-10-04T13:27:08.045Z","2026-10-04","none","","","","",""
"VN_0198","CLB Pickleball Âu Cơ - 161/1d đường Âu Cơ","161/1d đường Âu Cơ, Hồ Chí Minh","Pickleball","no_public_price","","","","","","","none","https://www.sporta.vn/san/clb-pickleball-au-co-161-1d-duong-au-co","2026-10-04T13:27:08.167Z","2026-10-04","none","","","","",""
"VN_0199","D'Lucky Pickleball - 458 Đ. Nguyễn Tất Thành","458 Đ. Nguyễn Tất Thành, Hồ Chí Minh","Pickleball","no_public_price","","","","","","","none","https://www.sporta.vn/san/d-lucky-pickleball-458-d--nguyen-tat-thanh","2026-10-04T13:27:08.317Z","2026-10-04","none","","","","",""
"VN_0200","Hoàng Minh Pickleball - 32 Lê Anh Xuân","32 Lê Anh Xuân, Hồ Chí Minh","Pickleball","curated_public_price","unknown","","","80000","280000","60","price_range_only","https://shopvnb.com/san-pickleball-quan-1.html","2026-10-03T08:28:47.128Z","2026-10-03","medium","Khớp tên Hoàng Minh Pickleball và cùng đường Lê Anh Xuân; dải số 32 so với 34-38 được giữ như sai khác điểm ghim/cụm địa chỉ.","court_hour","approximate","Pickleball","public_source_matched"
"VN_0201","HxH Pickleball - Số 2 Hồ Xuân Hương","Phường 6, Quận 3, TP. HCM, Hồ Chí Minh","Pickleball","no_public_price","","","","","","","none","https://www.sporta.vn/san/hxh-pickleball-so-2-ho-xuan-huong","2026-10-04T13:27:08.395Z","2026-10-04","none","","","","",""
"VN_0202","Black Panther Pickleball - 77/40 Đường 77","Hiệp Phú, Quận 9, TP. HCM, Hồ Chí Minh","Pickleball","curated_public_price","unknown","","","120000","170000","60","price_range_only","https://shopvnb.com/san-pickleball-quan-9.html","2026-10-03T08:25:48.596Z","2026-10-03","medium","Giá tham khảo công khai; đã đối chiếu tên và địa chỉ. Chưa xác nhận giá đang áp dụng; nguồn không phân ngày/giờ.","court_hour","approximate","Pickleball","public_source_matched"
"VN_0203","396 Pickleball - 736/192/35 Lê Đức Thọ","736/192/35 Lê Đức Thọ, Hồ Chí Minh","Pickleball","no_public_price","","","","","","","none","https://www.sporta.vn/san/396-pickleball-736-192-35-le-duc-tho","2026-10-04T13:27:08.320Z","2026-10-04","none","","","","",""
"VN_0204","PFA Pickleball - 17F đường Bắc Nam 2","An Phú, Quận 2, TP. HCM, Hồ Chí Minh","Pickleball","no_public_price","","","","","","","none","https://www.sporta.vn/san/pfa-pickleball-17f-duong-bac-nam-2","2026-10-04T13:27:09.580Z","2026-10-04","none","","","","",""
"VN_0205","Khét Lẹt Pickleball - 313/17 Đ. Phan Huy Ích","313/17 Đ. Phan Huy Ích, Hồ Chí Minh","Pickleball","curated_public_price","unknown","","","80000","160000","60","price_range_only","https://shopvnb.com/san-pickleball-khet-let.html","2026-10-03T08:25:37.364Z","2026-10-03","medium","Giá tham khảo công khai; đã đối chiếu tên và địa chỉ. Chưa xác nhận giá đang áp dụng; nguồn không phân ngày/giờ.","court_hour","approximate","Pickleball","public_source_matched"
"VN_0206","Vinaprint Pickleball - 252 Nguyễn Văn Lượng","252 Nguyễn Văn Lượng, Hồ Chí Minh","Pickleball","curated_public_price","unknown","","","150000","200000","60","price_range_only","https://shopvnb.com/san-pickleball-go-vap.html","2026-10-03T08:31:20.125Z","2026-10-03","medium","Giá tham khảo công khai; đã đối chiếu tên và địa chỉ. Chưa xác nhận giá đang áp dụng; nguồn không phân ngày/giờ.","court_hour","approximate","Pickleball","public_source_matched"
"VN_0207","Riverside Pickleball - 213/6 đường số 28","213/6 đường số 28, Hồ Chí Minh","Pickleball","curated_public_price","unknown","","","130000","180000","60","price_range_only","https://shopvnb.com/san-pickleball-go-vap.html","2026-10-03T08:31:20.125Z","2026-10-03","medium","Giá tham khảo công khai; đã đối chiếu tên và địa chỉ. Chưa xác nhận giá đang áp dụng; nguồn không phân ngày/giờ.","court_hour","approximate","Pickleball","public_source_matched"
"VN_0208","YOYO Pickleball - 22b Đường 6","22b Đường 6, Hồ Chí Minh","Pickleball","curated_public_price","unknown","","","85000","180000","60","price_range_only","https://shopvnb.com/san-pickleball-quan-9.html","2026-10-03T08:25:48.596Z","2026-10-03","medium","Giá tham khảo công khai; đã đối chiếu tên và địa chỉ. Chưa xác nhận giá đang áp dụng; nguồn không phân ngày/giờ.","court_hour","approximate","Pickleball","public_source_matched"
"VN_0209","Vinson pickleball - 215 Điện Biên Phủ","215 Điện Biên Phủ, Hồ Chí Minh","Pickleball","no_public_price","","","","","","","none","https://www.sporta.vn/san/vinson-pickleball-215-dien-bien-phu","2026-10-04T13:27:08.850Z","2026-10-04","none","","","","",""
"VN_0210","Liber Pickleball - 235/50/31, Đ. Đặng Thuỳ Trâm","235/50/31, Đ. Đặng Thuỳ Trâm, Hồ Chí Minh","Pickleball","curated_public_price","unknown","","","120000","220000","60","price_range_only","https://shopvnb.com/san-pickleball-binh-thanh.html","2026-10-03T08:30:01.864Z","2026-10-03","medium","Giá tham khảo công khai; đã đối chiếu tên và địa chỉ. Chưa xác nhận giá đang áp dụng; nguồn không phân ngày/giờ.","court_hour","approximate","Pickleball","public_source_matched"
"VN_0211","JOLIE Riverside Pickleball Club - 353/8 Bình Quới","353/8 Bình Quới, Hồ Chí Minh","Pickleball","no_public_price","","","","","","","none","https://www.sporta.vn/san/jolie-riverside-pickleball-club-353-8-binh-quoi","2026-10-04T13:27:08.694Z","2026-10-04","none","","","","",""
"VN_0212","Playday Pickleball - 722 Điện Biên Phủ","722 Điện Biên Phủ, Hồ Chí Minh","Pickleball","curated_public_price","unknown","","","170000","300000","60","price_range_only","https://shopvnb.com/san-pickleball-binh-thanh.html","2026-10-03T08:30:01.864Z","2026-10-03","medium","Giá tham khảo công khai; đã đối chiếu tên và địa chỉ. Chưa xác nhận giá đang áp dụng; nguồn không phân ngày/giờ.","court_hour","approximate","Pickleball","public_source_matched"
"VN_0213","TH Thanh Đa - 158/16 Bình Quới","158/16 Bình Quới, Hồ Chí Minh","Pickleball","no_public_price","","","","","","","none","https://www.sporta.vn/san/th-thanh-da-158-16-binh-quoi","2026-10-04T13:27:08.887Z","2026-10-04","none","","","","",""
"VN_0214","Thanh Đa Pickleball - 186/3 Bình Quới","186/3 Bình Quới, Hồ Chí Minh","Pickleball","no_public_price","","","","","","","none","https://www.sporta.vn/san/thanh-da-pickleball-186-3-binh-quoi","2026-10-04T13:27:08.920Z","2026-10-04","none","","","","",""
"VN_0215","426 pickleball - 16/15 Bình Lợi","16/15 Bình Lợi, Hồ Chí Minh","Pickleball","curated_public_price","unknown","","","50000","180000","60","price_range_only","https://shopvnb.com/san-pickleball-binh-thanh.html","2026-10-03T08:30:01.864Z","2026-10-03","medium","Giá tham khảo công khai; đã đối chiếu tên và địa chỉ. Chưa xác nhận giá đang áp dụng; nguồn không phân ngày/giờ.","court_hour","approximate","Pickleball","public_source_matched"
"VN_0216","SC Pickleball 2 - 158/69 Hoàng Hoa Thám","158/69 Hoàng Hoa Thám, Hồ Chí Minh","Pickleball","no_public_price","","","","","","","none","https://www.sporta.vn/san/sc-pickleball-2-158-69-hoang-hoa-tham","2026-10-04T13:27:09.105Z","2026-10-04","none","","","","",""
"VN_0217","Sport pickleball thống nhất - Cổng C9 TT TDTT Thống nhất (đối diện 224 tân phước)","Cổng C9 TT TDTT Thống nhất (đối diện 224 tân phước), Hồ Chí Minh","Pickleball","no_public_price","","","","","","","none","https://www.sporta.vn/san/sport-pickleball-thong-nhat-cong-c9-tt-tdtt-thong-nhat--doi-dien-224-tan-phuoc-","2026-10-04T13:27:09.139Z","2026-10-04","none","","","","",""
"VN_0218","Sala Pickleball - 860/105, Đ. Xô Viết Nghệ Tĩnh","860/105, Đ. Xô Viết Nghệ Tĩnh, Hồ Chí Minh","Pickleball","curated_public_price","unknown","","","80000","250000","60","price_range_only","https://shopvnb.com/san-pickleball-binh-thanh.html","2026-10-03T08:30:01.864Z","2026-10-03","medium","Giá tham khảo công khai; đã đối chiếu tên và địa chỉ. Chưa xác nhận giá đang áp dụng; nguồn không phân ngày/giờ.","court_hour","approximate","Pickleball","public_source_matched"
"VN_0219","LC Thanh Đa - 860/75/1, Đ. Xô Viết Nghệ Tĩnh","860/75/1, Đ. Xô Viết Nghệ Tĩnh, Hồ Chí Minh","Pickleball","curated_public_price","unknown","","","150000","220000","60","price_range_only","https://shopvnb.com/san-pickleball-lc-thanh-da.html","2026-10-03T08:27:28.730Z","2026-10-03","medium","Giá tham khảo công khai; đã đối chiếu tên và địa chỉ. Chưa xác nhận giá đang áp dụng; nguồn không phân ngày/giờ.","court_hour","approximate","Pickleball","public_source_matched"
"VN_0220","Thy's Pickleball","818/14 Đ. Xô Viết Nghệ Tĩnh, Phường 25, Bình Thạnh, Hồ Chí Minh, Hồ Chí Minh","Pickleball","curated_public_price","unknown","","","130000","240000","60","price_range_only","https://shopvnb.com/san-pickleball-binh-thanh.html","2026-10-03T08:30:01.864Z","2026-10-03","medium","Giá tham khảo công khai; đã đối chiếu tên và địa chỉ. Chưa xác nhận giá đang áp dụng; nguồn không phân ngày/giờ.","court_hour","approximate","Pickleball","public_source_matched"
"VN_0221","ADP Pickelball - 148 Nguyễn Đức Thuận","148 Nguyễn Đức Thuận, Hồ Chí Minh","Pickleball","no_public_price","","","","","","","none","https://www.sporta.vn/san/adp-pickelball-148-nguyen-duc-thuan","2026-10-04T13:27:09.348Z","2026-10-04","none","","","","",""
"VN_0222","Buddy's club - 143B Cách mạng tháng 8","143B Cách mạng tháng 8, Hồ Chí Minh","Pickleball","no_public_price","","","","","","","none","https://www.sporta.vn/san/buddy-s-club-143b-cach-mang-thang-8","2026-10-04T13:27:09.417Z","2026-10-04","none","","","","",""
"VN_0223","Ohla Sport - 441/128/6, Điện Biên Phủ","441/128/6, Điện Biên Phủ, Hồ Chí Minh","Pickleball","no_public_price","","","","","","","none","https://www.sporta.vn/san/ohla-sport-441-128-6--dien-bien-phu","2026-10-04T13:27:09.334Z","2026-10-04","none","","","","",""
"VN_0224","coffee FC - 138A. Đào Duy Từ","138A. Đào Duy Từ, Hồ Chí Minh","Pickleball","no_public_price","","","","","","","none","https://www.sporta.vn/san/coffee-fc-138a--dao-duy-tu","2026-10-04T13:27:09.516Z","2026-10-04","none","","","","",""
"VN_0225","Pickleball Nhà Mình - 496/72 Dương Quảng Hàm","496/72 Dương Quảng Hàm, Hồ Chí Minh","Pickleball","curated_public_price","unknown","","","130000","180000","60","price_range_only","https://shopvnb.com/san-pickleball-go-vap.html","2026-10-03T08:31:20.125Z","2026-10-03","medium","Giá tham khảo công khai; đã đối chiếu tên và địa chỉ. Chưa xác nhận giá đang áp dụng; nguồn không phân ngày/giờ.","court_hour","approximate","Pickleball","public_source_matched"
"VN_0226","Green -154/9 Nguyễn Xí","154/9 Nguyễn Xí, Hồ Chí Minh","Pickleball","no_public_price","","","","","","","none","https://www.sporta.vn/san/green-154-9-nguyen-xi","2026-10-04T13:27:09.604Z","2026-10-04","none","","","","",""
"VN_0227","The Drop Zone Pickleball - 105/14 Bình Quới","105/14 Bình Quới, Hồ Chí Minh","Pickleball","curated_public_price","unknown","","","90000","230000","60","price_range_only","https://shopvnb.com/san-pickleball-the-drop-zone.html","2026-10-03T08:26:01.006Z","2026-10-03","medium","Giá tham khảo công khai; đã đối chiếu tên và địa chỉ. Chưa xác nhận giá đang áp dụng; nguồn không phân ngày/giờ.","court_hour","approximate","Pickleball","public_source_matched"
"VN_0228","VPP - 148 Nguyễn Đức Thuận","148 Nguyễn Đức Thuận, Hồ Chí Minh","Pickleball","no_public_price","","","","","","","none","https://www.sporta.vn/san/vpp-148-nguyen-duc-thuan","2026-10-04T13:27:09.676Z","2026-10-04","none","","","","",""
"VN_0229","Pooc PIckleball - 202B Đ. Hoàng Văn Thụ","202B Đ. Hoàng Văn Thụ, Hồ Chí Minh","Pickleball","no_public_price","","","","","","","none","https://www.sporta.vn/san/pooc-pickleball-202b-d--hoang-van-thu","2026-10-04T13:27:09.697Z","2026-10-04","none","","","","",""
"VN_0230","GOAT Pickleball -216 Đ. Nguyễn Thái Bình","216 Đ. Nguyễn Thái Bình, Hồ Chí Minh","Pickleball","no_public_price","","","","","","","none","https://www.sporta.vn/san/goat-pickleball-216-d--nguyen-thai-binh","2026-10-04T13:27:09.755Z","2026-10-04","none","","","","",""
"VN_0231","SC Pickleball - 216 Đ. Nguyễn Thái Bình","216 Đ. Nguyễn Thái Bình, Hồ Chí Minh","Pickleball","no_public_price","","","","","","","none","https://www.sporta.vn/san/sc-pickleball-216-d--nguyen-thai-binh","2026-10-04T13:27:10.019Z","2026-10-04","none","","","","",""
"VN_0232","Nhà thiếu nhi Pickle - 36 lê quý đôn","sân thượng nhà thiếu nhi thành phố, 36 lê quý đôn, Hồ Chí Minh","Pickleball","no_public_price","","","","","","","none","https://www.sporta.vn/san/nha-thieu-nhi-pickle-36-le-quy-don","2026-10-04T13:27:09.948Z","2026-10-04","none","","","","",""
"VN_0233","Ninja Turtles - 29 Đường 12","29 Đường 12, Hồ Chí Minh","Pickleball","curated_public_price","unknown","","","120000","220000","60","price_range_only","https://shopvnb.com/san-pickleball-ninja-turtles.html","2026-10-03T08:28:40.257Z","2026-10-03","medium","Giá tham khảo công khai; đã đối chiếu tên và địa chỉ. Chưa xác nhận giá đang áp dụng; nguồn không phân ngày/giờ.","court_hour","approximate","Pickleball","public_source_matched"
"VN_0234","Pickleball Warehouse Gò vấp - 747 Quang Trung","747 Quang Trung, Hồ Chí Minh","Pickleball","curated_public_price","unknown","","","100000","200000","60","price_range_only","https://shopvnb.com/san-pickleball-warehouse-go-vap.html","2026-10-03T08:30:28.522Z","2026-10-03","medium","Giá tham khảo công khai; đã đối chiếu tên và địa chỉ. Chưa xác nhận giá đang áp dụng; nguồn không phân ngày/giờ.","court_hour","approximate","Pickleball","public_source_matched"
"VN_0235","CLB Pickleball đầu máy sài gòn - 1117 Hoàng Sa","1117 Hoàng Sa, Hồ Chí Minh","Pickleball","no_public_price","","","","","","","none","https://www.sporta.vn/san/clb-pickleball-dau-may-sai-gon-1117-hoang-sa","2026-10-04T13:27:10.020Z","2026-10-04","none","","","","",""
"VN_0236","89 gò vấp pickleball - 221/1 Phan Huy Ích","221/1 Phan Huy Ích, Hồ Chí Minh","Pickleball","curated_public_price","unknown","","","130000","190000","60","price_range_only","https://shopvnb.com/san-pickleball-89-go-vap.html","2026-10-03T08:27:10.996Z","2026-10-03","medium","Giá tham khảo công khai; đã đối chiếu tên và địa chỉ. Chưa xác nhận giá đang áp dụng; nguồn không phân ngày/giờ.","court_hour","approximate","Pickleball","public_source_matched"
"VN_0237","T+ pickleball - 256/98D Phan Huy Ích","256/98D Phan Huy Ích, Hồ Chí Minh","Pickleball","no_public_price","","","","","","","none","https://www.sporta.vn/san/t--pickleball-256-98d-phan-huy-ich","2026-10-04T13:27:10.037Z","2026-10-04","none","","","","",""
"VN_0238","Pickleball - Hồ bơi Bình Lợi - 241A Bình Lơi","241A Bình Lơi, Hồ Chí Minh","Pickleball","no_public_price","","","","","","","none","https://www.sporta.vn/san/pickleball-ho-boi-binh-loi-241a-binh-loi","2026-10-04T13:27:10.148Z","2026-10-04","none","","","","",""
"VN_0239","NBM Magic Pickleball - 18A Hà Huy Giáp","18A Hà Huy Giáp, Hồ Chí Minh","Pickleball","no_public_price","","","","","","","none","https://www.sporta.vn/san/nbm-magic-pickleball-18a-ha-huy-giap","2026-10-04T13:27:10.087Z","2026-10-04","none","","","","",""
"VN_0240","The SEA sport - 621 Đ. Tên Lửa","621 Đ. Tên Lửa, Hồ Chí Minh","Pickleball","no_public_price","","","","","","","none","https://www.sporta.vn/san/the-sea-sport-621-d--ten-lua","2026-10-04T13:27:10.133Z","2026-10-04","none","","","","",""
"VN_0241","keyfit pickleball - 104/2 nguyễn trãi","104/2 nguyễn trãi, Hồ Chí Minh","Pickleball","no_public_price","","","","","","","none","https://www.sporta.vn/san/keyfit-pickleball-104-2-nguyen-trai","2026-10-04T13:27:10.404Z","2026-10-04","none","","","","",""
"VN_0242","Piko House - 46 Bùi Tư Toàn","46 Bùi Tư Toàn, Hồ Chí Minh","Pickleball","curated_public_price","unknown","","","130000","230000","60","price_range_only","https://shopvnb.com/san-pickleball-piko-house.html","2026-10-03T08:26:18.814Z","2026-10-03","medium","Giá tham khảo công khai; đã đối chiếu tên và địa chỉ. Chưa xác nhận giá đang áp dụng; nguồn không phân ngày/giờ.","court_hour","approximate","Pickleball","public_source_matched"
"VN_0243","Pickle Bounce Pickleball - 306/5 Vườn Lài","306/5 Vườn Lài, Hồ Chí Minh","Pickleball","curated_public_price","unknown","","","150000","250000","60","price_range_only","https://shopvnb.com/san-pickleball-pickle-bounce.html","2026-10-03T08:25:02.495Z","2026-10-03","medium","Giá tham khảo công khai; đã đối chiếu tên và địa chỉ. Chưa xác nhận giá đang áp dụng; nguồn không phân ngày/giờ.","court_hour","approximate","Pickleball","public_source_matched"
"VN_0244","Aurora Sport - 158 đường 17","158 đường 17, Hồ Chí Minh","Pickleball","no_public_price","","","","","","","none","https://www.sporta.vn/san/aurora-sport-158-duong-17","2026-10-04T13:27:10.336Z","2026-10-04","none","","","","",""
"VN_0245","WIN x Q4 Pickleball - S360 bến Vân Đồn","S360 bến Vân Đồn, Hồ Chí Minh","Pickleball","curated_public_price","unknown","","","100000","290000","60","price_range_only","https://www.sporta.vn/san/in-x-q4-pickleball-s360-ben-van-don","","2026-10-04","medium","Khoảng giá tùy khung giờ","court_hour","standard","","source_verified"
"VN_0246","Tô Ký Pickleball - 186/43 Tô Ký, Ấp Đông","186/43 Tô Ký, Ấp Đông, Hồ Chí Minh","Pickleball","no_public_price","","","","","","","none","https://www.sporta.vn/san/to-ky-pickleball-186-43-to-ky--ap-dong","2026-10-04T13:27:10.587Z","2026-10-04","none","","","","",""
"VN_0247","VietNam Pickleball Playground - Số 16 Đường 18E Cộng Hòa","Số 16 Đường 18E Cộng Hòa, Hồ Chí Minh","Pickleball","no_public_price","","","","","","","none","https://www.sporta.vn/san/vietnam-pickleball-playground-so-16-duong-18e-cong-hoa","2026-10-04T13:27:10.541Z","2026-10-04","none","","","","",""
"VN_0248","Swin Pickleball - 218a thành thái","218a thành thái, Hồ Chí Minh","Pickleball","curated_public_price","unknown","","","150000","350000","60","price_range_only","https://www.alobo.vn/tong-hop-8-san-pickleball-tphcm-chat-luong-nhat/","2026-10-03T08:16:44.665Z","2026-10-03","medium","Giá tham khảo công khai; đã đối chiếu tên và địa chỉ. Chưa xác nhận giá đang áp dụng; nguồn không phân ngày/giờ.","court_hour","approximate","Pickleball","public_source_matched"
"VN_0249","VietNam Hoàng Gia SaiGon 102 - TL43","102 TL43, Hồ Chí Minh","Pickleball","no_public_price","","","","","","","none","https://www.sporta.vn/san/vietnam-hoang-gia-saigon-102-tl43","2026-10-04T13:27:10.588Z","2026-10-04","none","","","","",""
"VN_0250","ACE Pickleball - 2/18 Đường Song Hành","2/18 Đường Song Hành, Hồ Chí Minh","Pickleball","no_public_price","","","","","","","none","https://www.sporta.vn/san/ace-pickleball-2-18-duong-song-hanh","2026-10-04T13:27:10.604Z","2026-10-04","none","","","","",""
"VN_0251","TS Sports Club Pickleball - 15 Đào Duy Anh","15 Đào Duy Anh, Hồ Chí Minh","Pickleball","curated_public_price","unknown","","","250000","400000","60","price_range_only","https://shopvnb.com/san-pickleball-ts-sports.html","2026-10-03T08:28:26.536Z","2026-10-03","medium","Giá tham khảo công khai; đã đối chiếu tên và địa chỉ. Chưa xác nhận giá đang áp dụng; nguồn không phân ngày/giờ.","court_hour","approximate","Pickleball","public_source_matched"
"VN_0252","Amber Pickleball Club - Tầng 10, Samco Building - 326 Võ Văn Kiệt","Tầng 10, Samco Building - 326 Võ Văn Kiệt, Hồ Chí Minh","Pickleball","no_public_price","","","","","","","none","https://www.sporta.vn/san/amber-pickleball-club-tang-10--samco-building-326-vo-van-kiet","2026-10-04T13:27:10.737Z","2026-10-04","none","","","","",""
"VN_0253","Vinson Sport Club Pickleball - 202B Hoàng Văn Thụ","202B Hoàng Văn Thụ, Hồ Chí Minh","Pickleball","no_public_price","","","","","","","none","https://www.sporta.vn/san/vinson-sport-club-pickleball-202b-hoang-van-thu","2026-10-04T13:27:10.751Z","2026-10-04","none","","","","",""
"VN_0254","Tham Lương Titan Pickleball - 35/20 Phan Văn Hớn","35/20 Phan Văn Hớn, Hồ Chí Minh","Pickleball","no_public_price","","","","","","","none","https://www.sporta.vn/san/tham-luong-titan-pickleball-35-20-phan-van-hon","2026-10-04T13:27:10.785Z","2026-10-04","none","","","","",""
"VN_0255","Pickoball Saigon Club - 265 Đ. An Dương Vương","265 Đ. An Dương Vương, Hồ Chí Minh","Pickleball","curated_public_price","unknown","","","130000","230000","60","price_range_only","https://shopvnb.com/san-pickleball-binh-tan.html","2026-10-03T08:29:47.514Z","2026-10-03","medium","Giá tham khảo công khai; đã đối chiếu tên và địa chỉ. Chưa xác nhận giá đang áp dụng; nguồn không phân ngày/giờ.","court_hour","approximate","Pickleball","public_source_matched"
"VN_0256","Goat Pickleball - 30 Phan Thúc Duyện (kéo dài)","30 Phan Thúc Duyện (kéo dài), Hồ Chí Minh","Pickleball","curated_public_price","unknown","","","180000","350000","60","price_range_only","https://www.sporta.vn/san/goat-pickleball-30-phan-thuc-duyen--keo-dai-","","2026-10-04","medium","Khoảng giá tùy khung giờ","court_hour","standard","","source_verified"
"VN_0257","The granary - happy hub pickleball - 458 Đ Nguyễn Tất Thành","458 Đ Nguyễn Tất Thành, Hồ Chí Minh","Pickleball","no_public_price","","","","","","","none","https://www.sporta.vn/san/the-granary-happy-hub-pickleball-458-d-nguyen-tat-thanh","2026-10-04T13:27:11.055Z","2026-10-04","none","","","","",""
"VN_0258","Đức Kim Pickleball - 2/2 Đông Hưng Thuận 10B","2/2 Đông Hưng Thuận 10B, Hồ Chí Minh","Pickleball","no_public_price","","","","","","","none","https://www.sporta.vn/san/duc-kim-pickleball-2-2-dong-hung-thuan-10b","2026-10-04T13:27:11.152Z","2026-10-04","none","","","","",""
"VN_0259","SC Pickleball - 158/69 Hoàng Hoa Thám","158/69 Hoàng Hoa Thám, Hồ Chí Minh","Pickleball","no_public_price","","","","","","","none","https://www.sporta.vn/san/sc-pickleball-158-69-hoang-hoa-tham","2026-10-04T13:27:11.054Z","2026-10-04","none","","","","",""
"VN_0260","ricky pickleball - 320 hưng phú","320 hưng phú, Hồ Chí Minh","Pickleball","no_public_price","","","","","","","none","https://www.sporta.vn/san/ricky-pickleball-320-hung-phu","2026-10-04T13:27:11.070Z","2026-10-04","none","","","","",""
"VN_0261","Dương Ngọc Thành Pickleball","Số 10A, đường Tân Thới Nhất 17, Hồ Chí Minh","Pickleball","curated_public_price","unknown","","","70000","140000","60","price_range_only","https://shopvnb.com/san-pickleball-duong-ngoc-thanh.html","2026-10-03T08:26:43.305Z","2026-10-03","medium","Giá tham khảo công khai; đã đối chiếu tên và địa chỉ. Chưa xác nhận giá đang áp dụng; nguồn không phân ngày/giờ.","court_hour","approximate","Pickleball","public_source_matched"
"VN_0262","CLB Pickleball - 189/1 Cống Quỳnh","189/1 Cống Quỳnh, Hồ Chí Minh","Pickleball","no_public_price","","","","","","","none","https://www.sporta.vn/san/clb-pickleball-189-1-cong-quynh","2026-10-04T13:27:11.185Z","2026-10-04","none","","","","",""
"VN_0263","Mega gym pickleball - 68 Đ. An Dương Vương","68 Đ. An Dương Vương, Hồ Chí Minh","Pickleball","no_public_price","","","","","","","none","https://www.sporta.vn/san/mega-gym-pickleball-68-d--an-duong-vuong","2026-10-04T13:27:11.253Z","2026-10-04","none","","","","",""
"VN_0264","Sky Pickleball -","18D Cộng Hòa, Hồ Chí Minh","Pickleball","curated_public_price","unknown","","","140000","230000","60","price_range_only","https://shopvnb.com/san-pickleball-tan-binh.html","2026-10-03T08:29:46.387Z","2026-10-03","medium","Giá tham khảo công khai; đã đối chiếu tên và địa chỉ. Chưa xác nhận giá đang áp dụng; nguồn không phân ngày/giờ.","court_hour","approximate","Pickleball","public_source_matched"
"VN_0265","Sunshine - 60/2 Đường Quang Trung5","60/2 Đường Quang Trung, Hồ Chí Minh","Pickleball","no_public_price","","","","","","","none","https://www.sporta.vn/san/sunshine-60-2-duong-quang-trung5","2026-10-04T13:27:11.298Z","2026-10-04","none","","","","",""
"VN_0266","Space Pickleball - 1/1 Đường Tân Thới Nhất 17","1/1 Đường Tân Thới Nhất 17, Hồ Chí Minh","Pickleball","no_public_price","","","","","","","none","https://www.sporta.vn/san/space-pickleball-1-1-duong-tan-thoi-nhat-17","2026-10-04T13:27:11.687Z","2026-10-04","none","","","","",""
"VN_0267","POC Pickleball - 25 Tú Xương","25 Tú Xương, Hồ Chí Minh","Pickleball","curated_public_price","unknown","","","120000","220000","60","price_range_only","https://shopvnb.com/san-pickleball-quan-9.html","2026-10-03T08:25:48.596Z","2026-10-03","medium","Giá tham khảo công khai; đã đối chiếu tên và địa chỉ. Chưa xác nhận giá đang áp dụng; nguồn không phân ngày/giờ.","court_hour","approximate","Pickleball","public_source_matched"
"VN_0268","sân bóng Minh Thảo","a14/15d Thiên Giang, tt Tân Túc, Hồ Chí Minh","Bóng đá","no_public_price","","","","","","","none","https://www.sporta.vn/san/san-bong-minh-thao","2026-10-04T13:27:11.870Z","2026-10-04","none","","","","",""
"VN_0269","Sân banh khang an","18a phan văn trị, Hồ Chí Minh","Cầu lông","no_public_price","","","","","","","none","https://www.sporta.vn/san/san-banh-khang-an","2026-10-04T13:27:11.787Z","2026-10-04","none","","","","",""
"VN_0270","Hoàng Sport","Vạn Phúc, Hồ Chí Minh","Cầu lông","no_public_price","","","","","","","none","https://www.sporta.vn/san/hoang-sport","2026-10-04T13:27:11.404Z","2026-10-04","none","","","","",""
"VN_0271","Sân bóng 11 người Hoàng Quốc Việt","PP8R+X3M, Phú Mỹ, Hồ Chí Minh","Bóng đá","no_public_price","","","","","","","none","https://www.sporta.vn/san/san-bong-11-nguoi-hoang-quoc-viet","2026-10-04T13:27:11.649Z","2026-10-04","none","","","","",""
"VN_0272","SeventySeven Basketball Court","224 Đ. Thành Thái, Phường 14, Hồ Chí Minh","Bóng rổ","curated_public_price","unknown","06:00","17:00","300000","300000","60","time_slots","https://tuanviet.vn/danh-sach-san-bong-ro-thanh-pho-ho-chi-minh","2026-10-04","2026-10-04","low","Thuê cả sân. Nguồn nêu giờ mở cửa 07:00 nhưng bảng giá bắt đầu 06:00; giữ khung giờ bảng giá và đánh dấu mâu thuẫn. Không xác nhận khả năng đặt lúc 06:00; chưa rõ nhóm ngày.","court_hour","standard","Bóng rổ","public_source_matched"
"VN_0272","SeventySeven Basketball Court","224 Đ. Thành Thái, Phường 14, Hồ Chí Minh","Bóng rổ","curated_public_price","unknown","17:00","23:00","350000","350000","60","time_slots","https://tuanviet.vn/danh-sach-san-bong-ro-thanh-pho-ho-chi-minh","2026-10-04","2026-10-04","medium","Thuê cả sân. Nguồn có giờ và giá nhưng không nêu rõ nhóm ngày áp dụng; giá tham khảo.","court_hour","standard","Bóng rổ","public_source_matched"
"VN_0272","SeventySeven Basketball Court","224 Đ. Thành Thái, Phường 14, Hồ Chí Minh","Bóng rổ","curated_public_price","unknown","06:00","17:00","150000","150000","60","time_slots","https://tuanviet.vn/danh-sach-san-bong-ro-thanh-pho-ho-chi-minh","2026-10-04","2026-10-04","low","Chỉ thuê nửa sân; không trộn thống kê với cả sân. Nguồn mâu thuẫn giờ mở cửa 07:00 và bảng giá 06:00; chưa rõ nhóm ngày.","half_court_hour","standard","Bóng rổ","public_source_matched"
"VN_0272","SeventySeven Basketball Court","224 Đ. Thành Thái, Phường 14, Hồ Chí Minh","Bóng rổ","curated_public_price","unknown","17:00","23:00","175000","175000","60","time_slots","https://tuanviet.vn/danh-sach-san-bong-ro-thanh-pho-ho-chi-minh","2026-10-04","2026-10-04","low","Chỉ thuê nửa sân; không trộn thống kê với cả sân. Không suy diễn nhóm ngày áp dụng.","half_court_hour","standard","Bóng rổ","public_source_matched"
"VN_0273","Sân banh Long Trường đường số 7","1322/14 đường số 7, khu phố 28, p. Long Trường, Tphcm, Hồ Chí Minh","Cầu lông","no_public_price","","","","","","","none","https://www.sporta.vn/san/san-banh-long-truong-duong-so-7","2026-10-04T13:27:12.357Z","2026-10-04","none","","","","",""
"VN_0274","Sân Bóng Đá Mini Quang Danh","HQPR+PQ5, An Thới Đông, Hồ Chí Minh","Bóng đá","no_public_price","","","","","","","none","https://www.sporta.vn/san/san-bong-da-mini-quang-danh","2026-10-04T13:27:11.857Z","2026-10-04","none","","","","",""
"VN_0275","Sân Bóng Cỏ Nhân Tạo ĐH Nông LâmHồ Chí Minh","229 QL1A, Phường Linh Trung, Hồ Chí Minh","Bóng đá","no_public_price","","","","","","","none","https://www.sporta.vn/san/san-bong-co-nhan-tao-dh-nong-lamho-chi-minh","2026-10-04T13:27:11.933Z","2026-10-04","none","","","","",""
"VN_0276","Sân Bóng Đá Sport One","C12/5 Phạm Hùng, Bình Hưng, Bình Chánh, Hồ Chí Minh","Bóng đá","curated_public_price","unknown","","","200000","300000","","price_range_only","https://thegioithethao.vn/san-bong-da-sport-one-f-NZyKQ","2026-10-04T14:13:21.299Z","2026-10-04","low","Sport One tại C12 Phạm Hùng, ấp 5, Bình Hưng khớp danh mục C12/5. Nguồn không chỉ rõ mức giá dành cho sân 5 hay 11 người và thời lượng; không suy diễn giá/giờ.","court_unknown_duration","approximate","Bóng đá","public_source_matched"
"VN_0277","Sân vận động quận 7","PP6R+V3R, Hoàng Quốc Việt, Phú Mỹ, Hồ Chí Minh","Cầu lông","no_public_price","","","","","","","none","https://www.sporta.vn/san/san-van-dong-quan-7","2026-10-04T13:27:12.108Z","2026-10-04","none","","","","",""
"VN_0278","ESE Pickleball - Đường số 7, Khu dân cư Lập Phúc,","Đường số 7, Khu dân cư Lập Phúc, , Hồ Chí Minh","Pickleball","no_public_price","","","","","","","none","https://www.sporta.vn/san/ese-pickleball-duong-so-7--khu-dan-cu-lap-phuc-","2026-10-04T13:27:12.119Z","2026-10-04","none","","","","",""
"VN_0279","Sân tennis - cầu lông - pickleball Gia Định","Q12, 26 Nguyễn Thành Vĩnh, Trung Mỹ Tây, Hồ Chí Minh","Pickleball","no_public_price","","","","","","","none","https://www.sporta.vn/san/san-tennis-cau-long-pickleball-gia-dinh","2026-10-04T13:27:12.444Z","2026-10-04","none","","","","",""
"VN_0280","Sân Tennis CA Quận 1","QM8W+PQQ, Nguyễn Thái Học, Phường Cầu Ông Lãnh, Hồ Chí Minh","Tennis","no_public_price","","","","","","","none","https://www.sporta.vn/san/san-tennis-ca-quan-1","2026-10-04T13:27:12.095Z","2026-10-04","none","","","","",""
"VN_0281","Dinker Pickleball Club - Quận 7","2-4 Đ. số 9, Khu đô thị Him Lam, Hồ Chí Minh","Pickleball","curated_public_price","unknown","","","250000","350000","60","price_range_only","https://shopvnb.com/san-pickleball-quan-7.html","2026-10-03T08:31:59.912Z","2026-10-03","medium","Giá tham khảo công khai; đã đối chiếu tên và địa chỉ. Chưa xác nhận giá đang áp dụng; nguồn không phân ngày/giờ.","court_hour","approximate","Pickleball","public_source_matched"
"VN_0282","Sân bóng đá đường 59","22 Đ. 59, Phường 14, Hồ Chí Minh","Bóng đá","no_public_price","","","","","","","none","https://www.sporta.vn/san/san-bong-da-duong-59","2026-10-04T13:27:12.445Z","2026-10-04","none","","","","",""
"VN_0283","Sân Bóng Đá Tân Tạo","109 Võ Trần Chí, Tân Tạo A, Bình Tân, Hồ Chí Minh, Hồ Chí Minh","Bóng đá","no_public_price","","","","","","","none","https://www.sporta.vn/san/san-bong-da-tan-tao","2026-10-04T13:27:12.598Z","2026-10-04","none","","","","",""
"VN_0284","Sân Tennis Trung Thiện","35 Hiệp Thành 19, Hiệp Thành, Hồ Chí Minh","Tennis","curated_public_price","unknown","","","150000","150000","","lower_bound_only","https://tennislocal.app/landing/ho-chi-minh-city-tennis-courts","2026-10-04","2026-10-04","low","Giá tham khảo công khai; đã đối chiếu tên và địa chỉ. Chưa xác nhận giá đang áp dụng; nguồn không phân ngày/giờ.","court_unknown_duration","from_price","Tennis","public_source_matched"
"VN_0285","SÂN BÓNG ĐÁ CỎ NHÂN TẠO CỦ CHI ARENA","13 đường 234, ấp 2, Hồ Chí Minh","Bóng đá","no_public_price","","","","","","","none","https://www.sporta.vn/san/san-bong-da-co-nhan-tao-cu-chi-arena","2026-10-04T13:27:12.571Z","2026-10-04","none","","","","",""
"VN_0286","Sân bóng Giga Arena","Hiệp Bình Chánh, Thủ Đức, Hồ Chí Minh","Bóng đá","no_public_price","","","","","","","none","https://www.sporta.vn/san/san-bong-giga-arena","2026-10-04T13:27:12.486Z","2026-10-04","none","","","","",""
"VN_0287","Sân Bóng An Kỳ","WJ2J+5X9, Đông Thạnh, Hóc Môn, Hồ Chí Minh, Hồ Chí Minh","Bóng đá","no_public_price","","","","","","","none","https://www.sporta.vn/san/san-bong-an-ky","2026-10-04T13:27:12.556Z","2026-10-04","none","","","","",""
"VN_0288","Unity Pickleball - 136 Dương Đình Hội","136 Dương Đình Hội, Hồ Chí Minh","Pickleball","no_public_price","","","","","","","none","https://www.sporta.vn/san/unity-pickleball-136-duong-dinh-hoi","2026-10-04T13:27:12.655Z","2026-10-04","none","","","","",""
"VN_0289","Orange Pickleball - 368 Tân Sơn","368 Tân Sơn, Hồ Chí Minh","Pickleball","no_public_price","","","","","","","none","https://www.sporta.vn/san/orange-pickleball-368-tan-son","2026-10-04T13:27:12.598Z","2026-10-04","none","","","","",""
"VN_0290","Sân bóng đá Sơn Mùa","241 Võ An Ninh, Hồ Chí Minh","Bóng đá","no_public_price","","","","","","","none","https://www.sporta.vn/san/san-bong-son-mua","2026-10-04T13:27:12.738Z","2026-10-04","none","","","","",""
"VN_0291","Sân bóng vĩnh lợi","82 Đ. Số 2, Hiệp Bình Phước, Thủ Đức, Hồ Chí Minh 700000, Hồ Chí Minh","Bóng đá","no_public_price","","","","","","","none","https://www.sporta.vn/san/san-bong-vinh-loi","2026-10-04T13:27:12.862Z","2026-10-04","none","","","","",""
"VN_0292","Sân banh Nhật Huy","Ngô Chí Quốc, Bình Chiểu, Hồ Chí Minh","Cầu lông","no_public_price","","","","","","","none","https://www.sporta.vn/san/san-banh-nhat-huy","2026-10-04T13:27:12.849Z","2026-10-04","none","","","","",""
"VN_0293","Sân bóng đá mini Tạ Quang Bửu","909 Đ. Tạ Quang Bửu, Phường 5, Hồ Chí Minh","Bóng đá","no_public_price","","","","","","","none","https://www.sporta.vn/san/san-bong-da-mini-ta-quang-buu","2026-10-04T13:27:12.804Z","2026-10-04","none","","","","",""
"VN_0294","Sân cỏ nhân tạo BlueSky","RM88+9W5, Phường 2, Hồ Chí Minh","Cầu lông","no_public_price","","","","","","","none","https://www.sporta.vn/san/san-co-nhan-tao-bluesky","2026-10-04T13:27:12.936Z","2026-10-04","none","","","","",""
"VN_0295","Mou arena 2","306/68 Vườn Lài / An Phú Đông, Hồ Chí Minh","Cầu lông","no_public_price","","","","","","","none","https://www.sporta.vn/san/mou-arena-2","2026-10-04T13:27:12.923Z","2026-10-04","none","","","","",""
"VN_0296","Sân Bóng Đá Cỏ Nhân Tạo KFF","1016 Đ. Tạ Quang Bửu, Phường 6, Hồ Chí Minh","Bóng đá","no_public_price","","","","","","","none","https://www.sporta.vn/san/san-bong-da-co-nhan-tao-kff","2026-10-04T13:27:13.369Z","2026-10-04","none","","","","",""
"VN_0297","Sân Tân Sơn","RMF3+QHF, Phường 15, Hồ Chí Minh","Cầu lông","no_public_price","","","","","","","none","https://www.sporta.vn/san/san-tan-son","2026-10-04T13:27:12.986Z","2026-10-04","none","","","","",""
"VN_0298","Sân bóng đá Thạch Đà","Chợ tạm Thạch Đà, Số 34 đường 59, Tổ 2 KP6, Phường 14, Hồ Chí Minh","Bóng đá","curated_public_price","unknown","","","180000","350000","","price_range_only","https://diadiem247.com/tp-ho-chi-minh/san-bong-thach-da-quan-go-vap-l370777.html","2026-10-03T08:31:13.713Z","2026-10-03","low","Giá tham khảo công khai; đã đối chiếu tên và địa chỉ. Chưa xác nhận giá đang áp dụng; nguồn không phân ngày/giờ.","court_match","approximate","Bóng đá","public_source_matched"
"VN_0299","Sân cầu lông Viettel","158 Hoàng Hoa Thám, Phường 12, Hồ Chí Minh","Cầu lông","curated_public_price","unknown","","","80000","100000","60","price_range_only","https://vssports.vn/san-cau-long-viettel.html","2026-10-04","2026-10-04","medium","Viettel Hoàng Hoa Thám: danh mục ghi 158, nguồn ghi đầy đủ 158/67/30. Nguồn nêu khoảng 80 nghìn trước 17h, 100 nghìn sau 17h/cuối tuần; giữ khoảng giá vì chưa rõ toàn bộ lịch áp dụng.","court_hour","approximate","Cầu lông","public_source_matched"
"VN_0300","Sân Bóng Đá Mou Arena II","306/68 Vườn Lài, An Phú Đông, Hồ Chí Minh","Bóng đá","no_public_price","","","","","","","none","https://www.sporta.vn/san/san-bong-da-mou-arena-ii","2026-10-04T13:27:13.188Z","2026-10-04","none","","","","",""
"VN_0301","Sân Bóng Đá phương Nam 2","Hẻm 158 Phạm Văn Chiêu, Phường 9, Hồ Chí Minh","Bóng đá","curated_public_price","unknown","","","170000","330000","","price_range_only","https://diadiem247.com/tp-ho-chi-minh/san-bong-phuong-nam-2-quan-go-vap-l370775.html","2026-10-03T08:31:14.626Z","2026-10-03","low","Giá tham khảo công khai; đã đối chiếu tên và địa chỉ. Chưa xác nhận giá đang áp dụng; nguồn không phân ngày/giờ.","court_match","approximate","Bóng đá","public_source_matched"
"VN_0302","Sân banh Hùng Vương","2 Nguyễn Kim, Phường 12, Hồ Chí Minh","Cầu lông","no_public_price","","","","","","","none","https://www.sporta.vn/san/san-banh-hung-vuong","2026-10-04T13:27:13.484Z","2026-10-04","none","","","","",""
"VN_0303","Sân bóng đá Mini Trúc Hoa Viên Quận 2","Số 41 Đường 12,, Hồ Chí Minh","Bóng đá","no_public_price","","","","","","","none","https://www.sporta.vn/san/san-bong-da-mini-truc-hoa-vien-quan-2","2026-10-04T13:27:13.501Z","2026-10-04","none","","","","",""
"VN_0304","Sân vận động Thống Nhất","138 Đ. Đào Duy Từ, Phường 6, Hồ Chí Minh","Cầu lông","no_public_price","","","","","","","none","https://www.sporta.vn/san/san-van-dong-thong-nhat","2026-10-04T13:27:13.453Z","2026-10-04","none","","","","",""
"VN_0305","Sân Bóng Đá Mini 918","270 Hoàng Hoa Thám, Phường 12, Hồ Chí Minh","Bóng đá","no_public_price","","","","","","","none","https://www.sporta.vn/san/san-bong-da-mini-918","2026-10-04T13:27:13.451Z","2026-10-04","none","","","","",""
"VN_0306","sân bóng rổ isb","QMGV+C2P, Phường Bến Thành, Hồ Chí Minh","Bóng đá","no_public_price","","","","","","","none","https://www.sporta.vn/san/san-bong-ro-isb","2026-10-04T13:27:13.605Z","2026-10-04","none","","","","",""
"VN_0307","Sân bóng đá quân đội Gò Vấp - Cây Trâm","236 Nguyễn Tư Giản, Phường 15, Hồ Chí Minh","Bóng đá","no_public_price","","","","","","","none","https://www.sporta.vn/san/san-bong-da-quan-doi-go-vap-cay-tram","2026-10-04T13:27:13.586Z","2026-10-04","none","","","","",""
"VN_0308","Sân bóng rổ Ba Son","QPP5+MVH Vinhomes Golden River Sài Gòn, Bến Nghé, Hồ Chí Minh","Bóng đá","no_public_price","","","","","","","none","https://www.sporta.vn/san/san-bong-ro-ba-son","2026-10-04T13:27:13.619Z","2026-10-04","none","","","","",""
"VN_0309","Sân Banh Thăng Long","986 HL2, Bình Trị Đông A, Hồ Chí Minh","Cầu lông","no_public_price","","","","","","","none","https://www.sporta.vn/san/san-banh-thang-long","2026-10-04T13:27:13.602Z","2026-10-04","none","","","","",""
"VN_0310","Sân bóng Phước Kiển","Hẻm 1236 Lê Văn Lương, Phước Kiển, Hồ Chí Minh","Bóng đá","no_public_price","","","","","","","none","https://www.sporta.vn/san/san-bong-phuoc-kien","2026-10-04T13:27:13.746Z","2026-10-04","none","","","","",""
"VN_0311","Sân Banh Kaka PickleBall 4 sân có máy che","1/40B Ấp Đình, Tân Xuân, Hồ Chí Minh","Pickleball","no_public_price","","","","","","","none","https://www.sporta.vn/san/san-banh-kaka-pickleball-4-san-co-may-che","2026-10-04T13:27:13.822Z","2026-10-04","none","","","","",""
"VN_0312","công ty TNHH sân cỏ nhân tạo Kinh Đô","110 Đường Số 4, khu phố 6, Hồ Chí Minh","Cầu lông","no_public_price","","","","","","","none","https://www.sporta.vn/san/cong-ty-tnhh-san-co-nhan-tao-kinh-do","2026-10-04T13:27:13.864Z","2026-10-04","none","","","","",""
"VN_0313","Sân bóng đá KTX ĐH Giao Thông Vận Tải Phân Hiệu TP.HCm","452 Đường số 442, Tăng Nhơn Phú A, Hồ Chí Minh","Bóng đá","no_public_price","","","","","","","none","https://www.sporta.vn/san/san-bong-da-ktx-dh-giao-thong-van-tai-phan-hieu-tp-hcm","2026-10-04T13:27:13.953Z","2026-10-04","none","","","","",""
"VN_0314","Basketball Courts","120 Đ. Nguyễn Du, Phường Bến Thành, Hồ Chí Minh","Bóng rổ","no_public_price","","","","","","","none","https://www.sporta.vn/san/basketball-courts","2026-10-04T13:27:13.952Z","2026-10-04","none","","","","",""
"VN_0315","Sân Bóng Đá Bảy Danh","13b Đ. Tỉnh Lộ 15, ấp 1a, Hồ Chí Minh","Bóng đá","no_public_price","","","","","","","none","https://www.sporta.vn/san/san-bong-da-bay-danh","2026-10-04T13:27:13.984Z","2026-10-04","none","","","","",""
"VN_0316","Khu Đa Năng Lý Phong - Bóng Rổ Lý Phong","78 Đ. An Dương Vương, Phường 9, Hồ Chí Minh","Bóng rổ","no_public_price","","","","","","","none","https://www.sporta.vn/san/khu-da-nang-ly-phong-bong-ro-ly-phong","2026-10-04T13:27:13.968Z","2026-10-04","none","","","","",""
"VN_0317","Clb Sân Bóng Đá Mini 77","152 Nguyễn Oanh, Phường 7, Hồ Chí Minh","Bóng đá","no_public_price","","","","","","","none","https://www.sporta.vn/san/clb-san-bong-da-mini-77","2026-10-04T13:27:14.051Z","2026-10-04","none","","","","",""
"VN_0318","Sân bóng đá Hiếu Hoàng Long","C19/7B4 ẤP 4B, Bình Hưng, Hồ Chí Minh","Bóng đá","no_public_price","","","","","","","none","https://www.sporta.vn/san/san-bong-da-hieu-hoang-long","2026-10-04T13:27:14.092Z","2026-10-04","none","","","","",""
"VN_0319","Sân Đá Banh 24/24","Hẻm 104 Tân Sơn, Phường 15, Hồ Chí Minh","Cầu lông","no_public_price","","","","","","","none","https://www.sporta.vn/san/san-da--banh-24-24","2026-10-04T13:27:14.487Z","2026-10-04","none","","","","",""
"VN_0320","Sân Banh Hoàng Giang 2","20G Ấp 4B, Vĩnh Lộc B, Hồ Chí Minh","Cầu lông","no_public_price","","","","","","","none","https://www.sporta.vn/san/san-banh-hoang-giang-2","2026-10-04T13:27:14.390Z","2026-10-04","none","","","","",""
"VN_0321","Sân bóng chuyền khu phố 3","RPC9+MPQ, Đường 18, Hiệp Bình Chánh, Hồ Chí Minh","Bóng đá","no_public_price","","","","","","","none","https://www.sporta.vn/san/san-bong-chuyen-khu-pho-3","2026-10-04T13:27:14.273Z","2026-10-04","none","","","","",""
"VN_0322","Sân Bóng Đá Cầu Ông Dầu","14 Đ. Số 2, khu phố 6, Hồ Chí Minh","Bóng đá","no_public_price","","","","","","","none","https://www.sporta.vn/san/san-bong-da-cau-ong-dau","2026-10-04T13:27:14.636Z","2026-10-04","none","","","","",""
"VN_0323","Sân Bóng Đá Gò Xoài","7 Liên Khu 2-10, Bình Hưng Hoà A, Hồ Chí Minh","Bóng đá","no_public_price","","","","","","","none","https://www.sporta.vn/san/san-bong-da-go-xoai","2026-10-04T13:27:14.357Z","2026-10-04","none","","","","",""
"VN_0324","SÂN BÓNG ĐÁ SACA ARENA","Đường 410/90 Bac Rach Chiec, KDC, Hồ Chí Minh","Bóng đá","no_public_price","","","","","","","none","https://www.sporta.vn/san/san-bong-da-saca-arena","2026-10-04T13:27:14.531Z","2026-10-04","none","","","","",""
"VN_0325","A87 Football field","RM53+PP2, Phường 4, Hồ Chí Minh","Bóng đá","no_public_price","","","","","","","none","https://www.sporta.vn/san/a87-football-field","2026-10-04T13:27:14.616Z","2026-10-04","none","","","","",""
"VN_0326","Sân bóng đá VOV","RJWH+W8J, Đông Hưng Thuận, Hồ Chí Minh","Bóng đá","no_public_price","","","","","","","none","https://www.sporta.vn/san/san-bong-da-vov","2026-10-04T13:27:14.502Z","2026-10-04","none","","","","",""
"VN_0327","Sân bóng đá Lộc Phát","42/12A Đ. Số 2, Hiệp Bình Phước, Hồ Chí Minh","Bóng đá","no_public_price","","","","","","","none","https://www.sporta.vn/san/san-bong-da-loc-phat","2026-10-04T13:27:14.822Z","2026-10-04","none","","","","",""
"VN_0328","Công Ty Tnhh Sân Bóng Đá Ops","1 Đường Số 17B, Bình Trị Đông B, Hồ Chí Minh","Bóng đá","no_public_price","","","","","","","none","https://www.sporta.vn/san/cong-ty-tnhh-san-bong-da-ops","2026-10-04T13:27:14.733Z","2026-10-04","none","","","","",""
"VN_0329","Sân bóng Đất Việt Group","105/5/20 Vườn Lài, An Phú Đông, Hồ Chí Minh","Bóng đá","no_public_price","","","","","","","none","https://www.sporta.vn/san/san-bong-dat-viet-group","2026-10-04T13:27:14.860Z","2026-10-04","none","","","","",""
"VN_0330","Sân Bóng Đá Mansion Sports Club","93/3 Nguyễn Hoàng, An Phú, Hồ Chí Minh","Bóng đá","no_public_price","","","","","","","none","https://www.sporta.vn/san/san-bong-da-mansion-sports-club","2026-10-04T13:27:14.805Z","2026-10-04","none","","","","",""
"VN_0331","Sân Bóng Đá Mini Thống Nhất 2","Đường Trần Thị Do, Hiệp Thành, Hồ Chí Minh","Bóng đá","no_public_price","","","","","","","none","https://www.sporta.vn/san/san-bong-da-mini-thong-nhat-2","2026-10-04T13:27:14.822Z","2026-10-04","none","","","","",""
"VN_0332","Sân Bóng Đá Đại Long 2","C19/7B4 ẤP 4B, Bình Hưng, Hồ Chí Minh","Bóng đá","no_public_price","","","","","","","none","https://www.sporta.vn/san/san-bong-da-dai-long-2","2026-10-04T13:27:14.859Z","2026-10-04","none","","","","",""
"VN_0333","Sân bóng Cicilia","431 Đ. Hiệp Thành 13, Hiệp Thành, Hồ Chí Minh","Bóng đá","no_public_price","","","","","","","none","https://www.sporta.vn/san/san-bong-cicilia","2026-10-04T13:27:14.869Z","2026-10-04","none","","","","",""
"VN_0334","Sân cỏ nhân tạo Cầu Ông Dầu","Hẻm 82/14 Đ. Số 2, P, Hồ Chí Minh","Cầu lông","no_public_price","","","","","","","none","https://www.sporta.vn/san/san-co-nhan-tao-cau-ong-dau","2026-10-04T13:27:14.966Z","2026-10-04","none","","","","",""
"VN_0335","Sân bóng Lê Hùng","Hẻm 140 Đường 28, Phường 6, Hồ Chí Minh","Bóng đá","no_public_price","","","","","","","none","https://www.sporta.vn/san/san-bong-le-hung","2026-10-04T13:27:15.080Z","2026-10-04","none","","","","",""
"VN_0336","Sân Bóng Đá Mini Thịnh Phát","RJ33+HP7, Đ. Số 7, Bình Hưng Hoà, Hồ Chí Minh","Bóng đá","no_public_price","","","","","","","none","https://www.sporta.vn/san/san-bong-da-mini-thinh-phat","2026-10-04T13:27:15.109Z","2026-10-04","none","","","","",""
"VN_0337","Sân CR7","VJ3J+C4P, Đông Hưng Thuận, Hồ Chí Minh","Cầu lông","no_public_price","","","","","","","none","https://www.sporta.vn/san/san-cr7","2026-10-04T13:27:15.081Z","2026-10-04","none","","","","",""
"VN_0338","Sân Bóng Đá Gò Công","545 Nguyễn Xiển, Long Thạnh Mỹ, Hồ Chí Minh","Bóng đá","no_public_price","","","","","","","none","https://www.sporta.vn/san/san-bong-da-go-cong","2026-10-04T13:27:14.978Z","2026-10-04","none","","","","",""
"VN_0339","Sân bóng đá Rạch Đĩa","PMFV+CHJ, Phước Kiển, Hồ Chí Minh","Bóng đá","no_public_price","","","","","","","none","https://www.sporta.vn/san/san-bong-da-rach-dia","2026-10-04T13:27:15.487Z","2026-10-04","none","","","","",""
"VN_0340","Sân Bóng Đá Thiện Nhân","10/12 Đ. Số 10, Bình Hưng Hoà A, Hồ Chí Minh","Bóng đá","no_public_price","","","","","","","none","https://www.sporta.vn/san/san-bong-da-thien-nhan","2026-10-04T13:27:15.136Z","2026-10-04","none","","","","",""
"VN_0341","Sân Bóng Hoàng Diệu","Hẻm 25 Đ. số 10, Phường Linh Trung, Hồ Chí Minh","Bóng đá","no_public_price","","","","","","","none","https://www.sporta.vn/san/san-bong-hoang-dieu","2026-10-04T13:27:15.340Z","2026-10-04","none","","","","",""
"VN_0342","Sân bóng đá Tân Xuân","VJC3+33G, 6, Tân Xuân, Hồ Chí Minh","Bóng đá","no_public_price","","","","","","","none","https://www.sporta.vn/san/san-bong-da-tan-xuan","2026-10-04T13:27:15.237Z","2026-10-04","none","","","","",""
"VN_0343","Sân Bóng Đá Cây Sung 379","Đường Đ. Nguyễn Ảnh Thủ, Tân Chánh Hiệp, Hồ Chí Minh","Bóng đá","no_public_price","","","","","","","none","https://www.sporta.vn/san/san-bong-da-cay-sung-379","2026-10-04T13:27:15.444Z","2026-10-04","none","","","","",""
"VN_0344","Sân bóng đá 780 (Sân 3K)","780 Đ. Sư Vạn Hạnh, Phường 12, Hồ Chí Minh","Bóng đá","no_public_price","","","","","","","none","https://www.sporta.vn/san/san-bong-da-780--san-3k-","2026-10-04T13:27:15.403Z","2026-10-04","none","","","","",""
"VN_0345","Sân cỏ nhân tạo Kaly","179 Đình Phong Phú, Tăng Nhơn Phú B, Hồ Chí Minh","Cầu lông","no_public_price","","","","","","","none","https://www.sporta.vn/san/san-co-nhan-tao-kaly","2026-10-04T13:27:15.236Z","2026-10-04","none","","","","",""
"VN_0346","Sân bóng đá Nguyễn Hoàng","Hẻm 22, Linh Đông, Hồ Chí Minh","Bóng đá","no_public_price","","","","","","","none","https://www.sporta.vn/san/san-bong-da-nguyen-hoang","2026-10-04T13:27:15.570Z","2026-10-04","none","","","","",""
"VN_0347","Sân Bóng Đá K34 | Sân Bóng Đá Có Mái Che - Sân Banh Cỏ Nhân Tạo Quận Tân Bình TP HCM","A75/6E/65, Đ. Bạch Đằng, Phường 2, Hồ Chí Minh","Bóng đá","no_public_price","","","","","","","none","https://www.sporta.vn/san/san-bong-da-k34---san-bong-da-co-mai-che-san-banh-co-nhan-tao-quan-tan-binh-tp-hcm","2026-10-04T13:27:15.959Z","2026-10-04","none","","","","",""
"VN_0348","Sân bóng đá mini Trần Hưng Đạo","89/955E Lê Đức Thọ, Phường 6, Hồ Chí Minh","Cầu lông","no_public_price","","","","","","","none","https://www.sporta.vn/san/san-bo-ng-da--mini-tra-n-hung-da-o","2026-10-04T13:27:15.584Z","2026-10-04","none","","","","",""
"VN_0349","Sân Bóng đá Like","1/42A Ấp Đình, Tân Xuân, Hồ Chí Minh","Bóng đá","no_public_price","","","","","","","none","https://www.sporta.vn/san/san-bong-da-like","2026-10-04T13:27:15.769Z","2026-10-04","none","","","","",""
"VN_0350","SANG TRỌNG ARENA","368 Đường Lê Thị Lơ, Tân Hiệp, Hồ Chí Minh","Cầu lông","no_public_price","","","","","","","none","https://www.sporta.vn/san/sang-trong-arena","2026-10-04T13:27:15.670Z","2026-10-04","none","","","","",""
"VN_0351","Sân bóng đá 917","Phường 12, Hồ Chí Minh","Bóng đá","no_public_price","","","","","","","none","https://www.sporta.vn/san/san-bong-da-917","2026-10-04T13:27:15.803Z","2026-10-04","none","","","","",""
"VN_0352","Sân Bóng Trí Nguyễn","Đ.Thạnh Xuân 14, Thạnh Xuân, Hồ Chí Minh","Bóng đá","no_public_price","","","","","","","none","https://www.sporta.vn/san/san-bong-tri-nguyen","2026-10-04T13:27:15.736Z","2026-10-04","none","","","","",""
"VN_0353","Sân bóng chuyền đại học văn lang cơ sở 3","16 Đường Số 12, Phường 5, Hồ Chí Minh","Bóng đá","no_public_price","","","","","","","none","https://www.sporta.vn/san/san-bong-chuyen-dai-hoc-van-lang-co-so-3","2026-10-04T13:27:15.902Z","2026-10-04","none","","","","",""
"VN_0354","Fox Fields","3 Đ. Đông Tây 1, Khu Phố 5, Hồ Chí Minh","Cầu lông","no_public_price","","","","","","","none","https://www.sporta.vn/san/fox-fields","2026-10-04T13:27:15.986Z","2026-10-04","none","","","","",""
"VN_0355","Sân Bóng Mini Liên Chiểu","19 Đ. Phạm Như Xương, Hoà Khánh Nam, Đà Nẵng","Bóng đá","no_public_price","","","","","","","none","https://www.sporta.vn/san/san-bong-mini-lien-chieu","2026-10-04T13:27:15.916Z","2026-10-04","none","","","","",""
"VN_0356","Sân Bưu Điện","50B Nguyễn Du, Thạch Thang, Đà Nẵng","Cầu lông","curated_public_price","unknown","","","70000","100000","60","price_range_only","https://shopvnb.com/san-cau-long-buu-dien-da-nang.html","2026-10-03T08:23:26.387Z","2026-10-03","medium","Giá tham khảo công khai; đã đối chiếu tên và địa chỉ. Chưa xác nhận giá đang áp dụng; nguồn không phân ngày/giờ.","court_hour","approximate","Cầu lông","public_source_matched"
"VN_0357","Sông Hàn Pickleball - 17 Lê Duẩn","17 Lê Duẩn, Đà Nẵng","Pickleball","curated_public_price","unknown","","","60000","180000","60","price_range_only","https://shopvnb.com/san-pickleball-song-han.html","2026-10-03T08:28:07.996Z","2026-10-03","medium","Giá tham khảo công khai; đã đối chiếu tên và địa chỉ. Chưa xác nhận giá đang áp dụng; nguồn không phân ngày/giờ.","court_hour","approximate","Pickleball","public_source_matched"
"VN_0358","3K Pickleball - 58-60 Nguyễn Văn Thông","58-60 Nguyễn Văn Thông, Đà Nẵng","Pickleball","no_public_price","","","","","","","none","https://www.sporta.vn/san/3k-pickleball-5860-nguyen-van-thong","2026-10-04T13:27:16.095Z","2026-10-04","none","","","","",""
"VN_0359","Pickleball Đà Nẵng Unity - 271 Nguyễn Văn Linh","271 Nguyễn Văn Linh, Đà Nẵng","Pickleball","curated_public_price","unknown","","","100000","150000","60","price_range_only","https://shopvnb.com/san-pickleball-da-nang-unity.html","2026-10-03T08:31:03.707Z","2026-10-03","medium","Giá tham khảo công khai; đã đối chiếu tên và địa chỉ. Chưa xác nhận giá đang áp dụng; nguồn không phân ngày/giờ.","court_hour","approximate","Pickleball","public_source_matched"
"VN_0360","Miami Pickleball - 73-75 Nguyễn Đình Thi","73-75 Nguyễn Đình Thi, Đà Nẵng","Pickleball","curated_public_price","unknown","","","90000","140000","","price_range_only","https://thegioithethao.vn/san-pickleball-miami-da-nang-f-2zoZ9","2026-10-04T14:13:00.964Z","2026-10-04","low","Giá tham khảo công khai; đã đối chiếu tên và địa chỉ. Chưa xác nhận giá đang áp dụng; nguồn không phân ngày/giờ.","court_unknown_duration","approximate","Pickleball","public_source_matched"
"VN_0361","Fairplay Pickleball - 239 Diên Hồng, ngã tư Diên Hồng và 29/3","239 Diên Hồng, ngã tư Diên Hồng và 29/3, Đà Nẵng","Pickleball","curated_public_price","unknown","","","120000","160000","","price_range_only","https://thegioithethao.vn/san-pickleball-fairplay-f-ymWYx","2026-10-04T14:12:58.163Z","2026-10-04","low","Giá tham khảo công khai; đã đối chiếu tên và địa chỉ. Chưa xác nhận giá đang áp dụng; nguồn không phân ngày/giờ.","court_unknown_duration","approximate","Pickleball","public_source_matched"
"VN_0362","Sân Bóng đá The Blue","65 Phan Văn Định, Hoà Khánh Bắc, Đà Nẵng","Bóng đá","no_public_price","","","","","","","none","https://www.sporta.vn/san/san-bong-da-the-blue","2026-10-04T13:27:16.276Z","2026-10-04","none","","","","",""
"VN_0363","Tuấn Nhàn Pickleball - 27 Vũ Trọng Hoàng","27 Vũ Trọng Hoàng, Đà Nẵng","Pickleball","curated_public_price","unknown","","","120000","150000","","price_range_only","https://thegioithethao.vn/san-pickleball-tuan-nhan-f-cxACs","2026-10-04T14:12:47.073Z","2026-10-04","low","Giá tham khảo công khai; đã đối chiếu tên và địa chỉ. Chưa xác nhận giá đang áp dụng; nguồn không phân ngày/giờ.","court_unknown_duration","approximate","Pickleball","public_source_matched"
"VN_0364","Nam Hải Vân Sport Pickleball - 01 Đỗ Đăng Tuyển","01 Đỗ Đăng Tuyển, Đà Nẵng","Pickleball","curated_public_price","unknown","","","120000","180000","","price_range_only","https://thegioithethao.vn/nam-hai-van-sport-f-vz8Ue","2026-10-04T14:13:10.958Z","2026-10-04","low","Giá tham khảo công khai; đã đối chiếu tên và địa chỉ. Chưa xác nhận giá đang áp dụng; nguồn không phân ngày/giờ.","court_unknown_duration","approximate","","public_source_matched"
"VN_0365","Ngũ Hành Sơn Pickleball - 03 Sơn Thủy 11","03 Sơn Thủy 11, Đà Nẵng","Pickleball","curated_public_price","unknown","","","100000","120000","","price_range_only","https://thegioithethao.vn/ngu-hanh-son-pickleball-f-XhMAk","2026-10-04T14:13:03.737Z","2026-10-04","low","Giá tham khảo công khai; đã đối chiếu tên và địa chỉ. Chưa xác nhận giá đang áp dụng; nguồn không phân ngày/giờ.","court_unknown_duration","approximate","Pickleball","public_source_matched"
"VN_0366","Mitsuba Pickleball - 453 Ngô Quyền","453 Ngô Quyền, Đà Nẵng","Pickleball","curated_public_price","unknown","","","100000","140000","","price_range_only","https://thegioithethao.vn/san-pickleball-mitsuba-f-CAKrZ","2026-10-04T14:13:00.814Z","2026-10-04","low","Nguồn TheGioiTheThao khớp 453 Ngô Quyền. Không dùng mức giá VNB tại 451 khi chưa xác nhận; giá được chọn chưa rõ thời lượng.","court_unknown_duration","approximate","Pickleball","public_source_matched"
"VN_0367","Đảo Xanh Pickleball - Khu biệt thự Đảo Xanh","Khu biệt thự Đảo Xanh, Đà Nẵng","Pickleball","curated_public_price","unknown","","","120000","180000","60","price_range_only","https://shopvnb.com/san-pickleball-dao-xanh.html","2026-10-03T08:30:29.583Z","2026-10-03","medium","Giá tham khảo công khai; đã đối chiếu tên và địa chỉ. Chưa xác nhận giá đang áp dụng; nguồn không phân ngày/giờ.","court_hour","approximate","Pickleball","public_source_matched"
"VN_0368","Sông Thu Pickleball - 36D Dương Đình Nghệ","36D Dương Đình Nghệ, Đà Nẵng","Pickleball","curated_public_price","unknown","","","100000","160000","60","price_range_only","https://shopvnb.com/san-pickleball-son-tra.html","2026-10-03T08:25:25.116Z","2026-10-03","medium","Giá tham khảo công khai; đã đối chiếu tên và địa chỉ. Chưa xác nhận giá đang áp dụng; nguồn không phân ngày/giờ.","court_hour","approximate","Pickleball","public_source_matched"
"VN_0369","Fit Fun Pickleball - 86 Duy Tân","86 Duy Tân, Đà Nẵng","Pickleball","curated_public_price","unknown","","","140000","200000","60","price_range_only","https://shopvnb.com/san-pickleball-fit-fun.html","2026-10-03T08:31:01.398Z","2026-10-03","medium","Giá tham khảo công khai; đã đối chiếu tên và địa chỉ. Chưa xác nhận giá đang áp dụng; nguồn không phân ngày/giờ.","court_hour","approximate","Pickleball","public_source_matched"
"VN_0370","SeaMart Pickleball - 146 Duy Tân","146 Duy Tân, Đà Nẵng","Pickleball","curated_public_price","unknown","","","120000","180000","","price_range_only","https://thegioithethao.vn/seamart-pickleball-f-t0BVW","2026-10-04T14:13:07.697Z","2026-10-04","low","Giá tham khảo công khai; đã đối chiếu tên và địa chỉ. Chưa xác nhận giá đang áp dụng; nguồn không phân ngày/giờ.","court_unknown_duration","approximate","Pickleball","public_source_matched"
"VN_0371","Sân bóng rổ chất lượng cao iKids Đà Nẵng - Chi nhánh Trường Phan Châu Trinh","48 Đ. Lê Duẩn, Thạch Thang, Đà Nẵng","Bóng đá","no_public_price","","","","","","","none","https://www.sporta.vn/san/san-bong-ro-chat-luong-cao-ikids-da-nang-chi-nhanh-truong-phan-chau-trinh","2026-10-04T13:27:16.728Z","2026-10-04","none","","","","",""
"VN_0372","Ak Club Pickleabll - 09 Lê Đại Hành","09 Lê Đại Hành, Đà Nẵng","Cầu lông","no_public_price","","","","","","","none","https://www.sporta.vn/san/ak-club-pickleabll-09-le-dai-hanh","2026-10-04T13:27:17.114Z","2026-10-04","none","","","","",""
"VN_0373","Six Point Pickleball - 06 Trần Hữu Tước","06 Trần Hữu Tước, Đà Nẵng","Pickleball","no_public_price","","","","","","","none","https://www.sporta.vn/san/six-point-pickleball-06-tran-huu-tuoc","2026-10-04T13:27:17.049Z","2026-10-04","none","","","","",""
"VN_0374","KaKa Pickleball - 2 Đường Giáng Hương 9, TTTT Euro Village 2","2 Đường Giáng Hương 9, TTTT Euro Village 2, Đà Nẵng","Pickleball","curated_public_price","unknown","","","100000","150000","","price_range_only","https://thegioithethao.vn/san-pickleball-kaka-euro-village-2-f-Vi4YS","2026-10-04T14:13:02.220Z","2026-10-04","low","Giá tham khảo công khai; đã đối chiếu tên và địa chỉ. Chưa xác nhận giá đang áp dụng; nguồn không phân ngày/giờ.","court_unknown_duration","approximate","Pickleball","public_source_matched"
"VN_0375","VQ Fitness Club Pickleball - 273/1 Nguyễn Công Hoan","273/1 Nguyễn Công Hoan, Đà Nẵng","Pickleball","no_public_price","","","","","","","none","https://www.sporta.vn/san/vq-fitness-club-pickleball-273-1-nguyen-cong-hoan","2026-10-04T13:27:17.111Z","2026-10-04","none","","","","",""
"VN_0376","Smile Pickleball - 26-28 Giáng Hương 6, Khu Euro Village 2","26-28 Giáng Hương 6, Khu Euro Village 2, Đà Nẵng","Pickleball","curated_public_price","unknown","","","80000","140000","","price_range_only","https://thegioithethao.vn/san-pickleball-smile-f-mtIUe","2026-10-04T14:13:00.801Z","2026-10-04","low","Giá tham khảo công khai; đã đối chiếu tên và địa chỉ. Chưa xác nhận giá đang áp dụng; nguồn không phân ngày/giờ.","court_unknown_duration","approximate","Pickleball","public_source_matched"
"VN_0377","Nana Pickleball - 01 Phan Tứ","01 Phan Tứ, Đà Nẵng","Pickleball","curated_public_price","unknown","","","120000","140000","","price_range_only","https://thegioithethao.vn/san-pickleball-nana-f-HI9RC","2026-10-04T14:12:56.726Z","2026-10-04","low","Giá tham khảo công khai; đã đối chiếu tên và địa chỉ. Chưa xác nhận giá đang áp dụng; nguồn không phân ngày/giờ.","court_unknown_duration","approximate","Pickleball","public_source_matched"
"VN_0378","Hợp Thành Phát Pickleball - Lô 3-4 Dự án ven sông","Lô 3-4 Dự án ven sông, Đà Nẵng","Pickleball","curated_public_price","unknown","","","120000","150000","","price_range_only","https://thegioithethao.vn/hop-thanh-phat-pickleball-club-f-MQCeV","2026-10-04T14:13:04.932Z","2026-10-04","low","Giá tham khảo công khai; đã đối chiếu tên và địa chỉ. Chưa xác nhận giá đang áp dụng; nguồn không phân ngày/giờ.","court_unknown_duration","approximate","Pickleball","public_source_matched"
"VN_0379","Smooth Pickleball Center CN1 - 01B Trần Quang Diệu","01B Trần Quang Diệu, Đà Nẵng","Pickleball","no_public_price","","","","","","","none","https://www.sporta.vn/san/smooth-pickleball-center-cn1-01b-tran-quang-dieu","2026-10-04T13:27:17.212Z","2026-10-04","none","","","","",""
"VN_0380","Picklehead My Khe Beach - 84 Chế Lan Viên","84 Chế Lan Viên, Đà Nẵng","Pickleball","curated_public_price","unknown","","","90000","180000","60","price_range_only","https://shopvnb.com/san-pickleball-picklehead-my-khe-beach.html","2026-10-03T08:29:06.796Z","2026-10-03","medium","Giá tham khảo công khai; đã đối chiếu tên và địa chỉ. Chưa xác nhận giá đang áp dụng; nguồn không phân ngày/giờ.","court_hour","approximate","Pickleball","public_source_matched"
"VN_0381","Thi công sân bóng đá mini","230 Đ. Lê Quảng Chí, Hoà Xuân, Đà Nẵng","Bóng đá","no_public_price","","","","","","","none","https://www.sporta.vn/san/thi-cong-san-bong-da-mini","2026-10-04T13:27:17.284Z","2026-10-04","none","","","","",""
"VN_0382","Sân bóng Mini Cung Thiếu Nhi","Phan Đăng Lưu, Hòa Cường, Đà Nẵng","Bóng đá","no_public_price","","","","","","","none","https://www.sporta.vn/san/san-bong-mini-cung-thieu-nhi","2026-10-04T13:27:17.446Z","2026-10-04","none","","","","",""
"VN_0383","Sân vận động Chi Lăng","38 Ng. Gia Tự, Hải Châu 2, Đà Nẵng","Cầu lông","no_public_price","","","","","","","none","https://www.sporta.vn/san/san-van-dong-chi-lang","2026-10-04T13:27:17.439Z","2026-10-04","none","","","","",""
"VN_0384","Sân bóng KaKa Sport","Quảng Nam, Hoà Quý, Đà Nẵng","Bóng đá","no_public_price","","","","","","","none","https://www.sporta.vn/san/san-bong-kaka-sport","2026-10-04T13:27:17.350Z","2026-10-04","none","","","","",""
"VN_0385","Sân bóng đá Euro Village 2","26FJ+R24 Euro Village 2, Hoà Xuân, Đà Nẵng","Bóng đá","no_public_price","","","","","","","none","https://www.sporta.vn/san/san-bong-da-euro-village-2","2026-10-04T13:27:17.368Z","2026-10-04","none","","","","",""
"VN_0386","SÂN BÓNG 76 TÔN ĐẢN","354G+RRP, Hoà An, Đà Nẵng","Bóng đá","no_public_price","","","","","","","none","https://www.sporta.vn/san/san-bong-76-ton-dan","2026-10-04T13:27:17.488Z","2026-10-04","none","","","","",""
"VN_0387","Thép Việt Pickleball","115 Đ. Nghiêm Xuân Yêm, Khuê Mỹ, Đà Nẵng","Pickleball","curated_public_price","unknown","","","90000","160000","60","price_range_only","https://www.alobo.vn/san-cau-long-da-nang-san-pickleball-da-nang/","2026-10-03T08:17:14.029Z","2026-10-03","medium","Khớp chính xác tên Thép Việt Pickleball, cùng đường Nghiêm Xuân Yêm; số 115/117 liền kề có thể là khác biệt điểm ghim/cổng vào.","court_hour","approximate","Pickleball","public_source_matched"
"VN_0388","Sân Bóng MU Hòa Tiến","Yến Nê 1, Hoà Tiến, Đà Nẵng","Bóng đá","no_public_price","","","","","","","none","https://www.sporta.vn/san/san-bong-mu-hoa-tien","2026-10-04T13:27:17.738Z","2026-10-04","none","","","","",""
"VN_0389","Sân bóng đá Harmony","Phạm Văn Đồng, An Hải Bắc, Đà Nẵng","Bóng đá","curated_public_price","unknown","","","300000","800000","","price_range_only","https://diadiem247.com/da-nang/san-bong-da-co-nhan-tao-harmony-l371100.html","2026-10-03T08:30:21.480Z","2026-10-03","low","Giá tham khảo công khai; đã đối chiếu tên và địa chỉ. Chưa xác nhận giá đang áp dụng; nguồn không phân ngày/giờ.","court_unknown_duration","approximate","Bóng đá","public_source_matched"
"VN_0390","Sân Bóng Mini Bin Bon","38 Ông Ích Đ., Khuê Trung, Đà Nẵng","Bóng đá","no_public_price","","","","","","","none","https://www.sporta.vn/san/san-bong-mini-bin-bon","2026-10-04T13:27:17.653Z","2026-10-04","none","","","","",""
"VN_0391","Sân bóng mini Mỹ An Sport Center","An Thượng 9, Bắc Mỹ An, Đà Nẵng","Bóng đá","no_public_price","","","","","","","none","https://www.sporta.vn/san/san-bong-mini-my-an-sport-center","2026-10-04T13:27:17.702Z","2026-10-04","none","","","","",""
"VN_0392","Sân bóng Win Win","Mỹ Khê 3, Phước Mỹ, Đà Nẵng","Bóng đá","no_public_price","","","","","","","none","https://www.sporta.vn/san/san-bong-in-in","2026-10-04T13:27:17.940Z","2026-10-04","none","","","","",""
"VN_0393","Sân bóng đá mini Đa Phước","Ông Ích Khiêm, Khu đô thị Đa Phước, Đà Nẵng","Bóng đá","no_public_price","","","","","","","none","https://www.sporta.vn/san/san-bong-da-mini-da-phuoc","2026-10-04T13:27:18.139Z","2026-10-04","none","","","","",""
"VN_0394","Sân Bóng Đá Lê Quý Đôn","364M+CM3, An Trung 3, An Hải, Đà Nẵng","Bóng đá","no_public_price","","","","","","","none","https://www.sporta.vn/san/san-bong-da-le-quy-don","2026-10-04T13:27:17.866Z","2026-10-04","none","","","","",""
"VN_0395","Sân bóng rổ Jumpshots Hải Châu","02 Cách Mạng Tháng 8, Hoà Cường Nam, Đà Nẵng","Bóng đá","no_public_price","","","","","","","none","https://www.sporta.vn/san/san-bong-ro-jumpshots-hai-chau","2026-10-04T13:27:17.867Z","2026-10-04","none","","","","",""
"VN_0396","Sân bóng Hòa Phú","Nguyễn Chơn, Hoà Minh, Đà Nẵng","Bóng đá","no_public_price","","","","","","","none","https://www.sporta.vn/san/san-bong-hoa-phu","2026-10-04T13:27:17.951Z","2026-10-04","none","","","","",""
"VN_0397","Sân bóng đá T20","Mỹ Khê 4, Phước Mỹ, Đà Nẵng","Bóng đá","no_public_price","","","","","","","none","https://www.sporta.vn/san/san-bong-da-t20","2026-10-04T13:27:18.003Z","2026-10-04","none","","","","",""
"VN_0398","Sân bóng Thanh Thanh","348X+QJ8, Hoà Khánh Nam, Đà Nẵng","Bóng đá","no_public_price","","","","","","","none","https://www.sporta.vn/san/san-bong-thanh-thanh","2026-10-04T13:27:18.159Z","2026-10-04","none","","","","",""
"VN_0399","Sân bóng đá KING SPORT","Xuân Thiều 2, Hoà Hiệp Nam, Đà Nẵng","Bóng đá","no_public_price","","","","","","","none","https://www.sporta.vn/san/san-bong-da-king-sport","2026-10-04T13:27:18.343Z","2026-10-04","none","","","","",""
"VN_0400","Sân Bóng Lindo Sport","395 Đ. 29 Tháng 3, Hoà Xuân, Đà Nẵng","Bóng đá","curated_public_price","unknown","","","350000","350000","","price_only","https://thegioithethao.vn/san-bong-lindo-sport-f-OuKW9","2026-10-04T14:14:46.522Z","2026-10-04","low","Khớp Lindo Sport và 395 đường 29 Tháng 3; nhãn phường Hòa Xuân/Khuê Trung khác nhau. Giá chưa rõ thời lượng.","court_unknown_duration","approximate","Bóng đá","public_source_matched"
"VN_0401","Sân bóng 743 - Nam Cao","Đ. Nam Cao, Hoà Khánh Nam, Đà Nẵng","Bóng đá","no_public_price","","","","","","","none","https://www.sporta.vn/san/san-bong-743-nam-cao","2026-10-04T13:27:18.195Z","2026-10-04","none","","","","",""
"VN_0402","Sân bóng đá Ngọc Thạch Khu Công Nghiệp","347X+5P9, Hoà Khánh Nam, Đà Nẵng","Bóng đá","no_public_price","","","","","","","none","https://www.sporta.vn/san/san-bong-da-ngoc-thach-khu-cong-nghiep","2026-10-04T13:27:18.393Z","2026-10-04","none","","","","",""
"VN_0403","Sân bóng đá Lê Sát","103 Lê Sát, Hoà Cường Nam, Đà Nẵng","Bóng đá","no_public_price","","","","","","","none","https://www.sporta.vn/san/san-bong-da-le-sat","2026-10-04T13:27:18.489Z","2026-10-04","none","","","","",""
"VN_0404","Sân bóng An Trung","364M+CM3, An Trung 3, An Hải, Đà Nẵng","Bóng đá","no_public_price","","","","","","","none","https://www.sporta.vn/san/san-bong-an-trung","2026-10-04T13:27:18.650Z","2026-10-04","none","","","","",""
"VN_0405","Clb Bóng Đá Mini An Phúc","36P8+WWW, Nguyễn Hữu Cảnh, Thuận Phước, Đà Nẵng","Bóng đá","curated_public_price","unknown","","","300000","300000","","price_only","https://thegioithethao.vn/clb-bong-da-mini-an-phuc-f-rbdJE","2026-10-04T14:15:48.598Z","2026-10-04","low","Giá tham khảo công khai; đã đối chiếu tên và địa chỉ. Chưa xác nhận giá đang áp dụng; nguồn không phân ngày/giờ.","court_unknown_duration","approximate","Bóng đá","public_source_matched"
"VN_0406","Sân bóng đá Chơn Tâm 1","39 Mộc Bài 1, Hoà Khánh Nam, Đà Nẵng","Bóng đá","no_public_price","","","","","","","none","https://www.sporta.vn/san/san-bong-da-chon-tam-1","2026-10-04T13:27:18.643Z","2026-10-04","none","","","","",""
"VN_0407","Sân bóng mini Xuân 68","30 Võ Chí Công, Hoà Xuân, Đà Nẵng","Bóng đá","no_public_price","","","","","","","none","https://www.sporta.vn/san/san-bong-mini-xuan-68","2026-10-04T13:27:18.602Z","2026-10-04","none","","","","",""
"VN_0408","Sân Đá Bóng Hoàng Phúc 2","26P8+RWG, Hòa Cường, Đà Nẵng","Bóng đá","no_public_price","","","","","","","none","https://www.sporta.vn/san/san-da-bong-hoang-phuc-2","2026-10-04T13:27:18.736Z","2026-10-04","none","","","","",""
"VN_0409","Sân bóng rổ Sơn Trà","364M+4MJ, An Hải Tây, Đà Nẵng","Bóng đá","no_public_price","","","","","","","none","https://www.sporta.vn/san/san-bong-ro-son-tra","2026-10-04T13:27:18.720Z","2026-10-04","none","","","","",""
"VN_0410","Sân bóng đá Mini Hòa Xuân","02 Nguyễn Phước Lan, Hoà Xuân, Đà Nẵng","Bóng đá","no_public_price","","","","","","","none","https://www.sporta.vn/san/san-bong-da-mini-hoa-xuan","2026-10-04T13:27:18.836Z","2026-10-04","none","","","","",""
"VN_0411","Diên Hồng stadium","Diên Hồng, Hoà Xuân, Đà Nẵng","Bóng đá","no_public_price","","","","","","","none","https://www.sporta.vn/san/dien-hong-stadium","2026-10-04T13:27:18.787Z","2026-10-04","none","","","","",""
"VN_0412","Tuyên sơn","22 đường 2/9, Đà Nẵng","Cầu lông","no_public_price","","","","","","","none","https://www.sporta.vn/san/tuyen-son","2026-10-04T13:27:18.869Z","2026-10-04","none","","","","",""
"VN_0413","Sân bóng đá mini trường Cao Đẳng Thương Mại","36 Phan Thị Nể, Street, Đà Nẵng","Bóng đá","no_public_price","","","","","","","none","https://www.sporta.vn/san/san-bong-da-mini-truong-cao-dang-thuong-mai","2026-10-04T13:27:19.100Z","2026-10-04","none","","","","",""
"VN_0414","Sân bóng đá mini Trung Nghĩa","3589+QXV, Hoà Minh, Đà Nẵng","Bóng đá","no_public_price","","","","","","","none","https://www.sporta.vn/san/san-bong-da-mini-trung-nghia","2026-10-04T13:27:18.885Z","2026-10-04","none","","","","",""
"VN_0415","Ale goal","Đường ngũ hành sơn cạnh đại học kinh tế, Đà Nẵng","Cầu lông","no_public_price","","","","","","","none","https://www.sporta.vn/san/ale-goal","2026-10-04T13:27:19.064Z","2026-10-04","none","","","","",""
"VN_0416","An trung ","Đường an trung quận sơn trà, Đà Nẵng","Cầu lông","no_public_price","","","","","","","none","https://www.sporta.vn/san/an-trung","2026-10-04T13:27:19.079Z","2026-10-04","none","","","","",""
"VN_0417","Binbon","38 ông ích đường, Đà Nẵng","Cầu lông","no_public_price","","","","","","","none","https://www.sporta.vn/san/binbon","2026-10-04T13:27:19.136Z","2026-10-04","none","","","","",""
"VN_0418","Sân bóng đá TW3","43 Đ. Dũng Sĩ Thanh Khê, Thanh Khê Tây, Đà Nẵng","Bóng đá","no_public_price","","","","","","","none","https://www.sporta.vn/san/san-bong-da-t3","2026-10-04T13:27:19.301Z","2026-10-04","none","","","","",""
"VN_0419","Nhà văn hóa lao động","103 lê sát, Đà Nẵng","Cầu lông","no_public_price","","","","","","","none","https://www.sporta.vn/san/nha-van-hoa-lao-dong","2026-10-04T13:27:19.235Z","2026-10-04","none","","","","",""
"VN_0420","Sân bóng đá Mỹ Nhật Quang","498 Nguyễn Hữu Thọ, Khuê Trung, Đà Nẵng","Bóng đá","curated_public_price","unknown","","","300000","300000","","price_only","https://thegioithethao.vn/san-bong-da-my-nhat-quang-f-BE8Ja","2026-10-04T14:15:48.618Z","2026-10-04","low","Giá tham khảo công khai; đã đối chiếu tên và địa chỉ. Chưa xác nhận giá đang áp dụng; nguồn không phân ngày/giờ.","court_unknown_duration","approximate","Bóng đá","public_source_matched"
"VN_0421","Pika Ball - PickleBall","252 Võ Nguyên Giáp, Phước Mỹ, Sơn Trà, Đà Nẵng, Đà Nẵng","Pickleball","no_public_price","","","","","","","none","https://www.sporta.vn/san/pika-ball-pickleball","2026-10-04T13:27:19.267Z","2026-10-04","none","","","","",""
"VN_0422","Dt0A0F","Đà Nẵng, Việt Nam","Thể thao tổng hợp","no_public_price","","","","","","","none","https://www.sporta.vn/san/dt0a0f","2026-10-04T13:27:19.416Z","2026-10-04","none","","","","",""
"VN_0423","Sân bóng đá Làng Hoà Mỹ","K120 Nguyễn Huy Tưởng, Đà Nẵng","Bóng đá","no_public_price","","","","","","","none","https://www.sporta.vn/san/san-bong-da-lang-hoa-my3731","2026-10-04T13:27:19.402Z","2026-10-04","none","","","","",""
"VN_0424","Sân Bóng Thanh Khê","257 Dũng Sĩ Thanh Khê, Đà Nẵng","Bóng đá","no_public_price","","","","","","","none","https://www.sporta.vn/san/san-bong-thanh-khe","2026-10-04T13:27:19.515Z","2026-10-04","none","","","","",""
"VN_0425","Sân Bóng đá An Phúc 2","409 Trưng Nữ Vương, Hòa Thuận Nam, Đà Nẵng","Bóng đá","curated_public_price","unknown","","","500000","500000","","price_only","https://thegioithethao.vn/san-bong-an-phuc-2-f-c9Ir4","2026-10-04T14:15:51.977Z","2026-10-04","low","Khớp An Phúc 2 và 409 Trưng Nữ Vương; nhãn phường Hòa Thuận Nam/Tây khác nhau. Giá chưa rõ thời lượng.","court_unknown_duration","approximate","Bóng đá","public_source_matched"
"VN_0426","Sân Bóng Đá Làng Hòa Mỹ","K120 Nguyễn Huy Tưởng, Hoà An, Đà Nẵng","Bóng đá","no_public_price","","","","","","","none","https://www.sporta.vn/san/san-bong-da-lang-hoa-my","2026-10-04T13:27:19.501Z","2026-10-04","none","","","","",""
"VN_0427","Sân Bóng Đá Nam Cao","169 Đ. Nam Cao, Hoà Khánh Nam, Đà Nẵng","Bóng đá","no_public_price","","","","","","","none","https://www.sporta.vn/san/san-bong-da-nam-cao","2026-10-04T13:27:19.535Z","2026-10-04","none","","","","",""
"VN_0428","Sân bóng Long Vinh","da nang, Đà Nẵng","Bóng đá","no_public_price","","","","","","","none","https://www.sporta.vn/san/san-bong-long-vinhb336","2026-10-04T13:27:19.890Z","2026-10-04","none","","","","",""
"VN_0429","Sân vận động Thanh Khê","356M+C6H, Đinh Núp, Thanh Khê Đông, Đà Nẵng","Cầu lông","no_public_price","","","","","","","none","https://www.sporta.vn/san/san-van-dong-thanh-khe","2026-10-04T13:27:19.699Z","2026-10-04","none","","","","",""
"VN_0430","Sân bóng đá mini","3634+CJM, Hòa Thuận Nam, Đà Nẵng","Bóng đá","no_public_price","","","","","","","none","https://www.sporta.vn/san/san-bong-da-mini","2026-10-04T13:27:19.713Z","2026-10-04","none","","","","",""
"VN_0431","Sân bóng đá Trang Hoàng","86 Duy Tân, Hòa Thuận Nam, Đà Nẵng","Bóng đá","curated_public_price","unknown","","","200000","400000","","price_range_only","https://diadiem247.com/da-nang/san-bong-co-nhan-tao-trang-hoang-da-nang-l371068.html","2026-10-03T08:30:27.195Z","2026-10-03","low","Khớp tên Trang Hoàng và 86 Duy Tân; nguồn ghi Hòa Thuận Tây, danh mục ghi Hòa Thuận Nam. Giá sân bóng đá, chưa rõ thời lượng; không dùng giá pickleball cùng địa chỉ.","court_unknown_duration","approximate","Bóng đá","public_source_matched"
"VN_0432","Sân Duy Tân","Duy Tân, Đà Nẵng","Cầu lông","no_public_price","","","","","","","none","https://www.sporta.vn/san/san-duy-tan","2026-10-04T13:27:19.809Z","2026-10-04","none","","","","",""
"VN_0433","Duy tân","132 le dinh ly, Đà Nẵng","Cầu lông","no_public_price","","","","","","","none","https://www.sporta.vn/san/duy-tan","2026-10-04T13:27:19.833Z","2026-10-04","none","","","","",""
"VN_0434","Sân Bóng Đá Cỏ Nhân Tạo","243 Trường Chinh, An Khê, Đà Nẵng","Bóng đá","no_public_price","","","","","","","none","https://www.sporta.vn/san/san-bong-da-co-nhan-tao","2026-10-04T13:27:19.869Z","2026-10-04","none","","","","",""
"VN_0435","sân minh anh","hòa phước, Đà Nẵng","Cầu lông","no_public_price","","","","","","","none","https://www.sporta.vn/san/san-minh-anh6bac","2026-10-04T13:27:20.017Z","2026-10-04","none","","","","",""
"VN_0436","Vinh Tran","Truong Son, Đà Nẵng","Cầu lông","no_public_price","","","","","","","none","https://www.sporta.vn/san/vinh-tran","2026-10-04T13:27:20.034Z","2026-10-04","none","","","","",""
"VN_0437","Sân Bóng MiNi Quảng Đà","266G+R5W, Đ. 29 Tháng 3, Hoà Xuân, Đà Nẵng","Bóng đá","no_public_price","","","","","","","none","https://www.sporta.vn/san/san-bong-mini-quang-da","2026-10-04T13:27:20.234Z","2026-10-04","none","","","","",""
"VN_0438","Sân bóng đá Chuyên Việt","98 Tiểu La, Hòa Thuận Đông, Đà Nẵng","Bóng đá","curated_public_price","unknown","","","150000","300000","60","price_range_only","https://diadiem247.com/da-nang/san-bong-chuyen-viet-l371066.html","2026-10-04","2026-10-04","low","Giá thuê bóng đá 150–300 nghìn/giờ, không phải bóng chuyền. Nguồn cập nhật 21/06/2021, rất cũ; chỉ tham khảo lịch sử, cần kiểm tra lại trước khi dùng.","court_hour","historical_reference","Bóng đá","public_source_matched"
"VN_0439","Sân bóng đá Trưng Vương - BK8","403 Trưng Nữ Vương, Hòa Thuận Nam, Đà Nẵng","Bóng đá","no_public_price","","","","","","","none","https://www.sporta.vn/san/san-bong-da-trung-vuong-bk8","2026-10-04T13:27:20.384Z","2026-10-04","none","","","","",""
"VN_0440","Sân mini Sao ","12 hoàng văn thái, Đà Nẵng","Cầu lông","no_public_price","","","","","","","none","https://www.sporta.vn/san/san-mini-sao","2026-10-04T13:27:20.169Z","2026-10-04","none","","","","",""
"VN_0441","Hà Phương Pickleball - 359 Đại lộ Bình Dương","359 Đại lộ Bình Dương, Bình Dương","Pickleball","curated_public_price","unknown","","","100000","140000","60","price_range_only","https://shopvnb.com/san-pickleball-ha-phuong.html","2026-10-03T08:26:13.196Z","2026-10-03","medium","Giá tham khảo công khai; đã đối chiếu tên và địa chỉ. Chưa xác nhận giá đang áp dụng; nguồn không phân ngày/giờ.","court_hour","approximate","Pickleball","public_source_matched"
"VN_0442","Sân Bóng Đá Mini Miền Đông","2M5F+P69, Phú Mỹ, Bình Dương","Bóng đá","no_public_price","","","","","","","none","https://www.sporta.vn/san/san-bong-da-mini-mien-dong","2026-10-04T13:27:20.231Z","2026-10-04","none","","","","",""
"VN_0443","Sân bóng Paris Phú Hòa","377 Lê Hồng Phong, Phú Hoà, Bình Dương","Bóng đá","no_public_price","","","","","","","none","https://www.sporta.vn/san/san-bong-paris-phu-hoa","2026-10-04T13:27:20.318Z","2026-10-04","none","","","","",""
"VN_0444","Cơ sở Sân Bóng Đá Cộng Đồng","Phú Mỹ, Bình Dương","Bóng đá","no_public_price","","","","","","","none","https://www.sporta.vn/san/co-so-san-bong-da-cong-dong","2026-10-04T13:27:20.417Z","2026-10-04","none","","","","",""
"VN_0445","Sân Bóng Đá Mini Anh Tài","2 Lê Hồng Phong, Phú Lợi, Bình Dương","Bóng đá","no_public_price","","","","","","","none","https://www.sporta.vn/san/san-bong-da-mini-anh-tai","2026-10-04T13:27:20.450Z","2026-10-04","none","","","","",""
"VN_0446","Sân Bóng MiNi SongLong.","181/17 Phạm Ngọc Thạch, Hiệp Thành, Bình Dương","Bóng đá","no_public_price","","","","","","","none","https://www.sporta.vn/san/san-bong-mini-songlong-","2026-10-04T13:27:20.518Z","2026-10-04","none","","","","",""
"VN_0447","Sân bóng Futsal - Công viên Văn hoá Thanh Lễ","XMQ5+C6X, Hiệp Thành, Bình Dương","Bóng đá","no_public_price","","","","","","","none","https://www.sporta.vn/san/san-bong-futsal-cong-vien-van-hoa-thanh-le","2026-10-04T13:27:20.569Z","2026-10-04","none","","","","",""
"VN_0448","Sân bóng đá Futsal - Mini","2M39+9C2, Hiệp Thành, Bình Dương","Bóng đá","no_public_price","","","","","","","none","https://www.sporta.vn/san/san-bong-da-futsal-mini","2026-10-04T13:27:20.551Z","2026-10-04","none","","","","",""
"VN_0449","Sân bóng đá mini Cây Dầu Đôi","Bùi Quốc Khánh Street, Chanh Nghia Ward Town, Bình Dương","Bóng đá","no_public_price","","","","","","","none","https://www.sporta.vn/san/san-bong-da-mini-cay-dau-doi","2026-10-04T13:27:20.668Z","2026-10-04","none","","","","",""
"VN_0450","Sân bóng mini phước tùng","Đ. Tân Vạn - Mỹ Phước, Khu 9, Thủ Dầu Một, Bình Dương, Bình Dương","Bóng đá","no_public_price","","","","","","","none","https://www.sporta.vn/san/san-bong-mini-phuoc-tung","2026-10-04T13:27:20.686Z","2026-10-04","none","","","","",""
"VN_0451","JJ Sport Pickleball - 107-109 Đường 1 tháng 12","107-109 Đường 1 tháng 12, Bình Dương","Pickleball","no_public_price","","","","","","","none","https://www.sporta.vn/san/jj-sport-pickleball-107109-duong-1-thang-12","2026-10-04T13:27:20.782Z","2026-10-04","none","","","","",""
"VN_0452","Sân bóng mini Thành An","2JHJ+C7F, Xã Hiệp An, Bình Dương","Bóng đá","no_public_price","","","","","","","none","https://www.sporta.vn/san/san-bong-mini-thanh-an","2026-10-04T13:27:20.757Z","2026-10-04","none","","","","",""
"VN_0453","Sân Bóng Đá Tân Long","WQ82+Q5G, Tân Đông Hiệp, Bình Dương","Bóng đá","no_public_price","","","","","","","none","https://www.sporta.vn/san/san-bong-da-tan-long","2026-10-04T13:27:20.835Z","2026-10-04","none","","","","",""
"VN_0454","Sân bóng Phủi Hiệp Thành","268 Phạm Ngọc Thạch, Hiệp Thành, Bình Dương","Bóng đá","no_public_price","","","","","","","none","https://www.sporta.vn/san/san-bong-phui-hiep-thanh","2026-10-04T13:27:21.035Z","2026-10-04","none","","","","",""
"VN_0455","Sân Bóng đá mini 789","288/4 Huỳnh Văn Lũy, Phú Lợi, Bình Dương","Bóng đá","no_public_price","","","","","","","none","https://www.sporta.vn/san/san-bong-da-mini-789","2026-10-04T13:27:20.917Z","2026-10-04","none","","","","",""
"VN_0456","Tison Pickleball - 84K Bùi Hữu Nghĩa","84K Bùi Hữu Nghĩa, Bình Dương","Pickleball","curated_public_price","unknown","","","100000","180000","60","price_range_only","https://shopvnb.com/san-pickleball-binh-duong.html","2026-10-03T08:30:03.047Z","2026-10-03","medium","Giá tham khảo công khai; đã đối chiếu tên và địa chỉ. Chưa xác nhận giá đang áp dụng; nguồn không phân ngày/giờ.","court_hour","approximate","Pickleball","public_source_matched"
"VN_0457","3H Pickleball Club - 32 Lê Hồng Phong","32 Lê Hồng Phong, Bình Dương","Pickleball","no_public_price","","","","","","","none","https://www.sporta.vn/san/3h-pickleball-club-32-le-hong-phong","2026-10-04T13:27:20.984Z","2026-10-04","none","","","","",""
"VN_0458","SÂN BÓNG ĐÁ MINI TRƯỜNG SA","Hẻm 178 Huỳnh Văn Lũy, Phú Lợi, Bình Dương","Bóng đá","no_public_price","","","","","","","none","https://www.sporta.vn/san/san-bong-da-mini-truong-sa","2026-10-04T13:27:21.093Z","2026-10-04","none","","","","",""
"VN_0459","Sân bóng đá Bình Hoà","WP5F+4QR, Binh Hoà, Bình Dương","Bóng đá","no_public_price","","","","","","","none","https://www.sporta.vn/san/san-bong-da-binh-hoa","2026-10-04T13:27:21.084Z","2026-10-04","none","","","","",""
"VN_0460","Sân Vận Động Thị Xã Thủ Dầu Một","XMXG+P5G, Huỳnh Văn Lũy, Phú Lợi, Bình Dương","Cầu lông","no_public_price","","","","","","","none","https://www.sporta.vn/san/san-van-dong-thi-xa-thu-dau-mot","2026-10-04T13:27:21.145Z","2026-10-04","none","","","","",""
"VN_0461","Sân bóng mini phú chánh","Tx, Phú Thọ, Bình Dương","Bóng đá","no_public_price","","","","","","","none","https://www.sporta.vn/san/san-bong-mini-phu-chanh","2026-10-04T13:27:21.144Z","2026-10-04","none","","","","",""
"VN_0462","Sân Bóng mini Sport 99","99 đường Đ. ĐX 031, Phú Mỹ, Bình Dương","Bóng đá","no_public_price","","","","","","","none","https://www.sporta.vn/san/san-bong-mini-sport-99","2026-10-04T13:27:21.210Z","2026-10-04","none","","","","",""
"VN_0463","SÂN BÓNG ĐÁ MINI FCF BÌNH DƯƠNg","Đường ĐX-039, Phú Mỹ, Bình Dương","Bóng đá","no_public_price","","","","","","","none","https://www.sporta.vn/san/san-bong-da-mini-fcf-binh-duong","2026-10-04T13:27:21.422Z","2026-10-04","none","","","","",""
"VN_0464","DQ Pickleball - 34-35, Đường D11, Khu Dân Cư Thuận Giao, Khu Phố Bình Thuận 2","34-35, Đường D11, Khu Dân Cư Thuận Giao, Khu Phố Bình Thuận 2, Bình Dương","Pickleball","no_public_price","","","","","","","none","https://www.sporta.vn/san/dq-pickleball-3435--duong-d11--khu-dan-cu-thuan-giao--khu-pho-binh-thuan-2","2026-10-04T13:27:21.275Z","2026-10-04","none","","","","",""
"VN_0465","Sân Bóng Trung Thông","Đ. Nguyễn Hữu Cảnh, Phường Đông Hòa, Bình Dương","Bóng đá","no_public_price","","","","","","","none","https://www.sporta.vn/san/san-bong-trung-thong","2026-10-04T13:27:21.570Z","2026-10-04","none","","","","",""
"VN_0466","Sân Bóng Đá Mi Ni Hồn Việt","1044 Lê Chí Dân, Tương Bình Hiệp, Bình Dương","Bóng đá","no_public_price","","","","","","","none","https://www.sporta.vn/san/san-bong-da-mi-ni-hon-viet","2026-10-04T13:27:21.370Z","2026-10-04","none","","","","",""
"VN_0467","Sân bóng đá Đam Mê","Đường ĐX-039, Phú Mỹ, Bình Dương","Bóng đá","no_public_price","","","","","","","none","https://www.sporta.vn/san/san-bong-da-dam-me","2026-10-04T13:27:21.301Z","2026-10-04","none","","","","",""
"VN_0468","Sân Bóng Đông Thành","Đông Thành, Bình Dương","Bóng đá","no_public_price","","","","","","","none","https://www.sporta.vn/san/san-bong-dong-thanh-30","2026-10-04T13:27:21.472Z","2026-10-04","none","","","","",""
"VN_0469","SÂN BÓNG ĐÁ MINI 1993","XMWC+HJ, Phú Lợi, Bình Dương","Bóng đá","no_public_price","","","","","","","none","https://www.sporta.vn/san/san-bong-da-mini-1993","2026-10-04T13:27:21.569Z","2026-10-04","none","","","","",""
"VN_0470","Sân bóng FIFA Chánh Nghĩa - VIETMONEY","11 K2, B81/11, Tổ, Phường Chánh Nghĩa, Chánh Nghĩa, Bình Dương","Bóng đá","no_public_price","","","","","","","none","https://www.sporta.vn/san/san-bong-fifa-chanh-nghia-vietmoney","2026-10-04T13:27:21.546Z","2026-10-04","none","","","","",""
"VN_0471","Sân vận động Gò Đậu","Đ. 30 Tháng 4, Phú Thọ, Bình Dương","Cầu lông","no_public_price","","","","","","","none","https://www.sporta.vn/san/san-van-dong-go-dau","2026-10-04T13:27:21.568Z","2026-10-04","none","","","","",""
"VN_0472","Sân bóng đá mini Phước Tùng","đường mỹ phước tân vạn, khu 9, phú hòa , Thủ Dầu Một, Bình Dương, Bình Dương","Bóng đá","no_public_price","","","","","","","none","https://www.sporta.vn/san/san-bong-da-mini-phuoc-tung","2026-10-04T13:27:21.668Z","2026-10-04","none","","","","",""
"VN_0473","Sân bóng Vĩnh Tân","Đường 01, phường Vĩnh Tân, thị xã Tân Uyên, tỉnh Bình Dương, Bình Dương","Bóng đá","no_public_price","","","","","","","none","https://www.sporta.vn/san/san-bong-vinh-tan-01-tan-uyen-binh-duong","2026-10-04T13:27:22.283Z","2026-10-04","none","","","","",""
"VN_0474","HƯNG THỊNH BẾN CÁT","2/9, Bình Dương","Cầu lông","no_public_price","","","","","","","none","https://www.sporta.vn/san/hung-thi-nh-be-n-ca-t","2026-10-04T13:27:21.759Z","2026-10-04","none","","","","",""
"VN_0475","Sân Bóng Đá Nam Cường","Tổ 3 ấp 1, Trừ Văn Thố, Bình Dương","Bóng đá","no_public_price","","","","","","","none","https://www.sporta.vn/san/san-bong-da-nam-cuong","2026-10-04T13:27:21.785Z","2026-10-04","none","","","","",""
"VN_0476","Sân Bóng Đông Thành","Tân Đông Hiệp, Bình Dương","Bóng đá","no_public_price","","","","","","","none","https://www.sporta.vn/san/san-bong-dong-thanh","2026-10-04T13:27:21.758Z","2026-10-04","none","","","","",""
"VN_0477","Sân bóng Tân An","71 Đường Tân An, Kp, Bình Dương","Bóng đá","no_public_price","","","","","","","none","https://www.sporta.vn/san/san-bong-tan-an","2026-10-04T13:27:21.847Z","2026-10-04","none","","","","",""
"VN_0478","Sân bóng Thành An","3M4F+H8W, Định Hoà, Bình Dương","Bóng đá","no_public_price","","","","","","","none","https://www.sporta.vn/san/san-bong-thanh-an","2026-10-04T13:27:21.934Z","2026-10-04","none","","","","",""
"VN_0479","Sân bóng bình giao","Chòm sao 28 thuận giao thuận an bình dương, Bình Dương","Bóng đá","no_public_price","","","","","","","none","https://www.sporta.vn/san/san-bong-binh-giao","2026-10-04T13:27:21.920Z","2026-10-04","none","","","","",""
"VN_0480","SÂN BÓNG ALOKIO","dt743, Bình Dương","Bóng đá","no_public_price","","","","","","","none","https://www.sporta.vn/san/san-bong-alokio259b","2026-10-04T13:27:21.869Z","2026-10-04","none","","","","",""
"VN_0481","Sân Bóng Đá Mini Đông Thành","Đường Đông Thành, P. Tân Đông Hiệp, Bình Dương","Bóng đá","no_public_price","","","","","","","none","https://www.sporta.vn/san/san-bong-da-mini-dong-thanh","2026-10-04T13:27:22.185Z","2026-10-04","none","","","","",""
"VN_0482","Sân Bóng Đá Thành Phát","Mạch Thị Liễu, KP Đông Chiêu, P. Tân Đông Hiệp, Bình Dương","Bóng đá","no_public_price","","","","","","","none","https://www.sporta.vn/san/san-bong-da-tham-van","2026-10-04T13:27:22.150Z","2026-10-04","none","","","","",""
"VN_0483","Sân bóng Gia Huy","521/ 114 Nguyễn Tri Phương, An Bình, Bình Dương","Bóng đá","no_public_price","","","","","","","none","https://www.sporta.vn/san/san-bong-gia-huy","2026-10-04T13:27:22.070Z","2026-10-04","none","","","","",""
"VN_0484","San Bong Da Tram Anh","1 Bình Dương, Phú Mỹ, Bình Dương","Bóng đá","no_public_price","","","","","","","none","https://www.sporta.vn/san/san-bong-da-tram-anh","2026-10-04T13:27:22.120Z","2026-10-04","none","","","","",""
"VN_0485","Sân banh cộng đồng TP Mới Bình Dương","01 Huỳnh Thúc Kháng , P.Hoà Phú, TP Thủ Dầu Một , Bình Dương, Bình Dương","Cầu lông","no_public_price","","","","","","","none","https://www.sporta.vn/san/san-banh-cong-dong-tp-moi-binh-duong","2026-10-04T13:27:22.498Z","2026-10-04","none","","","","",""
"VN_0486","Sân bóng đá mini Định Hoà 2","3M25+2WC, Định Hoà, Bình Dương","Bóng đá","no_public_price","","","","","","","none","https://www.sporta.vn/san/san-bong-da-mini-dinh-hoa-2","2026-10-04T13:27:22.384Z","2026-10-04","none","","","","",""
"VN_0487","Sân Bóng Đá Hòa Phú","3MC8+HGM, Hoà Lợi, Bình Dương","Bóng đá","no_public_price","","","","","","","none","https://www.sporta.vn/san/san-bong-da-hoa-phu","2026-10-04T13:27:22.784Z","2026-10-04","none","","","","",""
"VN_0488","Sân bóng mini, Ông Ba","2JHG+JC6, Tân An, Bình Dương","Bóng đá","no_public_price","","","","","","","none","https://www.sporta.vn/san/san-bong-mini--ong-ba","2026-10-04T13:27:22.750Z","2026-10-04","none","","","","",""
"VN_0489","Bình Dương 2 Football Field","XM9F+W9R, Phú Thọ, Bình Dương","Bóng đá","no_public_price","","","","","","","none","https://www.sporta.vn/san/binh-duong-2-football-field","2026-10-04T13:27:22.413Z","2026-10-04","none","","","","",""
"VN_0490","Sân bóng Becamex số 2","3M2M+V52, Phú Mỹ, Bình Dương","Bóng đá","no_public_price","","","","","","","none","https://www.sporta.vn/san/san-bong-becamex-so-2","2026-10-04T13:27:22.586Z","2026-10-04","none","","","","",""
"VN_0491","Sân Bóng Thiên An","139/10 Đ. ĐX-078, Định Hoà, Bình Dương","Bóng đá","no_public_price","","","","","","","none","https://www.sporta.vn/san/san-bong-thien-an","2026-10-04T13:27:22.568Z","2026-10-04","none","","","","",""
"VN_0492","Sân Bóng Mini Minh Thư","XMVJ+H4P, Phú Lợi, Bình Dương","Bóng đá","no_public_price","","","","","","","none","https://www.sporta.vn/san/san-bong-mini-minh-thu","2026-10-04T13:27:22.568Z","2026-10-04","none","","","","",""
"VN_0493","Sân bóng Tân Hoà","Hẻm 05 Đình Tân Quý, Tân Hoá, phường Đông Hoà, Bình Dương","Bóng đá","no_public_price","","","","","","","none","https://www.sporta.vn/san/san-bong-tan-hoa","2026-10-04T13:27:22.635Z","2026-10-04","none","","","","",""
"VN_0494","Sân Bóng Quốc Hiếu","Ấp 4, Tân Hưng, Bàu Bàng, Bình Dương, Bình Dương","Bóng đá","no_public_price","","","","","","","none","https://www.sporta.vn/san/san-bong-quoc-hieubd34","2026-10-04T13:27:22.968Z","2026-10-04","none","","","","",""
"VN_0495","Sân bóng Ngọc Phát","Ql1K - Tân Định - Bến Cát, Bình Dương","Bóng đá","no_public_price","","","","","","","none","https://www.sporta.vn/san/san-bong-ngoc-phat","2026-10-04T13:27:22.768Z","2026-10-04","none","","","","",""
"VN_0496","Sân bóng đá WEME SPORTS","Đường Ống Nước, Khu phố Đông A, phường Đông Hòa, Bình Dương","Bóng đá","no_public_price","","","","","","","none","https://www.sporta.vn/san/san-bong-da-win-sport","2026-10-04T13:27:22.834Z","2026-10-04","none","","","","",""
"VN_0497","Sân Bóng Thủy Lợi","Nhà ký túc, ĐT745, An Thạnh, Thuận An, Bình Dương","Bóng đá","no_public_price","","","","","","","none","https://www.sporta.vn/san/san-bong-thuy-loi","2026-10-04T13:27:23.068Z","2026-10-04","none","","","","",""
"VN_0498","Sân Bóng 88 Định Hoà","2MX5+MQ2, Truông Bồng Bông, Định Hoà, Bình Dương","Bóng đá","no_public_price","","","","","","","none","https://www.sporta.vn/san/san-bong-88-dinh-hoa","2026-10-04T13:27:22.903Z","2026-10-04","none","","","","",""
"VN_0499","Sân Bóng Chung Cư Định Hoà","3M25+2WC, Định Hoà, Bình Dương","Bóng đá","no_public_price","","","","","","","none","https://www.sporta.vn/san/san-bong-chung-cu-dinh-hoa","2026-10-04T13:27:22.915Z","2026-10-04","none","","","","",""
"VN_0500","Sân Bóng Tân Long","177/38 Đường Nguyễn Thị Minh Khai, Khu Phố Tân Long, Phường Tân Đông Hiệp, Bình Dương","Bóng đá","no_public_price","","","","","","","none","https://www.sporta.vn/san/san-bong-tan-long-di-an","2026-10-04T13:27:22.969Z","2026-10-04","none","","","","",""
"VN_0501","Sân Bóng Đá Bình Thắng","Đường DT743A, Khu phố Trung Thắng, Phường Bình Thắng, Bình Dương","Bóng đá","no_public_price","","","","","","","none","https://www.sporta.vn/san/san-bong-da-binh-thang-di-an-binh-duong92b7","2026-10-04T13:27:23.176Z","2026-10-04","none","","","","",""
"VN_0502","THÀNH NAM","Đường ống nước khu phố Tân Hòa, phường Đông Hòa, Bình Dương","Cầu lông","no_public_price","","","","","","","none","https://www.sporta.vn/san/thanh-nam","2026-10-04T13:27:23.525Z","2026-10-04","none","","","","",""
"VN_0503","Sân bóng Trâm Anh","đường ĐX-037, phường Phú Lợi, Bình Dương","Bóng đá","no_public_price","","","","","","","none","https://www.sporta.vn/san/san-bong-tram-anh","2026-10-04T13:27:23.143Z","2026-10-04","none","","","","",""
"VN_0504","Sân bóng mini Lạch Tray","Tân Lập, Đông Hòa, Bình Dương","Bóng đá","no_public_price","","","","","","","none","https://www.sporta.vn/san/San-bong-mini-Lach-Tray","2026-10-04T13:27:23.293Z","2026-10-04","none","","","","",""
"VN_0505","Sân bóng bình thắng - dĩ an bình dương","Địa chỉ trung tâm văn hoá học tập cộng đồng phường bình thắng dĩ an bình dương, Bình Dương","Bóng đá","no_public_price","","","","","","","none","https://www.sporta.vn/san/san-bong-binh-thang","2026-10-04T13:27:23.335Z","2026-10-04","none","","","","",""
"VN_0506","Sân bóng bảo hân","Tân long - Dĩ An - Bình Dương ( gần đình tân long), Bình Dương","Bóng đá","no_public_price","","","","","","","none","https://www.sporta.vn/san/san-bong-bao-han","2026-10-04T13:27:23.283Z","2026-10-04","none","","","","",""
"VN_0507","Sân ktx ĐHQG-HCM","Kp Tân Lập, Đông Hòa, Dĩ An, bình Dương, Bình Dương","Cầu lông","no_public_price","","","","","","","none","https://www.sporta.vn/san/san-ktx-dhqghcm","2026-10-04T13:27:23.373Z","2026-10-04","none","","","","",""
"VN_0508","Hưng Thịnh","Đường 2/9 Phường Mỹ Phước - Bến Cát - Bình Dương, Bình Dương","Cầu lông","no_public_price","","","","","","","none","https://www.sporta.vn/san/hung-thinhc77e","2026-10-04T13:27:23.503Z","2026-10-04","none","","","","",""
"VN_0509","Tân phước khánh","Tân phước khánh, Bình Dương","Cầu lông","no_public_price","","","","","","","none","https://www.sporta.vn/san/tan-phuoc-khanh","2026-10-04T13:27:23.598Z","2026-10-04","none","","","","",""
"VN_0510","CÔNG VIÊN CÁC HOÀNG TỬ","AN THẠNH 08, Bình Dương","Cầu lông","no_public_price","","","","","","","none","https://www.sporta.vn/san/cong-vien-cac-hoang-tu2ddc","2026-10-04T13:27:23.486Z","2026-10-04","none","","","","",""
"VN_0511","Sân bóng Quốc phòng","Đông Hòa, Bình Dương","Bóng đá","no_public_price","","","","","","","none","https://www.sporta.vn/san/san-bong-quoc-phong","2026-10-04T13:27:23.633Z","2026-10-04","none","","","","",""
"VN_0512","Sân Bình Giao","Gần Aeon Mall Bình Dương , Bình Dương","Cầu lông","no_public_price","","","","","","","none","https://www.sporta.vn/san/san-binh-giao","2026-10-04T13:27:23.462Z","2026-10-04","none","","","","",""
"VN_0513","Sân Bóng Hải Lâm -Dĩ An","Lý Thường Kiệt, Bình Dương","Bóng đá","no_public_price","","","","","","","none","https://www.sporta.vn/san/san-bong-hai-lam-di-an","2026-10-04T13:27:23.784Z","2026-10-04","none","","","","",""
"VN_0514","Sân Bóng Đá Cộng Lực","132 A An Mỹ - Phú Mỹ, Phú Mỹ, Bình Dương","Cầu lông","no_public_price","","","","","","","none","https://www.sporta.vn/san/san-bo-ng-da--co-ng-lu-c","2026-10-04T13:27:23.725Z","2026-10-04","none","","","","",""
"VN_0515","SÂN BÓNG ĐÁ MINI KIM LONG","Đ. Nguyễn Đức Thuận - P. Hiệp Thành, Bình Dương","Bóng đá","no_public_price","","","","","","","none","https://www.sporta.vn/san/san-bong-da-mini-kim-long","2026-10-04T13:27:23.677Z","2026-10-04","none","","","","",""
"VN_0516","Sân nguyên hồ","Bình hòa -thuận an - bình dương, Bình Dương","Cầu lông","no_public_price","","","","","","","none","https://www.sporta.vn/san/san-nguyen-ho","2026-10-04T13:27:23.754Z","2026-10-04","none","","","","",""
"VN_0517","Sân Đức Bình","31/2 lê thị trung, Bình Dương","Cầu lông","no_public_price","","","","","","","none","https://www.sporta.vn/san/san-duc-binh61ab","2026-10-04T13:27:23.770Z","2026-10-04","none","","","","",""
"VN_0518","Sân Bóng Đá Mini Thế Cường","Hẻm 178 Huỳnh Văn Lũy, Bình Dương","Bóng đá","no_public_price","","","","","","","none","https://www.sporta.vn/san/san-bong-da-mini-the-cuong","2026-10-04T13:27:23.876Z","2026-10-04","none","","","","",""
"VN_0519","Sân bóng Đông Dương","DT748, An Điền, TX Bến Cát, Bình Dương, Bình Dương","Bóng đá","no_public_price","","","","","","","none","https://www.sporta.vn/san/san-bong-dong-duong","2026-10-04T13:27:23.903Z","2026-10-04","none","","","","",""
"VN_0520","Sân Bóng Hoàng Gia","An Điền Bến Cát, Bình Dương","Bóng đá","no_public_price","","","","","","","none","https://www.sporta.vn/san/san-bong-hoang-gia","2026-10-04T13:27:23.934Z","2026-10-04","none","","","","",""
"VN_0521","Sân bóng Ánh Dương","dốc Ông Thập,Khu Phố Tân phước, Dĩ An,Bình Dương, Bình Dương","Bóng đá","no_public_price","","","","","","","none","https://www.sporta.vn/san/san-bong-anh-duong","2026-10-04T13:27:24.065Z","2026-10-04","none","","","","",""
"VN_0522","Sân Bóng Mini Song Nam","hẻm 401 lê hồng phong, Bình Dương","Bóng đá","no_public_price","","","","","","","none","https://www.sporta.vn/san/san-bong-mini-song-nam","2026-10-04T13:27:24.135Z","2026-10-04","none","","","","",""
"VN_0523","Sân bóng Uyên Hưng","Tân Uyên, Bình Dương","Bóng đá","no_public_price","","","","","","","none","https://www.sporta.vn/san/san-bong-uyen-hung","2026-10-04T13:27:24.137Z","2026-10-04","none","","","","",""
"VN_0524","Sân thủy lợi ","Tao quên rồi , Bình Dương","Cầu lông","no_public_price","","","","","","","none","https://www.sporta.vn/san/san-thuy-loi","2026-10-04T13:27:24.238Z","2026-10-04","none","","","","",""
"VN_0525","Sân Bóng Trung Hiếu Dĩ An","WQ78+QJ Tx. Dĩ An, Bình Dương, Bình Dương","Bóng đá","no_public_price","","","","","","","none","https://www.sporta.vn/san/san-bong-trung-hieu-di-an","2026-10-04T13:27:24.220Z","2026-10-04","none","","","","",""
"VN_0526","TTC Pickleball - 17/5/15 Lương Minh Nguyệt","17/5/15 Lương Minh Nguyệt, Đồng Nai","Pickleball","no_public_price","","","","","","","none","https://www.sporta.vn/san/ttc-pickleball-17-5-15-luong-minh-nguyet","2026-10-04T13:27:24.253Z","2026-10-04","none","","","","",""
"VN_0527","Nhóm bạn Pickleball - 368 Thoại Ngọc Hầu","368 Thoại Ngọc Hầu, Đồng Nai","Pickleball","no_public_price","","","","","","","none","https://www.sporta.vn/san/nhom-ban-pickleball-368-thoai-ngoc-hau","2026-10-04T13:27:24.274Z","2026-10-04","none","","","","",""
"VN_0528","Sân cỏ tự nhiên 23","Đường Giáo Xứ Bắc Hải, Hố Nai, Đồng Nai","Cầu lông","no_public_price","","","","","","","none","https://www.sporta.vn/san/san-co-tu-nhien-23","2026-10-04T13:27:24.373Z","2026-10-04","none","","","","",""
"VN_0529","pandora pickleball - 21 Hồ Đắc Di","21 Hồ Đắc D, Đồng Nai","Pickleball","no_public_price","","","","","","","none","https://www.sporta.vn/san/pandora-pickleball-21-ho-dac-di","2026-10-04T13:27:24.450Z","2026-10-04","none","","","","",""
"VN_0530","Sân Bóng Chuyền Vườn Nhãn","XVJF+G65, Tổ 3 Khu Phố 3a, Trảng Dài, Đồng Nai","Bóng đá","no_public_price","","","","","","","none","https://www.sporta.vn/san/san-bong-chuyen-vuon-nhan","2026-10-04T13:27:24.504Z","2026-10-04","none","","","","",""
"VN_0531","Sân Bóng Đá Đầm Sen","96/23 Hòa Bình, Phú Trung, Đồng Nai","Bóng đá","no_public_price","","","","","","","none","https://www.sporta.vn/san/san-bong-da-dam-sen","2026-10-04T13:27:24.370Z","2026-10-04","none","","","","",""
"VN_0532","Sân Bóng Nhân Việt","318 Trịnh Đình Trọng, Hoà Thanh, Đồng Nai","Bóng đá","no_public_price","","","","","","","none","https://www.sporta.vn/san/san-bong-nhan-viet","2026-10-04T13:27:24.762Z","2026-10-04","none","","","","",""
"VN_0533","Titan Club - 130 Chế Lan Viên","Phường Tây Thạnh, Quận Tân Phú, TP. Hồ Chí Minh, Đồng Nai","Pickleball","no_public_price","","","","","","","none","https://www.sporta.vn/san/titan-club-130-che-lan-vien","2026-10-04T13:27:24.601Z","2026-10-04","none","","","","",""
"VN_0534","3BOIZ - 284/5 Lũy Bán Bích","284/5 Lũy Bán Bích, Đồng Nai","Pickleball","no_public_price","","","","","","","none","https://www.sporta.vn/san/3boiz-284-5-luy-ban-bich","2026-10-04T13:27:24.694Z","2026-10-04","none","","","","",""
"VN_0535","Sân bóng đá mini Cầu Xéo","12 Cầu Xéo, Tân Quý, Đồng Nai","Bóng đá","no_public_price","","","","","","","none","https://www.sporta.vn/san/san-bong-da-mini-cau-xeo","2026-10-04T13:27:24.795Z","2026-10-04","none","","","","",""
"VN_0536","Sân banh Trường Giang","XQ4P+RGG, Bửu Long, Đồng Nai","Cầu lông","no_public_price","","","","","","","none","https://www.sporta.vn/san/san-banh-truong-giang","2026-10-04T13:27:24.663Z","2026-10-04","none","","","","",""
"VN_0537","Sân banh mini Bến Cát","1264 Đường Bùi Hữu Nghĩa, phường, Đồng Nai","Cầu lông","no_public_price","","","","","","","none","https://www.sporta.vn/san/san-banh-mini-ben-cat","2026-10-04T13:27:24.679Z","2026-10-04","none","","","","",""
"VN_0538","Sân Bóng Đá Mini Hiệp Phát","18 Nguyễn Sáng, Phường 15, Đồng Nai","Bóng đá","no_public_price","","","","","","","none","https://www.sporta.vn/san/san-bong-da-mini-hiep-phat","2026-10-04T13:27:24.869Z","2026-10-04","none","","","","",""
"VN_0539","Sân Bóng Đá Celadon WeSport","Đường N1, Sơn Kỳ, Đồng Nai","Bóng đá","no_public_price","","","","","","","none","https://www.sporta.vn/san/san-bong-da-celadon-esport","2026-10-04T13:27:24.947Z","2026-10-04","none","","","","",""
"VN_0540","Sân bóng Bình Hòa","40, ĐT768, Bình Hoà, Đồng Nai","Bóng đá","no_public_price","","","","","","","none","https://www.sporta.vn/san/san-bong-binh-hoa","2026-10-04T13:27:24.962Z","2026-10-04","none","","","","",""
"VN_0541","Trung tâm đào tạo bóng đá trẻ văn tâm đồng nai","XR2M+VCJ, Thống Nhất, Đồng Nai","Bóng đá","no_public_price","","","","","","","none","https://www.sporta.vn/san/trung-tam-dao-tao-bong-da-tre-van-tam-dong-nai","2026-10-04T13:27:24.917Z","2026-10-04","none","","","","",""
"VN_0542","Sân Bóng Đá Mini Tân Thới Hòa","17 Lương Minh Nguyệt, Tân Thới Hoà, Đồng Nai","Bóng đá","no_public_price","","","","","","","none","https://www.sporta.vn/san/san-bong-da-mini-tan-thoi-hoa","2026-10-04T13:27:25.023Z","2026-10-04","none","","","","",""
"VN_0543","Sân Bóng Đá Hiệp Tân","161/3 Đ. Lũy Bán Bích, Tân Thới Hoà, Đồng Nai","Bóng đá","no_public_price","","","","","","","none","https://www.sporta.vn/san/san-bong-da-hiep-tan","2026-10-04T13:27:25.391Z","2026-10-04","none","","","","",""
"VN_0544","M7 Sport - 1 Hồ Đắc Di,","1 Hồ Đắc Di, Đồng Nai","Pickleball","no_public_price","","","","","","","none","https://www.sporta.vn/san/m7-sport-1-ho-dac-di-","2026-10-04T13:27:25.152Z","2026-10-04","none","","","","",""
"VN_0545","Sân Bóng Đá Sport Plus WeSport","31/2 Đ. Kênh 19/5, Sơn Kỳ, Đồng Nai","Bóng đá","no_public_price","","","","","","","none","https://www.sporta.vn/san/san-bong-da-sport-plus-esport","2026-10-04T13:27:25.070Z","2026-10-04","none","","","","",""
"VN_0546","Sân Bóng Dạ Phi Cơ","86 Phạm Ngọc Thảo, Tây Thạnh, Đồng Nai","Bóng đá","no_public_price","","","","","","","none","https://www.sporta.vn/san/san-bong-da-phi-co","2026-10-04T13:27:25.183Z","2026-10-04","none","","","","",""
"VN_0547","Sân Bóng Đá Long Tân","PVRC+WC7, Kim Đồng, Long Tân, Đồng Nai","Bóng đá","no_public_price","","","","","","","none","https://www.sporta.vn/san/san-bong-da-long-tan","2026-10-04T13:27:25.198Z","2026-10-04","none","","","","",""
"VN_0548","Sân bóng Goal Time Stadium","Hưng Thịnh, Đồng Nai","Bóng đá","no_public_price","","","","","","","none","https://www.sporta.vn/san/goal-time-stadium","2026-10-04T13:27:25.167Z","2026-10-04","none","","","","",""
"VN_0549","Sân bóng công binh Hd","9 Kp3, Tân Hiệp, Đồng Nai","Bóng đá","no_public_price","","","","","","","none","https://www.sporta.vn/san/san-bong-cong-binh-hd","2026-10-04T13:27:25.214Z","2026-10-04","none","","","","",""
"VN_0550","Sân bóng mini 90","56 Nguyễn Trãi, Đồng Nai","Bóng đá","no_public_price","","","","","","","none","https://www.sporta.vn/san/san-bong-mini-90","2026-10-04T13:27:25.324Z","2026-10-04","none","","","","",""
"VN_0551","Sân Bóng HT Sports","318 Trịnh Đình Trọng, Hoà Thanh, Đồng Nai","Bóng đá","no_public_price","","","","","","","none","https://www.sporta.vn/san/san-bong-ht-sports","2026-10-04T13:27:25.316Z","2026-10-04","none","","","","",""
"VN_0552","PK Tân Phú - 222 Thoại Ngọc Hầu","222 Thoại Ngọc Hầu, Đồng Nai","Pickleball","no_public_price","","","","","","","none","https://www.sporta.vn/san/pk-tan-phu-222-thoai-ngoc-hau","2026-10-04T13:27:25.529Z","2026-10-04","none","","","","",""
"VN_0553","Sân Bóng Đá Trường Lê Trọng Tấn","1 Đường D5, Sơn Kỳ, Đồng Nai","Bóng đá","no_public_price","","","","","","","none","https://www.sporta.vn/san/san-bong-da-truong-le-trong-tan","2026-10-04T13:27:25.365Z","2026-10-04","none","","","","",""
"VN_0554","BKF pickleball - 84/90 Tân Sơn Nhì","84/90 Tân Sơn Nhì, Đồng Nai","Pickleball","no_public_price","","","","","","","none","https://www.sporta.vn/san/bkf-pickleball-84-90-tan-son-nhi","2026-10-04T13:27:25.452Z","2026-10-04","none","","","","",""
"VN_0555","Sân Bóng Mini Nam Giang","Gym located at XR2V+8G3, Unnamed Road, Thống Nhất, Đồng Nai","Bóng đá","no_public_price","","","","","","","none","https://www.sporta.vn/san/san-bong-mini-nam-giang","2026-10-04T13:27:26.227Z","2026-10-04","none","","","","",""
"VN_0556","Sân Bóng Lê Mỹ","XQ4W+RGJ, Bửu Long, Đồng Nai","Bóng đá","no_public_price","","","","","","","none","https://www.sporta.vn/san/san-bong-le-my","2026-10-04T13:27:25.516Z","2026-10-04","none","","","","",""
"VN_0557","Sân bóng mini Xuân Đông","Phước Tân, Đồng Nai","Bóng đá","no_public_price","","","","","","","none","https://www.sporta.vn/san/san-bong-mini-xuan-dong","2026-10-04T13:27:25.601Z","2026-10-04","none","","","","",""
"VN_0558","CLB Bóng Bàn An Bình","Đường Số 8, An Bình, Đồng Nai","Bóng bàn","no_public_price","","","","","","","none","https://www.sporta.vn/san/clb-bong-ban-an-binh","2026-10-04T13:27:25.830Z","2026-10-04","none","","","","",""
"VN_0559","Sân Bóng Thảo Hiền","XRRX+4V2, Nguyễn Văn Tiên Hẻm 1, Trảng Dài, Đồng Nai","Bóng đá","no_public_price","","","","","","","none","https://www.sporta.vn/san/san-bong-thao-hien","2026-10-04T13:27:25.693Z","2026-10-04","none","","","","",""
"VN_0560","Sân bóng đá Mini Phú Cường","VWF8+6X7, Tam Phước, Đồng Nai","Bóng đá","no_public_price","","","","","","","none","https://www.sporta.vn/san/san-bong-da-mini-phu-cuong","2026-10-04T13:27:25.678Z","2026-10-04","none","","","","",""
"VN_0561","Sân Bóng Đá Mini Công Nguyễn","Hẻm Số 1030, Tân Hiệp, Đồng Nai","Bóng đá","no_public_price","","","","","","","none","https://www.sporta.vn/san/san-bong-da-mini-cong-nguyen","2026-10-04T13:27:25.885Z","2026-10-04","none","","","","",""
"VN_0562","Câu Lạc Bộ Bóng Đá Ngọc Hà","51 Khu Phố 4, Thống Nhất, Đồng Nai","Bóng đá","no_public_price","","","","","","","none","https://www.sporta.vn/san/cau-lac-bo-bong-da-ngoc-ha","2026-10-04T13:27:25.920Z","2026-10-04","none","","","","",""
"VN_0563","Sân bóng đá mini Bến Cát","1327 Đường Bùi Hữu Nghĩa, Hoà An, Đồng Nai","Bóng đá","no_public_price","","","","","","","none","https://www.sporta.vn/san/san-bong-da-mini-ben-cat","2026-10-04T13:27:25.935Z","2026-10-04","none","","","","",""
"VN_0564","Sân Bóng Rổ Tân Phong","XRCW+CFR, Hẻm 847 Đồng Khởi, Tân Phong, Đồng Nai","Bóng đá","no_public_price","","","","","","","none","https://www.sporta.vn/san/san-bong-ro-tan-phong","2026-10-04T13:27:25.884Z","2026-10-04","none","","","","",""
"VN_0565","Câu lạc bộ bóng bàn Trung Dũng","2191 Nguyễn Ái Quốc, Quang Vinh, Đồng Nai","Bóng bàn","no_public_price","","","","","","","none","https://www.sporta.vn/san/cau-lac-bo-bong-ban-trung-dung","2026-10-04T13:27:26.166Z","2026-10-04","none","","","","",""
"VN_0566","Thanh Binh Football","9 Đ. Phạm Văn Khoai, Tân Hiệp, Đồng Nai","Bóng đá","no_public_price","","","","","","","none","https://www.sporta.vn/san/thanh-binh-football","2026-10-04T13:27:26.118Z","2026-10-04","none","","","","",""
"VN_0567","SÂN BÓNG ĐÁ 23","59 Khu Phố 8, PHố Nai, Đồng Nai","Bóng đá","no_public_price","","","","","","","none","https://www.sporta.vn/san/san-bong-da-23","2026-10-04T13:27:26.302Z","2026-10-04","none","","","","",""
"VN_0568","Sân Bóng Chuyền Giáo Xứ Lộ Đức","XW95+HHR, Tân Hoà, Đồng Nai","Bóng đá","no_public_price","","","","","","","none","https://www.sporta.vn/san/san-bong-chuyen-giao-xu-lo-duc","2026-10-04T13:27:26.181Z","2026-10-04","none","","","","",""
"VN_0569","Sân bóng đá Cô Ba","Tân Vân, Đồng Nai","Bóng đá","no_public_price","","","","","","","none","https://www.sporta.vn/san/san-bong-da-co-ba","2026-10-04T13:27:26.318Z","2026-10-04","none","","","","",""
"VN_0570","Sân bóng mini Ông Trang","XVGV+W9X, Tân Biên, Đồng Nai","Bóng đá","no_public_price","","","","","","","none","https://www.sporta.vn/san/san-bong-mini-ong-trang","2026-10-04T13:27:26.334Z","2026-10-04","none","","","","",""
"VN_0571","Sân học bóng rổ ( thầy Thịnh)","XR5J+83V, Nguyễn Ái Quốc, Tân Tiến, Đồng Nai","Bóng rổ","no_public_price","","","","","","","none","https://www.sporta.vn/san/san-hoc-bong-ro---thay-thinh-","2026-10-04T13:27:26.374Z","2026-10-04","none","","","","",""
"VN_0572","Sân bóng Hiệp Hành","WRJV+JG, Hiệp Hoà, Đồng Nai","Bóng đá","no_public_price","","","","","","","none","https://www.sporta.vn/san/san-bong-hiep-hanh","2026-10-04T13:27:26.364Z","2026-10-04","none","","","","",""
"VN_0573","Sân Bóng Mini Hana","Bê tông, 01 Tổ 7b, Phước Tân, Đồng Nai","Bóng đá","no_public_price","","","","","","","none","https://www.sporta.vn/san/san-bong-mini-hana","2026-10-04T13:27:26.469Z","2026-10-04","none","","","","",""
"VN_0574","Sân bóng đá WASABI","308 Nguyễn Văn Tỏ, Long Bình Tân, Đồng Nai","Bóng đá","no_public_price","","","","","","","none","https://www.sporta.vn/san/san-bong-da-asabi","2026-10-04T13:27:26.519Z","2026-10-04","none","","","","",""
"VN_0575","Sân Bóng KHÔNG GIAN XANH","XQ4W+RJ5, Bửu Long, Đồng Nai","Bóng đá","no_public_price","","","","","","","none","https://www.sporta.vn/san/san-bong-khong-gian-xanh","2026-10-04T13:27:26.450Z","2026-10-04","none","","","","",""
"VN_0576","Sân banh Tám Đáng","162 Road 2, tổ 34, kp 4b, Kp Long Điềm, Đồng Nai","Cầu lông","no_public_price","","","","","","","none","https://www.sporta.vn/san/san-banh-tam-dang","2026-10-04T13:27:26.552Z","2026-10-04","none","","","","",""
"VN_0577","Sân Bóng Lê Hoàng","Đ. Ng. Văn Tiên, Khu Phố 6, Đồng Nai","Bóng đá","no_public_price","","","","","","","none","https://www.sporta.vn/san/san-bong-le-hoang","2026-10-04T13:27:26.645Z","2026-10-04","none","","","","",""
"VN_0578","Sân Banh Lê Hoàng","Khu phố 11, Đồng Nai","Cầu lông","no_public_price","","","","","","","none","https://www.sporta.vn/san/san-banh-le-hoang","2026-10-04T13:27:26.615Z","2026-10-04","none","","","","",""
"VN_0579","Sân bóng đá Anh Em","2016 Long Khánh 1, Tam Phước, Đồng Nai","Bóng đá","no_public_price","","","","","","","none","https://www.sporta.vn/san/san-bong-da-anh-em","2026-10-04T13:27:26.751Z","2026-10-04","none","","","","",""
"VN_0580","Trang Chủ Nhatvip","66 Khu phố 10, Tân Biên, Đồng Nai","Cầu lông","no_public_price","","","","","","","none","https://www.sporta.vn/san/trang-chu-nhatvip","2026-10-04T13:27:26.736Z","2026-10-04","none","","","","",""
"VN_0581","Sân Banh Tân Hiệp","Hẻm 1039 Nguyễn Ái Quốc, Tân Hiệp, Đồng Nai","Cầu lông","no_public_price","","","","","","","none","https://www.sporta.vn/san/san-banh-tan-hiep","2026-10-04T13:27:26.766Z","2026-10-04","none","","","","",""
"VN_0582","Sân bóng Hải Đăng Long Bình Tân","VVXH+Q57, Unnamed Road, Đồng Nai","Bóng đá","no_public_price","","","","","","","none","https://www.sporta.vn/san/san-bong-hai-dang-long-binh-tan","2026-10-04T13:27:26.752Z","2026-10-04","none","","","","",""
"VN_0583","SÂN BÓNG CHUYỀN XANH","XVR7+C9M, Trảng Dài, Đồng Nai","Bóng đá","no_public_price","","","","","","","none","https://www.sporta.vn/san/san-bong-chuyen-xanh","2026-10-04T13:27:26.891Z","2026-10-04","none","","","","",""
"VN_0584","Sân bóng KTX Cao Đẳng Mĩ Thuật","XR55+4MV, Bửu Long, Đồng Nai","Bóng đá","no_public_price","","","","","","","none","https://www.sporta.vn/san/san-bong-ktx-cao-dang-mi-thuat","2026-10-04T13:27:26.891Z","2026-10-04","none","","","","",""
"VN_0585","Sân banh Trí Anh","XVHV+2F5, Tân Biên, Đồng Nai","Cầu lông","no_public_price","","","","","","","none","https://www.sporta.vn/san/san-banh-tri-anh","2026-10-04T13:27:26.905Z","2026-10-04","none","","","","",""
"VN_0586","Sân bóng Thiếu nhi Phúc Lâm","XV9J+5W8, Hố Nai, Đồng Nai","Bóng đá","no_public_price","","","","","","","none","https://www.sporta.vn/san/san-bong-thieu-nhi-phuc-lam","2026-10-04T13:27:27.133Z","2026-10-04","none","","","","",""
"VN_0587","Sân bóng đá Mini Hiệp Hoà","Hẻm 192 Đỗ Văn Thi, Hiệp Hoà, Đồng Nai","Bóng đá","no_public_price","","","","","","","none","https://www.sporta.vn/san/san-bong-da-mini-hiep-hoa","2026-10-04T13:27:27.268Z","2026-10-04","none","","","","",""
"VN_0588","Sân Banh A98- Phú Gia Minh","An Bình, Đồng Nai","Cầu lông","no_public_price","","","","","","","none","https://www.sporta.vn/san/san-banh-a98-phu-gia-minh","2026-10-04T13:27:27.201Z","2026-10-04","none","","","","",""
"VN_0589","Sân bóng rổ Võ Thị Sáu","32 Đ. Võ Thị Sáu, Quyết Thắng, Đồng Nai","Bóng đá","no_public_price","","","","","","","none","https://www.sporta.vn/san/san-bong-ro-vo-thi-sau","2026-10-04T13:27:27.100Z","2026-10-04","none","","","","",""
"VN_0590","Sân Bóng Đá Việt Hoàng FC","Tổ 8, Kp7, Đồng Nai","Bóng đá","no_public_price","","","","","","","none","https://www.sporta.vn/san/san-bong-da-viet-hoang-fc","2026-10-04T13:27:27.168Z","2026-10-04","none","","","","",""
"VN_0591","Sân Bóng Đá Thành Tài","Đ. Bùi Trọng Nghĩa, Trảng Dài, Đồng Nai","Bóng đá","no_public_price","","","","","","","none","https://www.sporta.vn/san/san-bong-da-thanh-tai","2026-10-04T13:27:27.099Z","2026-10-04","none","","","","",""
"VN_0592","Sân Bóng Đá Mini Cỏ Nhân Tạo Ngã tư 6 Hen","Đ. Điểu Xiển, khu phố 8, Đồng Nai","Bóng đá","no_public_price","","","","","","","none","https://www.sporta.vn/san/san-bong-da-mini-co-nhan-tao-nga-tu-6-hen","2026-10-04T13:27:27.266Z","2026-10-04","none","","","","",""
"VN_0593","Sân banh ST","Đ. Dương Tử Giang, Tân Tiến, Đồng Nai","Cầu lông","no_public_price","","","","","","","none","https://www.sporta.vn/san/san-banh-st","2026-10-04T13:27:27.368Z","2026-10-04","none","","","","",""
"VN_0594","Sân bóng đá mini Phòng Cháy","Hẻm 620 Đồng Khởi, Trảng Dài, Đồng Nai","Bóng đá","no_public_price","","","","","","","none","https://www.sporta.vn/san/san-bong-da-mini-phong-chay","2026-10-04T13:27:27.382Z","2026-10-04","none","","","","",""
"VN_0595","Sân bóng Bảo Sang","0136 Hẻm 310, Tân Vân, Đồng Nai","Bóng đá","no_public_price","","","","","","","none","https://www.sporta.vn/san/san-bong-bao-sang","2026-10-04T13:27:27.430Z","2026-10-04","none","","","","",""
"VN_0596","Sân Bóng Đá Mini Trảng Dài","20 Đ. Nguyễn Phúc Chu, Trảng Dài, Đồng Nai","Bóng đá","no_public_price","","","","","","","none","https://www.sporta.vn/san/san-bong-da-mini-trang-dai","2026-10-04T13:27:27.431Z","2026-10-04","none","","","","",""
"VN_0597","Sân Bóng Ngọc Thắng","WVR4+M5R, Unnamed, Road, Đồng Nai","Bóng đá","no_public_price","","","","","","","none","https://www.sporta.vn/san/san-bong-ngoc-thang","2026-10-04T13:27:27.575Z","2026-10-04","none","","","","",""
"VN_0598","Sân bóng đá Phương Đô f26","Hẻm 974 Đ. Đồng Khởi, Trảng Dài, Đồng Nai","Cầu lông","no_public_price","","","","","","","none","https://www.sporta.vn/san/san-bo-ng-da--phuong-do-f26","2026-10-04T13:27:27.591Z","2026-10-04","none","","","","",""
"VN_0599","Sân Bóng Đá Mini Địa Chính","525 Phùng Hưng, Tam Phước, Đồng Nai","Bóng đá","no_public_price","","","","","","","none","https://www.sporta.vn/san/san-bong-da-mini-dia-chinh","2026-10-04T13:27:27.719Z","2026-10-04","none","","","","",""
"VN_0600","Câu lạc bộ bóng đá Hoàng Long","Hẻm 1377 Nguyễn Ái Quốc, Tân Tiến, Đồng Nai","Bóng đá","no_public_price","","","","","","","none","https://www.sporta.vn/san/cau-lac-bo-bong-da-hoang-long","2026-10-04T13:27:27.982Z","2026-10-04","none","","","","",""
"VN_0601","Sân banh Thanh Bình","149 Đ. Phạm Văn Khoai, Tân Hiệp, Đồng Nai","Cầu lông","no_public_price","","","","","","","none","https://www.sporta.vn/san/san-banh-thanh-binh","2026-10-04T13:27:27.699Z","2026-10-04","none","","","","",""
"VN_0602","Sân bóng đá và cầu lông B5","12 Đ. Dương Tử Giang, Tân Tiến, Đồng Nai","Bóng đá","no_public_price","","","","","","","none","https://www.sporta.vn/san/san-bong-da-va-cau-long-b5","2026-10-04T13:27:27.811Z","2026-10-04","none","","","","",""
"VN_0603","Sân bóng mini Siêu Cúp","XV27+5VW, Tam Hoà, Đồng Nai","Bóng đá","no_public_price","","","","","","","none","https://www.sporta.vn/san/san-bong-mini-sieu-cup","2026-10-04T13:27:27.799Z","2026-10-04","none","","","","",""
"VN_0604","Sân Bóng Chuyền Hương Thảo","XWC2+FR5, Thiện Tân, Đồng Nai","Bóng đá","no_public_price","","","","","","","none","https://www.sporta.vn/san/san-bong-chuyen-huong-thao","2026-10-04T13:27:27.764Z","2026-10-04","none","","","","",""
"VN_0605","Sân Bóng Đá Thanh Mai 39","Đường/43 tổ 43, Khu Phố 4, Đồng Nai","Bóng đá","no_public_price","","","","","","","none","https://www.sporta.vn/san/san-bong-da-thanh-mai-39","2026-10-04T13:27:27.825Z","2026-10-04","none","","","","",""
"VN_0606","Sân bóng đá mini NGỌC HẢI","Đường Nguyễn Thiện Thuật, An Hoà, Đồng Nai","Bóng đá","no_public_price","","","","","","","none","https://www.sporta.vn/san/san-bong-da-mini-ngoc-hai","2026-10-04T13:27:27.981Z","2026-10-04","none","","","","",""
"VN_0607","Sân bóng đá Danh Hiệu","XVC5+397, Trảng Dài, Đồng Nai","Bóng đá","no_public_price","","","","","","","none","https://www.sporta.vn/san/san-bong-da-danh-hieu","2026-10-04T13:27:27.994Z","2026-10-04","none","","","","",""
"VN_0608","trang ca do bong da uy tin","227a Đ. Phan Trung, Tân Mai, Đồng Nai","Bóng đá","no_public_price","","","","","","","none","https://www.sporta.vn/san/trang-ca-do-bong-da-uy-tin","2026-10-04T13:27:28.086Z","2026-10-04","none","","","","",""
"VN_0609","Sân bóng mini Thanh Bình","VX96+63V, Tam Phước, Đồng Nai","Bóng đá","no_public_price","","","","","","","none","https://www.sporta.vn/san/san-bong-mini-thanh-binh","2026-10-04T13:27:28.018Z","2026-10-04","none","","","","",""
"VN_0610","Sân bóng đá MP & bóng chuyền","7b 43, Hố Nai, Đồng Nai","Bóng đá","no_public_price","","","","","","","none","https://www.sporta.vn/san/san-bong-da-mp---bong-chuyen","2026-10-04T13:27:28.102Z","2026-10-04","none","","","","",""
"VN_0611","Sân bóng đá mini Bảy Thanh","KP 8, 210/9 Phạm Văn Thuận, Tam Hiệp, Đồng Nai","Bóng đá","no_public_price","","","","","","","none","https://www.sporta.vn/san/san-bong-da-mini-bay-thanh","2026-10-04T13:27:28.247Z","2026-10-04","none","","","","",""
"VN_0612","Sân banh Bình Đa","201 Vũ Hồng P., khu phố 3, Đồng Nai","Cầu lông","no_public_price","","","","","","","none","https://www.sporta.vn/san/san-banh-binh-da","2026-10-04T13:27:28.201Z","2026-10-04","none","","","","",""
"VN_0613","Sân bóng đá mini TÂN HIỆP","Hẻm 1039 Nguyễn Ái Quốc, Tân Hiệp, Đồng Nai","Bóng đá","no_public_price","","","","","","","none","https://www.sporta.vn/san/san-bong-da-mini-tan-hiep","2026-10-04T13:27:28.175Z","2026-10-04","none","","","","",""
"VN_0614","Sân Bóng Đá MiNi Thuận Thảo","Unnamed Road, Đồng Nai","Bóng đá","no_public_price","","","","","","","none","https://www.sporta.vn/san/san-bong-da-mini-thuan-thao","2026-10-04T13:27:28.398Z","2026-10-04","none","","","","",""
"VN_0615","sân bóng PG An Đồng","RJWW+VPH, An Thái, Hải Phòng","Bóng đá","no_public_price","","","","","","","none","https://www.sporta.vn/san/san-bong-pg-an-dong","2026-10-04T13:27:28.480Z","2026-10-04","none","","","","",""
"VN_0616","Kasi Pickleball - RMRQ+6V8, Lý Thành Long","RMRQ+6V8, Lý Thành Long, Hải Phòng","Pickleball","no_public_price","","","","","","","none","https://www.sporta.vn/san/kasi-pickleball-rmrq-6v8--ly-thanh-long","2026-10-04T13:27:28.534Z","2026-10-04","none","","","","",""
"VN_0617","Sân bóng Thuỷ Đường","WMFM+64X, Thủy Tú, Hải Phòng","Bóng đá","no_public_price","","","","","","","none","https://www.sporta.vn/san/san-bong-thuy-duong","2026-10-04T13:27:28.480Z","2026-10-04","none","","","","",""
"VN_0618","Sân Vận Động Huyện An Dương","81 Đ. 208, TT. An Dương, Hải Phòng","Cầu lông","no_public_price","","","","","","","none","https://www.sporta.vn/san/san-van-dong-huyen-an-duong","2026-10-04T13:27:28.501Z","2026-10-04","none","","","","",""
"VN_0619","Sân Tennis PG, An Dương, Hải Phòng","RMV2+X7M, Khu đô thị PG, Hải Phòng","Tennis","no_public_price","","","","","","","none","https://www.sporta.vn/san/san-tennis-pg--an-duong--hai-phong","2026-10-04T13:27:28.568Z","2026-10-04","none","","","","",""
"VN_0620","Sân vận động xã Dương Quan","WM2M+J5H, Dương Quan, Hải Phòng","Cầu lông","no_public_price","","","","","","","none","https://www.sporta.vn/san/san-van-dong-xa-duong-quan","2026-10-04T13:27:28.706Z","2026-10-04","none","","","","",""
"VN_0621","Sân bóng Cát Bà Sport","P2MX+35X, TT. Cát Bà, Hải Phòng","Bóng đá","no_public_price","","","","","","","none","https://www.sporta.vn/san/san-bong-cat-ba-sport","2026-10-04T13:27:28.705Z","2026-10-04","none","","","","",""
"VN_0622","Cọ Club Pickleball - 251 Hùng Vương","251 Hùng Vương, Hải Phòng","Pickleball","no_public_price","","","","","","","none","https://www.sporta.vn/san/co-club-pickleball-251-hung-vuong","2026-10-04T13:27:28.668Z","2026-10-04","none","","","","",""
"VN_0623","Sân bóng đá Đông Sơn","WMP4+WHG, Đông Sơn, Hải Phòng","Bóng đá","curated_public_price","unknown","","","150000","350000","","price_range_only","https://diadiem247.com/hai-phong/san-bong-da-dong-son-l371145.html","2026-10-03T08:30:11.288Z","2026-10-03","low","Khớp tên Đông Sơn và xã Đông Sơn, Thủy Nguyên; địa chỉ danh mục dạng plus-code, chưa xác nhận cửa vào. Giá niêm yết danh bạ, chưa rõ thời lượng.","court_unknown_duration","approximate","Bóng đá","public_source_matched"
"VN_0624","Sân bóng đá Việt Tiến","Tổ 3 Khu 2, Tràng Minh, Hải Phòng","Bóng đá","no_public_price","","","","","","","none","https://www.sporta.vn/san/san-bong-da-viet-tien","2026-10-04T13:27:28.866Z","2026-10-04","none","","","","",""
"VN_0625","K.A Friends Pickleball - 146 hoàng quốc việt","146 hoàng quốc việt, Hải Phòng","Pickleball","curated_public_price","unknown","","","80000","150000","","price_range_only","https://thegioithethao.vn/san-pickleball-k-a-friends-f-4Q0MS","2026-10-04T14:12:18.999Z","2026-10-04","low","Giá tham khảo công khai; đã đối chiếu tên và địa chỉ. Chưa xác nhận giá đang áp dụng; nguồn không phân ngày/giờ.","court_unknown_duration","approximate","Pickleball","public_source_matched"
"VN_0626","Starpik Đồi Rồng Pickleball - Khu Du lịch Quốc tế Đồi Rồng – Đồ Sơn – Hải Phòng","Khu Du lịch Quốc tế Đồi Rồng – Đồ Sơn – Hải Phòng, Hải Phòng","Pickleball","curated_public_price","unknown","","","160000","220000","","price_range_only","https://thegioithethao.vn/clb-pickleball-starpik-doi-rong-f-gMZXv","2026-10-04T14:11:53.142Z","2026-10-04","low","Giá tham khảo công khai; đã đối chiếu tên và địa chỉ. Chưa xác nhận giá đang áp dụng; nguồn không phân ngày/giờ.","court_unknown_duration","approximate","Pickleball","public_source_matched"
"VN_0627","Văn Cao Pickleball - Số 2 Văn Cao","Số 2 Văn Cao, Hải Phòng","Pickleball","curated_public_price","unknown","","","100000","180000","60","price_range_only","https://shopvnb.com/san-pickleball-van-cao.html","2026-10-03T08:28:19.549Z","2026-10-03","medium","Giá tham khảo công khai; đã đối chiếu tên và địa chỉ. Chưa xác nhận giá đang áp dụng; nguồn không phân ngày/giờ.","court_hour","approximate","Pickleball","public_source_matched"
"VN_0628","Thái Sơn Pickleball - 91 P. Nguyễn Văn Hới","91 P. Nguyễn Văn Hới, Hải Phòng","Pickleball","curated_public_price","unknown","","","100000","180000","60","price_range_only","https://shopvnb.com/san-pickleball-thai-son.html","2026-10-03T08:28:39.125Z","2026-10-03","medium","Giá tham khảo công khai; đã đối chiếu tên và địa chỉ. Chưa xác nhận giá đang áp dụng; nguồn không phân ngày/giờ.","court_hour","approximate","Pickleball","public_source_matched"
"VN_0629","Sân Tennis Văn Cao","RPJ2+4XV, Ngô Gia Tự, Đằng Lâm, Hải Phòng","Tennis","no_public_price","","","","","","","none","https://www.sporta.vn/san/san-tennis-van-cao","2026-10-04T13:27:28.970Z","2026-10-04","none","","","","",""
"VN_0630","NHÀ BÓNG TỔNG HỢP CÔ THÊU","Đường bao quanh hồ An Biên, Đằng Giang, Hải Phòng","Bóng đá","no_public_price","","","","","","","none","https://www.sporta.vn/san/nha-bong-tong-hop-co-theu","2026-10-04T13:27:29.174Z","2026-10-04","none","","","","",""
"VN_0631","Sân bóng Tân Dương","VMVG+2C9, Tân Dương, Hải Phòng","Bóng đá","no_public_price","","","","","","","none","https://www.sporta.vn/san/san-bong-tan-duong","2026-10-04T13:27:29.102Z","2026-10-04","none","","","","",""
"VN_0632","Camela Pickleball - 515A Hùng Vương","515A Hùng Vương, Hải Phòng","Pickleball","curated_public_price","unknown","","","60000","150000","60","price_range_only","https://shopvnb.com/san-pickleball-hai-phong.html","2026-10-03T08:30:05.402Z","2026-10-03","medium","Giá tham khảo công khai; đã đối chiếu tên và địa chỉ. Chưa xác nhận giá đang áp dụng; nguồn không phân ngày/giờ.","court_hour","approximate","Pickleball","public_source_matched"
"VN_0633","C. Happy Pickleball - 26A/654 Ngô Gia Tự","26A/654 Ngô Gia Tự, Hải Phòng","Pickleball","curated_public_price","unknown","","","70000","140000","","price_range_only","https://thegioithethao.vn/san-pickleball-c-happy-f-JAkYz","2026-10-04T14:12:17.413Z","2026-10-04","low","Giá tham khảo công khai; đã đối chiếu tên và địa chỉ. Chưa xác nhận giá đang áp dụng; nguồn không phân ngày/giờ.","court_unknown_duration","approximate","Pickleball","public_source_matched"
"VN_0634","Sân Tập Golf Duyên Hải Kiến An Hải Phòng","KCN, Đ. Quán Trữ, Quán Trữ, Hải Phòng","Cầu lông","no_public_price","","","","","","","none","https://www.sporta.vn/san/san-tap-golf-duyen-hai-kien-an-hai-phong","2026-10-04T13:27:29.159Z","2026-10-04","none","","","","",""
"VN_0635","The UNITY Center","482 P. Thiên Lôi, Vĩnh Niệm, Hải Phòng","Cầu lông","no_public_price","","","","","","","none","https://www.sporta.vn/san/the-unity-center","2026-10-04T13:27:29.190Z","2026-10-04","none","","","","",""
"VN_0636","Pickleball Đất Cảng - 1A Cầu Bính","1A Cầu Bính, Hải Phòng","Pickleball","curated_public_price","unknown","","","80000","160000","60","price_range_only","https://shopvnb.com/san-pickleball-hai-phong.html","2026-10-03T08:30:05.402Z","2026-10-03","medium","Giá tham khảo công khai; đã đối chiếu tên và địa chỉ. Chưa xác nhận giá đang áp dụng; nguồn không phân ngày/giờ.","court_hour","approximate","Pickleball","public_source_matched"
"VN_0637","CLB Bóng Bàn Đoàn 35","5 P. Phan Chu Trinh, Hoàng Văn Thụ, Hải Phòng","Bóng bàn","no_public_price","","","","","","","none","https://www.sporta.vn/san/clb-bong-ban-doan-35","2026-10-04T13:27:29.383Z","2026-10-04","none","","","","",""
"VN_0638","sân bóng đá nhận tạo lạch tray","93 P. Hàng Kênh, Hàng Kênh, Hải Phòng","Bóng đá","no_public_price","","","","","","","none","https://www.sporta.vn/san/san-bong-da-nhan-tao-lach-tray","2026-10-04T13:27:29.351Z","2026-10-04","none","","","","",""
"VN_0639","TRUNG TÂM BÓNG ĐÁ VJSS NGÔ QUYỀN","226 P. Lê Lai, Má Chai, Hải Phòng","Bóng đá","no_public_price","","","","","","","none","https://www.sporta.vn/san/trung-tam-bong-da-vjss-ngo-quyen","2026-10-04T13:27:29.459Z","2026-10-04","none","","","","",""
"VN_0640","Sân bóng Thuỷ Sản","828 Trần Nhân Tông, Nam Sơn, Hải Phòng","Bóng đá","no_public_price","","","","","","","none","https://www.sporta.vn/san/san-bong-thuy-san","2026-10-04T13:27:29.460Z","2026-10-04","none","","","","",""
"VN_0641","B16 Chảo Lửa Lạch Tray","15 Lạch Tray, Lê Lợi, Hải Phòng","Cầu lông","no_public_price","","","","","","","none","https://www.sporta.vn/san/b16-chao-lua-lach-tray","2026-10-04T13:27:29.644Z","2026-10-04","none","","","","",""
"VN_0642","TRAY Pickleball - Khu Đô thị ICC","Khu Đô thị ICC, Hải Phòng","Pickleball","curated_public_price","unknown","","","120000","200000","","price_range_only","https://thegioithethao.vn/tray-pickleball-arena-f-Lif5V","2026-10-04T14:12:12.093Z","2026-10-04","low","Giá tham khảo công khai; đã đối chiếu tên và địa chỉ. Chưa xác nhận giá đang áp dụng; nguồn không phân ngày/giờ.","court_unknown_duration","approximate","Pickleball","public_source_matched"
"VN_0643","Cung Văn hoá Thiếu nhi Hải Phòng","55 Lạch Tray, Hải Phòng","Cầu lông","no_public_price","","","","","","","none","https://www.sporta.vn/san/cung-van-hoa-thieu-nhi-hai-phong","2026-10-04T13:27:29.549Z","2026-10-04","none","","","","",""
"VN_0644","Sân Vigor-BolschewikDeutsch","VJ86+XHG, TT. An Dương, Hải Phòng","Cầu lông","no_public_price","","","","","","","none","https://www.sporta.vn/san/san-vigorbolscheikdeutsch","2026-10-04T13:27:29.815Z","2026-10-04","none","","","","",""
"VN_0645","Sân cỏ Nhân tạo lạch tray","VM2Q+J52, Lạch Tray, Hải Phòng","Cầu lông","no_public_price","","","","","","","none","https://www.sporta.vn/san/san-co-nhan-tao-lach-tray","2026-10-04T13:27:29.850Z","2026-10-04","none","","","","",""
"VN_0646","Sân bóng 113 Ngô Quyền","113 Ngô Quyền, Má Chai, Hải Phòng","Bóng đá","no_public_price","","","","","","","none","https://www.sporta.vn/san/san-bong-113-ngo-quyen","2026-10-04T13:27:29.816Z","2026-10-04","none","","","","",""
"VN_0647","Sân cỏ nhân tạo Vinh Quang","95/2 Lạc Xuân Đài, Lạ Viên, Hải Phòng","Cầu lông","curated_public_price","unknown","","","200000","400000","","price_range_only","https://diadiem247.com/hai-phong/san-bong-da-vinh-quang-hai-phong-l371144.html","2026-10-03T08:30:13.450Z","2026-10-03","low","Giá tham khảo công khai; đã đối chiếu tên và địa chỉ. Chưa xác nhận giá đang áp dụng; nguồn không phân ngày/giờ.","court_unknown_duration","approximate","Bóng đá","public_source_matched"
"VN_0648","Sân bóng vườn mơ","VP49+QQ7, Đoạn Xá, Hải Phòng","Bóng đá","no_public_price","","","","","","","none","https://www.sporta.vn/san/san-bong-vuon-mo","2026-10-04T13:27:30.191Z","2026-10-04","none","","","","",""
"VN_0649","Sân bóng Hoàng Thịnh(U15HP)","VMQQ+H97, Dương Quan, Hải Phòng","Bóng đá","no_public_price","","","","","","","none","https://www.sporta.vn/san/san-bong-hoang-thinh-u15hp-","2026-10-04T13:27:30.435Z","2026-10-04","none","","","","",""
"VN_0650","Sân bóng chuyền Lô 9","121 P. Chợ Lũng, Đằng Hải, Hải Phòng","Bóng đá","no_public_price","","","","","","","none","https://www.sporta.vn/san/san-bong-chuyen-lo-9","2026-10-04T13:27:30.117Z","2026-10-04","none","","","","",""
"VN_0651","Sân bóng Bạch Đằng","16 Bạch Đằng, Hạ Lý, Hải Phòng","Bóng đá","no_public_price","","","","","","","none","https://www.sporta.vn/san/san-bong-bach-dang","2026-10-04T13:27:30.077Z","2026-10-04","none","","","","",""
"VN_0652","Câu lạc bộ bóng đá Hải Phòng","15 Lạch Tray, Lê Lợi, Hải Phòng","Bóng đá","no_public_price","","","","","","","none","https://www.sporta.vn/san/cau-lac-bo-bong-da-hai-phong","2026-10-04T13:27:30.097Z","2026-10-04","none","","","","",""
"VN_0653","SÂN BÓNG VIỆT DƯƠNG HẢI PHÒNG","174 Thành Tô, Tràng Cát, Hải Phòng","Bóng đá","no_public_price","","","","","","","none","https://www.sporta.vn/san/san-bong-viet-duong-hai-phong","2026-10-04T13:27:30.768Z","2026-10-04","none","","","","",""
"VN_0654","Sân bóng rổ CTN Hải Phòng","45 Lạch Tray, Hải Phòng","Bóng đá","no_public_price","","","","","","","none","https://www.sporta.vn/san/san-bong-ro-ctn-hai-phong","2026-10-04T13:27:30.234Z","2026-10-04","none","","","","",""
"VN_0655","Haiphong Football Club Training Ground","Vĩnh Niệm, Hải Phòng","Bóng đá","no_public_price","","","","","","","none","https://www.sporta.vn/san/haiphong-football-club-training-ground","2026-10-04T13:27:30.566Z","2026-10-04","none","","","","",""
"VN_0656","Trung Tâm Bóng Đá Hải Phòng","36 P.Điện Biên Phủ, Minh Khai, Hải Phòng","Bóng đá","no_public_price","","","","","","","none","https://www.sporta.vn/san/trung-tam-bong-da-hai-phong","2026-10-04T13:27:30.425Z","2026-10-04","none","","","","",""
"VN_0657","Sân bóng Zozo FC - Arsenal","VP44+C8P, Cầu Tre, Hải Phòng","Bóng đá","no_public_price","","","","","","","none","https://www.sporta.vn/san/san-bong-zozo-fc-arsenal","2026-10-04T13:27:30.667Z","2026-10-04","none","","","","",""
"VN_0658","Sân bóng đá cỏ nhân tạo Nam Anh","RMR4+MPM, Quán Trữ, Hải Phòng","Bóng đá","no_public_price","","","","","","","none","https://www.sporta.vn/san/san-bong-da-co-nhan-tao-nam-anh","2026-10-04T13:27:30.649Z","2026-10-04","none","","","","",""
"VN_0659","Sân bóng đá cỏ nhân tạo Việt Anh","Quán Trữ, Hải Phòng","Bóng đá","no_public_price","","","","","","","none","https://www.sporta.vn/san/san-bong-da-co-nhan-tao-viet-anh","2026-10-04T13:27:30.650Z","2026-10-04","none","","","","",""
"VN_0660","SÂN BÓNG ĐÁ DUYÊN HẢI","CAO ĐẲNG DUYÊN HẢI (CAO ĐẲNG KINH TẾ KỸ THUẬT CÔNG NGHIỆP), 109 đường Trường Chinh, Quán Trữ, Hải Phòng","Bóng đá","no_public_price","","","","","","","none","https://www.sporta.vn/san/san-bong-da-duyen-hai","2026-10-04T13:27:30.816Z","2026-10-04","none","","","","",""
"VN_0661","Sân vận động Hồ Sen","P. Hồ Sen, Trại Cau, Hải Phòng","Cầu lông","no_public_price","","","","","","","none","https://www.sporta.vn/san/san-van-dong-ho-sen","2026-10-04T13:27:30.934Z","2026-10-04","none","","","","",""
"VN_0662","Sân bóng Cao Đẳng Hàng Hải 1","RMF7+M8, Đồng Hoà, Hải Phòng","Bóng đá","no_public_price","","","","","","","none","https://www.sporta.vn/san/san-bong-cao-dang-hang-hai-1","2026-10-04T13:27:30.800Z","2026-10-04","none","","","","",""
"VN_0663","Sân Cỏ Nhân Tạo 240","286 P. Đà Nẵng, Vạ Mỹ, Hải Phòng","Cầu lông","no_public_price","","","","","","","none","https://www.sporta.vn/san/san-co-nhan-tao-240","2026-10-04T13:27:30.949Z","2026-10-04","none","","","","",""
"VN_0664","Sân vận động trường Đại học Hàng hải","2B P. Nguyễn Bình, Đổng Quốc Bình, Hải Phòng","Cầu lông","no_public_price","","","","","","","none","https://www.sporta.vn/san/san-van-dong-truong-dai-hoc-hang-hai","2026-10-04T13:27:31.016Z","2026-10-04","none","","","","",""
"VN_0665","Sân bóng đá cỏ nhân tạo Đức Đạt","RJRW+M77, Hoàng Mai, Hải Phòng","Bóng đá","no_public_price","","","","","","","none","https://www.sporta.vn/san/san-bong-da-co-nhan-tao-duc-dat","2026-10-04T13:27:30.950Z","2026-10-04","none","","","","",""
"VN_0666","Sân Bóng Thanh Dân Cát Hải","213 P. Đà Nẵng, Lạ Viên, Hải Phòng","Bóng đá","no_public_price","","","","","","","none","https://www.sporta.vn/san/san-bong-thanh-dan-cat-hai","2026-10-04T13:27:30.950Z","2026-10-04","none","","","","",""
"VN_0667","Sân bóng Hoa Động","VMQ8+934, Hoa Động, Hải Phòng","Bóng đá","curated_public_price","unknown","","","300000","500000","","price_range_only","https://diadiem247.com/hai-phong/san-bong-da-hoa-dong-l371148.html","2026-10-03T08:30:09.504Z","2026-10-03","low","Khớp tên sân Hoa Động và xã Hoa Động, Thủy Nguyên; danh mục có plus-code. Giá niêm yết danh bạ, chưa rõ thời lượng.","court_unknown_duration","approximate","Bóng đá","public_source_matched"
"VN_0668","Sân cỏ nhân tạo CDF","68 Phạm Văn Đồng, Anh Dũng, Hải Phòng","Cầu lông","no_public_price","","","","","","","none","https://www.sporta.vn/san/san-co-nhan-tao-cdf","2026-10-04T13:27:31.124Z","2026-10-04","none","","","","",""
"VN_0669","Sân bóng Hồ Đá","VMC2+P6V, Sở Dầu, Hải Phòng","Bóng đá","no_public_price","","","","","","","none","https://www.sporta.vn/san/san-bong-ho-da","2026-10-04T13:27:31.209Z","2026-10-04","none","","","","",""
"VN_0670","Sân bóng nhân tạo 77 Kiều Hạ","77 Kiều Hạ, Đông Hải 1, Hải Phòng","Bóng đá","no_public_price","","","","","","","none","https://www.sporta.vn/san/san-bong-nhan-tao-77-kieu-ha","2026-10-04T13:27:31.268Z","2026-10-04","none","","","","",""
"VN_0671","Sân vận động Lạch Tray","15 Lạch Tray, Lê Lợi, Hải Phòng","Cầu lông","no_public_price","","","","","","","none","https://www.sporta.vn/san/san-van-dong-lach-tray","2026-10-04T13:27:31.145Z","2026-10-04","none","","","","",""
"VN_0672","Sân bóng Hà Anh","RPF9+977, Thành Tô, Hải Phòng","Bóng đá","no_public_price","","","","","","","none","https://www.sporta.vn/san/san-bong-ha-anh","2026-10-04T13:27:31.322Z","2026-10-04","none","","","","",""
"VN_0673","Sân bóng Manchester","Võ Nguyên Giáp, Vĩnh Khiệm, Hải Phòng","Bóng đá","no_public_price","","","","","","","none","https://www.sporta.vn/san/san-bong-manchester","2026-10-04T13:27:31.267Z","2026-10-04","none","","","","",""
"VN_0674","PinaCo","90 Hai Ba Trung, Hải Phòng","Cầu lông","no_public_price","","","","","","","none","https://www.sporta.vn/san/pinaco5fd7","2026-10-04T13:27:31.665Z","2026-10-04","none","","","","",""
"VN_0675","Sân bóng Việt Tiến","Tràng Minh Kiến An Hải Phòng, Hải Phòng","Bóng đá","curated_public_price","unknown","","","200000","500000","","price_range_only","https://diadiem247.com/hai-phong/san-bong-viet-tien-hai-phong-l371142.html","2026-10-03T08:30:15.300Z","2026-10-03","low","Khớp tên Việt Tiến và Tràng Minh, Kiến An, Hải Phòng; danh mục thiếu số nhà. Nguồn ghi giá theo trận, chưa rõ số phút.","court_match","approximate","Bóng đá","public_source_matched"
"VN_0676","Cdf","Hai phong, Hải Phòng","Cầu lông","no_public_price","","","","","","","none","https://www.sporta.vn/san/cdf","2026-10-04T13:27:31.434Z","2026-10-04","none","","","","",""
"VN_0677","Sân đại học y dược hải phòng","72 nguyễn văn linh, Hải Phòng","Cầu lông","no_public_price","","","","","","","none","https://www.sporta.vn/san/san-dai-hoc-y-duoc-hai-phong","2026-10-04T13:27:31.549Z","2026-10-04","none","","","","",""
"VN_0678","Sân Bóng Đằng Lâm","Đằng Lâm, Hải Phòng","Bóng đá","curated_public_price","unknown","","","300000","600000","","price_range_only","https://diadiem247.com/hai-phong/san-bong-da-dang-lam-l371151.html","2026-10-03T08:30:07.720Z","2026-10-03","low","Khớp tên Đằng Lâm và khu vực Hải An/Hải Phòng; danh mục thiếu số nhà. Giá theo trận, chưa rõ số phút.","court_match","approximate","Bóng đá","public_source_matched"
"VN_0679","Sân Cung thiếu nhi Hải Phòng","55 Lạch Tray, Hải Phòng","Cầu lông","no_public_price","","","","","","","none","https://www.sporta.vn/san/san-cung-thieu-nhi-hai-phong","2026-10-04T13:27:31.467Z","2026-10-04","none","","","","",""
"VN_0680","Sân Bóng Đại Học Hàng Hải","484 Lạch Tray, Đổng Quốc Bình, Hải Phòng","Bóng đá","no_public_price","","","","","","","none","https://www.sporta.vn/san/san-bong-dai-hoc-hang-hai","2026-10-04T13:27:31.667Z","2026-10-04","none","","","","",""
"VN_0681","D45 ","960 Ngô Gia Tự , Hải Phòng","Cầu lông","no_public_price","","","","","","","none","https://www.sporta.vn/san/d45","2026-10-04T13:27:31.639Z","2026-10-04","none","","","","",""
"VN_0682","Sân Bóng Cầu Tre","187 ngõ 272 P. Đà Nẵng, Lạ Viên, Hải Phòng","Bóng đá","no_public_price","","","","","","","none","https://www.sporta.vn/san/san-bong-cau-tre","2026-10-04T13:27:31.828Z","2026-10-04","none","","","","",""
"VN_0683","Sân tập CLB Bóng đá Hải Phòng","Vĩnh Niệm, Hải Phòng","Bóng đá","no_public_price","","","","","","","none","https://www.sporta.vn/san/san-tap-clb-bong-da-hai-phong","2026-10-04T13:27:31.782Z","2026-10-04","none","","","","",""
"VN_0684","Sân Long vũ","Thái Phiên, Hải Phòng","Cầu lông","no_public_price","","","","","","","none","https://www.sporta.vn/san/san-long-vu","2026-10-04T13:27:31.817Z","2026-10-04","none","","","","",""
"VN_0685","Sân bóng cỏ nhân tạo Đại học Y Dược HP","103 Phố An Đà, Đằng Giang, Hải Phòng","Bóng đá","no_public_price","","","","","","","none","https://www.sporta.vn/san/san-bong-co-nhan-tao-dai-hoc-y-duoc-hp","2026-10-04T13:27:31.954Z","2026-10-04","none","","","","",""
"VN_0686","Sân Bóng Đá Đông Hải 1","3/14/274 P. Bùi Thị Từ Nhiên, Đông Hải 1, Hải Phòng","Bóng đá","curated_public_price","unknown","","","250000","450000","","price_range_only","https://diadiem247.com/hai-phong/san-bong-dong-hai-1-l371152.html","2026-10-03T08:30:06.764Z","2026-10-03","low","Giá tham khảo công khai; đã đối chiếu tên và địa chỉ. Chưa xác nhận giá đang áp dụng; nguồn không phân ngày/giờ.","court_unknown_duration","approximate","Bóng đá","public_source_matched"
"VN_0687","Sân bóng đá Quán Nam","76 Ngô Kim Tài, Kênh Dương, Hải Phòng","Bóng đá","curated_public_price","unknown","","","300000","400000","","price_range_only","https://thegioithethao.vn/san-bong-da-quan-nam-f-rxiXS","2026-10-04T14:11:54.624Z","2026-10-04","low","Giá tham khảo công khai; đã đối chiếu tên và địa chỉ. Chưa xác nhận giá đang áp dụng; nguồn không phân ngày/giờ.","court_unknown_duration","approximate","Bóng đá","public_source_matched"
"VN_0688","Sân quán nam","76 quán nam, Hải Phòng","Cầu lông","no_public_price","","","","","","","none","https://www.sporta.vn/san/san-quan-nam","2026-10-04T13:27:31.916Z","2026-10-04","none","","","","",""
"VN_0689","Việt Anh","Ngõ Cát Đá, Hải Phòng","Cầu lông","no_public_price","","","","","","","none","https://www.sporta.vn/san/viet-anh","2026-10-04T13:27:32.090Z","2026-10-04","none","","","","",""
"VN_0690","Sân bóng Dương Kinh","Khu Anh Dũng 1, Hải Phòng","Bóng đá","no_public_price","","","","","","","none","https://www.sporta.vn/san/san-bong-duong-kinh","2026-10-04T13:27:32.196Z","2026-10-04","none","","","","",""
"VN_0691","Sân bóng đá Thôn Sơn Tùng","HF77+H89, Thôn Sơn Tùng, Cần Thơ","Bóng đá","no_public_price","","","","","","","none","https://www.sporta.vn/san/san-bong-da-thon-son-tung","2026-10-04T13:27:32.283Z","2026-10-04","none","","","","",""
"VN_0692","Sân Phi Long","Nguyễn Đệ, An Hoà, Ninh Kiều , Cần Thơ, Cần Thơ","Cầu lông","no_public_price","","","","","","","none","https://www.sporta.vn/san/san-phi-long","2026-10-04T13:27:32.168Z","2026-10-04","none","","","","",""
"VN_0693","Sân Bóng An Bình","2P6X+QXX, Hẻm 1, An Bình, Cần Thơ","Bóng đá","curated_public_price","unknown","","","200000","350000","","price_range_only","https://diadiem247.com/can-tho/san-bong-co-nhan-tao-an-binh-l371166.html","2026-10-03T08:30:04.920Z","2026-10-03","low","Khớp tên sân và phường An Bình, Cần Thơ; nguồn không nêu hẻm 1 như danh mục. Giá niêm yết danh bạ, chưa rõ thời lượng.","court_unknown_duration","approximate","Bóng đá","public_source_matched"
"VN_0694","Sân bóng đá mini Tân Lộc Đông","401/7 kv Tân Mỹ, Tân Lộc, Cần Thơ","Bóng đá","no_public_price","","","","","","","none","https://www.sporta.vn/san/san-bong-da-mini-tan-loc-dong","2026-10-04T13:27:32.498Z","2026-10-04","none","","","","",""
"VN_0695","Sân Bóng Đá Tấn Phát","Khu nhà ở cán bộ giáo viên, Đường Số 1 Đại học, Phường An Khánh, Cần Thơ","Bóng đá","no_public_price","","","","","","","none","https://www.sporta.vn/san/san-bong-da-tan-phat","2026-10-04T13:27:32.230Z","2026-10-04","none","","","","",""
"VN_0696","Cồn Khương Pickleball - 37 Nguyễn Văn Cừ","37 Nguyễn Văn Cừ, Cần Thơ","Pickleball","curated_public_price","unknown","","","50000","100000","60","price_range_only","https://shopvnb.com/san-pickleball-con-khuong.html","2026-10-03T08:24:37.737Z","2026-10-03","medium","Giá tham khảo công khai; đã đối chiếu tên và địa chỉ. Chưa xác nhận giá đang áp dụng; nguồn không phân ngày/giờ.","court_hour","approximate","Pickleball","public_source_matched"
"VN_0697","Sân Quận Đội","295/9 Nguyễn Văn Cừ nối dài, phường An Khánh, Cần Thơ","Cầu lông","no_public_price","","","","","","","none","https://www.sporta.vn/san/san-quan-doi","2026-10-04T13:27:32.400Z","2026-10-04","none","","","","",""
"VN_0698","Sân bóng đá nhân tạo Bảo Nam","HF32+FQ5, Tỉnh lộ 11C, Phong Hiền, Cần Thơ","Bóng đá","no_public_price","","","","","","","none","https://www.sporta.vn/san/san-bong-da-nhan-tao-bao-nam","2026-10-04T13:27:32.445Z","2026-10-04","none","","","","",""
"VN_0699","Sân Bóng Đá 150A Cần Thơ","2QGC+68G, Khu dân cư số 5, Cần Thơ","Bóng đá","curated_public_price","unknown","","","300000","450000","","price_range_only","https://diadiem247.com/can-tho/san-bong-da-150a-can-tho-l371162.html","2026-10-03T08:30:05.814Z","2026-10-03","low","Giá tham khảo công khai; đã đối chiếu tên và địa chỉ. Chưa xác nhận giá đang áp dụng; nguồn không phân ngày/giờ.","court_match","approximate","Bóng đá","public_source_matched"
"VN_0700","Sân bóng AT","Khu II, Đ. 3 Tháng 2, Xuân Khánh, Ninh Kiều, Cần Thơ, Cần Thơ","Bóng đá","no_public_price","","","","","","","none","https://www.sporta.vn/san/san-bong-at","2026-10-04T13:27:32.663Z","2026-10-04","none","","","","",""
"VN_0701","Yasaka Pickleball - 01 Yersin và 18 Trần Phú","01 Yersin và 18 Trần Phú, Khánh Hòa","Pickleball","no_public_price","","","","","","","none","https://www.sporta.vn/san/yasaka-pickleball-01-yersin-va-18-tran-phu","2026-10-04T13:27:32.598Z","2026-10-04","none","","","","",""
"VN_0702","CLB Cầu Lông Phú Đức","Vĩnh Hải, Khánh Hòa","Cầu lông","no_public_price","","","","","","","none","https://www.sporta.vn/san/clb-cau-long-phu-duc","2026-10-04T13:27:32.530Z","2026-10-04","none","","","","",""
"VN_0703","Olala Pickleball - Khu CCO1 Đường Thích Quảng Đức","Khu CCO1 Đường Thích Quảng Đức, Khánh Hòa","Pickleball","curated_public_price","unknown","","","80000","180000","60","price_range_only","https://shopvnb.com/san-pickleball-nha-trang.html","2026-10-03T08:29:58.289Z","2026-10-03","medium","Giá tham khảo công khai; đã đối chiếu tên và địa chỉ. Chưa xác nhận giá đang áp dụng; nguồn không phân ngày/giờ.","court_hour","approximate","Pickleball","public_source_matched"
"VN_0704","Sân cầu lông nhà văn hoá xã Vĩnh Hiệp","7538+FPP, Vĩnh Hiệp, Khánh Hòa","Cầu lông","no_public_price","","","","","","","none","https://www.sporta.vn/san/san-cau-long-nha-van-hoa-xa-vinh-hiep","2026-10-04T13:27:32.662Z","2026-10-04","none","","","","",""
"VN_0705","Khu bóng chuyền Vĩnh Ngọc","757C+H7G, Lương Định Của, Vĩnh Ngọc, Khánh Hòa","Bóng chuyền","no_public_price","","","","","","","none","https://www.sporta.vn/san/khu-bong-chuyen-vinh-ngoc","2026-10-04T13:27:33.259Z","2026-10-04","none","","","","",""
"VN_0706","CLB Bóng Bàn Amazon Nha Trang","83 Đặng Tất, Vĩnh Phước, Khánh Hòa","Bóng bàn","no_public_price","","","","","","","none","https://www.sporta.vn/san/clb-bong-ban-amazon-nha-trang","2026-10-04T13:27:32.851Z","2026-10-04","none","","","","",""
"VN_0707","Arena Pickleball - Đường T-6, khu đô thị An Bình Tân","Đường T-6, khu đô thị An Bình Tân, Khánh Hòa","Pickleball","no_public_price","","","","","","","none","https://www.sporta.vn/san/arena-pickleball-duong-t6--khu-do-thi-an-binh-tan","2026-10-04T13:27:33.025Z","2026-10-04","none","","","","",""
"VN_0708","Mascopex Pickleball - 17 Tô Hiệu","17 Tô Hiệu, Nha Trang, Khánh Hòa","Pickleball","no_public_price","","","","","","","none","https://www.sporta.vn/san/mascopex-pickleball-17-to-hieu","2026-10-04T13:27:33.149Z","2026-10-04","none","","","","",""
"VN_0709","Sân K29 PICKLEBALL CLUB NHA TRANG","29 Thủy Xưởng, Phương sơn, Khánh Hòa","Pickleball","no_public_price","","","","","","","none","https://www.sporta.vn/san/san-k29-pickleball-club-nha-trang","2026-10-04T13:27:33.028Z","2026-10-04","none","","","","",""
"VN_0710","Nhà thi đấu thi sách","9 Cao Ba Quat Street, Phuoc Hoa Ward,, Nha Trang City, Phước Hoà, Khánh Hòa","Cầu lông","no_public_price","","","","","","","none","https://www.sporta.vn/san/nha-thi-dau-thi-sach","2026-10-04T13:27:33.000Z","2026-10-04","none","","","","",""
"VN_0711","Maruko Pickleball - Đường Hoàng Văn Thụ","Đường Hoàng Văn Thụ, Khánh Hòa","Pickleball","no_public_price","","","","","","","none","https://www.sporta.vn/san/maruko-pickleball-duong-hoang-van-thu","2026-10-04T13:27:33.452Z","2026-10-04","none","","","","",""
"VN_0712","DSD Pickleball Nha Trang","Đ. Số 94, Khu đô thị Thái Hưng, Khánh Hòa","Pickleball","curated_public_price","unknown","","","150000","230000","60","price_range_only","https://shopvnb.com/san-pickleball-dsd-nha-trang.html","2026-10-03T08:28:29.991Z","2026-10-03","medium","Giá tham khảo công khai; đã đối chiếu tên và địa chỉ. Chưa xác nhận giá đang áp dụng; nguồn không phân ngày/giờ.","court_hour","approximate","Pickleball","public_source_matched"
"VN_0713","Youngking Pickleball - 76 Phú Nông","76 Phú Nông, Khánh Hòa","Pickleball","no_public_price","","","","","","","none","https://www.sporta.vn/san/youngking-pickleball-76-phu-nong","2026-10-04T13:27:33.349Z","2026-10-04","none","","","","",""
"VN_0714","Sân banh vĩnh điềm trung","7549+6XW, Vĩnh Điềm Trung, Khánh Hòa","Cầu lông","no_public_price","","","","","","","none","https://www.sporta.vn/san/san-banh-vinh-diem-trung","2026-10-04T13:27:33.394Z","2026-10-04","none","","","","",""
"VN_0715","Liên Đoàn Cầu Lông Khánh Hòa","12 Yersin, Phường Phương Sài, Vạn Thạnh, Khánh Hòa","Cầu lông","no_public_price","","","","","","","none","https://www.sporta.vn/san/lien-doan-cau-long-khanh-hoa","2026-10-04T13:27:33.364Z","2026-10-04","none","","","","",""
"VN_0716","Banuri Pickleball - 199 Ngô Đến","199 Ngô Đến, Khánh Hòa","Pickleball","curated_public_price","unknown","","","50000","140000","60","price_range_only","https://shopvnb.com/san-pickleball-nha-trang.html","2026-10-03T08:29:58.289Z","2026-10-03","medium","Giá tham khảo công khai; đã đối chiếu tên và địa chỉ. Chưa xác nhận giá đang áp dụng; nguồn không phân ngày/giờ.","court_hour","approximate","Pickleball","public_source_matched"
"VN_0717","Sân bóng A Kỳ","7372+GQW, Diên Phước, Khánh Hòa","Bóng đá","no_public_price","","","","","","","none","https://www.sporta.vn/san/san-bong-a-ky","2026-10-04T13:27:33.450Z","2026-10-04","none","","","","",""
"VN_0718","K29 Pickleball Club - 29 Thủy Xưởng","29 Thủy Xưởng, Khánh Hòa","Pickleball","curated_public_price","unknown","","","159000","199000","60","price_range_only","https://shopvnb.com/san-pickleball-nha-trang.html","2026-10-03T08:29:58.289Z","2026-10-03","medium","Giá tham khảo công khai; đã đối chiếu tên và địa chỉ. Chưa xác nhận giá đang áp dụng; nguồn không phân ngày/giờ.","court_hour","approximate","Pickleball","public_source_matched"
"VN_0719","OP Pickleball Nha Trang","96 Lê Hồng Phong, Phước Tân, Khánh Hòa","Pickleball","curated_public_price","unknown","","","100000","180000","60","price_range_only","https://shopvnb.com/san-pickleball-op-nha-trang.html","2026-10-03T08:30:27.382Z","2026-10-03","medium","Giá tham khảo công khai; đã đối chiếu tên và địa chỉ. Chưa xác nhận giá đang áp dụng; nguồn không phân ngày/giờ.","court_hour","approximate","Pickleball","public_source_matched"
"VN_0720","CLB Bóng Bàn PPG Nha Trang - PPG Table Tennis Club","31-33 Đ. Phùng Thế Tài, Phước Hải, Khánh Hòa","Bóng bàn","no_public_price","","","","","","","none","https://www.sporta.vn/san/clb-bong-ban-ppg-nha-trang-ppg-table-tennis-club","2026-10-04T13:27:33.618Z","2026-10-04","none","","","","",""
"VN_0721","PK Pickleball - 260 Điện Biên Phủ","260 Điện Biên Phủ, Khánh Hòa","Pickleball","no_public_price","","","","","","","none","https://www.sporta.vn/san/pk-pickleball-260-dien-bien-phu","2026-10-04T13:27:33.785Z","2026-10-04","none","","","","",""
"VN_0722","Sân bóng đá mini 16/07","G43V+FXV, QL1A, Ninh Đa, Khánh Hòa","Bóng đá","no_public_price","","","","","","","none","https://www.sporta.vn/san/san-bong-da-mini-16-07","2026-10-04T13:27:33.798Z","2026-10-04","none","","","","",""
"VN_0723","Sân bóng đá mini Ninh Hiệp","F4RF+HJ7, TT. Ninh Hòa, Khánh Hòa","Bóng đá","no_public_price","","","","","","","none","https://www.sporta.vn/san/san-bong-da-mini-ninh-hiep","2026-10-04T13:27:33.662Z","2026-10-04","none","","","","",""
"VN_0724","Sân Bóng Đá Hoà Thành","X59P+3V2, Cam Phúc Bắc, Khánh Hòa","Bóng đá","no_public_price","","","","","","","none","https://www.sporta.vn/san/san-bong-da-hoa-thanh","2026-10-04T13:27:33.836Z","2026-10-04","none","","","","",""
"VN_0725","79 Pickleball Club - 122 Lê Hồng Phong","122 Lê Hồng Phong, Khánh Hòa","Pickleball","no_public_price","","","","","","","none","https://www.sporta.vn/san/79-pickleball-club-122-le-hong-phong","2026-10-04T13:27:33.802Z","2026-10-04","none","","","","",""
"VN_0726","DSD Pickleball - Số 94, Khu đô thị Thái Hưng","Số 94, Khu đô thị Thái Hưng, Khánh Hòa","Pickleball","curated_public_price","unknown","","","150000","230000","60","price_range_only","https://shopvnb.com/san-pickleball-dsd-nha-trang.html","2026-10-03T08:28:29.991Z","2026-10-03","medium","Tên DSD và KĐT Thái Hưng khớp. Nguồn ghi Đường số 94, danh mục ghi Số 94; có khả năng trùng VN_0712. Độ phủ đếm mã dữ liệu, không đếm cơ sở duy nhất ngoài thực tế.","court_hour","approximate","Pickleball","public_source_matched"
"VN_0727","Sân cỏ nhân tạo 305","63/2 Nguyễn Thị Minh Khai, Tân Lập, ベラクルス州, Khánh Hòa","Cầu lông","no_public_price","","","","","","","none","https://www.sporta.vn/san/san-co-nhan-tao-305","2026-10-04T13:27:33.940Z","2026-10-04","none","","","","",""
"VN_0728","Câu Lạc Bộ Bóng Bàn Phương Sơn","Hải Đức, Phương sơn, Khánh Hòa","Bóng bàn","no_public_price","","","","","","","none","https://www.sporta.vn/san/cau-lac-bo-bong-ban-phuong-son","2026-10-04T13:27:34.445Z","2026-10-04","none","","","","",""
"VN_0729","Sân cầu lông Khánh Việt","Đặng Lộ, Vĩnh Hải, Khánh Hòa","Cầu lông","curated_public_price","unknown","","","50000","80000","60","price_range_only","https://shopvnb.com/san-cau-long-khanh-viet-nha-trang.html","2026-10-03T08:24:12.630Z","2026-10-03","medium","Giá tham khảo công khai; đã đối chiếu tên và địa chỉ. Chưa xác nhận giá đang áp dụng; nguồn không phân ngày/giờ.","court_hour","approximate","Cầu lông","public_source_matched"
"VN_0730","Sân bóng rổ SPARTANS","7532+XX, Vĩnh Thạnh, Khánh Hòa","Bóng đá","no_public_price","","","","","","","none","https://www.sporta.vn/san/san-bong-ro-spartans","2026-10-04T13:27:34.102Z","2026-10-04","none","","","","",""
"VN_0731","Sân bóng Vĩnh Phước - Nha Trang","Chung Cư, Vĩnh Phước, Khánh Hòa","Bóng đá","curated_public_price","unknown","","","300000","800000","","price_range_only","https://diadiem247.com/khanh-hoa/san-bong-da-vinh-phuoc-l371216.html","2026-10-03T08:29:55.716Z","2026-10-03","low","Giá tham khảo công khai; đã đối chiếu tên và địa chỉ. Chưa xác nhận giá đang áp dụng; nguồn không phân ngày/giờ.","court_unknown_duration","approximate","Bóng đá","public_source_matched"
"VN_0732","Sân bóng mini - Giáo xứ Ngọc Thuỷ","Cồn Ngọc Thảo, Khánh Hòa","Bóng đá","no_public_price","","","","","","","none","https://www.sporta.vn/san/san-bong-mini-giao-xu-ngoc-thuy","2026-10-04T13:27:34.068Z","2026-10-04","none","","","","",""
"VN_0733","SVĐ Club bóng đá Khatoco Khánh Hòa","75QW+39X, Quảng Đức, Vĩnh Hải, Khánh Hòa","Bóng đá","no_public_price","","","","","","","none","https://www.sporta.vn/san/svd-club-bong-da-khatoco-khanh-hoa","2026-10-04T13:27:34.069Z","2026-10-04","none","","","","",""
"VN_0734","Sân Tennis 20-8 Nha Trang","75C Nguyễn Thị Minh Khai, Tân Lập, Khánh Hòa","Tennis","curated_public_price","unknown","","","100000","300000","","price_range_only","https://diadiem247.com/khanh-hoa/san-tennis-20-8-khanh-hoa-l424326.html","2026-10-04","2026-10-04","low","Giá tham khảo công khai; đã đối chiếu tên và địa chỉ. Chưa xác nhận giá đang áp dụng; nguồn không phân ngày/giờ.","court_unknown_duration","approximate","Tennis","public_source_matched"
"VN_0735","Sân Cỏ Nhân Tạo Alpha","22 Phạm Văn Đồng, Ba Làng, Khánh Hòa","Cầu lông","no_public_price","","","","","","","none","https://www.sporta.vn/san/san-co-nhan-tao-alpha","2026-10-04T13:27:34.384Z","2026-10-04","none","","","","",""
"VN_0736","Sân Bóng triuyền, Vĩnh Xuân","65MF+JFH, Đ. Vườn Xoài, Vĩnh Thái, Khánh Hòa","Cầu lông","no_public_price","","","","","","","none","https://www.sporta.vn/san/san-bo-ng-triuyen--vi-nh-xuan","2026-10-04T13:27:34.250Z","2026-10-04","none","","","","",""
"VN_0737","Nhà thi đấu Khánh Hoà","Yersin, Phương Sài, Khánh Hòa","Cầu lông","no_public_price","","","","","","","none","https://www.sporta.vn/san/nha-thi-dau-khanh-hoa","2026-10-04T13:27:34.405Z","2026-10-04","none","","","","",""
"VN_0738","Sân bóng tennis Không quân","105B Nguyễn Thị Minh Khai, Phước Hoà, Khánh Hòa","Bóng đá","curated_public_price","unknown","","","100000","300000","60","price_range_only","https://shopvnb.com/san-tennis-nha-trang.html","2026-10-03T08:32:28.430Z","2026-10-03","medium","Khớp sân tennis Không Quân tại 105B Nguyễn Thị Minh Khai. Dùng môn Tennis từ tên/nguồn; nếu nhãn môn danh mục khác thì loại khỏi thống kê theo nhãn cũ. Giá tham khảo.","court_hour","approximate","Tennis","public_source_matched"
"VN_0739","Sân bóng chuyền Làng Quê","18a Hẻm Tân Phước, Vĩnh Trường, Khánh Hòa","Bóng đá","no_public_price","","","","","","","none","https://www.sporta.vn/san/san-bong-chuyen-lang-que","2026-10-04T13:27:34.536Z","2026-10-04","none","","","","",""
"VN_0740","Sân bóng đá Phước Hạ","108 La Văn Cầu, Phước Đồng, Khánh Hòa","Bóng đá","no_public_price","","","","","","","none","https://www.sporta.vn/san/san-bong-da-phuoc-ha","2026-10-04T13:27:34.650Z","2026-10-04","none","","","","",""
"VN_0741","Sân Bóng Mini Ruby Sport","75QV+7F4, Điện Biên Phủ, Vĩnh Hải, Khánh Hòa","Bóng đá","no_public_price","","","","","","","none","https://www.sporta.vn/san/san-bong-mini-ruby-sport","2026-10-04T13:27:34.576Z","2026-10-04","none","","","","",""
"VN_0742","Sân Cầu Lông LITA","442 Lê Hồng Phong, Phước Hoà, Khánh Hòa","Cầu lông","curated_public_price","unknown","","","90000","110000","60","price_range_only","https://www.alobo.vn/san-cau-long-nha-trang-san-pickleball-nha-trang/","2026-10-03T08:17:12.784Z","2026-10-03","medium","Giá tham khảo công khai; đã đối chiếu tên và địa chỉ. Chưa xác nhận giá đang áp dụng; nguồn không phân ngày/giờ.","court_hour","approximate","Cầu lông","public_source_matched"
"VN_0743","Sân vận động 19/8 Nha Trang","752V+65G, Yersin, Phương Sài, Khánh Hòa","Cầu lông","no_public_price","","","","","","","none","https://www.sporta.vn/san/san-van-dong-19-8-nha-trang","2026-10-04T13:27:34.732Z","2026-10-04","none","","","","",""
"VN_0744","Volleyball Nha Trang","8a Trần Phú, Vĩnh Nguyên, Khánh Hòa","Bóng chuyền","no_public_price","","","","","","","none","https://www.sporta.vn/san/volleyball-nha-trang","2026-10-04T13:27:34.708Z","2026-10-04","none","","","","",""
"VN_0745","Sân bóng đá Vĩnh Phương","Thôn Tây, Khánh Hòa","Bóng đá","no_public_price","","","","","","","none","https://www.sporta.vn/san/san-bong-da-vinh-phuong","2026-10-04T13:27:34.917Z","2026-10-04","none","","","","",""
"VN_0746","Sân bóng mini Mỹ Gia 2","65P9+F65, Đường Số 21, Vĩnh Thái, Khánh Hòa","Bóng đá","no_public_price","","","","","","","none","https://www.sporta.vn/san/san-bong-mini-my-gia-2","2026-10-04T13:27:34.817Z","2026-10-04","none","","","","",""
"VN_0747","Sân cỏ nhân tạo TCD sport","7538+F27, Vĩnh Hiệp, Khánh Hòa","Cầu lông","no_public_price","","","","","","","none","https://www.sporta.vn/san/san-co-nhan-tao-tcd-sport","2026-10-04T13:27:34.849Z","2026-10-04","none","","","","",""
"VN_0748","Sân cỏ","7537+8V5, Vĩnh Hiệp, Khánh Hòa","Cầu lông","no_public_price","","","","","","","none","https://www.sporta.vn/san/san-co","2026-10-04T13:27:35.034Z","2026-10-04","none","","","","",""
"VN_0749","Sân bóng mini Center","Điện Biên Phủ, Vĩnh Hải, Khánh Hòa","Bóng đá","no_public_price","","","","","","","none","https://www.sporta.vn/san/san-bong-mini-center","2026-10-04T13:27:35.079Z","2026-10-04","none","","","","",""
"VN_0750","Sân bóng rổ ngoài trời","65MQ+8R, Phước Hoà, Khánh Hòa","Bóng đá","no_public_price","","","","","","","none","https://www.sporta.vn/san/san-bong-ro-ngoai-troi","2026-10-04T13:27:35.393Z","2026-10-04","none","","","","",""
"VN_0751","Sân Bóng Đá Mini Mỹ Gia 3","LK28-28 Đ. Số 6, KĐT Mỹ Gia, Khánh Hòa","Bóng đá","no_public_price","","","","","","","none","https://www.sporta.vn/san/san-bong-da-mini-my-gia-3","2026-10-04T13:27:35.100Z","2026-10-04","none","","","","",""
"VN_0752","Sân bóng Hòn Nghê 2","69 Đường Trạm Điện, Vĩnh Ngọc, Khánh Hòa","Bóng đá","no_public_price","","","","","","","none","https://www.sporta.vn/san/san-bong-hon-nghe-2","2026-10-04T13:27:35.543Z","2026-10-04","none","","","","",""
"VN_0753","Sân bóng chuyền HVT","76F2+H7P, Vĩnh Phước, Khánh Hòa","Bóng đá","no_public_price","","","","","","","none","https://www.sporta.vn/san/san-bong-chuyen-hvt","2026-10-04T13:27:35.264Z","2026-10-04","none","","","","",""
"VN_0754","Sân Pickleball Đa Quốc","75C Nguyễn Thị Minh Khai, Tân Lập, Khánh Hòa","Pickleball","curated_public_price","unknown","","","80000","140000","60","price_range_only","https://shopvnb.com/san-pickleball-nha-trang.html","2026-10-03T08:29:58.289Z","2026-10-03","medium","Khớp tên, số 75C Nguyễn Thị Minh Khai và Nha Trang; nhãn phường Tân Lập/Tân Tiến khác nhau.","court_hour","approximate","Pickleball","public_source_matched"
"VN_0755","Sân bóng Hà Đông","Số 10 vạn kiếp, Lâm Đồng","Bóng đá","no_public_price","","","","","","","none","https://www.sporta.vn/san/san-bong-ha-dong","2026-10-04T13:27:35.337Z","2026-10-04","none","","","","",""
"VN_0756","Sân bóng Trường THCS và THPT Tà Nung","Tổ 8 thôn 5 Tà Nung, Lâm Đồng","Bóng đá","no_public_price","","","","","","","none","https://www.sporta.vn/san/san-bong-truong-thcs-va-thpt-ta-nung","2026-10-04T13:27:35.679Z","2026-10-04","none","","","","",""
"VN_0757","Sân bóng đá Anh Đức","20 Nguyễn Gia Thiều, Lộc Phát, Lâm Đồng","Bóng đá","no_public_price","","","","","","","none","https://www.sporta.vn/san/san-bong-da-anh-duc","2026-10-04T13:27:35.513Z","2026-10-04","none","","","","",""
"VN_0758","Sân Vận Động Lâm Đồng","XC5J+PWH, Hẻm Xô Viết Nghệ Tĩnh, Phường 7, Lâm Đồng","Cầu lông","no_public_price","","","","","","","none","https://www.sporta.vn/san/san-van-dong-lam-dong","2026-10-04T13:27:35.632Z","2026-10-04","none","","","","",""
"VN_0759","Sân bóng Anh Khoa","Tân Văn, Lâm Đồng","Bóng đá","no_public_price","","","","","","","none","https://www.sporta.vn/san/san-bong-anh-khoa","2026-10-04T13:27:35.558Z","2026-10-04","none","","","","",""
"VN_0760","Sân bóng lý thường kiệt","87 Lý Thường Kiệt, Phường 1, Lâm Đồng","Bóng đá","no_public_price","","","","","","","none","https://www.sporta.vn/san/san-bong-ly-thuong-kiet","2026-10-04T13:27:35.633Z","2026-10-04","none","","","","",""
"VN_0761","Sân bóng đá mini Trường Híp","Q44X+JW9, Hoài Đức, Lâm Đồng","Bóng đá","no_public_price","","","","","","","none","https://www.sporta.vn/san/san-bong-da-mini-truong-hip","2026-10-04T13:27:35.850Z","2026-10-04","none","","","","",""
"VN_0762","Sân bóng đá mini Quang Vinh","241 Lý Thái Tổ, Đam Bri, Lâm Đồng","Bóng đá","no_public_price","","","","","","","none","https://www.sporta.vn/san/san-bong-da-mini-quang-vinh","2026-10-04T13:27:35.801Z","2026-10-04","none","","","","",""
"VN_0763","Trung Sport Bao Loc","805 Trần Phú, Lâm Đồng","Cầu lông","no_public_price","","","","","","","none","https://www.sporta.vn/san/trung-sport-bao-loc","2026-10-04T13:27:35.838Z","2026-10-04","none","","","","",""
"VN_0764","Sân Pickleball Lâm Hà","198 khu phố Văn Tâm, Đình Văn, Lâm Đồng","Pickleball","no_public_price","","","","","","","none","https://www.sporta.vn/san/san-pickleball-lam-ha","2026-10-04T13:27:35.921Z","2026-10-04","none","","","","",""
"VN_0765","Sân Bóng Mini Dốc Đá","40A Trần Khánh Dư, Phường 8, Lâm Đồng","Cầu lông","no_public_price","","","","","","","none","https://www.sporta.vn/san/doc-da-da-lat","2026-10-04T13:27:35.849Z","2026-10-04","none","","","","",""
"VN_0766","Sân bóng quảng đức","Q7H3+24C, KP Quảng Đức, Đình Văn, Lâm Đồng","Bóng đá","no_public_price","","","","","","","none","https://www.sporta.vn/san/san-bong-quang-duc","2026-10-04T13:27:35.976Z","2026-10-04","none","","","","",""
"VN_0767","Sân Bóng Đá Mini CamLy","Phường 5, Lâm Đồng","Bóng đá","no_public_price","","","","","","","none","https://www.sporta.vn/san/cam-ly","2026-10-04T13:27:36.158Z","2026-10-04","none","","","","",""
"VN_0768","Sân bóng Minh Thuận","GQPR+2Q, Lộc Tiến, Lâm Đồng","Bóng đá","no_public_price","","","","","","","none","https://www.sporta.vn/san/san-bong-minh-thuan","2026-10-04T13:27:36.020Z","2026-10-04","none","","","","",""
"VN_0769","SAN BONG ANH KHOA","21 thon tan hiep xa tan van, Lâm Đồng","Bóng đá","no_public_price","","","","","","","none","https://www.sporta.vn/san/san-bong-anh-khoa9c38","2026-10-04T13:27:36.057Z","2026-10-04","none","","","","",""
"VN_0770","Pickleball Bảo Lộc","Hẻm 159 Lam Sơn, Lộc Sơn, Lâm Đồng","Pickleball","curated_public_price","unknown","","","80000","120000","60","price_range_only","https://shopvnb.com/san-pickleball-bao-loc.html","2026-10-03T08:28:10.250Z","2026-10-03","medium","Giá tham khảo công khai; đã đối chiếu tên và địa chỉ. Chưa xác nhận giá đang áp dụng; nguồn không phân ngày/giờ.","court_hour","approximate","Pickleball","public_source_matched"
"VN_0771","Sân bóng đá Trường Giang","GQH9+VX2, Lộc Thọ, Lâm Đồng","Bóng đá","no_public_price","","","","","","","none","https://www.sporta.vn/san/san-bong-da-truong-giang","2026-10-04T13:27:36.234Z","2026-10-04","none","","","","",""
"VN_0772","Trung Sport","805 Trần Phú, Phường 2, Lâm Đồng","Cầu lông","no_public_price","","","","","","","none","https://www.sporta.vn/san/trung-sport","2026-10-04T13:27:36.549Z","2026-10-04","none","","","","",""
"VN_0773","Sân bóng Hoàng Duy Chương","875A Nguyễn Văn Cừ, Lộc Phát, Lâm Đồng","Bóng đá","no_public_price","","","","","","","none","https://www.sporta.vn/san/san-bong-hoang-duy-chuong","2026-10-04T13:27:36.249Z","2026-10-04","none","","","","",""
"VN_0774","Sân bóng đá Minh Rồng - Lộc Nga","537/22 QL20, Lộc Nga, Lâm Đồng","Bóng đá","no_public_price","","","","","","","none","https://www.sporta.vn/san/san-bong-da-minh-rong-loc-nga","2026-10-04T13:27:36.382Z","2026-10-04","none","","","","",""
"VN_0775","Sân Bóng Lâm Hà","Đường Hùng Vương, Khu Phố Yên Bình, Lâm Đồng","Bóng đá","no_public_price","","","","","","","none","https://www.sporta.vn/san/san-bong-lam-ha","2026-10-04T13:27:36.449Z","2026-10-04","none","","","","",""
"VN_0776","HD SPORT - Sân bóng cỏ nhân tạo","38 Trần Nguyên Hãn, Phường 2, Lâm Đồng","Bóng đá","no_public_price","","","","","","","none","https://www.sporta.vn/san/hd-sport-san-bong-co-nhan-tao","2026-10-04T13:27:36.534Z","2026-10-04","none","","","","",""
"VN_0777","Sân bóng Mini Capital Bảo Lộc","GRGQ+RH6, Lộc Nga, Lâm Đồng","Cầu lông","no_public_price","","","","","","","none","https://www.sporta.vn/san/san-bo-ng-mini-capital-ba-o-lo-c","2026-10-04T13:27:36.504Z","2026-10-04","none","","","","",""
"VN_0778","Sân bóng đá Lam Sơn","74/1 Chi Lăng, Lộc Sơn, Lâm Đồng","Bóng đá","no_public_price","","","","","","","none","https://www.sporta.vn/san/san-bong-da-lam-son","2026-10-04T13:27:36.573Z","2026-10-04","none","","","","",""
"VN_0779","Nhà thi đấu đa năng huyện Lâm Hà","Q6RR+M4V, Đình Văn, Lâm Đồng","Cầu lông","no_public_price","","","","","","","none","https://www.sporta.vn/san/nha-thi-dau-da-nang-huyen-lam-ha","2026-10-04T13:27:36.735Z","2026-10-04","none","","","","",""
"VN_0780","Sân Banh BLao","GRM4+38P, Trần Quốc Toản, P. Blao, Lâm Đồng","Cầu lông","no_public_price","","","","","","","none","https://www.sporta.vn/san/san-banh-blao","2026-10-04T13:27:36.734Z","2026-10-04","none","","","","",""
"VN_0781","Sân Bóng Đá Mini Mỹ Đình","WGRC+GGG, Đa Lộc, Lâm Đồng","Bóng đá","no_public_price","","","","","","","none","https://www.sporta.vn/san/san-bong-da-mini-my-dinh","2026-10-04T13:27:36.867Z","2026-10-04","none","","","","",""
"VN_0782","Sân Cỏ Nhân Tạo Tlt","2QQ7+PF2, Trần Phú, Quang Trung, Quảng Ninh","Cầu lông","no_public_price","","","","","","","none","https://www.sporta.vn/san/san-co-nhan-tao-tlt","2026-10-04T13:27:36.735Z","2026-10-04","none","","","","",""
"VN_0783","Sân Vận Động Cửa Ông","29H9+W2F, Cửa Ông, Quảng Ninh","Cầu lông","no_public_price","","","","","","","none","https://www.sporta.vn/san/san-van-dong-cua-ong","2026-10-04T13:27:36.782Z","2026-10-04","none","","","","",""
"VN_0784","Sân Bóng Công Ty Than Khe Chàm - Vinacomin","387C+MM5, Mông Dương, Quảng Ninh","Bóng đá","no_public_price","","","","","","","none","https://www.sporta.vn/san/san-bong-cong-ty-than-khe-cham-vinacomin","2026-10-04T13:27:36.800Z","2026-10-04","none","","","","",""
"VN_0785","Sân vận động Trung tâm  Uông Bí","2QPC+V84, Nguyễn Du, Quang Trung, Quảng Ninh","Cầu lông","no_public_price","","","","","","","none","https://www.sporta.vn/san/san-van-dong-trung-tam-uong-bi","2026-10-04T13:27:36.983Z","2026-10-04","none","","","","",""
"VN_0786","Sân Vận ĐộngCẩm Phả","109 Võ Huy Tâm, Cẩm Thành, Quảng Ninh","Cầu lông","no_public_price","","","","","","","none","https://www.sporta.vn/san/san-van-dongcam-pha","2026-10-04T13:27:36.982Z","2026-10-04","none","","","","",""
"VN_0787","BDS UÔNG BÍ","Sân vận động Trung tâm  Uông Bí, Nguyễn Du, Quảng Ninh","Cầu lông","no_public_price","","","","","","","none","https://www.sporta.vn/san/bds-uong-bi","2026-10-04T13:27:37.149Z","2026-10-04","none","","","","",""
"VN_0788","Sân Vận Động TP. Cẩm Phả","109 Võ Huy Tâm, Cẩm Thành, Quảng Ninh","Cầu lông","no_public_price","","","","","","","none","https://www.sporta.vn/san/san-van-dong-tp--cam-pha","2026-10-04T13:27:37.382Z","2026-10-04","none","","","","",""
"VN_0789","Sân bóng khu Hồng Phong","GXC2+XJ5, P. Ninh Dương, Quảng Ninh","Bóng đá","no_public_price","","","","","","","none","https://www.sporta.vn/san/san-bong-khu-hong-phong","2026-10-04T13:27:37.150Z","2026-10-04","none","","","","",""
"VN_0790","Jupy Pickleball - cột 8, Hồng Hà","cột 8, Hồng Hà, Quảng Ninh","Pickleball","no_public_price","","","","","","","none","https://www.sporta.vn/san/jupy-pickleball-cot-8--hong-ha","2026-10-04T13:27:37.120Z","2026-10-04","none","","","","",""
"VN_0791","Sân bóng rổ green park","GX9F+QRF, P. Hoà Lạc, Quảng Ninh","Bóng đá","no_public_price","","","","","","","none","https://www.sporta.vn/san/san-bong-ro-green-park","2026-10-04T13:27:37.100Z","2026-10-04","none","","","","",""
"VN_0792","Sân bóng chuyền hơi HT","55 Đường Bình Thuận, Hải Xuân, Quảng Ninh","Bóng đá","no_public_price","","","","","","","none","https://www.sporta.vn/san/san-bong-chuyen-hoi-ht","2026-10-04T13:27:37.191Z","2026-10-04","none","","","","",""
"VN_0793","Sân Bóng Đá CLB Trường Chuyên Nguyễn Tất Thành","355 18A Bí Trung, Phương Đông, Quảng Ninh","Bóng đá","no_public_price","","","","","","","none","https://www.sporta.vn/san/san-bong-da-clb-truong-chuyen-nguyen-tat-thanh","2026-10-04T13:27:37.337Z","2026-10-04","none","","","","",""
"VN_0794","Khu tập thể & rạp chiếu bóng nhà máy điện Uông Bí","2QPQ+CGV, Trưng Vương, Quảng Ninh","Bóng đá","no_public_price","","","","","","","none","https://www.sporta.vn/san/khu-tap-the---rap-chieu-bong-nha-may-dien-uong-bi","2026-10-04T13:27:37.332Z","2026-10-04","none","","","","",""
"VN_0795","HT Pickleball Hạ Long - 76 - 78 Đặng Thùy Trâm","76 - 78 Đặng Thùy Trâm, Quảng Ninh","Pickleball","curated_public_price","unknown","","","100000","200000","60","price_range_only","https://shopvnb.com/san-pickleball-ht-ha-long.html","2026-10-03T08:26:46.734Z","2026-10-03","medium","Giá tham khảo công khai; đã đối chiếu tên và địa chỉ. Chưa xác nhận giá đang áp dụng; nguồn không phân ngày/giờ.","court_hour","approximate","Pickleball","public_source_matched"
"VN_0796","D'Lecia Pickleball - Ô A7, Khu đô thị Đông Hùng Thắng","Ô A7, Khu đô thị Đông Hùng Thắng, Quảng Ninh","Pickleball","no_public_price","","","","","","","none","https://www.sporta.vn/san/d-lecia-pickleball-o-a7--khu-do-thi-dong-hung-thang","2026-10-04T13:27:37.429Z","2026-10-04","none","","","","",""
"VN_0797","Funny Kids Vincom+ Uông Bí","Yên Thanh, Quảng Ninh","Cầu lông","no_public_price","","","","","","","none","https://www.sporta.vn/san/funny-kids-vincom--uong-bi","2026-10-04T13:27:37.531Z","2026-10-04","none","","","","",""
"VN_0798","Sân bóng nhân tạo Cẩm Bình","272J+82M, Thanh Niên, Cẩm Bìn, Quảng Ninh","Bóng đá","no_public_price","","","","","","","none","https://www.sporta.vn/san/san-bong-nhan-tao-cam-binh","2026-10-04T13:27:37.535Z","2026-10-04","none","","","","",""
"VN_0799","TCT Pickleball Center - 86 Mai Hắc Đế","86 Mai Hắc Đế, Quảng Ninh","Pickleball","no_public_price","","","","","","","none","https://www.sporta.vn/san/tct-pickleball-center-86-mai-hac-de","2026-10-04T13:27:37.520Z","2026-10-04","none","","","","",""
"VN_0800","Watson Pickleball - : Đường Lạc Long Quân, C87 lô 9, Khu dân cư Du lịch Đông Hùng Thắng","Đường Lạc Long Quân, C87 lô 9, Khu dân cư Du lịch Đông Hùng Thắng, Quảng Ninh","Pickleball","curated_public_price","unknown","","","100000","160000","60","price_range_only","https://shopvnb.com/san-pickleball-quang-ninh.html","2026-10-03T08:29:59.495Z","2026-10-03","medium","Giá tham khảo công khai; đã đối chiếu tên và địa chỉ. Chưa xác nhận giá đang áp dụng; nguồn không phân ngày/giờ.","court_hour","approximate","Pickleball","public_source_matched"
"VN_0801","Sân Bóng Yên Hưng","trước là huyện, Thanh Nien Road, khu 12, phường Quảng Yên (trước là thị, Trần Quốc Toản, Yên Giang, Quảng Ninh","Bóng đá","no_public_price","","","","","","","none","https://www.sporta.vn/san/san-bong-yen-hung","2026-10-04T13:27:37.982Z","2026-10-04","none","","","","",""
"VN_0802","Sân Vận Động","4Q3X+3QG, Vàng Danh, Quảng Ninh","Cầu lông","no_public_price","","","","","","","none","https://www.sporta.vn/san/san-van-dong","2026-10-04T13:27:37.849Z","2026-10-04","none","","","","",""
"VN_0803","Sân cỏ nhân tạo Uông Bí","2QV9+7C8, Quang Trung, Quảng Ninh","Cầu lông","no_public_price","","","","","","","none","https://www.sporta.vn/san/san-co-nhan-tao-uong-bi","2026-10-04T13:27:37.758Z","2026-10-04","none","","","","",""
"VN_0804","ALC Pickleball - Khu đô thị Marina, Bán đảo 2","Khu đô thị Marina, Bán đảo 2, Quảng Ninh","Pickleball","no_public_price","","","","","","","none","https://www.sporta.vn/san/alc-pickleball-khu-do-thi-marina--ban-dao-2","2026-10-04T13:27:37.742Z","2026-10-04","none","","","","",""
"VN_0805","Sân Tenis","2QM7+W72, Thanh Sơn, Quảng Ninh","Cầu lông","no_public_price","","","","","","","none","https://www.sporta.vn/san/san-tenis","2026-10-04T13:27:37.895Z","2026-10-04","none","","","","",""
"VN_0806","88 Talent Pickleball - 88 Phường Hồng Hải","88 Phường Hồng Hải, Quảng Ninh","Pickleball","no_public_price","","","","","","","none","https://www.sporta.vn/san/88-talent-pickleball-88-phuong-hong-hai","2026-10-04T13:27:37.910Z","2026-10-04","none","","","","",""
"VN_0807","Pickleball Hà Trung - Chợ Hà Trung, tổ 17 khu 2","Chợ Hà Trung, tổ 17 khu 2, Quảng Ninh","Pickleball","no_public_price","","","","","","","none","https://www.sporta.vn/san/pickleball-ha-trung-cho-ha-trung--to-17-khu-2","2026-10-04T13:27:38.050Z","2026-10-04","none","","","","",""
"VN_0808","sân bóng Nam Khê","2RG4+RJH, Nam Khê, Quảng Ninh","Bóng đá","no_public_price","","","","","","","none","https://www.sporta.vn/san/san-bong-nam-khe","2026-10-04T13:27:38.000Z","2026-10-04","none","","","","",""
"VN_0809","Sân vận động Yên Thanh","Yên Thanh, Quảng Ninh","Cầu lông","no_public_price","","","","","","","none","https://www.sporta.vn/san/san-van-dong-yen-thanh","2026-10-04T13:27:38.116Z","2026-10-04","none","","","","",""
"VN_0810","Sân bóng đá Cao Sơn","2827+4XV, Cẩm Sơn, Quảng Ninh","Bóng đá","no_public_price","","","","","","","none","https://www.sporta.vn/san/san-bong-da-cao-son","2026-10-04T13:27:38.146Z","2026-10-04","none","","","","",""
"VN_0811","Sân Bóng 24/7","29P7+X56, Nguyễn Địa Lô, Cửa Ông, Quảng Ninh","Bóng đá","no_public_price","","","","","","","none","https://www.sporta.vn/san/san-bong-24-7","2026-10-04T13:27:38.335Z","2026-10-04","none","","","","",""
"VN_0812","Sân Bóng Đèo Nai","277Q+F8F, Lê Lợi, Cẩm Tây, Quảng Ninh","Bóng đá","no_public_price","","","","","","","none","https://www.sporta.vn/san/san-bong-deo-nai","2026-10-04T13:27:38.181Z","2026-10-04","none","","","","",""
"VN_0813","Sân pickleball JuPy","X23C+38X, Nguyễn Văn Linh, Bãi Cháy, Quảng Ninh","Pickleball","curated_public_price","unknown","","","110000","170000","60","price_range_only","https://shopvnb.com/san-pickleball-quang-ninh.html","2026-10-03T08:29:59.495Z","2026-10-03","medium","Giá tham khảo công khai; đã đối chiếu tên và địa chỉ. Chưa xác nhận giá đang áp dụng; nguồn không phân ngày/giờ.","court_hour","approximate","Pickleball","public_source_matched"
"VN_0814","Sân Golf FLC Hạ Long","X437+RGW, Hà Trung, Quảng Ninh","Cầu lông","no_public_price","","","","","","","none","https://www.sporta.vn/san/san-golf-flc-ha-long","2026-10-04T13:27:38.239Z","2026-10-04","none","","","","",""
"VN_0815","Sân bóng đá trung tâm Giếng Đáy","X2G8+HP9, Giếng Đáy, Quảng Ninh","Bóng đá","no_public_price","","","","","","","none","https://www.sporta.vn/san/san-bong-da-trung-tam-gieng-day","2026-10-04T13:27:38.367Z","2026-10-04","none","","","","",""
"VN_0816","Sân bóng Cao Thắng Pickleball","Cao Thắng, Quảng Ninh","Pickleball","no_public_price","","","","","","","none","https://www.sporta.vn/san/san-bong-cao-thang-pickleball","2026-10-04T13:27:38.319Z","2026-10-04","none","","","","",""
"VN_0817","Sân cỏ nhân tạo giếng đáy","X2G8+FP9, Giếng Đáy, Quảng Ninh","Cầu lông","no_public_price","","","","","","","none","https://www.sporta.vn/san/san-co-nhan-tao-gieng-day","2026-10-04T13:27:38.432Z","2026-10-04","none","","","","",""
"VN_0818","Sân bóng dân chủ","3WJF+5XJ, Dân Chủ, Quảng Ninh","Bóng đá","no_public_price","","","","","","","none","https://www.sporta.vn/san/san-bong-dan-chu","2026-10-04T13:27:38.415Z","2026-10-04","none","","","","",""
"VN_0819","Trung tâm bóng rổ Kao Sports Quảng Ninh","Nguyễn Văn Cừ, Hồng Hải, Quảng Ninh","Bóng rổ","no_public_price","","","","","","","none","https://www.sporta.vn/san/trung-tam-bong-ro-kao-sports-quang-ninh","2026-10-04T13:27:38.524Z","2026-10-04","none","","","","",""
"VN_0820","Quang Ninh Hoops Basketball & Pickleball","Hải Hà, Hồng Hải, Quảng Ninh","Pickleball","no_public_price","","","","","","","none","https://www.sporta.vn/san/quang-ninh-hoops-basketball---pickleball","2026-10-04T13:27:38.598Z","2026-10-04","none","","","","",""
"VN_0821","Sân bóng khu 6 Hải Yên","GWGR+45J, Unnamed Road, Hải Yên, Quảng Ninh","Bóng đá","no_public_price","","","","","","","none","https://www.sporta.vn/san/san-bong-khu-6-hai-yen","2026-10-04T13:27:38.664Z","2026-10-04","none","","","","",""
"VN_0822","Sân Cầu lông Trường Anh - Hạ Long","93 Huỳnh Thúc Kháng, Hồng Hà, Quảng Ninh","Cầu lông","curated_public_price","unknown","","","80000","80000","","price_only","https://thegioithethao.vn/san-cau-long-truong-anh-f-rksA8","2026-10-04T14:13:34.960Z","2026-10-04","low","Giá tham khảo công khai; đã đối chiếu tên và địa chỉ. Chưa xác nhận giá đang áp dụng; nguồn không phân ngày/giờ.","court_unknown_duration","approximate","Cầu lông","public_source_matched"
"VN_0823","Sân vận động Hà Lầm","X486+G9P, Hà Lầm, Quảng Ninh","Cầu lông","no_public_price","","","","","","","none","https://www.sporta.vn/san/san-van-dong-ha-lam","2026-10-04T13:27:38.531Z","2026-10-04","none","","","","",""
"VN_0824","Sân cầu lông Trà My","X239+JW5, Bãi Cháy, Quảng Ninh","Cầu lông","no_public_price","","","","","","","none","https://www.sporta.vn/san/san-cau-long-tra-my","2026-10-04T13:27:38.866Z","2026-10-04","none","","","","",""
"VN_0825","Sân Bong Câu K67","X3CX+P43, Unnamed Road, Quảng Ninh","Bóng đá","no_public_price","","","","","","","none","https://www.sporta.vn/san/san-bong-cau-k67","2026-10-04T13:27:38.750Z","2026-10-04","none","","","","",""
"VN_0826","Sân bóng đá Bột Cá - Bot Ca stadium","X3MR+GCF, Hà Khánh, Quảng Ninh","Bóng đá","no_public_price","","","","","","","none","https://www.sporta.vn/san/san-bong-da-bot-ca-bot-ca-stadium","2026-10-04T13:27:38.726Z","2026-10-04","none","","","","",""
"VN_0827","Sân Bóng Đá Trường TH, THCS, THPT Marie Curie Móng Cái","GXG4+M5W, P. Ninh Dương, Quảng Ninh","Bóng đá","no_public_price","","","","","","","none","https://www.sporta.vn/san/san-bong-da-truong-th--thcs--thpt-marie-curie-mong-cai","2026-10-04T13:27:38.833Z","2026-10-04","none","","","","",""
"VN_0828","Sân bóng cao đẳng Nông Lâm Đông Bắc","2V33+W2P, Biểu Nghi, Quảng Ninh","Bóng đá","no_public_price","","","","","","","none","https://www.sporta.vn/san/san-bong-cao-dang-nong-lam-dong-bac","2026-10-04T13:27:38.915Z","2026-10-04","none","","","","",""
"VN_0829","Sân bóng Hồ Bến Gio","272F+HP7, Hồ Bến Gio, Quảng Ninh","Bóng đá","no_public_price","","","","","","","none","https://www.sporta.vn/san/san-bong-ho-ben-gio","2026-10-04T13:27:39.400Z","2026-10-04","none","","","","",""
"VN_0830","Sân Bóng nhân tạo Cung Văn hóa thiếu nhi Quảng Ninh","176 Lê Thánh Tông, P. Bạch Đằng, Quảng Ninh","Bóng đá","curated_public_price","unknown","","","300000","500000","","price_range_only","https://thegioithethao.vn/san-bong-nhan-tao-cung-van-hoa-thieu-nhi-quang-ninh-f-RTBKD","2026-10-04T14:13:20.377Z","2026-10-04","low","Giá tham khảo công khai; đã đối chiếu tên và địa chỉ. Chưa xác nhận giá đang áp dụng; nguồn không phân ngày/giờ.","court_unknown_duration","approximate","Bóng đá","public_source_matched"
"VN_0831","Sân bóng hà lan","3 Tiêu Dao, Tiêu Giao, Quảng Ninh","Cầu lông","no_public_price","","","","","","","none","https://www.sporta.vn/san/san-bo-ng-ha--lan","2026-10-04T13:27:39.200Z","2026-10-04","none","","","","",""
"VN_0832","Svđ Trường Thành","X3JJ+HM9, Trần Thái Tông, Cao Xanh, Quảng Ninh","Cầu lông","no_public_price","","","","","","","none","https://www.sporta.vn/san/svd-truong-thanh","2026-10-04T13:27:39.032Z","2026-10-04","none","","","","",""
"VN_0833","Sân bóng nhất chiêu lạng Sơn","W4V4+5R8, Hải Hà, Hồng Hải, Quảng Ninh","Bóng đá","no_public_price","","","","","","","none","https://www.sporta.vn/san/san-bong-nhat-chieu-lang-son","2026-10-04T13:27:39.210Z","2026-10-04","none","","","","",""
"VN_0834","Trang Chu keonhacai","60 Hải Quân, Bãi Cháy, Quảng Ninh","Cầu lông","no_public_price","","","","","","","none","https://www.sporta.vn/san/trang-chu-keonhacai","2026-10-04T13:27:39.314Z","2026-10-04","none","","","","",""
"VN_0835","Sân bóng đá bệnh viện Sản Nhi Quảng Ninh","XW7Q+V2R, Đại Yên, Quảng Ninh","Bóng đá","no_public_price","","","","","","","none","https://www.sporta.vn/san/san-bong-da-benh-vien-san-nhi-quang-ninh","2026-10-04T13:27:39.323Z","2026-10-04","none","","","","",""
"VN_0836","Sân Bóng Đá Hải Tiến","GVP3+WH9, Hải Tiến, Quảng Ninh","Bóng đá","no_public_price","","","","","","","none","https://www.sporta.vn/san/san-bong-da-hai-tien","2026-10-04T13:27:39.283Z","2026-10-04","none","","","","",""
"VN_0837","Sân bóng việt hàn","2X9W+985, TT. Trới, Quảng Ninh","Bóng đá","no_public_price","","","","","","","none","https://www.sporta.vn/san/san-bong-viet-han","2026-10-04T13:27:39.499Z","2026-10-04","none","","","","",""
"VN_0838","Bong Sen Ha Long Hotel","Quarter 4, Area, 1 Hùng Thắng, Bãi Cháy, Quảng Ninh","Bóng đá","no_public_price","","","","","","","none","https://www.sporta.vn/san/bong-sen-ha-long-hotel","2026-10-04T13:27:39.433Z","2026-10-04","none","","","","",""
"VN_0839","Titans Pickleball Hạ Long","2nd, Hạ Long, Street, Quảng Ninh","Pickleball","no_public_price","","","","","","","none","https://www.sporta.vn/san/titans-pickleball-ha-long","2026-10-04T13:27:39.533Z","2026-10-04","none","","","","",""
"VN_0840","Sân Bóng Nhân Tạo","170 Đặng Châu Tuệ, Quan Hanh, Quảng Ninh","Bóng đá","no_public_price","","","","","","","none","https://www.sporta.vn/san/san-bong-nhan-tao","2026-10-04T13:27:39.481Z","2026-10-04","none","","","","",""
"VN_0841","Sân bóng Ka Long","GXM5+4C7, P. Ka Long, Quảng Ninh","Bóng đá","no_public_price","","","","","","","none","https://www.sporta.vn/san/san-bong-ka-long","2026-10-04T13:27:39.615Z","2026-10-04","none","","","","",""
"VN_0842","Sân Bóng Đá Bàu Thành","F6QH+9VJ, QL55, An Ngãi, Bà Rịa-Vũng Tàu","Bóng đá","no_public_price","","","","","","","none","https://www.sporta.vn/san/san-bong-da-bau-thanh","2026-10-04T13:27:39.549Z","2026-10-04","none","","","","",""
"VN_0843","Jumpshot Basketball Court","170/6/2 Bình Giã, Phường 8, Bà Rịa-Vũng Tàu","Bóng rổ","no_public_price","","","","","","","none","https://www.sporta.vn/san/jumpshot-basketball-court","2026-10-04T13:27:39.661Z","2026-10-04","none","","","","",""
"VN_0844","CLB bóng đá VT Sport","262 Lê Lợi, Phường 7, Bà Rịa-Vũng Tàu","Bóng đá","no_public_price","","","","","","","none","https://www.sporta.vn/san/clb-bong-da-vt-sport","2026-10-04T13:27:39.781Z","2026-10-04","none","","","","",""
"VN_0845","Trung tâm huấn luyện bóng bàn Đạm Phú Mỹ","42 Đ. 30 Tháng 4, Phường 9, Bà Rịa-Vũng Tàu","Bóng bàn","no_public_price","","","","","","","none","https://www.sporta.vn/san/trung-tam-huan-luyen-bong-ban-dam-phu-my","2026-10-04T13:27:39.782Z","2026-10-04","none","","","","",""
"VN_0846","Sân bóng đá - Trường Cao đẳng CNKT Bà Rịa - Vũng Tàu","F7P5+R34, TT.Đất Đỏ, Bà Rịa-Vũng Tàu","Bóng đá","no_public_price","","","","","","","none","https://www.sporta.vn/san/san-bong-da-truong-cao-dang-cnkt-ba-ria-vung-tau","2026-10-04T13:27:39.847Z","2026-10-04","none","","","","",""
"VN_0847","Sân bóng rổ Paradise Therapy","964 Đ. 2 Tháng 9, Phường 11, Bà Rịa-Vũng Tàu","Bóng đá","no_public_price","","","","","","","none","https://www.sporta.vn/san/san-bong-ro-paradise-therapy","2026-10-04T13:27:39.781Z","2026-10-04","none","","","","",""
"VN_0848","Sân Bóng đá xã Tân Hưng","G5FF+PCV, Tân Hưng, Bà Rịa-Vũng Tàu","Bóng đá","no_public_price","","","","","","","none","https://www.sporta.vn/san/san-bong-da-xa-tan-hung","2026-10-04T13:27:39.883Z","2026-10-04","none","","","","",""
"VN_0849","Sân bóng đá LSP - Football field","F383+6XH, Đảo, Long Sơn, Bà Rịa-Vũng Tàu","Bóng đá","no_public_price","","","","","","","none","https://www.sporta.vn/san/san-bong-da-lsp-football-field","2026-10-04T13:27:39.766Z","2026-10-04","none","","","","",""
"VN_0850","Sân vận động Lam Sơn","15 Lê Lợi, Phường 1, Bà Rịa-Vũng Tàu","Cầu lông","no_public_price","","","","","","","none","https://www.sporta.vn/san/san-van-dong-lam-son","2026-10-04T13:27:40.000Z","2026-10-04","none","","","","",""
"VN_0851","BÓNG RỔBÀ RỊA VŨNG TÀU","160 Hạ Long, Phường 2, Bà Rịa-Vũng Tàu","Bóng rổ","no_public_price","","","","","","","none","https://www.sporta.vn/san/bong-roba-ria-vung-tau","2026-10-04T13:27:39.999Z","2026-10-04","none","","","","",""
"VN_0852","Nhà thi đấu TDTT tỉnh Bà Rịa - Vũng Tàu","605 Nguyễn An Ninh, Bà Rịa-Vũng Tàu","Cầu lông","no_public_price","","","","","","","none","https://www.sporta.vn/san/nha-thi-dau-tdtt-tinh-ba-ria-vung-tau","2026-10-04T13:27:39.948Z","2026-10-04","none","","","","",""
"VN_0853","Sân bóng đá Năm Quốc","Đ. Tôn Thất Thuyết, Phước Hải, Đất Đỏ, Bà Rịa - Vũng Tàu, Việt Nam, Bà Rịa-Vũng Tàu","Bóng đá","no_public_price","","","","","","","none","https://www.sporta.vn/san/san-bong-da-nam-quoc","2026-10-04T13:27:39.976Z","2026-10-04","none","","","","",""
"VN_0854","TRUNG TÂM DẠY BÓNG ĐÁ TRẺ EM VJSS VŨNG TÀU","444 Bình Giã, Nguyễn An Ninh, Bà Rịa-Vũng Tàu","Bóng đá","no_public_price","","","","","","","none","https://www.sporta.vn/san/trung-tam-day-bong-da-tre-em-vjss-vung-tau","2026-10-04T13:27:40.100Z","2026-10-04","none","","","","",""
"VN_0855","Sân bóng đá mi ni Năm Giờ Hơn","G6C6+CH9, Hoà Long, Bà Rịa-Vũng Tàu","Bóng đá","no_public_price","","","","","","","none","https://www.sporta.vn/san/san-bong-da-mi-ni-nam-gio-hon","2026-10-04T13:27:40.148Z","2026-10-04","none","","","","",""
"VN_0856","Sân Bóng Đá Vietsovpetro","8 Nam Kỳ Khởi Nghĩa, Phường 3, Bà Rịa-Vũng Tàu","Bóng đá","no_public_price","","","","","","","none","https://www.sporta.vn/san/san-bong-da-vietsovpetro","2026-10-04T13:27:40.216Z","2026-10-04","none","","","","",""
"VN_0857","Sân Bóng Rổ Rạch Dừa","465 Đ. 30 Tháng 4, Phường Rạch Rừa, Bà Rịa-Vũng Tàu","Bóng đá","no_public_price","","","","","","","none","https://www.sporta.vn/san/san-bong-ro-rach-dua","2026-10-04T13:27:40.198Z","2026-10-04","none","","","","",""
"VN_0858","Sân Bóng Vũng Tàu Football","844 Bình Giã, Phường Rạch Rừa, Bà Rịa-Vũng Tàu","Bóng đá","no_public_price","","","","","","","none","https://www.sporta.vn/san/san-bong-vung-tau-football","2026-10-04T13:27:40.233Z","2026-10-04","none","","","","",""
"VN_0859","Sân Bóng Đá Tài Lộc","83WW+R6G, Phường Thắng Tam, Bà Rịa-Vũng Tàu","Bóng đá","no_public_price","","","","","","","none","https://www.sporta.vn/san/san-bong-da-tai-loc","2026-10-04T13:27:40.433Z","2026-10-04","none","","","","",""
"VN_0860","Sân bóng đá Long Nguyên","F6M4+H3R, TT. Long Điền, Bà Rịa-Vũng Tàu","Bóng đá","no_public_price","","","","","","","none","https://www.sporta.vn/san/san-bong-da-long-nguyen","2026-10-04T13:27:40.348Z","2026-10-04","none","","","","",""
"VN_0861","Sân bóng đá An Nhứt","F6JX+MW6, An Nhứt, Bà Rịa-Vũng Tàu","Bóng đá","no_public_price","","","","","","","none","https://www.sporta.vn/san/san-bong-da-an-nhut","2026-10-04T13:27:40.413Z","2026-10-04","none","","","","",""
"VN_0862","Sân bóng đá mini Chảo Lửa","Ấp Phú Vinh, Hoà Hiệp, Bà Rịa-Vũng Tàu","Cầu lông","no_public_price","","","","","","","none","https://www.sporta.vn/san/san-bo-ng-da--mini-cha-o-lu-a","2026-10-04T13:27:40.400Z","2026-10-04","none","","","","",""
"VN_0863","Sân quân đội( Bà Rịa)","F5XR+64F, Long Toàn, Bà Rịa, Bà Rịa - Vũng Tàu, Bà Rịa-Vũng Tàu","Cầu lông","no_public_price","","","","","","","none","https://www.sporta.vn/san/san-quan-doi--ba-ria-","2026-10-04T13:27:40.399Z","2026-10-04","none","","","","",""
"VN_0864","sân bóng view biển vũng tàu","165a Thùy Vân, Phường Thắng Tam, Bà Rịa-Vũng Tàu","Bóng đá","no_public_price","","","","","","","none","https://www.sporta.vn/san/san-bong-vie-bien-vung-tau","2026-10-04T13:27:40.574Z","2026-10-04","none","","","","",""
"VN_0865","Sân Bóng Đá CV9","35 Phan Bội Châu, Phường 1, Bà Rịa-Vũng Tàu","Bóng đá","no_public_price","","","","","","","none","https://www.sporta.vn/san/san-bong-da-cv9","2026-10-04T13:27:40.614Z","2026-10-04","none","","","","",""
"VN_0866","Sân bóng đá Number 01","935H+FVG, Lê Hồng Phong, Phường 4, Bà Rịa-Vũng Tàu","Bóng đá","no_public_price","","","","","","","none","https://www.sporta.vn/san/san-bong-da-number-01","2026-10-04T13:27:40.649Z","2026-10-04","none","","","","",""
"VN_0867","Sân bóng Hải Thủy","652W+C52, Bà Rịa-Vũng Tàu","Bóng đá","no_public_price","","","","","","","none","https://www.sporta.vn/san/san-bong-hai-thuy","2026-10-04T13:27:40.882Z","2026-10-04","none","","","","",""
"VN_0868","Sân Bóng đá mini C3 ( Ngọc Thạch)","591 Bình Giã, Phường Thống Nhất, Bà Rịa-Vũng Tàu","Bóng đá","no_public_price","","","","","","","none","https://www.sporta.vn/san/san-bong-da-mini-c3---ngoc-thach-","2026-10-04T13:27:40.616Z","2026-10-04","none","","","","",""
"VN_0869","Sân bóng mini Phước Hưng","C678+VGV, Phước Hưng, Bà Rịa-Vũng Tàu","Bóng đá","no_public_price","","","","","","","none","https://www.sporta.vn/san/san-bong-mini-phuoc-hung","2026-10-04T13:27:40.616Z","2026-10-04","none","","","","",""
"VN_0870","Sân Bóng Liên Hiệp","1E Hàn Thuyên, Phường Thống Nhất, Bà Rịa-Vũng Tàu","Bóng đá","no_public_price","","","","","","","none","https://www.sporta.vn/san/san-bong-lien-hiep","2026-10-04T13:27:40.831Z","2026-10-04","none","","","","",""
"VN_0871","Sân bóng đá mini khách sạn Cao Su","13 Hồ Quý Ly, Phường Thắng Tam, Bà Rịa-Vũng Tàu","Bóng đá","no_public_price","","","","","","","none","https://www.sporta.vn/san/san-bong-da-mini-khach-san-cao-su","2026-10-04T13:27:40.776Z","2026-10-04","none","","","","",""
"VN_0872","Sân Bóng Chí Linh","94H5+68Q, Nguyễn An Ninh, Bà Rịa-Vũng Tàu","Bóng đá","no_public_price","","","","","","","none","https://www.sporta.vn/san/san-bong-chi-linh","2026-10-04T13:27:40.897Z","2026-10-04","none","","","","",""
"VN_0873","Sân Bóng Đá Mini C1 Café Bóng Đá","939X+25C, Bình Giã, Nguyễn An Ninh, Bà Rịa-Vũng Tàu","Bóng đá","no_public_price","","","","","","","none","https://www.sporta.vn/san/san-bong-da-mini-c1-cafe-bong-da","2026-10-04T13:27:40.901Z","2026-10-04","none","","","","",""
"VN_0874","Sân bóng phương Nam","C49X+RX5, Phường 12, Bà Rịa-Vũng Tàu","Bóng đá","no_public_price","","","","","","","none","https://www.sporta.vn/san/san-bong-phuong-nam","2026-10-04T13:27:40.940Z","2026-10-04","none","","","","",""
"VN_0875","trường cao Đẳng Dầu Khí","762 CMT*, Bà Rịa-Vũng Tàu","Cầu lông","no_public_price","","","","","","","none","https://www.sporta.vn/san/truong-cao-dang-dau-khi","2026-10-04T13:27:40.981Z","2026-10-04","none","","","","",""
"VN_0876","Sân Bóng rổ - Cầu lông BBC","3535 27 Tháng 4, Phước Hưng, Bà Rịa-Vũng Tàu","Bóng đá","no_public_price","","","","","","","none","https://www.sporta.vn/san/san-bong-ro-cau-long-bbc","2026-10-04T13:27:41.112Z","2026-10-04","none","","","","",""
"VN_0877","Sân Bóng Đá Mini Đức Luân","QL56, Tam Long, Kim Long, Châu Đức, Bà Rịa-Vũng Tàu","Bóng đá","no_public_price","","","","","","","none","https://www.sporta.vn/san/san-bong-da-mini-duc-luan","2026-10-04T13:27:41.166Z","2026-10-04","none","","","","",""
"VN_0878","Sân Bóng Đá Trường Cao Đẳng Dầu Khí","762 Cách Mạng Tháng Tám, Long Toàn, Bà Rịa-Vũng Tàu","Bóng đá","no_public_price","","","","","","","none","https://www.sporta.vn/san/san-bong-da-truong-cao-dang-dau-khi","2026-10-04T13:27:41.131Z","2026-10-04","none","","","","",""
"VN_0879","Sân Longan Eyes Cô Nên FC","Long Sơn, Bà Rịa-Vũng Tàu","Cầu lông","no_public_price","","","","","","","none","https://www.sporta.vn/san/san-longan-eyes-co-nen-fc","2026-10-04T13:27:41.481Z","2026-10-04","none","","","","",""
"VN_0880","CV9 ","35 Phan Bội Châu Phường 2, Bà Rịa-Vũng Tàu","Cầu lông","no_public_price","","","","","","","none","https://www.sporta.vn/san/cv9","2026-10-04T13:27:41.193Z","2026-10-04","none","","","","",""
"VN_0881","Sân bóng đá mini An Phong","47a Đ. 30 Tháng 4, Phường 9, Bà Rịa-Vũng Tàu","Bóng đá","no_public_price","","","","","","","none","https://www.sporta.vn/san/san-bong-da-mini-an-phong","2026-10-04T13:27:41.144Z","2026-10-04","none","","","","",""
"VN_0882","Sân bóng đá mini TTĐT Chí Linh","E4-3/30 TTĐT Chí Linh, Phường 10, Bà Rịa-Vũng Tàu","Bóng đá","no_public_price","","","","","","","none","https://www.sporta.vn/san/san-bong-da-mini-ttdt-chi-linh","2026-10-04T13:27:41.366Z","2026-10-04","none","","","","",""
"VN_0883","Sân bóng đá mini Football Milano","C63F+9PQ, TT. Long Hải, Bà Rịa-Vũng Tàu","Bóng đá","no_public_price","","","","","","","none","https://www.sporta.vn/san/san-bong-da-mini-football-milano","2026-10-04T13:27:41.449Z","2026-10-04","none","","","","",""
"VN_0884","Sân Bóng Mini Bình Giã","780 Bình Giã, Phường 10, Bà Rịa-Vũng Tàu","Bóng đá","no_public_price","","","","","","","none","https://www.sporta.vn/san/san-bong-mini-binh-gia","2026-10-04T13:27:41.465Z","2026-10-04","none","","","","",""
"VN_0885","Sân Bóng Đá Mi Ni Châu Thành","Unnamed Road, Long Toàn, Bà Rịa-Vũng Tàu","Bóng đá","no_public_price","","","","","","","none","https://www.sporta.vn/san/san-bong-da-mi-ni-chau-thanh","2026-10-04T13:27:41.482Z","2026-10-04","none","","","","",""
"VN_0886","Phước Hòa","TT Đất Đỏ, Bà Rịa-Vũng Tàu","Cầu lông","no_public_price","","","","","","","none","https://www.sporta.vn/san/phuoc-hoa6731","2026-10-04T13:27:41.375Z","2026-10-04","none","","","","",""
"VN_0887","Sân bóng đá Trần Minh Chiến","27 Đ. 2 Tháng 9, Phường 12, Bà Rịa-Vũng Tàu","Bóng đá","no_public_price","","","","","","","none","https://www.sporta.vn/san/san-bong-da-tran-minh-chien","2026-10-04T13:27:41.616Z","2026-10-04","none","","","","",""
"VN_0888","Sân Bóng Chuyền TTĐT Chí Linh","94H8+P55, Phường 10, Bà Rịa-Vũng Tàu","Bóng đá","no_public_price","","","","","","","none","https://www.sporta.vn/san/san-bong-chuyen-ttdt-chi-linh","2026-10-04T13:27:41.515Z","2026-10-04","none","","","","",""
"VN_0889","Sân Bóng Đá Lưu Chí Hiếu","215/8D Đường Lưu Chí Hiếu, Phường 10, Bà Rịa-Vũng Tàu","Bóng đá","no_public_price","","","","","","","none","https://www.sporta.vn/san/san-bong-da-luu-chi-hieu","2026-10-04T13:27:41.711Z","2026-10-04","none","","","","",""
"VN_0890","Sân vận động Bà Rịa","Số 308 27 Tháng 4, Phước Hưng, Bà Rịa-Vũng Tàu","Cầu lông","no_public_price","","","","","","","none","https://www.sporta.vn/san/san-van-dong-ba-ria","2026-10-04T13:27:41.696Z","2026-10-04","none","","","","",""
"VN_0891","Sân bóng đá Bola Glamping","83XR+RGR, Phường Thắng Tam, Bà Rịa-Vũng Tàu","Bóng đá","no_public_price","","","","","","","none","https://www.sporta.vn/san/san-bong-da-bola-glamping","2026-10-04T13:27:41.726Z","2026-10-04","none","","","","",""
"VN_0892","Sân bóng chuyền 669 Nguyễn An Ninh","669 Nguyễn An Ninh, Bà Rịa-Vũng Tàu","Bóng đá","no_public_price","","","","","","","none","https://www.sporta.vn/san/san-bong-chuyen-669-nguyen-an-ninh","2026-10-04T13:27:41.785Z","2026-10-04","none","","","","",""
"VN_0893","Sân Bóng Đá Mini Sao Việt","29 Đường Xô Viết Nghệ Tĩnh, Phường Thắng Tam, Bà Rịa-Vũng Tàu","Bóng đá","no_public_price","","","","","","","none","https://www.sporta.vn/san/san-bong-da-mini-sao-viet","2026-10-04T13:27:41.741Z","2026-10-04","none","","","","",""
"VN_0894","Sân bóng mini Trường Thành","94Q2+5FW, Nguyễn Thiện Thuật, Phường Thống Nhất, Bà Rịa-Vũng Tàu","Bóng đá","no_public_price","","","","","","","none","https://www.sporta.vn/san/san-bong-mini-truong-thanh","2026-10-04T13:27:41.924Z","2026-10-04","none","","","","",""
"VN_0895","sân bóng đá number one vũng tàu","165a Thùy Vân, Bãi Sau, Bà Rịa-Vũng Tàu","Bóng đá","no_public_price","","","","","","","none","https://www.sporta.vn/san/san-bong-da-number-one-vung-tau","2026-10-04T13:27:41.834Z","2026-10-04","none","","","","",""
"VN_0896","Sân bóng đá mini Chảo Lửa PV","Ấp Phú Vinh, lộ 329, Hoà Hiệp, Xuyên Mộc, Bà Rịa Vũng Tài, Bà Rịa-Vũng Tàu","Bóng đá","no_public_price","","","","","","","none","https://www.sporta.vn/san/san-bong-da-mini-chao-lua-pv","2026-10-04T13:27:41.879Z","2026-10-04","none","","","","",""
"VN_0897","Sân bóng đá khu 5 tầng","936M+WG5, Phường 7, Bà Rịa-Vũng Tàu","Bóng đá","no_public_price","","","","","","","none","https://www.sporta.vn/san/san-bong-da-khu-5-tang","2026-10-04T13:27:41.849Z","2026-10-04","none","","","","",""
"VN_0898","Phố đi bộ Ninh Bình - Walking Street","Đường Tràng An 2, Bà Rịa-Vũng Tàu","Cầu lông","no_public_price","","","","","","","none","https://www.sporta.vn/san/pho-di-bo-ninh-binh-alking-street","2026-10-04T13:27:41.955Z","2026-10-04","none","","","","",""
"VN_0899","Sân bóng đá mini và trượt patin THÀNH CÔNG ","65 võ thị sáu khu phố phước hoà, thị trấn phước bửu, Bà Rịa-Vũng Tàu","Bóng đá","no_public_price","","","","","","","none","https://www.sporta.vn/san/bongda-patin-thanh-cong","2026-10-04T13:27:42.147Z","2026-10-04","none","","","","",""
"VN_0900","Sân Bóng thị trấn Gia Bình","25XC+VPV, Trần Hưng Đạo, Quỳnh Phú, Bắc Ninh","Bóng đá","no_public_price","","","","","","","none","https://www.sporta.vn/san/san-bong-thi-tran-gia-binh","2026-10-04T13:27:42.283Z","2026-10-04","none","","","","",""
"VN_0901","Sân Bóng Tự Nhiên Khu Phố Lê Độ","Đê Sông Cầu, Quế Tân, Bắc Ninh","Bóng đá","no_public_price","","","","","","","none","https://www.sporta.vn/san/san-bong-tu-nhien-khu-pho-le-do","2026-10-04T13:27:42.196Z","2026-10-04","none","","","","",""
"VN_0902","Sân bóng thôn Ngọc Trì","Bình Định, Bắc Ninh","Bóng đá","no_public_price","","","","","","","none","https://www.sporta.vn/san/san-bong-thon-ngoc-tri","2026-10-04T13:27:42.201Z","2026-10-04","none","","","","",""
"VN_0903","Áo bóng đá Bắc Ninh - Sân Cỏ Bắc Ninh","59 P. Nguyễn Đăng, Suối Hoa, Bắc Ninh","Bóng đá","no_public_price","","","","","","","none","https://www.sporta.vn/san/ao-bong-da-bac-ninh-san-co-bac-ninh","2026-10-04T13:27:42.445Z","2026-10-04","none","","","","",""
"VN_0904","Sân bóng rổ Tiên Du Field","42VG+JX6, TT. Lim, Bắc Ninh","Bóng đá","no_public_price","","","","","","","none","https://www.sporta.vn/san/san-bong-ro-tien-du-field","2026-10-04T13:27:42.282Z","2026-10-04","none","","","","",""
"VN_0905","Sân bóng Tusonfc","3XX5+GV9, Đình Bảng, Bắc Ninh","Bóng đá","no_public_price","","","","","","","none","https://www.sporta.vn/san/san-bong-tusonfc","2026-10-04T13:27:42.460Z","2026-10-04","none","","","","",""
"VN_0906","89 Pickleball Từ Sơn - Khu đất mới Trang Hạ","Khu đất mới Trang Hạ, Bắc Ninh","Pickleball","no_public_price","","","","","","","none","https://www.sporta.vn/san/89-pickleball-tu-son-khu-dat-moi-trang-ha","2026-10-04T13:27:43.340Z","2026-10-04","none","","","","",""
"VN_0907","Sân Phủi Tây Hồ (Dabaco)","Unnamed Road, Phượng Mao, Bắc Ninh","Cầu lông","no_public_price","","","","","","","none","https://www.sporta.vn/san/san-phui-tay-ho--dabaco-","2026-10-04T13:27:42.582Z","2026-10-04","none","","","","",""
"VN_0908","Sân bóng nhân tạo Đại Đồng","3XQQ+PMV, Đại Thượng, Bắc Ninh","Bóng đá","curated_public_price","unknown","","","200000","700000","","price_range_only","https://diadiem247.com/bac-ninh/san-bong-dai-dong-l371238.html","2026-10-03T08:29:51.203Z","2026-10-03","low","Giá tham khảo công khai; đã đối chiếu tên và địa chỉ. Chưa xác nhận giá đang áp dụng; nguồn không phân ngày/giờ.","court_unknown_duration","approximate","Bóng đá","public_source_matched"
"VN_0909","The Pickle Pit Pickleball - 173 Đường Trần Phú","173 Đường Trần Phú, Bắc Ninh","Pickleball","no_public_price","","","","","","","none","https://www.sporta.vn/san/the-pickle-pit-pickleball-173-duong-tran-phu","2026-10-04T13:27:42.693Z","2026-10-04","none","","","","",""
"VN_0910","Sân bóng thôn Giang Liễu","546G+CQ7, Đường Đình, Phương Liễu, Bắc Ninh","Bóng đá","no_public_price","","","","","","","none","https://www.sporta.vn/san/san-bong-thon-giang-lieu","2026-10-04T13:27:42.708Z","2026-10-04","none","","","","",""
"VN_0911","Bean's Pickleball - Khu đô thị Dabaco Đền Đô","Khu đô thị Dabaco Đền Đô, Bắc Ninh","Pickleball","curated_public_price","unknown","","","120000","200000","60","price_range_only","https://shopvnb.com/san-pickleball-bean-s.html","2026-10-03T08:27:38.766Z","2026-10-03","medium","Giá tham khảo công khai; đã đối chiếu tên và địa chỉ. Chưa xác nhận giá đang áp dụng; nguồn không phân ngày/giờ.","court_hour","approximate","Pickleball","public_source_matched"
"VN_0912","Sân Bóng Mao Trung","542V+PMF, Phượng Mao, Bắc Ninh","Bóng đá","no_public_price","","","","","","","none","https://www.sporta.vn/san/san-bong-mao-trung","2026-10-04T13:27:42.881Z","2026-10-04","none","","","","",""
"VN_0913","Sân Đá Bóng Cỏ Nhân Tạo 286","5XRG+M35, ĐT286, Long Châu, Bắc Ninh","Bóng đá","no_public_price","","","","","","","none","https://www.sporta.vn/san/san-da-bong-co-nhan-tao-286","2026-10-04T13:27:42.899Z","2026-10-04","none","","","","",""
"VN_0914","Sân Bóng Hoàng Yến","Unnamed Road, Đông Tiến, Bắc Ninh","Bóng đá","no_public_price","","","","","","","none","https://www.sporta.vn/san/san-bong-hoang-yen","2026-10-04T13:27:42.949Z","2026-10-04","none","","","","",""
"VN_0915","Sân Bóng Nghĩa Trương","4WXW+WJ9, Unnamed Road, Hương Mạc, Bắc Ninh","Bóng đá","no_public_price","","","","","","","none","https://www.sporta.vn/san/san-bong-nghia-truong","2026-10-04T13:27:43.033Z","2026-10-04","none","","","","",""
"VN_0916","Sân bóng chuyền khu đất mới Dương Lôi","4X7G+X92, Dương Lôi, Bắc Ninh","Bóng đá","no_public_price","","","","","","","none","https://www.sporta.vn/san/san-bong-chuyen-khu-dat-moi-duong-loi","2026-10-04T13:27:43.180Z","2026-10-04","none","","","","",""
"VN_0917","Sân Bóng Huy Hùng","Vọng Nguyệt, Bắc Ninh","Bóng đá","no_public_price","","","","","","","none","https://www.sporta.vn/san/san-bong-huy-hung","2026-10-04T13:27:43.101Z","2026-10-04","none","","","","",""
"VN_0918","sân bóng đá thôn đồng thôn.","6X9G+44H, thôn Đồng, Bắc Ninh","Bóng đá","no_public_price","","","","","","","none","https://www.sporta.vn/san/san-bong-da-thon-dong-thon-","2026-10-04T13:27:43.094Z","2026-10-04","none","","","","",""
"VN_0919","Wukong Pickleball - 403 Lý Thường Kiệt","403 Lý Thường Kiệt, Bắc Ninh","Pickleball","no_public_price","","","","","","","none","https://www.sporta.vn/san/ukong-pickleball-403-ly-thuong-kiet","2026-10-04T13:27:43.312Z","2026-10-04","none","","","","",""
"VN_0920","Sân Bóng Đá ĐẠI VĨ","Hoài Thượng, Bắc Ninh","Bóng đá","no_public_price","","","","","","","none","https://www.sporta.vn/san/san-bong-da-dai-vi","2026-10-04T13:27:43.415Z","2026-10-04","none","","","","",""
"VN_0921","Sân bóng chuyền Rích Gạo","3XP9+RQR, Unnamed Road, Phù Chẩn, Bắc Ninh","Bóng đá","no_public_price","","","","","","","none","https://www.sporta.vn/san/san-bong-chuyen-rich-gao","2026-10-04T13:27:43.300Z","2026-10-04","none","","","","",""
"VN_0922","Sân Bóng Phương Cầu","54G2+5WP, Phương Liễu, Bắc Ninh","Bóng đá","no_public_price","","","","","","","none","https://www.sporta.vn/san/san-bong-phuong-cau","2026-10-04T13:27:43.433Z","2026-10-04","none","","","","",""
"VN_0923","Sân bóng Mao Lại","44WX+V7W, Phượng Mao, Bắc Ninh","Bóng đá","no_public_price","","","","","","","none","https://www.sporta.vn/san/san-bong-mao-lai","2026-10-04T13:27:43.433Z","2026-10-04","none","","","","",""
"VN_0924","Sân cỏ nhân tạo Mẫn Xá","5XWP+9F2, Mẫ Xá, Bắc Ninh","Cầu lông","no_public_price","","","","","","","none","https://www.sporta.vn/san/san-co-nhan-tao-man-xa","2026-10-04T13:27:43.514Z","2026-10-04","none","","","","",""
"VN_0925","Sân Bóng Phù Lang","554W+QRG, Unnamed Road, Phù Lương, Bắc Ninh","Bóng đá","no_public_price","","","","","","","none","https://www.sporta.vn/san/san-bong-phu-lang","2026-10-04T13:27:43.581Z","2026-10-04","none","","","","",""
"VN_0926","Sân bóng Mao Yên- Phượng Mao, Quế Võ, Bắc Ninh","44VQ+9W9, Thôn, Mao Yên, Bắc Ninh","Bóng đá","no_public_price","","","","","","","none","https://www.sporta.vn/san/san-bong-mao-yen-phuong-mao--que-vo--bac-ninh","2026-10-04T13:27:43.699Z","2026-10-04","none","","","","",""
"VN_0927","Xanh Melody Pickleball - AMDI Green City","AMDI Green City, Bắc Ninh","Pickleball","no_public_price","","","","","","","none","https://www.sporta.vn/san/xanh-melody-pickleball-amdi-green-city","2026-10-04T13:27:43.674Z","2026-10-04","none","","","","",""
"VN_0928","Sân bóng thôn Vó","Đường đi Đại Bái, Quảng Phú, Bắc Ninh","Bóng đá","no_public_price","","","","","","","none","https://www.sporta.vn/san/san-bong-thon-vo","2026-10-04T13:27:43.749Z","2026-10-04","none","","","","",""
"VN_0929","Rio666 Pickleball - Đồi Cọ 2, khu phố Long Vỹ","Đồi Cọ 2, khu phố Long Vỹ, Bắc Ninh","Pickleball","no_public_price","","","","","","","none","https://www.sporta.vn/san/rio666-pickleball-doi-co-2--khu-pho-long-vy","2026-10-04T13:27:43.879Z","2026-10-04","none","","","","",""
"VN_0930","Sân bóng Yên Hoà (Lạc Nhuế)","Kđt mới Yên Trung - Thuỵ Hoag, Bắc Ninh","Bóng đá","no_public_price","","","","","","","none","https://www.sporta.vn/san/san-bong-yen-hoa--lac-nhue-","2026-10-04T13:27:43.729Z","2026-10-04","none","","","","",""
"VN_0931","Sân bóng long vỹ","3WRV+V4H, Đình Bảng, Bắc Ninh","Bóng đá","no_public_price","","","","","","","none","https://www.sporta.vn/san/san-bong-long-vy","2026-10-04T13:27:43.826Z","2026-10-04","none","","","","",""
"VN_0932","Sân bóng CLB Bắc Ninh FC","5WHJ+V2G, Phù Xá, Bắc Ninh","Bóng đá","no_public_price","","","","","","","none","https://www.sporta.vn/san/san-bong-clb-bac-ninh-fc","2026-10-04T13:27:43.908Z","2026-10-04","none","","","","",""
"VN_0933","Sân bóng Kim Bảng","4WVQ+4GR, Unnamed Road, Hương Mạc, Bắc Ninh","Bóng đá","no_public_price","","","","","","","none","https://www.sporta.vn/san/san-bong-kim-bang","2026-10-04T13:27:43.980Z","2026-10-04","none","","","","",""
"VN_0934","Sân bóng Đông Ngàn","4X99+XC3, Đ. Lê Quang Đạo, Đồng Nguyên, Bắc Ninh","Bóng đá","no_public_price","","","","","","","none","https://www.sporta.vn/san/san-bong-dong-ngan","2026-10-04T13:27:43.926Z","2026-10-04","none","","","","",""
"VN_0935","Sân bóng Quế Ổ","34VM+CCV, Quế Ổ, Bắc Ninh","Bóng đá","no_public_price","","","","","","","none","https://www.sporta.vn/san/san-bong-que-o","2026-10-04T13:27:43.966Z","2026-10-04","none","","","","",""
"VN_0936","Sân Bóng Nam Hồng Đồng Kỵ","sân Nam Hồng.Đồng Kỵ Từ Sơn Bắc Ninh, Bắc Ninh","Bóng đá","no_public_price","","","","","","","none","https://www.sporta.vn/san/san-bong-nam-hong-dong-ky","2026-10-04T13:27:44.122Z","2026-10-04","none","","","","",""
"VN_0937","Sân bóng Đạo Tú","337H+8J5, Đạo tú, Bắc Ninh","Cầu lông","no_public_price","","","","","","","none","https://www.sporta.vn/san/san-bo-ng-da-o-tu-","2026-10-04T13:27:44.093Z","2026-10-04","none","","","","",""
"VN_0938","Sân Bóng Đá Đông Yên","52P9+P44, Unnamed Road, Đông Phong, Bắc Ninh","Bóng đá","no_public_price","","","","","","","none","https://www.sporta.vn/san/san-bong-da-dong-yen","2026-10-04T13:27:44.127Z","2026-10-04","none","","","","",""
"VN_0939","Sân Bóng An Lạc Gia","Lương Tân, Bắc Ninh","Bóng đá","curated_public_price","unknown","","","300000","800000","","price_range_only","https://diadiem247.com/bac-ninh/san-bong-an-gia-lac-l371237.html","2026-10-03T08:29:52.088Z","2026-10-03","low","Tên sân An Lạc Gia/An Gia Lạc đảo vị trí hai từ; cùng địa chỉ Lương Tân, Yên Phong, Bắc Ninh. Giá tham khảo danh bạ, chưa rõ thời lượng.","court_unknown_duration","approximate","Bóng đá","public_source_matched"
"VN_0940","Sân Bóng Tây Hồ(dabaco-36)","Unnamed Road, Phượng Mao, Bắc Ninh","Bóng đá","no_public_price","","","","","","","none","https://www.sporta.vn/san/san-bong-tay-ho-dabaco36-","2026-10-04T13:27:44.257Z","2026-10-04","none","","","","",""
"VN_0941","Sân Bóng Cỏ Nhân Tạo Kiên Cường","Unnamed Road, Bắc Ninh","Bóng đá","no_public_price","","","","","","","none","https://www.sporta.vn/san/san-bong-co-nhan-tao-kien-cuong","2026-10-04T13:27:44.253Z","2026-10-04","none","","","","",""
"VN_0942","Sân Bóng Cỏ Nhân Tạo Yên Phụ","Thôn, Cầu Gạo, Bắc Ninh","Bóng đá","no_public_price","","","","","","","none","https://www.sporta.vn/san/san-bong-co-nhan-tao-yen-phu","2026-10-04T13:27:44.539Z","2026-10-04","none","","","","",""
"VN_0943","Sân Bóng Phúc Tinh","4XWP+V7C, Tam Sơn, Bắc Ninh","Bóng đá","no_public_price","","","","","","","none","https://www.sporta.vn/san/san-bong-phuc-tinh","2026-10-04T13:27:44.359Z","2026-10-04","none","","","","",""
"VN_0944","Sân Chuyên Bắc Ninh","Trường Chuyên Bắc Ninh, Bắc Ninh","Cầu lông","no_public_price","","","","","","","none","https://www.sporta.vn/san/san-chuyen-bac-ninh","2026-10-04T13:27:44.344Z","2026-10-04","none","","","","",""
"VN_0945","Sân bóng kđt 9,8ha","Chung cư viglacera, Bắc Ninh","Bóng đá","no_public_price","","","","","","","none","https://www.sporta.vn/san/san-bong-kdt-9-8ha","2026-10-04T13:27:44.329Z","2026-10-04","none","","","","",""
"VN_0946","Sân bóng Chi Long","52P3+M79, Unnamed Road, Long Châu, Bắc Ninh","Bóng đá","no_public_price","","","","","","","none","https://www.sporta.vn/san/san-bong-chi-long","2026-10-04T13:27:44.514Z","2026-10-04","none","","","","",""
"VN_0947","Cung thiếu nhi Bắc Ninh","Ninh Xá, Tp Bắc Ninh, Bắc Ninh","Cầu lông","no_public_price","","","","","","","none","https://www.sporta.vn/san/cung-thieu-nhi-bac-ninh","2026-10-04T13:27:44.525Z","2026-10-04","none","","","","",""
"VN_0948","Sân bóng Bất Lự","4X9V+G5V, Hoàn Sơn, Bắc Ninh","Bóng đá","no_public_price","","","","","","","none","https://www.sporta.vn/san/san-bong-bat-lu","2026-10-04T13:27:44.616Z","2026-10-04","none","","","","",""
"VN_0949","Sân vận động của Quý xã","Sân vận động của Quý xã, Đông Tiến, Bắc Ninh","Cầu lông","no_public_price","","","","","","","none","https://www.sporta.vn/san/san-van-dong-cua-quy-xa","2026-10-04T13:27:44.539Z","2026-10-04","none","","","","",""
"VN_0950","Sân bóng bách Diệp","Nam Sơn, Bắc Ninh","Bóng đá","no_public_price","","","","","","","none","https://www.sporta.vn/san/san-bong-bach-diep","2026-10-04T13:27:44.515Z","2026-10-04","none","","","","",""
"VN_0951","Sân Bóng Đá Hào Hiệp","52P2+5W2, Long Châu, Bắc Ninh","Bóng đá","no_public_price","","","","","","","none","https://www.sporta.vn/san/san-bong-da-hao-hiep","2026-10-04T13:27:44.751Z","2026-10-04","none","","","","",""
"VN_0952","Sân Bóng Cỏ Nhân Tạo Hải Nam","52P2+4QV, Long Châu, Bắc Ninh","Bóng đá","no_public_price","","","","","","","none","https://www.sporta.vn/san/san-bong-co-nhan-tao-hai-nam","2026-10-04T13:27:44.720Z","2026-10-04","none","","","","",""
"VN_0953","Sân Bóng Xóm Ô","5XQ3+Q44, Nghiêm Xá, Bắc Ninh","Bóng đá","no_public_price","","","","","","","none","https://www.sporta.vn/san/san-bong-xom-o","2026-10-04T13:27:44.751Z","2026-10-04","none","","","","",""
"VN_0954","Sân Bóng Nhân Tạo 299 Trác Bút","Trác Bút, Bắc Ninh","Bóng đá","no_public_price","","","","","","","none","https://www.sporta.vn/san/san-bong-nhan-tao-299-trac-but","2026-10-04T13:27:44.721Z","2026-10-04","none","","","","",""
"VN_0955","Sân bóng bà khê","Phú Hoà, Bắc Ninh","Bóng đá","no_public_price","","","","","","","none","https://www.sporta.vn/san/san-bong-ba-khe","2026-10-04T13:27:44.814Z","2026-10-04","none","","","","",""
"VN_0956","Sân vận động phường Đình Bảng","Thọ Môn Vạn Hạnh, Đình Bảng, Bắc Ninh","Cầu lông","curated_public_price","unknown","","","200000","400000","","price_range_only","https://diadiem247.com/bac-ninh/san-van-dong-phuong-dinh-bang-l371231.html","2026-10-03T08:29:54.713Z","2026-10-03","low","Giá tham khảo công khai; đã đối chiếu tên và địa chỉ. Chưa xác nhận giá đang áp dụng; nguồn không phân ngày/giờ.","court_unknown_duration","approximate","","public_source_matched"
"VN_0957","Sân bóng Đông Hưng","215, AH1, khu Phố 4, Thanh Hóa","Bóng đá","no_public_price","","","","","","","none","https://www.sporta.vn/san/san-bong-dong-hung","2026-10-04T13:27:44.952Z","2026-10-04","none","","","","",""
"VN_0958","Sân bóng đá mini Mai Linh","286 Trần Phú, P. Lam Sơn, Thanh Hóa","Bóng đá","no_public_price","","","","","","","none","https://www.sporta.vn/san/san-bong-da-mini-mai-linh","2026-10-04T13:27:44.969Z","2026-10-04","none","","","","",""
"VN_0959","Sân banh Long Khương","21 Đường số 21 Trần Phú, Long Thành Nam, Thanh Hóa","Cầu lông","no_public_price","","","","","","","none","https://www.sporta.vn/san/san-banh-long-khuong","2026-10-04T13:27:45.050Z","2026-10-04","none","","","","",""
"VN_0960","UBND thị xã Bỉm Sơn","28 Trần Phú, P. Ba Đình, Thanh Hóa","Cầu lông","no_public_price","","","","","","","none","https://www.sporta.vn/san/ubnd-thi-xa-bim-son","2026-10-04T13:27:45.568Z","2026-10-04","none","","","","",""
"VN_0961","Sân bóng đá nhân tạo Liverpool","Thị trấn Nông Cống, Thanh Hóa","Bóng đá","no_public_price","","","","","","","none","https://www.sporta.vn/san/hungbm1996","2026-10-04T13:27:45.099Z","2026-10-04","none","","","","",""
"VN_0962","Sân bóng chuyền KP Điền Lư","3W52+9VF, thôn Điền Lư, Thanh Hóa","Bóng đá","no_public_price","","","","","","","none","https://www.sporta.vn/san/san-bong-chuyen-kp-dien-lu","2026-10-04T13:27:45.066Z","2026-10-04","none","","","","",""
"VN_0963","Sân bóng đá mini Hoà Thành","148 Lê Lợi, TT. Hoà Thành, Thanh Hóa","Bóng đá","no_public_price","","","","","","","none","https://www.sporta.vn/san/san-bong-da-mini-hoa-thanh","2026-10-04T13:27:45.147Z","2026-10-04","none","","","","",""
"VN_0964","Hòa Thành stadium","74RG+V3W, Hiệp Long, Thanh Hóa","Bóng đá","no_public_price","","","","","","","none","https://www.sporta.vn/san/hoa-thanh-stadium","2026-10-04T13:27:45.291Z","2026-10-04","none","","","","",""
"VN_0965","Sân bốn mùa","Phường Đông vệ TP Thanh Hoá, Thanh Hóa","Cầu lông","no_public_price","","","","","","","none","https://www.sporta.vn/san/san-bon-mua","2026-10-04T13:27:45.648Z","2026-10-04","none","","","","",""
"VN_0966","Sân bóng đá Trọng Phát","31 Đường số 65 Phạm Hùng, TT. Hoà Thành, Thanh Hóa","Bóng đá","no_public_price","","","","","","","none","https://www.sporta.vn/san/san-bong-da-trong-phat","2026-10-04T13:27:45.336Z","2026-10-04","none","","","","",""
"VN_0967","Sân bóng chuyền 12 Con Giáp","5 Đường số 39 Ngô Quyền, Trường Tây, Thanh Hóa","Bóng đá","no_public_price","","","","","","","none","https://www.sporta.vn/san/san-bong-chuyen-12-con-giap","2026-10-04T13:27:45.326Z","2026-10-04","none","","","","",""
"VN_0968","CLB Bóng Chuyền 568","3VM9+2HQ, Tôn Thất Thuyết, P. Ba Đình, Thanh Hóa","Cầu lông","no_public_price","","","","","","","none","https://www.sporta.vn/san/clb-bo-ng-chuye-n-568","2026-10-04T13:27:45.603Z","2026-10-04","none","","","","",""
"VN_0969","Sân cầu lông 678","81 Lê Lợi, Khu phố 3, Thanh Hóa","Cầu lông","no_public_price","","","","","","","none","https://www.sporta.vn/san/san-cau-long-678","2026-10-04T13:27:45.534Z","2026-10-04","none","","","","",""
"VN_0970","Sân bóng mini Bảo An","3VP8+J7G, P. Ba Đình, Thanh Hóa","Bóng đá","no_public_price","","","","","","","none","https://www.sporta.vn/san/san-bong-mini-bao-an","2026-10-04T13:27:45.583Z","2026-10-04","none","","","","",""
"VN_0971","Sân bóng Lam Sơn","Tản Đà, Đông Sơn, Thanh Hóa","Bóng đá","no_public_price","","","","","","","none","https://www.sporta.vn/san/san-bong-lam-son","2026-10-04T13:27:45.663Z","2026-10-04","none","","","","",""
"VN_0972","Sân Bóng Đá Long Thành Bắc","74FQ+P7P, Long Kim, Thanh Hóa","Bóng đá","no_public_price","","","","","","","none","https://www.sporta.vn/san/san-bong-da-long-thanh-bac","2026-10-04T13:27:45.688Z","2026-10-04","none","","","","",""
"VN_0973","Sân Bóng Đá Hầm Sạn","74Q6+GJ9 183/43/1A 183, 183/43/1A Quốc Lộ 22b, Hiệp Hòa, Thanh Hóa","Bóng đá","no_public_price","","","","","","","none","https://www.sporta.vn/san/san-bong-da-ham-san","2026-10-04T13:27:45.710Z","2026-10-04","none","","","","",""
"VN_0974","Sân bóng đá mini Minh Huân","748C+R3R, Long Thành Trung, Thanh Hóa","Bóng đá","no_public_price","","","","","","","none","https://www.sporta.vn/san/san-bong-da-mini-minh-huan","2026-10-04T13:27:46.114Z","2026-10-04","none","","","","",""
"VN_0975","Sân bóng chuyền Liên giang","3W26+M9V, P. Hà Lan, Thanh Hóa","Bóng đá","no_public_price","","","","","","","none","https://www.sporta.vn/san/san-bong-chuyen-lien-giang","2026-10-04T13:27:45.814Z","2026-10-04","none","","","","",""
"VN_0976","Sân bóng chuyền xóm Văn Yên","2F4R+XP2, Xóm Vĩnh Hòa, Hợp Thành, Nghệ An","Bóng đá","no_public_price","","","","","","","none","https://www.sporta.vn/san/san-bong-chuyen-xom-van-yen","2026-10-04T13:27:45.865Z","2026-10-04","none","","","","",""
"VN_0977","Sân bóng đá giáo xứ phú vinh","Unnamed, Road, Nghệ An","Bóng đá","no_public_price","","","","","","","none","https://www.sporta.vn/san/san-bong-da-giao-xu-phu-vinh","2026-10-04T13:27:45.882Z","2026-10-04","none","","","","",""
"VN_0978","Sân bóng hồng yên","Thôn, Hồng Yên, Nghệ An","Bóng đá","no_public_price","","","","","","","none","https://www.sporta.vn/san/san-bong-hong-yen","2026-10-04T13:27:45.883Z","2026-10-04","none","","","","",""
"VN_0979","Sân Bóng Xóm Phì Bắc","XG77+26J, Xóm Phì Bắc, Vĩnh Thành, Nghệ An","Bóng đá","no_public_price","","","","","","","none","https://www.sporta.vn/san/san-bong-xom-phi-bac","2026-10-04T13:27:46.065Z","2026-10-04","none","","","","",""
"VN_0980","Sân Bóng Nhân Tạo - Cà phê vườn Bảo Lộc","Tân Thành, Nghệ An","Bóng đá","no_public_price","","","","","","","none","https://www.sporta.vn/san/san-bong-nhan-tao-ca-phe-vuon-bao-loc","2026-10-04T13:27:46.099Z","2026-10-04","none","","","","",""
"VN_0981","PICKLEBALL BẾN THỦY - VINH RIVERSIDE","Khu tổ hợp VINH RIVERSIDE - đường Dũng Quyết, phường Trung Đô, Nghệ An","Pickleball","curated_public_price","unknown","","","100000","160000","60","price_range_only","https://shopvnb.com/san-pickleball-ben-thuy.html","2026-10-03T08:29:22.938Z","2026-10-03","medium","Giá tham khảo công khai; đã đối chiếu tên và địa chỉ. Chưa xác nhận giá đang áp dụng; nguồn không phân ngày/giờ.","court_hour","approximate","Pickleball","public_source_matched"
"VN_0982","CLB PICKLE BALL NGHỆ AN","Nhà văn hoá lao động tỉnh, Nghệ An","Cầu lông","no_public_price","","","","","","","none","https://www.sporta.vn/san/clb-pickle-ball-nghe-an","2026-10-04T13:27:46.100Z","2026-10-04","none","","","","",""
"VN_0983","Sân bóng Bể bơi Khu vui chơi Phong Liên","XFXF+8W3, TT. Yên Thành, Nghệ An","Bóng đá","no_public_price","","","","","","","none","https://www.sporta.vn/san/san-bong-be-boi-khu-vui-choi-phong-lien","2026-10-04T13:27:46.265Z","2026-10-04","none","","","","",""
"VN_0984","Sân vận động xã Bảo Thành","WFFC+6H3, Yên Vinh, Nghệ An","Cầu lông","no_public_price","","","","","","","none","https://www.sporta.vn/san/san-van-dong-xa-bao-thanh","2026-10-04T13:27:46.380Z","2026-10-04","none","","","","",""
"VN_0985","Sân bóng Hưng Phúc","Số 10 đường Kim Đồng, phường Hưng Phúc, Nghệ An","Bóng đá","no_public_price","","","","","","","none","https://www.sporta.vn/san/san-bong-hung-phuc","2026-10-04T13:27:46.498Z","2026-10-04","none","","","","",""
"VN_0986","Sân vận động Vinh Thanh","CQJP+QMH, QL49B, Vinh Thanh, Thừa Thiên Huế","Cầu lông","no_public_price","","","","","","","none","https://www.sporta.vn/san/san-van-dong-vinh-thanh","2026-10-04T13:27:47.264Z","2026-10-04","none","","","","",""
"VN_0987","Anh Dũng Pickleball - 457-459-461 Phạm Văn Đồng","457-459-461 Phạm Văn Đồng, Thừa Thiên Huế","Pickleball","no_public_price","","","","","","","none","https://www.sporta.vn/san/anh-dung-pickleball-457459461-pham-van-dong","2026-10-04T13:27:46.580Z","2026-10-04","none","","","","",""
"VN_0988","Câu Lạc Bộ Bóng Bàn Văn Thể Mỹ Huế","11A Đống Đa, Phú Nhuận, Thừa Thiên Huế","Bóng bàn","no_public_price","","","","","","","none","https://www.sporta.vn/san/cau-lac-bo-bong-ban-van-the-my-hue","2026-10-04T13:27:46.631Z","2026-10-04","none","","","","",""
"VN_0989","CLB Bóng bàn 8 Lê Lợi - Nhà thiếu nhi Huế","8 Lê Lợi, Vĩnh Ninh, Thừa Thiên Huế","Bóng bàn","no_public_price","","","","","","","none","https://www.sporta.vn/san/clb-bong-ban-8-le-loi-nha-thieu-nhi-hue","2026-10-04T13:27:46.515Z","2026-10-04","none","","","","",""
"VN_0990","Sân bóng phường Hương Chữ","FGM7+2WJ, Kha Vạn Cân, Hương Chữ, Thừa Thiên Huế","Bóng đá","no_public_price","","","","","","","none","https://www.sporta.vn/san/san-bong-phuong-huong-chu","2026-10-04T13:27:46.740Z","2026-10-04","none","","","","",""
"VN_0991","Orange Pickleball - 77 Trương Gia Mô","77 Trương Gia Mô, Thừa Thiên Huế","Pickleball","no_public_price","","","","","","","none","https://www.sporta.vn/san/orange-pickleball-77-truong-gia-mo","2026-10-04T13:27:46.740Z","2026-10-04","none","","","","",""
"VN_0992","Sân bóng chuyền thôn Vân Thê Thượng","FJPM+QVW, Thủy Phong, Thừa Thiên Huế","Bóng đá","no_public_price","","","","","","","none","https://www.sporta.vn/san/san-bong-chuyen-thon-van-the-thuong","2026-10-04T13:27:46.747Z","2026-10-04","none","","","","",""
"VN_0993","Sân bóng đá mini Đức Mạnh","TT. Lăng Cô, Thừa Thiên Huế","Bóng đá","no_public_price","","","","","","","none","https://www.sporta.vn/san/san-bong-da-mini-duc-manh","2026-10-04T13:27:46.899Z","2026-10-04","none","","","","",""
"VN_0994","Sân bóng đá Thủy Biều","28 Ngô Hà, Thủy Biều, Thừa Thiên Huế","Bóng đá","no_public_price","","","","","","","none","https://www.sporta.vn/san/san-bong-da-thuy-bieu","2026-10-04T13:27:46.846Z","2026-10-04","none","","","","",""
"VN_0995","CLB Bóng Chuyền Trường ĐHSP Huế","34 Lê Lợi, Phú Hội, Thừa Thiên Huế","Bóng chuyền","no_public_price","","","","","","","none","https://www.sporta.vn/san/clb-bong-chuyen-truong-dhsp-hue","2026-10-04T13:27:46.965Z","2026-10-04","none","","","","",""
"VN_0996","Sân Bóng đá Trường THPT Hai Bà Trưng","FH5P+V7C, Vĩnh Ninh, Thừa Thiên Huế","Bóng đá","no_public_price","","","","","","","none","https://www.sporta.vn/san/san-bong-da-truong-thpt-hai-ba-trung","2026-10-04T13:27:47.071Z","2026-10-04","none","","","","",""
"VN_0997","Sân Bóng đá Phước Hưng","7XG2+34P, Lộc Thuỷ, Thừa Thiên Huế","Bóng đá","no_public_price","","","","","","","none","https://www.sporta.vn/san/san-bong-da-phuoc-hung","2026-10-04T13:27:47.099Z","2026-10-04","none","","","","",""
"VN_0998","Sân bóng vinh hà","9QQP+RQG, ĐT10C, Vinh Hà, Thừa Thiên Huế","Bóng đá","no_public_price","","","","","","","none","https://www.sporta.vn/san/san-bong-vinh-ha","2026-10-04T13:27:47.181Z","2026-10-04","none","","","","",""
"VN_0999","SÂN BÓNG - ĐÌNH LÀNG CHUỒN","GJ5M+2FP, An Truyền, Thừa Thiên Huế","Bóng đá","no_public_price","","","","","","","none","https://www.sporta.vn/san/san-bong-dinh-lang-chuon","2026-10-04T13:27:47.160Z","2026-10-04","none","","","","",""
"VN_1000","Sân Bóng Cỏ Nhân Tạo Phú Đa","Ghé cf, Võ Phi Trắng, Phú Đa, Thừa Thiên Huế","Bóng đá","no_public_price","","","","","","","none","https://www.sporta.vn/san/san-bong-co-nhan-tao-phu-da","2026-10-04T13:27:47.252Z","2026-10-04","none","","","","",""
"VN_1001","Louis Pickleball - 68A Hoàng Quốc Việt","68A Hoàng Quốc Việt, Thừa Thiên Huế","Pickleball","no_public_price","","","","","","","none","https://www.sporta.vn/san/louis-pickleball-68a-hoang-quoc-viet","2026-10-04T13:27:47.282Z","2026-10-04","none","","","","",""
"VN_1002","Sân vận động xã Quảng Thọ","GGGJ+R45 Thượng, La Vân, Thừa Thiên Huế","Cầu lông","no_public_price","","","","","","","none","https://www.sporta.vn/san/san-van-dong-xa-quang-tho","2026-10-04T13:27:47.424Z","2026-10-04","none","","","","",""
"VN_1003","Sân Bóng Đá Ba Lăng","FPF8+PWR, Lê Bình, Thừa Thiên Huế","Bóng đá","no_public_price","","","","","","","none","https://www.sporta.vn/san/san-bong-da-ba-lang","2026-10-04T13:27:47.515Z","2026-10-04","none","","","","",""
"VN_1004","Sân bóng vinh thanh city","CQMP+F9M, QL49B, Vinh Thanh, Thừa Thiên Huế","Bóng đá","no_public_price","","","","","","","none","https://www.sporta.vn/san/san-bong-vinh-thanh-city","2026-10-04T13:27:47.454Z","2026-10-04","none","","","","",""
"VN_1005","Kingdom Pickleball Huế - Văn Tiến Dũng, Khu quy hoạch Thuỷ Dương 3","Văn Tiến Dũng, Khu quy hoạch Thuỷ Dương 3, Thừa Thiên Huế","Pickleball","no_public_price","","","","","","","none","https://www.sporta.vn/san/kingdom-pickleball-hue-van-tien-dung--khu-quy-hoach-thuy-duong-3","2026-10-04T13:27:47.466Z","2026-10-04","none","","","","",""
"VN_1006","Sân Tennis Đống Đa Huế","11 Đống Đa, Phú Nhuận, Thừa Thiên Huế","Tennis","no_public_price","","","","","","","none","https://www.sporta.vn/san/san-tennis-dong-da-hue","2026-10-04T13:27:47.579Z","2026-10-04","none","","","","",""
"VN_1007","Nhà Thi Đấu (THPT Nguyễn Huệ)","FHGH+5GG, Thuận Thành, Thừa Thiên Huế","Cầu lông","no_public_price","","","","","","","none","https://www.sporta.vn/san/nha-thi-dau--thpt-nguyen-hue-","2026-10-04T13:27:47.748Z","2026-10-04","none","","","","",""
"VN_1008","Sân bóng đá Đông B","FP83+R2, Vân Lưu, Thừa Thiên Huế","Bóng đá","no_public_price","","","","","","","none","https://www.sporta.vn/san/san-bong-da-dong-b","2026-10-04T13:27:47.964Z","2026-10-04","none","","","","",""
"VN_1009","Hue Pickleball Arena - Đường Lưu Nhân Chú, KQH Thủy Thanh 3","Đường Lưu Nhân Chú, KQH Thủy Thanh 3, Thừa Thiên Huế","Pickleball","curated_public_price","unknown","","","100000","180000","60","price_range_only","https://www.alobo.vn/san-cau-long-thua-thien-hue-pickleball-thua-thien-hue/","2026-10-03T08:17:17.357Z","2026-10-03","medium","Giá tham khảo công khai; đã đối chiếu tên và địa chỉ. Chưa xác nhận giá đang áp dụng; nguồn không phân ngày/giờ.","court_hour","approximate","Pickleball","public_source_matched"
"VN_1010","Metlife Pickleball - Khu đô thị mới An Vân Dương","Khu đô thị mới An Vân Dương, Thừa Thiên Huế","Pickleball","no_public_price","","","","","","","none","https://www.sporta.vn/san/metlife-pickleball-khu-do-thi-moi-an-van-duong","2026-10-04T13:27:47.789Z","2026-10-04","none","","","","",""
"VN_1011","Sân cỏ nhân tạo Phú Xuân","FMHM+RRG, Phú Xuân, Thừa Thiên Huế","Cầu lông","no_public_price","","","","","","","none","https://www.sporta.vn/san/san-co-nhan-tao-phu-xuan","2026-10-04T13:27:47.802Z","2026-10-04","none","","","","",""
"VN_1012","Sân bóng đá nhân tạo Phước Lộc","7XFC+8MP, Phước Lộc, Thừa Thiên Huế","Bóng đá","no_public_price","","","","","","","none","https://www.sporta.vn/san/san-bong-da-nhan-tao-phuoc-loc","2026-10-04T13:27:47.977Z","2026-10-04","none","","","","",""
"VN_1013","Sân bóng Nghĩa Lập","9QVX+WVC, Unnamed, Road, Thừa Thiên Huế","Bóng đá","no_public_price","","","","","","","none","https://www.sporta.vn/san/san-bong-nghia-lap","2026-10-04T13:27:48.032Z","2026-10-04","none","","","","",""
"VN_1014","Sân bóng xã Phú An","GJ5G+C43, Unnamed Road,, Phú Thị, Thừa Thiên Huế","Bóng đá","no_public_price","","","","","","","none","https://www.sporta.vn/san/san-bong-xa-phu-an","2026-10-04T13:27:48.046Z","2026-10-04","none","","","","",""
"VN_1015","Sân bóng trường THPT Phú Lộc","7V98+RC9, Thị Lộc, TT, Trần Phú, Thừa Thiên Huế","Bóng đá","no_public_price","","","","","","","none","https://www.sporta.vn/san/san-bong-truong-thpt-phu-loc","2026-10-04T13:27:47.991Z","2026-10-04","none","","","","",""
"VN_1016","Sân Bóng Đá Cỏ Tự Nhiên","168 Nguyễn Trãi, Tây Lộc, Thừa Thiên Huế","Bóng đá","no_public_price","","","","","","","none","https://www.sporta.vn/san/san-bong-da-co-tu-nhien","2026-10-04T13:27:48.148Z","2026-10-04","none","","","","",""
"VN_1017","Sân Bá Công","FJ4C+583, An Đông, Thừa Thiên Huế","Cầu lông","no_public_price","","","","","","","none","https://www.sporta.vn/san/san-ba-cong","2026-10-04T13:27:48.172Z","2026-10-04","none","","","","",""
"VN_1018","Sân bóng Uyên Phương","FHF9+JX5, Tây Lộc, Thừa Thiên Huế","Bóng đá","no_public_price","","","","","","","none","https://www.sporta.vn/san/san-bong-uyen-phuong","2026-10-04T13:27:48.247Z","2026-10-04","none","","","","",""
"VN_1019","Sân bóng Đại Học Kinh Tế Huế","99 Hồ Đắc Di, An Cựu, Thừa Thiên Huế","Bóng đá","no_public_price","","","","","","","none","https://www.sporta.vn/san/san-bong-dai-hoc-kinh-te-hue","2026-10-04T13:27:48.363Z","2026-10-04","none","","","","",""
"VN_1020","Sân Vận Động Hương Thủy","CM8C+WHM, Tân Trào, TT. Phú Bài, Thừa Thiên Huế","Cầu lông","no_public_price","","","","","","","none","https://www.sporta.vn/san/san-van-dong-huong-thuy","2026-10-04T13:27:48.382Z","2026-10-04","none","","","","",""
"VN_1021","Sân bóng trường THPT Chi Lăng","47 Đ. Đại Cồ Việt, An Đông, Thừa Thiên Huế","Bóng đá","no_public_price","","","","","","","none","https://www.sporta.vn/san/san-bong-truong-thpt-chi-lang","2026-10-04T13:27:48.430Z","2026-10-04","none","","","","",""
"VN_1022","Sân Bóng Ngự Bình","Ngự Bình, An Tây, Thừa Thiên Huế","Bóng đá","no_public_price","","","","","","","none","https://www.sporta.vn/san/san-bong-ngu-binh","2026-10-04T13:27:48.432Z","2026-10-04","none","","","","",""
"VN_1023","Sân cỏ nhân tạo 7 người - Nhà thi đấu Cánh Buồm","100 Phạm Văn Đồng, Vỹ Dạ, Thừa Thiên Huế","Cầu lông","no_public_price","","","","","","","none","https://www.sporta.vn/san/san-co-nhan-tao-7-nguoi-nha-thi-dau-canh-buom","2026-10-04T13:27:48.632Z","2026-10-04","none","","","","",""
"VN_1024","Sân bóng đá MONACO","FJJ2+M47, Vỹ Dạ, Thừa Thiên Huế","Bóng đá","no_public_price","","","","","","","none","https://www.sporta.vn/san/san-bong-da-monaco","2026-10-04T13:27:48.580Z","2026-10-04","none","","","","",""
"VN_1025","Sân Bóng Đá Hàm Nghi","FH9M+W9H, Phú Hậu, Thừa Thiên Huế","Bóng đá","no_public_price","","","","","","","none","https://www.sporta.vn/san/san-bong-da-ham-nghi","2026-10-04T13:27:48.749Z","2026-10-04","none","","","","",""
"VN_1026","Sân Bóng Ngự Bình ( trường TC VHNT)","CHMX+WRP, An Tây, Thừa Thiên Huế","Bóng đá","no_public_price","","","","","","","none","https://www.sporta.vn/san/san-bong-ngu-binh---truong-tc-vhnt-","2026-10-04T13:27:48.665Z","2026-10-04","none","","","","",""
"VN_1027","Sân Bóng Rổ Trường THPT Quốc Học Huế","12 Lê Lợi, Vĩnh Ninh, Thừa Thiên Huế","Bóng đá","no_public_price","","","","","","","none","https://www.sporta.vn/san/san-bong-ro-truong-thpt-quoc-hoc-hue","2026-10-04T13:27:48.690Z","2026-10-04","none","","","","",""
"VN_1028","Sân Bóng Chuyền Hải Tiến","190 Hoàng Sa, Thuận An, Thừa Thiên Huế","Bóng đá","no_public_price","","","","","","","none","https://www.sporta.vn/san/san-bong-chuyen-hai-tien","2026-10-04T13:27:48.748Z","2026-10-04","none","","","","",""
"VN_1029","CLB Bóng bàn Song Lực Huế ( chuyên huấn luyện và cung cấp dụng cụ bóng bàn)","14 kiệt 68 Đặng Huy Trứ, Trường An, Thừa Thiên Huế","Bóng bàn","no_public_price","","","","","","","none","https://www.sporta.vn/san/clb-bong-ban-song-luc-hue---chuyen-huan-luyen-va-cung-cap-dung-cu-bong-ban-","2026-10-04T13:27:48.692Z","2026-10-04","none","","","","",""
"VN_1030","Sân Bóng Đá Nhân Tạo La Sơn","150+168 Nguyễn Trãi, Tây Lộc, Thừa Thiên Huế","Bóng đá","no_public_price","","","","","","","none","https://www.sporta.vn/san/san-bong-da-nhan-tao-la-son","2026-10-04T13:27:48.972Z","2026-10-04","none","","","","",""
"VN_1031","Sân Bóng Đá Trường Đại Học Luật Huế","CJP5+VJ2, Võ Văn Kiệt, An Tây, Thừa Thiên Huế","Bóng đá","no_public_price","","","","","","","none","https://www.sporta.vn/san/san-bong-da-truong-dai-hoc-luat-hue","2026-10-04T13:27:48.914Z","2026-10-04","none","","","","",""
"VN_1032","Sân bóng nhân tạo Green Stadium","FJW8+J52, Phú Thượng, Thừa Thiên Huế","Bóng đá","no_public_price","","","","","","","none","https://www.sporta.vn/san/san-bong-nhan-tao-green-stadium","2026-10-04T13:27:48.913Z","2026-10-04","none","","","","",""
"VN_1033","Sân bóng Đăng Tuấn","4 Đường số 3, An Hòa, Thừa Thiên Huế","Bóng đá","no_public_price","","","","","","","none","https://www.sporta.vn/san/san-bong-dang-tuan","2026-10-04T13:27:49.032Z","2026-10-04","none","","","","",""
"VN_1034","Sân bóng Thanh Tùng","Thôn 4, Thừa Thiên Huế","Bóng đá","no_public_price","","","","","","","none","https://www.sporta.vn/san/san-bong-thanh-tungf88a","2026-10-04T13:27:49.032Z","2026-10-04","none","","","","",""
"VN_1035","Sân cỏ nhân tạo Lâm Hoằng","Vỹ Dạ, Thừa Thiên Huế","Cầu lông","no_public_price","","","","","","","none","https://www.sporta.vn/san/san-co-nhan-tao-lam-hoang","2026-10-04T13:27:48.914Z","2026-10-04","none","","","","",""
"VN_1036","Sân bóng đá Đại Học Khoa Học Huế","77 Nguyễn Huệ, Phú Nhuận, Thừa Thiên Huế","Bóng đá","no_public_price","","","","","","","none","https://www.sporta.vn/san/san-bong-da-dai-hoc-khoa-hoc-hue","2026-10-04T13:27:49.132Z","2026-10-04","none","","","","",""
"VN_1037","Sân vận động Tự Do","FH9X+43X, Nguyễn Thái Học, Phú Hội, Thừa Thiên Huế","Cầu lông","no_public_price","","","","","","","none","https://www.sporta.vn/san/san-van-dong-tu-do","2026-10-04T13:27:49.165Z","2026-10-04","none","","","","",""
"VN_1038","San Bong Cd Du Lich","Thừa Thiên Huế, Việt Nam","Thể thao tổng hợp","no_public_price","","","","","","","none","https://www.sporta.vn/san/san-bong-cd-du-lich","2026-10-04T13:27:49.148Z","2026-10-04","none","","","","",""
"VN_1039","Sân bóng đá Đại học Nông Lâm Huế","FHGF+QJ6, Thuận Thành, Thừa Thiên Huế","Bóng đá","no_public_price","","","","","","","none","https://www.sporta.vn/san/san-bong-da-dai-hoc-nong-lam-hue","2026-10-04T13:27:49.106Z","2026-10-04","none","","","","",""
"VN_1040","Sân bóng nhân tạo Lào","FHHX+3H9, Vỹ Dạ, Thừa Thiên Huế","Bóng đá","no_public_price","","","","","","","none","https://www.sporta.vn/san/san-bong-nhan-tao-lao","2026-10-04T13:27:49.281Z","2026-10-04","none","","","","",""
"VN_1041","Sân bóng nhân tạo trường Đại học Thái Nguyên","HRW6+J2, Quyết Thắng, Thái Nguyên","Bóng đá","no_public_price","","","","","","","none","https://www.sporta.vn/san/san-bong-nhan-tao-truong-dai-hoc-thai-nguyen","2026-10-04T13:27:49.227Z","2026-10-04","none","","","","",""
"VN_1042","Sân Bóng đá Trường Đại học Khoa học","HRR5+2VH, Tân Thịnh, Thái Nguyên","Bóng đá","no_public_price","","","","","","","none","https://www.sporta.vn/san/san-bong-da-truong-dai-hoc-khoa-hoc","2026-10-04T13:27:49.280Z","2026-10-04","none","","","","",""
"VN_1043","Sân Cỏ Nhân Tạo Quan Triều","Quán Triều, Thái Nguyên","Cầu lông","no_public_price","","","","","","","none","https://www.sporta.vn/san/san-co-nhan-tao-quan-trieu","2026-10-04T13:27:49.331Z","2026-10-04","none","","","","",""
"VN_1044","Sân cỏ nhân tạo Quang Vinh","JR58+GPR, Quang Vinh, Thái Nguyên","Cầu lông","no_public_price","","","","","","","none","https://www.sporta.vn/san/san-co-nhan-tao-quang-vinh","2026-10-04T13:27:49.498Z","2026-10-04","none","","","","",""
"VN_1045","Sân bóng nhân tạo trường ĐHKH Thái Nguyên","HRR5+2VH, Tân Thịnh, Thái Nguyên","Bóng đá","no_public_price","","","","","","","none","https://www.sporta.vn/san/san-bong-nhan-tao-truong-dhkh-thai-nguyen","2026-10-04T13:27:49.532Z","2026-10-04","none","","","","",""
"VN_1046","Sân cỏ nhân tạo Gia Sàng","463 Đ. Cách Mạng Tháng 8, Gia Sàng, Thái Nguyên","Cầu lông","no_public_price","","","","","","","none","https://www.sporta.vn/san/san-co-nhan-tao-gia-sang","2026-10-04T13:27:49.595Z","2026-10-04","none","","","","",""
"VN_1047","Sân bóng nhân tạo Phương Nam","578 QL3, Hồng Tiến, Thái Nguyên","Bóng đá","no_public_price","","","","","","","none","https://www.sporta.vn/san/san-bong-nhan-tao-phuong-nam","2026-10-04T13:27:49.532Z","2026-10-04","none","","","","",""
"VN_1048","Sân cỏ nhân tạo 8x","Trung tâm văn hoá thể thao huyện phú bình, Thái Nguyên","Cầu lông","no_public_price","","","","","","","none","https://www.sporta.vn/san/san-co-nhan-tao-8x7e29","2026-10-04T13:27:49.779Z","2026-10-04","none","","","","",""
"VN_1049","Sân bóng Toàn Tâm","Phường Chùa Hang, Thái Nguyên","Bóng đá","no_public_price","","","","","","","none","https://www.sporta.vn/san/san-bong-toan-tam","2026-10-04T13:27:49.743Z","2026-10-04","none","","","","",""
"VN_1050","Sân vận động Gang Thép","GVQC+HQG, Lưu Nhân Chú, Trung Thành, Thái Nguyên","Cầu lông","no_public_price","","","","","","","none","https://www.sporta.vn/san/san-van-dong-gang-thep","2026-10-04T13:27:49.946Z","2026-10-04","none","","","","",""
"VN_1051","Sân bóng Picenza Thái Nguyên","Khu đô thị Picenza, Plaza, Đồng Bẩm, Thái Nguyên","Bóng đá","no_public_price","","","","","","","none","https://www.sporta.vn/san/san-bong-picenza-thai-nguyen","2026-10-04T13:27:49.815Z","2026-10-04","none","","","","",""
"VN_1052","Sân bóng nhân tạo trường THPT Ngô Quyền","HR85+58P, Thịnh Đán, Thái Nguyên","Bóng đá","no_public_price","","","","","","","none","https://www.sporta.vn/san/san-bong-nhan-tao-truong-thpt-ngo-quyen","2026-10-04T13:27:49.795Z","2026-10-04","none","","","","",""
"VN_1053","Sân Bóng Quang Minh 2","HRWG+WCF, Hàng Văn Thụ0, Thái Nguyên","Bóng đá","no_public_price","","","","","","","none","https://www.sporta.vn/san/san-bong-quang-minh-2","2026-10-04T13:27:49.794Z","2026-10-04","none","","","","",""
"VN_1054","Sân CNTT","xã Quyết Thắng, Thái Nguyên","Cầu lông","no_public_price","","","","","","","none","https://www.sporta.vn/san/san-cntt","2026-10-04T13:27:49.984Z","2026-10-04","none","","","","",""
"VN_1055","Toàn Tâm","Tổ 10 Phường Chùa Hang, Thái Nguyên","Cầu lông","no_public_price","","","","","","","none","https://www.sporta.vn/san/toan-tam","2026-10-04T13:27:50.015Z","2026-10-04","none","","","","",""
"VN_1056","Sân bóng Công nghệ Thông tin","Xã Quyết Thắng, Thái Nguyên","Bóng đá","no_public_price","","","","","","","none","https://www.sporta.vn/san/san-bong-cong-nghe-thong-tin","2026-10-04T13:27:49.959Z","2026-10-04","none","","","","",""
"VN_1057","Sân cỏ nhân tạo Thái Hưng","HR9X+XPP, Gia Sàng, Thái Nguyên","Cầu lông","no_public_price","","","","","","","none","https://www.sporta.vn/san/san-co-nhan-tao-thai-hung","2026-10-04T13:27:50.040Z","2026-10-04","none","","","","",""
"VN_1058","Sân Đá Bóng Mini Sao Mai","69R4+P69, QL60, Thái Nguyên","Bóng đá","no_public_price","","","","","","","none","https://www.sporta.vn/san/san-da-bong-mini-sao-mai","2026-10-04T13:27:50.265Z","2026-10-04","none","","","","",""
"VN_1059","Sân bóng Anh Tú","GQRX+RGM, Thịnh Đức, Thái Nguyên","Bóng đá","no_public_price","","","","","","","none","https://www.sporta.vn/san/san-bong-anh-tu","2026-10-04T13:27:50.647Z","2026-10-04","none","","","","",""
"VN_1060","Sân VĐ Thái Nguyên","Phúc Trìu, Thái Nguyên","Cầu lông","no_public_price","","","","","","","none","https://www.sporta.vn/san/san-vd-thai-nguyen","2026-10-04T13:27:50.286Z","2026-10-04","none","","","","",""
"VN_1061","Sân bóng nhân tạo trường ĐHNL Thái Nguyên","HRW6+H8, Quyết Thắng, Thái Nguyên","Bóng đá","no_public_price","","","","","","","none","https://www.sporta.vn/san/san-bong-nhan-tao-truong-dhnl-thai-nguyen","2026-10-04T13:27:50.280Z","2026-10-04","none","","","","",""
"VN_1062","Việt thắng ","Nam cường , Nam Định","Cầu lông","no_public_price","","","","","","","none","https://www.sporta.vn/san/viet-thang","2026-10-04T13:27:50.266Z","2026-10-04","none","","","","",""
"VN_1063","SÂN BÓNG HAI GIÁP","XÓM 20 XÃ HẢI ANH, Nam Định","Bóng đá","no_public_price","","","","","","","none","https://www.sporta.vn/san/san-bong-hai-giap","2026-10-04T13:27:50.533Z","2026-10-04","none","","","","",""
"VN_1064","Tân Dân Phú Pickleball - Trường Cao Đẳng xây dựng, Quốc lộ 10, Nam Định","Trường Cao Đẳng xây dựng, Quốc lộ 10, Nam Định","Pickleball","no_public_price","","","","","","","none","https://www.sporta.vn/san/tan-dan-phu-pickleball-truong-cao-dang-xay-dung--quoc-lo-10--nam-dinh","2026-10-04T13:27:50.520Z","2026-10-04","none","","","","",""
"VN_1065","Sân Trung Tâm Nam Định - 445 Đặng Xuân Bảng","445 Đặng Xuân Bảng, Nam Định","Pickleball","curated_public_price","unknown","","","70000","140000","60","price_range_only","https://shopvnb.com/san-pickleball-nam-dinh.html","2026-10-03T08:30:40.912Z","2026-10-03","medium","Giá tham khảo công khai; đã đối chiếu tên và địa chỉ. Chưa xác nhận giá đang áp dụng; nguồn không phân ngày/giờ.","court_hour","approximate","Pickleball","public_source_matched"
"VN_1066","Double T pickleball -  25 Nguyễn Trãi","25 Nguyễn Trãi, Nam Định","Pickleball","curated_public_price","unknown","","","110000","170000","60","price_range_only","https://shopvnb.com/san-pickleball-double-t.html","2026-10-03T08:29:05.653Z","2026-10-03","medium","Giá tham khảo công khai; đã đối chiếu tên và địa chỉ. Chưa xác nhận giá đang áp dụng; nguồn không phân ngày/giờ.","court_hour","approximate","Pickleball","public_source_matched"
"VN_1067","Sân bóng đá Công viên các Hoàng Tử - Lã Vọng","139 Trần Nhân Tông, Nam Định","Bóng đá","no_public_price","","","","","","","none","https://www.sporta.vn/san/san-bong-da-cong-vien-cac-hoang-tu-la-vong","2026-10-04T13:27:50.765Z","2026-10-04","none","","","","",""
"VN_1068","Xuân Trường Picleball - Tổ 3, TT. Xuân Trường","Tổ 3, Nam Định","Pickleball","no_public_price","","","","","","","none","https://www.sporta.vn/san/xuan-truong-picleball-to-3--tt--xuan-truong","2026-10-04T13:27:50.863Z","2026-10-04","none","","","","",""
"VN_1069","Sân Bóng Lộc Hoà","Đối Diện UBND Phường Lộc Hoà, Nam Định","Bóng đá","no_public_price","","","","","","","none","https://www.sporta.vn/san/san-bong-loc-hoa","2026-10-04T13:27:50.778Z","2026-10-04","none","","","","",""
"VN_1070","Sân Bóng Xóm Hòa Bình","9WWP+9FH, Hòa Bình, Nam Định","Bóng đá","no_public_price","","","","","","","none","https://www.sporta.vn/san/san-bong-xom-hoa-binh","2026-10-04T13:27:50.847Z","2026-10-04","none","","","","",""
"VN_1071","Nam Sông Đào Pickleball - 121 Lạc Long Quân","121 Lạc Long Quân, Nam Định","Pickleball","curated_public_price","unknown","","","50000","140000","60","price_range_only","https://shopvnb.com/san-pickleball-nam-song-dao.html","2026-10-03T08:27:34.399Z","2026-10-03","medium","Giá tham khảo công khai; đã đối chiếu tên và địa chỉ. Chưa xác nhận giá đang áp dụng; nguồn không phân ngày/giờ.","court_hour","approximate","Pickleball","public_source_matched"
"VN_1072","Nghĩa Hưng Pickleball - Trung tâm sân vận động huyện Nghĩa Hưng","Trung tâm sân vận động huyện Nghĩa Hưng, Nam Định","Pickleball","curated_public_price","unknown","","","80000","130000","60","price_range_only","https://shopvnb.com/san-pickleball-nghia-hung.html","2026-10-03T08:29:28.801Z","2026-10-03","medium","Giá tham khảo công khai; đã đối chiếu tên và địa chỉ. Chưa xác nhận giá đang áp dụng; nguồn không phân ngày/giờ.","court_hour","approximate","Pickleball","public_source_matched"
"VN_1073","Sơn Nam Plaza Pickleball - Đường Phạm Ngũ Lão","Đường Phạm Ngũ Lão, Hưng Yên","Pickleball","no_public_price","","","","","","","none","https://www.sporta.vn/san/son-nam-plaza-pickleball-duong-pham-ngu-lao","2026-10-04T13:27:51.138Z","2026-10-04","none","","","","",""
"VN_1074","Sân bóng Đạo Khê","V2CH+GX2, Đạo Khê, Hưng Yên","Bóng đá","no_public_price","","","","","","","none","https://www.sporta.vn/san/san-bong-dao-khe","2026-10-04T13:27:51.103Z","2026-10-04","none","","","","",""
"VN_1075","Sân bóng HKPL Yên Mỹ","W22Q+C2, Thanh Long, Hưng Yên","Bóng đá","no_public_price","","","","","","","none","https://www.sporta.vn/san/san-bong-hkpl-yen-my","2026-10-04T13:27:51.137Z","2026-10-04","none","","","","",""
"VN_1076","Sân Đức Long","Nguyễn Văn Linh, Hưng Yên","Cầu lông","no_public_price","","","","","","","none","https://www.sporta.vn/san/san-duc-long","2026-10-04T13:27:51.226Z","2026-10-04","none","","","","",""
"VN_1077","Sân Bóng Minh Phương","XXGQ+WQF, Đình Dù, Hưng Yên","Bóng đá","no_public_price","","","","","","","none","https://www.sporta.vn/san/san-bong-minh-phuong","2026-10-04T13:27:51.110Z","2026-10-04","none","","","","",""
"VN_1078","Sân bóng trong nhà PVF","WWGV+GWR, Liên Nghĩa, Hưng Yên","Bóng đá","no_public_price","","","","","","","none","https://www.sporta.vn/san/san-bong-trong-nha-pvf","2026-10-04T13:27:51.332Z","2026-10-04","none","","","","",""
"VN_1079","SÂN VẬN ĐỘNG XÃ HƯNG LONG","V3QX+MF6, Thon Phu Son, Hưng Yên","Cầu lông","no_public_price","","","","","","","none","https://www.sporta.vn/san/san-van-dong-xa-hung-long","2026-10-04T13:27:51.293Z","2026-10-04","none","","","","",""
"VN_1080","Sân bóng Ninh Phong","VXPP+WMW, Yên Phú, Hưng Yên","Bóng đá","no_public_price","","","","","","","none","https://www.sporta.vn/san/san-bong-ninh-phong","2026-10-04T13:27:51.330Z","2026-10-04","none","","","","",""
"VN_1081","SÂN BÓNG CHÙA NÔM","Xã Đại Đồng, Hưng Yên","Bóng đá","curated_public_price","unknown","","","300000","800000","","price_range_only","https://diadiem247.com/hung-yen/san-bong-da-mini-chua-nom-l371306.html","2026-10-03T08:29:38.585Z","2026-10-03","low","Giá tham khảo công khai; đã đối chiếu tên và địa chỉ. Chưa xác nhận giá đang áp dụng; nguồn không phân ngày/giờ.","court_unknown_duration","approximate","Bóng đá","public_source_matched"
"VN_1082","Sân bóng Tú Nam","W3M8+5H8, Phố Nối, Hưng Yên","Bóng đá","curated_public_price","unknown","","","200000","400000","","price_range_only","https://diadiem247.com/hung-yen/san-bong-da-tu-nam-l371284.html","2026-10-03T08:29:42.103Z","2026-10-03","low","Giá tham khảo công khai; đã đối chiếu tên và địa chỉ. Chưa xác nhận giá đang áp dụng; nguồn không phân ngày/giờ.","court_unknown_duration","approximate","Bóng đá","public_source_matched"
"VN_1083","Pickaboo Pickleball Rùng Cọ - Tòa E2 - Rừng Cọ Khu Đô thị Ecopark","Tòa E2 - Rừng Cọ Khu Đô thị Ecopark, Hưng Yên","Pickleball","no_public_price","","","","","","","none","https://www.sporta.vn/san/pickaboo-pickleball-rung-co-toa-e2-rung-co-khu-do-thi-ecopark","2026-10-04T13:27:51.531Z","2026-10-04","none","","","","",""
"VN_1084","Sân bóng Thủy lợi, Cơ sở Hưng Yên","M4P2+44C, An Viên, Hưng Yên","Bóng đá","curated_public_price","unknown","","","300000","800000","","price_range_only","https://diadiem247.com/hung-yen/san-bong-dai-hoc-thuy-loi-co-so-hung-yen-l371309.html","2026-10-03T08:29:37.686Z","2026-10-03","low","Giá tham khảo công khai; đã đối chiếu tên và địa chỉ. Chưa xác nhận giá đang áp dụng; nguồn không phân ngày/giờ.","court_unknown_duration","approximate","Bóng đá","public_source_matched"
"VN_1085","Sân Bóng Hoàng Anh","Lạc Đạo, Hưng Yên","Bóng đá","no_public_price","","","","","","","none","https://www.sporta.vn/san/san-bong-hoang-anh","2026-10-04T13:27:51.865Z","2026-10-04","none","","","","",""
"VN_1086","Sân bóng đá Ecopark","Thủy Nguyên, Hưng Yên","Bóng đá","no_public_price","","","","","","","none","https://www.sporta.vn/san/san-bong-da-ecopark","2026-10-04T13:27:51.646Z","2026-10-04","none","","","","",""
"VN_1087","Sân bóng Tam Kỳ - Nghĩa Trụ","XX3R+2C4, Nghĩa Trụ, Hưng Yên","Bóng đá","no_public_price","","","","","","","none","https://www.sporta.vn/san/san-bong-tam-ky-nghia-tru","2026-10-04T13:27:51.621Z","2026-10-04","none","","","","",""
"VN_1088","Sân bóng lạc hồng","X278+GGM, Thôn Nhạc Miếu, Xã, Lạc Hồng, Hưng Yên","Bóng đá","no_public_price","","","","","","","none","https://www.sporta.vn/san/san-bong-lac-hong","2026-10-04T13:27:51.566Z","2026-10-04","none","","","","",""
"VN_1089","Sân Bóng Đá Mỹ Yên","Đường Mỹ Yên - Tân Bửu, Hưng Yên","Bóng đá","no_public_price","","","","","","","none","https://www.sporta.vn/san/san-bong-da-my-yen","2026-10-04T13:27:53.242Z","2026-10-04","none","","","","",""
"VN_1090","Sân Huyện Văn Lâm","Huyện văn lâm, Hưng Yên","Cầu lông","no_public_price","","","","","","","none","https://www.sporta.vn/san/san-huyen-van-lam","2026-10-04T13:27:51.766Z","2026-10-04","none","","","","",""
"VN_1091","Long Hưng Pickleball - Tỉnh lộ 379","Tỉnh lộ 379, Hưng Yên","Pickleball","curated_public_price","unknown","","","110000","210000","60","price_range_only","https://shopvnb.com/san-pickleball-long-hung.html","2026-10-03T08:26:41.243Z","2026-10-03","medium","Giá tham khảo công khai; đã đối chiếu tên và địa chỉ. Chưa xác nhận giá đang áp dụng; nguồn không phân ngày/giờ.","court_hour","approximate","Pickleball","public_source_matched"
"VN_1092","Sân bóng trường Bần Yên Nhân","W2RR+VXR, Thôn, TT. Bần Yên Nhân, Hưng Yên","Bóng đá","no_public_price","","","","","","","none","https://www.sporta.vn/san/san-bong-truong-ban-yen-nhan","2026-10-04T13:27:51.860Z","2026-10-04","none","","","","",""
"VN_1093","Eco Up Pickleball - Khu Thuỷ Nguyên, KĐT Ecopark","Khu Thuỷ Nguyên, KĐT Ecopark, Hưng Yên","Pickleball","no_public_price","","","","","","","none","https://www.sporta.vn/san/eco-up-pickleball-khu-thuy-nguyen--kdt-ecopark","2026-10-04T13:27:51.863Z","2026-10-04","none","","","","",""
"VN_1094","Sân bóng Hoàng Minh Phố Xuôi","M45X+P8C, Thuỵ Lôi, Hưng Yên","Bóng đá","no_public_price","","","","","","","none","https://www.sporta.vn/san/san-bong-hoang-minh-pho-xuoi","2026-10-04T13:27:52.013Z","2026-10-04","none","","","","",""
"VN_1095","Sân bóng trường DHSPKT Hưng Yên","R2W5+3CW, QL39A, Dân Tiến, Hưng Yên","Bóng đá","no_public_price","","","","","","","none","https://www.sporta.vn/san/san-bong-truong-dhspkt-hung-yen","2026-10-04T13:27:52.060Z","2026-10-04","none","","","","",""
"VN_1096","Sân Bóng Giai Phạm","102 Đường Nguyễn Bình, Nhân Hoà, Hưng Yên","Bóng đá","no_public_price","","","","","","","none","https://www.sporta.vn/san/san-bong-giai-pham","2026-10-04T13:27:52.014Z","2026-10-04","none","","","","",""
"VN_1097","Sân vận động Cơ sở Phố Hiến","M4P2+33V, An Viên, Hưng Yên","Cầu lông","no_public_price","","","","","","","none","https://www.sporta.vn/san/san-van-dong-co-so-pho-hien","2026-10-04T13:27:52.060Z","2026-10-04","none","","","","",""
"VN_1098","Sân bóng trung đạo","V27Q+M47, Unnamed Road, Trung Đạo, Hưng Yên","Bóng đá","no_public_price","","","","","","","none","https://www.sporta.vn/san/san-bong-trung-dao","2026-10-04T13:27:52.030Z","2026-10-04","none","","","","",""
"VN_1099","Sân Bóng Chùa Nôm","X3RJ+3G3, Đường Chùa Nôm Xã, Đại Đồng, Hưng Yên","Bóng đá","curated_public_price","unknown","","","300000","800000","","price_range_only","https://diadiem247.com/hung-yen/san-bong-da-mini-chua-nom-l371306.html","2026-10-03T08:29:38.585Z","2026-10-03","low","Khớp Chùa Nôm và đường Chùa Nôm, Đại Đồng. Có khả năng trùng cơ sở VN_1081; độ phủ đếm mã dữ liệu.","court_unknown_duration","approximate","Bóng đá","public_source_matched"
"VN_1100","Sân bóng TPG - Yên Mỹ","V2RW+5W4, ĐT200, Tân Lập, Hưng Yên","Bóng đá","curated_public_price","unknown","","","300000","700000","","price_range_only","https://diadiem247.com/hung-yen/san-bong-tpg-yen-my-l371313.html","2026-10-03T08:29:35.922Z","2026-10-03","low","Giá tham khảo công khai; đã đối chiếu tên và địa chỉ. Chưa xác nhận giá đang áp dụng; nguồn không phân ngày/giờ.","court_unknown_duration","approximate","Bóng đá","public_source_matched"
"VN_1101","Sân vận động thành phố Hải Dương","Đại lộ Hồ Chí Minh, Hải Dương","Cầu lông","no_public_price","","","","","","","none","https://www.sporta.vn/san/san-vd-tp-hai-duong","2026-10-04T13:27:52.330Z","2026-10-04","none","","","","",""
"VN_1102","Ecopark Hải Dương","Khu đô thị Ecopark Hải Dương, Hải Dương","Cầu lông","no_public_price","","","","","","","none","https://www.sporta.vn/san/ecopark-hai-duong9361","2026-10-04T13:27:52.284Z","2026-10-04","none","","","","",""
"VN_1103","Sân bóng đá Cỏ Nhân Tạo Huyện Tứ Kỳ","Thị trấn Tứ Kỳ - Huyện Tứ Kỳ - Tỉnh Hải Dương, Hải Dương","Bóng đá","no_public_price","","","","","","","none","https://www.sporta.vn/san/san-bong-da-co-nhan-tao-huyen-tu-ky","2026-10-04T13:27:52.318Z","2026-10-04","none","","","","",""
"VN_1104","Wonderland","Xã Bình Xuyên, Hải Dương","Cầu lông","no_public_price","","","","","","","none","https://www.sporta.vn/san/onderland","2026-10-04T13:27:52.406Z","2026-10-04","none","","","","",""
"VN_1105","Sân bóng Thành Đông","Đường Nguyễn Dữ, Khu đô thị mới Tuệ Tĩnh , Hải Dương","Cầu lông","curated_public_price","unknown","","","200000","700000","","price_range_only","https://diadiem247.com/hai-duong/san-bong-thanh-dong-hai-duong-l371275.html","2026-10-03T08:29:48.299Z","2026-10-03","low","Khớp Thành Đông tại Nguyễn Dữ/KĐT Tuệ Tĩnh. Không dùng giá sân Thành Đông Bravo tại KĐT Nam Hải Dương; khác cơ sở.","court_unknown_duration","approximate","Bóng đá","public_source_matched"
"VN_1106","Sân bóng Đô Lương","Đại lộ Trần Hưng Đạo, Hải Dương","Cầu lông","curated_public_price","unknown","","","500000","500000","","price_only","https://thegioithethao.vn/san-bong-do-luong-hai-duong-f-iT91A","2026-10-04T14:11:50.612Z","2026-10-04","low","Giá tham khảo công khai; đã đối chiếu tên và địa chỉ. Chưa xác nhận giá đang áp dụng; nguồn không phân ngày/giờ.","court_unknown_duration","approximate","Bóng đá","public_source_matched"
"VN_1107","Sân bóng Hồng Quang","Số 1 Phố Lê Thanh Nghĩ, Hải Dương","Bóng đá","no_public_price","","","","","","","none","https://www.sporta.vn/san/san-bong-hong-quang9211","2026-10-04T13:27:52.512Z","2026-10-04","none","","","","",""
"VN_1108","Sân bóng Vân Cốc","Vân Cốc, Bắc Giang","Bóng đá","no_public_price","","","","","","","none","https://www.sporta.vn/san/san-bong-van-coc","2026-10-04T13:27:52.698Z","2026-10-04","none","","","","",""
"VN_1109","Sân bóng đá xã Bắc Lý","7XV6+5W8, xóm Trung, Bắc Giang","Bóng đá","no_public_price","","","","","","","none","https://www.sporta.vn/san/san-bong-da-xa-bac-ly","2026-10-04T13:27:52.697Z","2026-10-04","none","","","","",""
"VN_1110","Sân bóng đá Ninh Khánh","64P4+GHJ, Hoàng Ninh, Bắc Giang","Bóng đá","no_public_price","","","","","","","none","https://www.sporta.vn/san/san-bong-da-ninh-khanh","2026-10-04T13:27:52.782Z","2026-10-04","none","","","","",""
"VN_1111","Sân bóng làng Trung","Bích Động Việt Yên Bắc Giang, Bắc Giang","Bóng đá","no_public_price","","","","","","","none","https://www.sporta.vn/san/san-bong-lang-trung","2026-10-04T13:27:52.913Z","2026-10-04","none","","","","",""
"VN_1112","Sân bóng Hương Tiến","Tdp4, phường Nham Biền, Bắc Giang","Bóng đá","no_public_price","","","","","","","none","https://www.sporta.vn/san/san-bong-huong-tien","2026-10-04T13:27:52.913Z","2026-10-04","none","","","","",""
"VN_1113","Sân bóng xã Ngọc Vân","928V+99J, Ngọc Vân, Bắc Giang","Bóng đá","no_public_price","","","","","","","none","https://www.sporta.vn/san/san-bong-xa-ngoc-van","2026-10-04T13:27:52.889Z","2026-10-04","none","","","","",""
"VN_1114","Sân Bắc Giang ","Bích Động , Bắc Giang","Cầu lông","no_public_price","","","","","","","none","https://www.sporta.vn/san/san-bac-giang2518","2026-10-04T13:27:53.080Z","2026-10-04","none","","","","",""
"VN_1115","Sân bóng Phù Đổng","Gdp trung nghĩa tt chũ lục ngạn bắc giang, Bắc Giang","Bóng đá","no_public_price","","","","","","","none","https://www.sporta.vn/san/san-bong-phu-dong","2026-10-04T13:27:53.381Z","2026-10-04","none","","","","",""
"VN_1116","Sân bóng Ngọ Khổng","Xã Châu Minh, Bắc Giang","Bóng đá","no_public_price","","","","","","","none","https://www.sporta.vn/san/san-bong-ngo-khongc508","2026-10-04T13:27:53.178Z","2026-10-04","none","","","","",""
"VN_1117","Sân bóng nhân tạo Nông Lâm","Trường đại học Nông Lâm Bắc Giang, thị trấn Bích Động, Bắc Giang","Bóng đá","no_public_price","","","","","","","none","https://www.sporta.vn/san/san-bong-nhan-tao-nong-lam","2026-10-04T13:27:53.206Z","2026-10-04","none","","","","",""
"VN_1118","Sân Bóng Khu 4 Trưng Vương","8CFG+V7F, Trưng Vương, Phú Thọ","Bóng đá","no_public_price","","","","","","","none","https://www.sporta.vn/san/san-bong-khu-4-trung-vuong","2026-10-04T13:27:53.192Z","2026-10-04","none","","","","",""
"VN_1119","Sân bóng đá mini núi Bà Đen","956G+WMF, khu phố, Phú Thọ","Bóng đá","no_public_price","","","","","","","none","https://www.sporta.vn/san/san-bong-da-mini-nui-ba-den","2026-10-04T13:27:53.312Z","2026-10-04","none","","","","",""
"VN_1120","Bể bơi RiverSide","ngõ 500 30 Tháng 6, Phú Thọ","Cầu lông","no_public_price","","","","","","","none","https://www.sporta.vn/san/be-boi-riverside","2026-10-04T13:27:53.446Z","2026-10-04","none","","","","",""
"VN_1121","Sân bóng Công an  Việt Trì","8C89+GW2, Trưng Vương, Phú Thọ","Bóng đá","no_public_price","","","","","","","none","https://www.sporta.vn/san/san-bong-cong-an-viet-tri","2026-10-04T13:27:53.331Z","2026-10-04","none","","","","",""
"VN_1122","Sân bóng Nam Việt Trì","8C8V+96, Sông Lô, Phú Thọ","Bóng đá","no_public_price","","","","","","","none","https://www.sporta.vn/san/san-bong-nam-viet-tri","2026-10-04T13:27:53.447Z","2026-10-04","none","","","","",""
"VN_1123","SÂN BÓNG ĐÁ AN LONG","22 An Bình, An Long, Phú Thọ","Bóng đá","no_public_price","","","","","","","none","https://www.sporta.vn/san/san-bong-da-an-long","2026-10-04T13:27:53.508Z","2026-10-04","none","","","","",""
"VN_1124","Sân bóng đá Tuấn Anh","2124 ĐL Hùng Vương, Nông Trang, Phú Thọ","Bóng đá","no_public_price","","","","","","","none","https://www.sporta.vn/san/san-bong-da-tuan-anh","2026-10-04T13:27:53.573Z","2026-10-04","none","","","","",""
"VN_1125","Sân Bóng Đền Hùng","98CP+G23, Hy Cương, Phú Thọ","Bóng đá","no_public_price","","","","","","","none","https://www.sporta.vn/san/san-bong-den-hung","2026-10-04T13:27:53.508Z","2026-10-04","none","","","","",""
"VN_1126","Sân bóng Lực Dani","Tổ 1 ấp 2, An Hoà, Phú Thọ","Bóng đá","no_public_price","","","","","","","none","https://www.sporta.vn/san/san-bong-luc-dani","2026-10-04T13:27:53.688Z","2026-10-04","none","","","","",""
"VN_1127","Sân thanh đình","K10 thanh đình , Phú Thọ","Cầu lông","no_public_price","","","","","","","none","https://www.sporta.vn/san/san-thanh-dinh","2026-10-04T13:27:53.687Z","2026-10-04","none","","","","",""
"VN_1128","Sân Bóng Minh Nông","899J+2HP, Minh Nông, Phú Thọ","Bóng đá","no_public_price","","","","","","","none","https://www.sporta.vn/san/san-bong-minh-nong","2026-10-04T13:27:53.710Z","2026-10-04","none","","","","",""
"VN_1129","Sân Cỏ Nhân Tạo Động Lực - Phú Thọ","Chu Hoá, Phú Thọ","Cầu lông","no_public_price","","","","","","","none","https://www.sporta.vn/san/san-co-nhan-tao-dong-luc-phu-tho","2026-10-04T13:27:53.763Z","2026-10-04","none","","","","",""
"VN_1130","Sân vận động tỉnh Phú Thọ","Đ. Hùng Vương, Ph.Thọ Sơn, Phú Thọ","Cầu lông","no_public_price","","","","","","","none","https://www.sporta.vn/san/san-van-dong-tinh-phu-tho","2026-10-04T13:27:53.864Z","2026-10-04","none","","","","",""
"VN_1131","Sân bóng tổ 7 khu 4 xã thanh đình","Unnamed, Road, Phú Thọ","Bóng đá","no_public_price","","","","","","","none","https://www.sporta.vn/san/san-bong-to-7-khu-4-xa-thanh-dinh","2026-10-04T13:27:53.765Z","2026-10-04","none","","","","",""
"VN_1132","sân bóng Vinaconex","Nghi Phan, Vĩnh Phúc","Bóng đá","no_public_price","","","","","","","none","https://www.sporta.vn/san/san-bong-vinaconex","2026-10-04T13:27:53.997Z","2026-10-04","none","","","","",""
"VN_1133","Sân bóng Sông Hồng Thủ Đô","8H2P+5WX, Tích Sơn, Vĩnh Phúc","Bóng đá","no_public_price","","","","","","","none","https://www.sporta.vn/san/san-bong-song-hong-thu-do","2026-10-04T13:27:53.910Z","2026-10-04","none","","","","",""
"VN_1134","SÂN BÓNG CHUYỀN TỔ LIÊN GIA SỐ 6","Nghách 5 Đường Đỗ Huy Thiều, Đôn Hậu, Vĩnh Phúc","Bóng đá","no_public_price","","","","","","","none","https://www.sporta.vn/san/san-bong-chuyen-to-lien-gia-so-6","2026-10-04T13:27:53.963Z","2026-10-04","none","","","","",""
"VN_1135","Sân bóng Chuyên Vĩnh Phúc","8J94+3CW, Liên Bảo, Vĩnh Phúc","Bóng đá","no_public_price","","","","","","","none","https://www.sporta.vn/san/san-bong-chuyen-vinh-phuc","2026-10-04T13:27:54.079Z","2026-10-04","none","","","","",""
"VN_1136","Sân bóng trung tâm","44 Lê Xoay, Ngô Quyền, Vĩnh Phúc","Bóng đá","no_public_price","","","","","","","none","https://www.sporta.vn/san/san-bong-trung-tam","2026-10-04T13:27:54.065Z","2026-10-04","none","","","","",""
"VN_1137","Sân Vận động Vinh","Đào Tấn, Cửa Nam, Vĩnh Phúc","Cầu lông","no_public_price","","","","","","","none","https://www.sporta.vn/san/san-van-dong-vinh","2026-10-04T13:27:54.163Z","2026-10-04","none","","","","",""
"VN_1138","Sân bóng Việt Đức","8JC3+JP9, Liên Bảo, Vĩnh Phúc","Bóng đá","no_public_price","","","","","","","none","https://www.sporta.vn/san/san-bong-viet-duc","2026-10-04T13:27:54.928Z","2026-10-04","none","","","","",""
"VN_1139","Sân bóng DIC STAR","7JRG+J5R, Quất Lưu, Vĩnh Phúc","Bóng đá","no_public_price","","","","","","","none","https://www.sporta.vn/san/san-bong-dic-star","2026-10-04T13:27:54.712Z","2026-10-04","none","","","","",""
"VN_1140","Sân Bóng Đá Dịch Đồng","DỊCH ĐỒNG, Đồng Cương, Vĩnh Phúc","Cầu lông","no_public_price","","","","","","","none","https://www.sporta.vn/san/san-bo-ng-da--di-ch-do-ng","2026-10-04T13:27:54.738Z","2026-10-04","none","","","","",""
"VN_1141","Sân bóng Phúc Hưng","7GRV+78J, Unnamed Road, Hợp Thịnh, Vĩnh Phúc","Bóng đá","no_public_price","","","","","","","none","https://www.sporta.vn/san/san-bong-phuc-hung","2026-10-04T13:27:54.711Z","2026-10-04","none","","","","",""
"VN_1142","Sân bóng đá Nhà Thiếu Nhi","8 Nguyễn Chí Thanh, Đống Đa, Vĩnh Phúc","Bóng đá","no_public_price","","","","","","","none","https://www.sporta.vn/san/san-bong-da-nha-thieu-nhi","2026-10-04T13:27:54.712Z","2026-10-04","none","","","","",""
"VN_1143","Sân bóng huyện Yên Lạc","6HPC+M94, TT., TT. Yên Lạc, Vĩnh Phúc","Bóng đá","no_public_price","","","","","","","none","https://www.sporta.vn/san/san-bong-huyen-yen-lac","2026-10-04T13:27:54.930Z","2026-10-04","none","","","","",""
"VN_1144","Sân bóng đá Riverbay","44 Lê Hữu Trác, Đống Đa, Vĩnh Phúc","Bóng đá","no_public_price","","","","","","","none","https://www.sporta.vn/san/san-bong-da-riverbay","2026-10-04T13:27:54.929Z","2026-10-04","none","","","","",""
"VN_1145","Sân bóng nam lê lợi","81 Chu Văn An, Lê Lợi, Vĩnh Phúc","Bóng đá","no_public_price","","","","","","","none","https://www.sporta.vn/san/san-bong-nam-le-loi","2026-10-04T13:27:55.034Z","2026-10-04","none","","","","",""
"VN_1146","Sân bóng Học Viện Kỹ Thuật Quân Sự-Liên Bảo-Vĩnh Yên","8J83+P4R, Nguyễn Văn Linh, Khu dân cư số 2, Vĩnh Phúc","Bóng đá","no_public_price","","","","","","","none","https://www.sporta.vn/san/san-bong-hoc-vien-ky-thuat-quan-sulien-baovinh-yen","2026-10-04T13:27:54.929Z","2026-10-04","none","","","","",""
"VN_1147","Sân bóng Thắng Trọc","Unnamed Road, Vĩnh Phúc","Bóng đá","no_public_price","","","","","","","none","https://www.sporta.vn/san/san-bong-thang-troc","2026-10-04T13:27:55.390Z","2026-10-04","none","","","","",""
"VN_1148","Sân Bóng Đại Học Vinh","MM5X+V94, Bến Thủy, Vĩnh Phúc","Bóng đá","no_public_price","","","","","","","none","https://www.sporta.vn/san/san-bong-dai-hoc-vinh","2026-10-04T13:27:55.250Z","2026-10-04","none","","","","",""
"VN_1149","Sân bóng chung cư Bảo Quân","8J7M+W34, Khai Quang, Vĩnh Phúc","Bóng đá","no_public_price","","","","","","","none","https://www.sporta.vn/san/san-bong-chung-cu-bao-quan","2026-10-04T13:27:55.663Z","2026-10-04","none","","","","",""
"VN_1150","Sân bóng Toà Án Tỉnh","15 Đ. Phú Yên, Nghi Phan, Vĩnh Phúc","Bóng đá","no_public_price","","","","","","","none","https://www.sporta.vn/san/san-bong-toa-an-tinh","2026-10-04T13:27:55.240Z","2026-10-04","none","","","","",""
"VN_1151","Sân bóng Trường Sơn","399 Lam Sơn, Đồng Tâm, Vĩnh Phúc","Bóng đá","no_public_price","","","","","","","none","https://www.sporta.vn/san/san-bong-truong-son","2026-10-04T13:27:55.201Z","2026-10-04","none","","","","",""
"VN_1152","Sân bóng Mậu Thông","7JWG+JCR, Mậu Thông, Vĩnh Phúc","Bóng đá","no_public_price","","","","","","","none","https://www.sporta.vn/san/san-bong-mau-thong","2026-10-04T13:27:55.229Z","2026-10-04","none","","","","",""
"VN_1153","Sân Bóng Đá Nam Hải","Cốc Lâm, Vĩnh Phúc","Bóng đá","no_public_price","","","","","","","none","https://www.sporta.vn/san/san-bong-da-nam-hai","2026-10-04T13:27:55.365Z","2026-10-04","none","","","","",""
"VN_1154","Sân Bóng Đồi Keo","8HJF+VH5, Khu Đồi M 0, Vĩnh Phúc","Bóng đá","no_public_price","","","","","","","none","https://www.sporta.vn/san/san-bong-doi-keo","2026-10-04T13:27:55.389Z","2026-10-04","none","","","","",""
"VN_1155","Sân bóng khải giàu","7G7R+839, Đồng Văn, Vĩnh Phúc","Bóng đá","no_public_price","","","","","","","none","https://www.sporta.vn/san/san-bong-khai-giau","2026-10-04T13:27:55.432Z","2026-10-04","none","","","","",""
"VN_1156","Sân Bóng Mini","8HJH+Q9C, Thanh Vân, Vĩnh Phúc","Bóng đá","no_public_price","","","","","","","none","https://www.sporta.vn/san/san-bong-mini","2026-10-04T13:27:55.598Z","2026-10-04","none","","","","",""
"VN_1157","Sân bóng công ty Doanh Gia","23 Ngõ 7 Nguyễn Tất Thành, Phường, Vĩnh Phúc","Bóng đá","no_public_price","","","","","","","none","https://www.sporta.vn/san/san-bong-cong-ty-doanh-gia","2026-10-04T13:27:55.581Z","2026-10-04","none","","","","",""
"VN_1158","Sân bóng H83","MMHR+C56, Ngách 3, Hưng Phúc, Vĩnh Phúc","Bóng đá","no_public_price","","","","","","","none","https://www.sporta.vn/san/san-bong-h83","2026-10-04T13:27:55.648Z","2026-10-04","none","","","","",""
"VN_1159","Sân bóng Nguyễn Trãi","105 Nguyễn Cảnh Hoan, Lê Lợi, Vĩnh Phúc","Bóng đá","no_public_price","","","","","","","none","https://www.sporta.vn/san/san-bong-nguyen-trai","2026-10-04T13:27:55.673Z","2026-10-04","none","","","","",""
"VN_1160","Sân bóng Vĩnh Thịnh","MMH6+22V, Nguyễn Xuân Linh, Đông Vĩnh, Vĩnh Phúc","Bóng đá","no_public_price","","","","","","","none","https://www.sporta.vn/san/san-bong-vinh-thinh","2026-10-04T13:27:55.664Z","2026-10-04","none","","","","",""
"VN_1161","Sân bóng Mậu Lâm","7JXC+WF9, Mậu Thông, Vĩnh Phúc","Bóng đá","no_public_price","","","","","","","none","https://www.sporta.vn/san/san-bong-mau-lam","2026-10-04T13:27:55.748Z","2026-10-04","none","","","","",""
"VN_1162","Sân bóng Sanji","8J27+M5, Khu đô thị Sông Hồng Thủ Đô, Vĩnh Phúc","Bóng đá","no_public_price","","","","","","","none","https://www.sporta.vn/san/san-bong-sanji","2026-10-04T13:27:55.912Z","2026-10-04","none","","","","",""
"VN_1163","Cung văn hoá thiếu nhi","Cung văn hoá thiếu nhi, Vĩnh Phúc","Cầu lông","no_public_price","","","","","","","none","https://www.sporta.vn/san/cung-van-hoa-thieu-nhi","2026-10-04T13:27:55.832Z","2026-10-04","none","","","","",""
"VN_1164","Chùa hà","Chùa hà, Vĩnh Phúc","Cầu lông","no_public_price","","","","","","","none","https://www.sporta.vn/san/chua-ha","2026-10-04T13:27:55.897Z","2026-10-04","none","","","","",""
"VN_1165","Sân bóng chuyền thôn Yên Vinh","17 Đường Trần Hữu Thung, Hưng Đông, Vĩnh Phúc","Bóng đá","no_public_price","","","","","","","none","https://www.sporta.vn/san/san-bong-chuyen-thon-yen-vinh","2026-10-04T13:27:55.964Z","2026-10-04","none","","","","",""
"VN_1166","Phúc An","Khu đô thị phúc sơn, thổ tang, vt, vp, Vĩnh Phúc","Cầu lông","no_public_price","","","","","","","none","https://www.sporta.vn/san/phuc-an","2026-10-04T13:27:55.865Z","2026-10-04","none","","","","",""
"VN_1167","Sân cỏ Mini F7","GC75+R87, Phường 7, Long An","Cầu lông","no_public_price","","","","","","","none","https://www.sporta.vn/san/san-co-mini-f7","2026-10-04T13:27:55.931Z","2026-10-04","none","","","","",""
"VN_1168","Sân Bóng Đá Tân Lân","QL50, Tân Lân, Long An","Bóng đá","no_public_price","","","","","","","none","https://www.sporta.vn/san/san-bong-da-tan-lan","2026-10-04T13:27:56.112Z","2026-10-04","none","","","","",""
"VN_1169","Sân bóng đá Bình An","GFHF+J44, Bình Lăng, Long An","Bóng đá","no_public_price","","","","","","","none","https://www.sporta.vn/san/san-bong-da-binh-an","2026-10-04T13:27:56.161Z","2026-10-04","none","","","","",""
"VN_1170","Nhà thi đấu tỉnh Long An","GCM5+XJG, Phường 2, Long An","Cầu lông","no_public_price","","","","","","","none","https://www.sporta.vn/san/nha-thi-dau-tinh-long-an","2026-10-04T13:27:56.046Z","2026-10-04","none","","","","",""
"VN_1171","Sân bóng mini Nhân","311 KDC ấp Nguyễn Rớt, Long An","Bóng đá","no_public_price","","","","","","","none","https://www.sporta.vn/san/san-bong-mini-nhan","2026-10-04T13:27:56.177Z","2026-10-04","none","","","","",""
"VN_1172","Sân bóng đá mini Rạng Đông","GCQ2+P8F, Phường 4, Long An","Bóng đá","no_public_price","","","","","","","none","https://www.sporta.vn/san/san-bong-da-mini-rang-dong","2026-10-04T13:27:56.329Z","2026-10-04","none","","","","",""
"VN_1173","Sân bóng đá mini Star Club","65 Nguyễn Thị Bảy, Phường 6, Long An","Bóng đá","no_public_price","","","","","","","none","https://www.sporta.vn/san/san-bong-da-mini-star-club","2026-10-04T13:27:56.341Z","2026-10-04","none","","","","",""
"VN_1174","Sân Banh Tân Tây","J7M4+5V4, Tân Tây, Long An","Cầu lông","no_public_price","","","","","","","none","https://www.sporta.vn/san/san-banh-tan-tay","2026-10-04T13:27:56.496Z","2026-10-04","none","","","","",""
"VN_1175","sân bóng Thanh Phương","GCQ2+G62, Phường 4, Long An","Bóng đá","no_public_price","","","","","","","none","https://www.sporta.vn/san/san-bong-thanh-phuong","2026-10-04T13:27:56.392Z","2026-10-04","none","","","","",""
"VN_1176","Sân Bóng Đá Mini Quả Bóng Vàng","62 Trịnh Quang Nghị, Phường 4, Long An","Bóng đá","no_public_price","","","","","","","none","https://www.sporta.vn/san/san-bong-da-mini-qua-bong-vang","2026-10-04T13:27:56.379Z","2026-10-04","none","","","","",""
"VN_1177","Sân bóng - Chính Thức","26 Đường số 278, Phường 7, Long An","Bóng đá","no_public_price","","","","","","","none","https://www.sporta.vn/san/san-bong-chinh-thuc","2026-10-04T13:27:56.543Z","2026-10-04","none","","","","",""
"VN_1178","Sân Bóng Đá Mini Chiến Thắng","GCQG+3GX, Phường 3, Long An","Bóng đá","no_public_price","","","","","","","none","https://www.sporta.vn/san/san-bong-da-mini-chien-thang","2026-10-04T13:27:57.221Z","2026-10-04","none","","","","",""
"VN_1179","Gia Huy sport","60 Trần Văn Chính, Phường 4, Long An","Cầu lông","no_public_price","","","","","","","none","https://www.sporta.vn/san/gia-huy-sport","2026-10-04T13:27:56.581Z","2026-10-04","none","","","","",""
"VN_1180","Sân Bóng Khu Đô Thị Lợi Bình Nhơn","G9VG+MGH, Lợi Bình Nhơn, Long An","Cầu lông","no_public_price","","","","","","","none","https://www.sporta.vn/san/san-bo-ng-khu-do-thi--lo-i-bi-nh-nhon","2026-10-04T13:27:56.613Z","2026-10-04","none","","","","",""
"VN_1181","Sân bóng Thời Đại","Unnamed Road, An Ninh Tây, Long An","Bóng đá","no_public_price","","","","","","","none","https://www.sporta.vn/san/san-bong-thoi-dai","2026-10-04T13:27:56.612Z","2026-10-04","none","","","","",""
"VN_1182","SÂN BÓNG BIỂN ĐÔNG","225 Nguyễn An Ninh, Phường 3, Long An","Bóng đá","no_public_price","","","","","","","none","https://www.sporta.vn/san/san-bong-bien-dong","2026-10-04T13:27:56.829Z","2026-10-04","none","","","","",""
"VN_1183","Sân Bóng HP Cần Đước","GJ63+4FR, QL50, Tân Lân, Long An","Bóng đá","no_public_price","","","","","","","none","https://www.sporta.vn/san/san-bong-hp-can-duoc","2026-10-04T13:27:56.682Z","2026-10-04","none","","","","",""
"VN_1184","Sân Bóng đá Mini Mỹ Đình Long An","10 Đặng Văn Truyện, Phường 5, Long An","Bóng đá","no_public_price","","","","","","","none","https://www.sporta.vn/san/san-bong-da-mini-my-dinh-long-an","2026-10-04T13:27:56.781Z","2026-10-04","none","","","","",""
"VN_1185","Sân bóng chuyền 3 con bướm","R2J8+6VV, Bình Hòa Tây, Long An","Bóng đá","no_public_price","","","","","","","none","https://www.sporta.vn/san/san-bong-chuyen-3-con-buom","2026-10-04T13:27:56.860Z","2026-10-04","none","","","","",""
"VN_1186","Sân bóng đá mini Milan","38A Nguyễn Minh Đường, Phường 4, Long An","Bóng đá","no_public_price","","","","","","","none","https://www.sporta.vn/san/san-bong-da-mini-milan","2026-10-04T13:27:56.914Z","2026-10-04","none","","","","",""
"VN_1187","Sân bóng tấn đạt","JGG9+MQ, Long Hiệp, Long An","Bóng đá","no_public_price","","","","","","","none","https://www.sporta.vn/san/san-bong-tan-dat","2026-10-04T13:27:56.946Z","2026-10-04","none","","","","",""
"VN_1188","Sân BÓNG ĐÁ và quán cà phê MINH ANH","50 Nguyễn Minh Đường, Phường 4, Long An","Bóng đá","no_public_price","","","","","","","none","https://www.sporta.vn/san/san-bong-da-va-quan-ca-phe-minh-anh","2026-10-04T13:27:56.973Z","2026-10-04","none","","","","",""
"VN_1189","Sân Vận Động Tân Trụ","GG84+2WC, TT. Tân Trụ, Long An","Cầu lông","no_public_price","","","","","","","none","https://www.sporta.vn/san/san-van-dong-tan-tru","2026-10-04T13:27:57.066Z","2026-10-04","none","","","","",""
"VN_1190","Sân đá banh Gò Vua","MGCC+VQH, Tân Bửu, Long An","Cầu lông","no_public_price","","","","","","","none","https://www.sporta.vn/san/san-da-banh-go-vua","2026-10-04T13:27:57.143Z","2026-10-04","none","","","","",""
"VN_1191","Sân bóng đá tân tiến","RC7X+PC2, Chợ, Long An","Bóng đá","no_public_price","","","","","","","none","https://www.sporta.vn/san/san-bong-da-tan-tien","2026-10-04T13:27:57.164Z","2026-10-04","none","","","","",""
"VN_1192","Sân bóng chuyền Ngọc Bảo","HF3G+JP, Quê Mỹ Thạnh, Long An","Bóng đá","no_public_price","","","","","","","none","https://www.sporta.vn/san/san-bong-chuyen-ngoc-bao","2026-10-04T13:27:57.144Z","2026-10-04","none","","","","",""
"VN_1193","Sân bóng chuyền Phường 5","HC38+58C, Phường 5, Long An","Bóng đá","no_public_price","","","","","","","none","https://www.sporta.vn/san/san-bong-chuyen-phuong-5","2026-10-04T13:27:57.143Z","2026-10-04","none","","","","",""
"VN_1194","Sân Bóng Đá Cỏ Nhân Tạo Cần Đước","GJ53+PCP, QL50, Tân Lân, Long An","Bóng đá","no_public_price","","","","","","","none","https://www.sporta.vn/san/san-bong-da-co-nhan-tao-can-duoc","2026-10-04T13:27:57.448Z","2026-10-04","none","","","","",""
"VN_1195","Sân cầu lông Minh Anh - Minh Anh Badminton Club","32A Xuân Hòa 1, Lợi Bình Nhơn, Long An","Cầu lông","curated_public_price","unknown","","","50000","50000","60","price_only","https://www.alobo.vn/san-cau-long-long-an-san-pickleball-long-an/","2026-10-03T08:17:21.579Z","2026-10-03","medium","Giá tham khảo công khai; đã đối chiếu tên và địa chỉ. Chưa xác nhận giá đang áp dụng; nguồn không phân ngày/giờ.","court_hour","approximate","Cầu lông","public_source_matched"
"VN_1196","Sân vận động Long An","44B Trương Định, Phường 2, Long An","Cầu lông","no_public_price","","","","","","","none","https://www.sporta.vn/san/san-van-dong-long-an","2026-10-04T13:27:57.464Z","2026-10-04","none","","","","",""
"VN_1197","Sân bóng Trương Đại Dũng","Ấp Luỹ, Xã Phước Lại, H. Cần Giuộc, Long An","Bóng đá","no_public_price","","","","","","","none","https://www.sporta.vn/san/san-bong-truong-dai-dung","2026-10-04T13:27:57.449Z","2026-10-04","none","","","","",""
"VN_1198","Sân Bóng Đá Mini Long Kim","Bến Lức Long An, Long An","Bóng đá","no_public_price","","","","","","","none","https://www.sporta.vn/san/san-bong-da-mini-long-kimd781","2026-10-04T13:27:57.355Z","2026-10-04","none","","","","",""
"VN_1199","Phương Nam Football","Ấp Tân thanh B,Xã Phước Lại, Long An","Bóng đá","no_public_price","","","","","","","none","https://www.sporta.vn/san/phuong-nam-football","2026-10-04T13:27:57.543Z","2026-10-04","none","","","","",""
"VN_1200","SÂN BÓNG ĐÁ ÔNG SÂU","JMCR+PX4, đê Ông Sâu, Ấp Phước Thới, Long An","Bóng đá","no_public_price","","","","","","","none","https://www.sporta.vn/san/san-bong-da-ong-sau","2026-10-04T13:27:57.617Z","2026-10-04","none","","","","",""
"VN_1201","Sân Banh Phương Trâm","HMX8+C5R, Tân Tập, Long An","Cầu lông","no_public_price","","","","","","","none","https://www.sporta.vn/san/san-banh-phuong-tram","2026-10-04T13:27:57.690Z","2026-10-04","none","","","","",""
"VN_1202","Sân Bóng Đá Quốc Anh","GMHF+86R, Đông Thành, Long An","Bóng đá","no_public_price","","","","","","","none","https://www.sporta.vn/san/san-bong-da-quoc-anh","2026-10-04T13:27:57.633Z","2026-10-04","none","","","","",""
"VN_1203","Sân Banh Long Thượng","JHRW+FX4, Long Thượng, Long An","Cầu lông","no_public_price","","","","","","","none","https://www.sporta.vn/san/san-banh-long-thuong","2026-10-04T13:27:57.723Z","2026-10-04","none","","","","",""
"VN_1204","Sân bóng đá Nhựt Trường","JH7V+GQ, Phước Hậu, Long An","Bóng đá","no_public_price","","","","","","","none","https://www.sporta.vn/san/san-bong-da-nhut-truong","2026-10-04T13:27:57.678Z","2026-10-04","none","","","","",""
"VN_1205","Sân bóng Milan","38 nguyễn minh đường, Long An","Bóng đá","no_public_price","","","","","","","none","https://www.sporta.vn/san/san-bong-milan","2026-10-04T13:27:57.816Z","2026-10-04","none","","","","",""
"VN_1206","Sân Bóng Mini Chelsea","Đinh Đức Thiện, Phước Lý, Long An","Bóng đá","no_public_price","","","","","","","none","https://www.sporta.vn/san/san-bong-mini-chelsea","2026-10-04T13:27:57.831Z","2026-10-04","none","","","","",""
"VN_1207","Sân bóng chuyền Cây Lựu","Sân bóng chuyền Cây Lựu, Long Thượng, Long An","Bóng đá","no_public_price","","","","","","","none","https://www.sporta.vn/san/san-bong-chuyen-cay-luu","2026-10-04T13:27:57.912Z","2026-10-04","none","","","","",""
"VN_1208","Sân bóng an khang","GMQ6+89F, ĐT19, Long Phụng, Long An","Bóng đá","no_public_price","","","","","","","none","https://www.sporta.vn/san/san-bong-an-khang","2026-10-04T13:27:57.931Z","2026-10-04","none","","","","",""
"VN_1209","Sân Banh Vui Khỏe","HMX6+4JM, QL50, Trương Bình, Long An","Cầu lông","no_public_price","","","","","","","none","https://www.sporta.vn/san/san-banh-vui-khoe","2026-10-04T13:27:57.931Z","2026-10-04","none","","","","",""
"VN_1210","Sân banh Vạn Lợi","Phước Lâm, Long An","Cầu lông","no_public_price","","","","","","","none","https://www.sporta.vn/san/san-banh-van-loi","2026-10-04T13:27:58.227Z","2026-10-04","none","","","","",""
"VN_1211","Sân bóng đá Hồng Nguyên Phát","Ap Bac, Long An","Bóng đá","no_public_price","","","","","","","none","https://www.sporta.vn/san/san-bong-da-hong-nguyen-phat","2026-10-04T13:27:57.997Z","2026-10-04","none","","","","",""
"VN_1212","Sân Bóng 5sao","JHWM+478, Phước Lý, Long An","Bóng đá","no_public_price","","","","","","","none","https://www.sporta.vn/san/san-bong-5sao","2026-10-04T13:27:58.167Z","2026-10-04","none","","","","",""
"VN_1213","Sân cầu lông Phước Vĩnh Tây","HMGJ+GG6, Phước Vĩnh Tây, Long An","Cầu lông","no_public_price","","","","","","","none","https://www.sporta.vn/san/san-cau-long-phuoc-vinh-tay","2026-10-04T13:27:58.287Z","2026-10-04","none","","","","",""
"VN_1214","Sân vận động Vĩnh Hưng","VQQP+RF2, Thị trấn Vĩnh Hưng, Long An","Cầu lông","no_public_price","","","","","","","none","https://www.sporta.vn/san/san-van-dong-vinh-hung","2026-10-04T13:27:58.064Z","2026-10-04","none","","","","",""
"VN_1215","Sân bóng đá mini đông an","1013 ấp Đông An, Phước Vĩnh Đông, Long An","Bóng đá","no_public_price","","","","","","","none","https://www.sporta.vn/san/san-bong-da-mini-dong-an","2026-10-04T13:27:58.135Z","2026-10-04","none","","","","",""
"VN_1216","San Bong Long Thuong","JHRW+6WJ, Long Thượng, Long An","Bóng đá","no_public_price","","","","","","","none","https://www.sporta.vn/san/san-bong-long-thuong","2026-10-04T13:27:58.287Z","2026-10-04","none","","","","",""
"VN_1217","Sân Bóng Đá Út Hiền","JM7M+PX, Phước Lại, Long An","Bóng đá","no_public_price","","","","","","","none","https://www.sporta.vn/san/san-bong-da-ut-hien","2026-10-04T13:27:58.562Z","2026-10-04","none","","","","",""
"VN_1218","Sân Bóng Hòa Bình","W99P+C62, Tỉnh Lộ 10, ấp Sò Đo, Long An","Bóng đá","no_public_price","","","","","","","none","https://www.sporta.vn/san/san-bong-hoa-binh","2026-10-04T13:27:58.476Z","2026-10-04","none","","","","",""
"VN_1219","Sân bóng đá mini 68","Ấp 3 Xã Nhị Thành Huyện Thủ Thừa, Long An","Bóng đá","no_public_price","","","","","","","none","https://www.sporta.vn/san/san-bong-da-mini-68","2026-10-04T13:27:58.576Z","2026-10-04","none","","","","",""
"VN_1220","Sân bóng đá Thành Đạt","250 Ấp Long Thạnh, ba, xã, Long An","Bóng đá","no_public_price","","","","","","","none","https://www.sporta.vn/san/san-bong-da-thanh-dat","2026-10-04T13:27:58.760Z","2026-10-04","none","","","","",""
"VN_1221","Sân bóng Trường THPT Chuyên Tiền Giang","983M+PGP, Trung An, Tiền Giang","Bóng đá","no_public_price","","","","","","","none","https://www.sporta.vn/san/san-bong-truong-thpt-chuyen-tien-giang","2026-10-04T13:27:58.531Z","2026-10-04","none","","","","",""
"VN_1222","Sân Bóng Đá MiNi Long Hòa","99Q9+265, Đ. Sơn Nam, Lương Hoà Lạc, Tiền Giang","Bóng đá","no_public_price","","","","","","","none","https://www.sporta.vn/san/san-bong-da-mini-long-hoa","2026-10-04T13:27:58.525Z","2026-10-04","none","","","","",""
"VN_1223","Sân Vận động tỉnh Tiền Giang","1 Phan Lương Trực, Phường 6, Tiền Giang","Cầu lông","no_public_price","","","","","","","none","https://www.sporta.vn/san/san-van-dong-tinh-tien-giang","2026-10-04T13:27:58.683Z","2026-10-04","none","","","","",""
"VN_1224","Sân cỏ nhân tạo NHỊP SỐNG SÂN PHỦI","145 Trần Ngọc Giải, Phường 6, Tiền Giang","Cầu lông","no_public_price","","","","","","","none","https://www.sporta.vn/san/san-co-nhan-tao-nhip-song-san-phui","2026-10-04T13:27:58.825Z","2026-10-04","none","","","","",""
"VN_1225","Sân Thuỷ Tây","222 Thuỷ Tây Cai Lậy Tiền Giang, Tiền Giang","Cầu lông","no_public_price","","","","","","","none","https://www.sporta.vn/san/san-thuy-tay","2026-10-04T13:27:58.855Z","2026-10-04","none","","","","",""
"VN_1226","CLB Pickleball Mỹ Tho - Tiền Giang","Gần 1 Lý Thường Kiệt, Phường 5, Tiền Giang","Pickleball","no_public_price","","","","","","","none","https://www.sporta.vn/san/clb-pickleball-my-tho-tien-giang","2026-10-04T13:27:58.855Z","2026-10-04","none","","","","",""
"VN_1227","biển  tân thành","câu muống, Tiền Giang","Cầu lông","no_public_price","","","","","","","none","https://www.sporta.vn/san/bie-n-tan-tha-nh","2026-10-04T13:27:58.736Z","2026-10-04","none","","","","",""
"VN_1228","Sân banh Tân Mỹ Chánh","993W+4CJ, Tân Mỹ Chánh, Tiền Giang","Cầu lông","no_public_price","","","","","","","none","https://www.sporta.vn/san/san-banh-tan-my-chanh","2026-10-04T13:27:59.026Z","2026-10-04","none","","","","",""
"VN_1229","Sân bóng mini Văn Nam","Mai Thị Út, Tân Bình, Tiền Giang","Bóng đá","no_public_price","","","","","","","none","https://www.sporta.vn/san/san-bong-mini-van-nam","2026-10-04T13:27:59.025Z","2026-10-04","none","","","","",""
"VN_1230","Sân Đá Banh Mini Lâm Tuấn","986W+3VR, Tập Đoàn, Tiền Giang","Cầu lông","no_public_price","","","","","","","none","https://www.sporta.vn/san/san-da-banh-mini-lam-tuan","2026-10-04T13:27:59.092Z","2026-10-04","none","","","","",""
"VN_1231","Sân Bóng Đá Cửu Long FC","Bình Phong, Tân Mỹ Chánh, Tiền Giang","Cầu lông","no_public_price","","","","","","","none","https://www.sporta.vn/san/san-bo-ng-da--cu-u-long-fc","2026-10-04T13:27:59.041Z","2026-10-04","none","","","","",""
"VN_1232","Sân Bóng Đá Cỏ Nhân Tạo Thanh Tâm","Tam Bình, Tiền Giang","Bóng đá","no_public_price","","","","","","","none","https://www.sporta.vn/san/san-bong-da-co-nhan-tao-thanh-tam","2026-10-04T13:27:59.162Z","2026-10-04","none","","","","",""
"VN_1233","Sân Bóng Đá Mini Bình Sport FC","200 Nguyễn Thị Thập, Trung An, Tiền Giang","Bóng đá","no_public_price","","","","","","","none","https://www.sporta.vn/san/san-bong-da-mini-binh-sport-fc","2026-10-04T13:27:59.340Z","2026-10-04","none","","","","",""
"VN_1234","Sân bóng chuyền 3 Jonh( Tùng Ngôn)","127, Mỹ Tịnh An, Tiền Giang","Bóng đá","no_public_price","","","","","","","none","https://www.sporta.vn/san/san-bong-chuyen-3-jonh--tung-ngon-","2026-10-04T13:27:59.158Z","2026-10-04","none","","","","",""
"VN_1235","Sân bóng Phú Mỹ Sport","G8QG+R42, Phú Mỹ, Tiền Giang","Bóng đá","no_public_price","","","","","","","none","https://www.sporta.vn/san/san-bong-phu-my-sport","2026-10-04T13:27:59.275Z","2026-10-04","none","","","","",""
"VN_1236","Sân bóng đá mini Biển Tân Thành","Cầu Muông Tân Thành, Tiền Giang","Bóng đá","no_public_price","","","","","","","none","https://www.sporta.vn/san/san-bong-da-mi-ni-biien-tan-thanh","2026-10-04T13:27:59.339Z","2026-10-04","none","","","","",""
"VN_1237","Sân Bóng Thanh Xuân","Hoà Tịnh, Chợ Gạo, Tiền Giang, Việt Nam, Tiền Giang","Bóng đá","no_public_price","","","","","","","none","https://www.sporta.vn/san/san-bong-thanh-xuan6227","2026-10-04T13:27:59.287Z","2026-10-04","none","","","","",""
"VN_1238","Sân Cỏ Nhân Tạo Tân Mỹ Chánh - Vườn Chuối FC","Đường D12, ấp Phong Thuận, Tiền Giang","Cầu lông","no_public_price","","","","","","","none","https://www.sporta.vn/san/san-co-nhan-tao-tan-my-chanh-vuon-chuoi-fc","2026-10-04T13:27:59.413Z","2026-10-04","none","","","","",""
"VN_1239","Sân Bóng Mini Biển Tân Thành","Ấp Cầu Muống, Xã Tân Thành, Tiền Giang","Bóng đá","no_public_price","","","","","","","none","https://www.sporta.vn/san/san-bong-mini-bien-tan-thanh67e1","2026-10-04T13:27:59.426Z","2026-10-04","none","","","","",""
"VN_1240","Sân Bóng Chuyền Trường Giang Bến Tre","689C+9H7, QL60, Tân Thành Bình, Bến Tre","Bóng đá","no_public_price","","","","","","","none","https://www.sporta.vn/san/san-bong-chuyen-truong-giang-ben-tre","2026-10-04T13:27:59.476Z","2026-10-04","none","","","","",""
"VN_1241","Sân Bóng King Sport","ĐT883, Châu Hưng, Bến Tre","Bóng đá","no_public_price","","","","","","","none","https://www.sporta.vn/san/san-bong-king-sport","2026-10-04T13:27:59.442Z","2026-10-04","none","","","","",""
"VN_1242","Sân bóng chuyền 5K","6F9Q+6P7, ĐH173, Châu Hoà, Bến Tre","Bóng đá","no_public_price","","","","","","","none","https://www.sporta.vn/san/san-bong-chuyen-5k","2026-10-04T13:27:59.532Z","2026-10-04","none","","","","",""
"VN_1243","Sân bóng đá mini Hoàng Long","6F63+2QW, Lương Hoà, Bến Tre","Bóng đá","no_public_price","","","","","","","none","https://www.sporta.vn/san/san-bong-da-mini-hoang-long","2026-10-04T13:27:59.610Z","2026-10-04","none","","","","",""
"VN_1244","Sân Bóng Châu Sport","188 ấp 1A xã Thạnh Phú Đông, Bến Tre","Bóng đá","no_public_price","","","","","","","none","https://www.sporta.vn/san/san-bong-chau-sport","2026-10-04T13:27:59.677Z","2026-10-04","none","","","","",""
"VN_1245","Sân bóng đá mini Minh Châu","6F6M+7G4, Ấp, Phú Thuận, Bến Tre","Bóng đá","no_public_price","","","","","","","none","https://www.sporta.vn/san/san-bong-da-mini-minh-chau","2026-10-04T13:27:59.627Z","2026-10-04","none","","","","",""
"VN_1246","Sân Bóng đá Dừa Lửa","QL57C, Sơn Đông, Bến Tre","Bóng đá","no_public_price","","","","","","","none","https://www.sporta.vn/san/san-bong-da-dua-lua","2026-10-04T13:27:59.611Z","2026-10-04","none","","","","",""
"VN_1247","Sân bóng đá Công Đoàn","333 A5 khu phố 3, P. Phú Khương, Bến Tre","Bóng đá","no_public_price","","","","","","","none","https://www.sporta.vn/san/san-bong-da-cong-doan","2026-10-04T13:27:59.738Z","2026-10-04","none","","","","",""
"VN_1248","Sân Bóng Đá Mini Mỹ Nhơn","Lộ mới, Bến Tre","Bóng đá","no_public_price","","","","","","","none","https://www.sporta.vn/san/san-bong-da-mini-my-nhon","2026-10-04T13:27:59.658Z","2026-10-04","none","","","","",""
"VN_1249","Sân bóng đá Minh Hoàng","135/4 Ấp 10, TT. Thạnh Phú, Bến Tre","Bóng đá","no_public_price","","","","","","","none","https://www.sporta.vn/san/san-bong-da-minh-hoang","2026-10-04T13:27:59.856Z","2026-10-04","none","","","","",""
"VN_1250","Sân Dừa Xanh 1","Sơn đông, Bến Tre","Cầu lông","no_public_price","","","","","","","none","https://www.sporta.vn/san/san-dua-xanh-1","2026-10-04T13:27:59.941Z","2026-10-04","none","","","","",""
"VN_1251","Sân Bóng đá Trường thịnh","1370 ấp hòa trị, Lương Hoà, Bến Tre","Bóng đá","no_public_price","","","","","","","none","https://www.sporta.vn/san/san-bong-da-truo-ng-thinh","2026-10-04T13:27:59.910Z","2026-10-04","none","","","","",""
"VN_1252","Sân vận động Mỹ Thạnh","6CFJ+GV5, Mỹ Thạnh, Bến Tre","Cầu lông","no_public_price","","","","","","","none","https://www.sporta.vn/san/san-van-dong-my-thanh","2026-10-04T13:28:00.159Z","2026-10-04","none","","","","",""
"VN_1253","Sân bóng đá Hoàng Việt","đối diện cổng cty Việt Vương, ĐT882, Tân Thành Bình, Bến Tre","Bóng đá","no_public_price","","","","","","","none","https://www.sporta.vn/san/san-bong-da-hoang-viet","2026-10-04T13:28:00.043Z","2026-10-04","none","","","","",""
"VN_1254","CT71 FOOTBALL ACADEMY","30a ấp long hoà, xã giao long, châu thành, bến tre, Bến Tre","Bóng đá","no_public_price","","","","","","","none","https://www.sporta.vn/san/ct71-football-academy39ad","2026-10-04T13:27:59.962Z","2026-10-04","none","","","","",""
"VN_1255","Happy Sport Pickleball - Số 86B Nguyễn Văn Tư","Số 86B Nguyễn Văn Tư, Bến Tre","Pickleball","curated_public_price","unknown","","","100000","160000","60","price_range_only","https://shopvnb.com/san-pickleball-ben-tre.html","2026-10-03T08:27:18.634Z","2026-10-03","medium","Giá tham khảo công khai; đã đối chiếu tên và địa chỉ. Chưa xác nhận giá đang áp dụng; nguồn không phân ngày/giờ.","court_hour","approximate","Pickleball","public_source_matched"
"VN_1256","Sân bóng đá An Ngãi Trung","3GHV+R8F, An Ngãi Trung, Bến Tre","Bóng đá","no_public_price","","","","","","","none","https://www.sporta.vn/san/san-bong-da-an-ngai-trung","2026-10-04T13:28:00.108Z","2026-10-04","none","","","","",""
"VN_1257","C-Club Pickleball - 146H1 Trần Văn Hoài","146H1 Trần Văn Hoài, Bến Tre","Pickleball","no_public_price","","","","","","","none","https://www.sporta.vn/san/cclub-pickleball-146h1-tran-van-hoai","2026-10-04T13:28:00.126Z","2026-10-04","none","","","","",""
"VN_1258","Sân bóng Anh Khoa 1","Lê Thái Tổ, Bến Tre","Bóng đá","no_public_price","","","","","","","none","https://www.sporta.vn/san/san-bong-anh-khoa-1","2026-10-04T13:28:00.109Z","2026-10-04","none","","","","",""
"VN_1259","Sân Banh Phúc Thịnh","Khu Phố 1, Bến Tre","Cầu lông","no_public_price","","","","","","","none","https://www.sporta.vn/san/san-banh-phuc-thinh","2026-10-04T13:28:00.275Z","2026-10-04","none","","","","",""
"VN_1260","Sân bóng Gia Phát","59HW+M48, ĐT887, Sơn Phú, Bến Tre","Bóng đá","no_public_price","","","","","","","none","https://www.sporta.vn/san/san-bong-gia-phat","2026-10-04T13:28:00.310Z","2026-10-04","none","","","","",""
"VN_1261","Sân bóng đá Minh Quân","M84X+3CG, Ấp tân dinh, Đồng Tháp","Bóng đá","no_public_price","","","","","","","none","https://www.sporta.vn/san/san-bong-da-minh-quan","2026-10-04T13:28:00.290Z","2026-10-04","none","","","","",""
"VN_1262","Sân cỏ nhân tạo Hằng Trung","HF7H+R36, TT. Thanh Bình, Đồng Tháp","Cầu lông","no_public_price","","","","","","","none","https://www.sporta.vn/san/san-co-nhan-tao-hang-trung","2026-10-04T13:28:00.275Z","2026-10-04","none","","","","",""
"VN_1263","Coffee Khách Sạn Bông Hồng","7QR8+37H, Phường 1, Đồng Tháp","Bóng đá","no_public_price","","","","","","","none","https://www.sporta.vn/san/coffee-khach-san-bong-hong","2026-10-04T13:28:00.610Z","2026-10-04","none","","","","",""
"VN_1264","Sân Vận Động Cao Lãnh","83 Đ. Nguyễn Huệ, Phường Mỹ Phú, Đồng Tháp","Cầu lông","no_public_price","","","","","","","none","https://www.sporta.vn/san/san-van-dong-cao-lanh","2026-10-04T13:28:00.643Z","2026-10-04","none","","","","",""
"VN_1265","Gạch Men Phúc Thịnh SaĐéc","97/1, ĐT848, Phường An Hoà, Đồng Tháp","Cầu lông","no_public_price","","","","","","","none","https://www.sporta.vn/san/gach-men-phuc-thinh-sadec","2026-10-04T13:28:00.707Z","2026-10-04","none","","","","",""
"VN_1266","Sân Bóng Đá mini Khu Dân Cư Phong Mỹ","GH86+WXM, Unnamed Road, Phong Mỹ, Đồng Tháp","Bóng đá","no_public_price","","","","","","","none","https://www.sporta.vn/san/san-bong-da-mini-khu-dan-cu-phong-my","2026-10-04T13:28:00.810Z","2026-10-04","none","","","","",""
"VN_1267","Sân bóng đá tý đô","FJ2G+JVV, Trần Tế Xương, Phường 4, Đồng Tháp","Bóng đá","no_public_price","","","","","","","none","https://www.sporta.vn/san/san-bong-da-ty-do","2026-10-04T13:28:00.490Z","2026-10-04","none","","","","",""
"VN_1268","Sân bóng trường giang","6J3G+8XC, Tân Hoà, Đồng Tháp","Bóng đá","no_public_price","","","","","","","none","https://www.sporta.vn/san/san-bong-truong-giang","2026-10-04T13:28:00.809Z","2026-10-04","none","","","","",""
"VN_1269","Sân bóng đá Tiền Tài","R89R+6WG, Khóm An Thành, Đồng Tháp","Bóng đá","no_public_price","","","","","","","none","https://www.sporta.vn/san/san-bong-da-tien-tai","2026-10-04T13:28:01.513Z","2026-10-04","none","","","","",""
"VN_1270","Sân Bóng Đá Thanh Điền","R6WC+RFW, ĐT841, Thường Phước 2, Đồng Tháp","Bóng đá","no_public_price","","","","","","","none","https://www.sporta.vn/san/san-bong-da-thanh-dien","2026-10-04T13:28:00.910Z","2026-10-04","none","","","","",""
"VN_1271","Sân bóng đá mini Tâm Trí","18f tân lợi, Tân Thành, Đồng Tháp","Bóng đá","no_public_price","","","","","","","none","https://www.sporta.vn/san/san-bong-da-mini-tam-tri","2026-10-04T13:28:00.884Z","2026-10-04","none","","","","",""
"VN_1272","Sân bóng đá nhân tạo THANH NĂNG","GR8P+5XX, Đường Phạm Ngọc Thạch, TT. Mỹ An, Đồng Tháp","Bóng đá","no_public_price","","","","","","","none","https://www.sporta.vn/san/san-bong-da-nhan-tao-thanh-nang","2026-10-04T13:28:00.976Z","2026-10-04","none","","","","",""
"VN_1273","Sân Bóng Chuyền Tân Hội Trung","CPWV+884, Tân Hội Trung, Đồng Tháp","Bóng đá","no_public_price","","","","","","","none","https://www.sporta.vn/san/san-bong-chuyen-tan-hoi-trung","2026-10-04T13:28:01.025Z","2026-10-04","none","","","","",""
"VN_1274","Nhà hàng ẩm thực Thành Phát","62 Đường Nguyễn Văn Phát, Phường 1, Đồng Tháp","Cầu lông","no_public_price","","","","","","","none","https://www.sporta.vn/san/nha-hang-am-thuc-thanh-phat","2026-10-04T13:28:01.025Z","2026-10-04","none","","","","",""
"VN_1275","Sân bóng đá xã Bình Thành (Sân cỏ thật)","QL80, Bình Thành, Đồng Tháp","Bóng đá","no_public_price","","","","","","","none","https://www.sporta.vn/san/san-bong-da-xa-binh-thanh--san-co-that-","2026-10-04T13:28:01.058Z","2026-10-04","none","","","","",""
"VN_1276","Sân Bóng Đá Cỏ Nhân Tạo 20","62 ĐT851, TT. Lai Vung, Đồng Tháp","Bóng đá","no_public_price","","","","","","","none","https://www.sporta.vn/san/san-bong-da-co-nhan-tao-20","2026-10-04T13:28:01.214Z","2026-10-04","none","","","","",""
"VN_1277","Sân Bóng Đá Mini Mười Khai","8G4P+8GR, Cầu, Định Yên, Đồng Tháp","Bóng đá","no_public_price","","","","","","","none","https://www.sporta.vn/san/san-bong-da-mini-muoi-khai","2026-10-04T13:28:01.260Z","2026-10-04","none","","","","",""
"VN_1278","Sân bóng đá xã An Bình","FM37+85G, An Bình, Đồng Tháp","Bóng đá","no_public_price","","","","","","","none","https://www.sporta.vn/san/san-bong-da-xa-an-binh","2026-10-04T13:28:01.277Z","2026-10-04","none","","","","",""
"VN_1279","Sân vận động Tân Thuận Tây","FH7P+XC8, Tân Thuận Tây, Đồng Tháp","Cầu lông","no_public_price","","","","","","","none","https://www.sporta.vn/san/san-van-dong-tan-thuan-tay","2026-10-04T13:28:01.276Z","2026-10-04","none","","","","",""
"VN_1280","sân bóng Thầy Điền","ấp Phú Hòa A, Đồng Tháp","Bóng đá","no_public_price","","","","","","","none","https://www.sporta.vn/san/san-bong-thay-dien","2026-10-04T13:28:01.277Z","2026-10-04","none","","","","",""
"VN_1281","HỒ BƠI VĨNH HƯNG","Đường Trần Thị Nhượng, khóm Tân An, Đồng Tháp","Cầu lông","no_public_price","","","","","","","none","https://www.sporta.vn/san/ho-boi-vinh-hung","2026-10-04T13:28:01.467Z","2026-10-04","none","","","","",""
"VN_1282","Sân banh Thanh Nhã","8RJ4+XWQ, Mỹ Hiệp, Đồng Tháp","Cầu lông","no_public_price","","","","","","","none","https://www.sporta.vn/san/san-banh-thanh-nha","2026-10-04T13:28:01.406Z","2026-10-04","none","","","","",""
"VN_1283","Khánh Nam Club","FJ2H+FWF, Trần Thị Thu, Phường 4, Đồng Tháp","Cầu lông","no_public_price","","","","","","","none","https://www.sporta.vn/san/khanh-nam-club","2026-10-04T13:28:01.468Z","2026-10-04","none","","","","",""
"VN_1284","Sân bóng lập nghiệp 2","QL30, An Phong, Đồng Tháp","Bóng đá","no_public_price","","","","","","","none","https://www.sporta.vn/san/san-bong-lap-nghiep-2","2026-10-04T13:28:01.482Z","2026-10-04","none","","","","",""
"VN_1285","Sân bóng đá Hải Yến","9G33+P9V, TT. Lấp Vò, Đồng Tháp","Bóng đá","no_public_price","","","","","","","none","https://www.sporta.vn/san/san-bong-da-hai-yen","2026-10-04T13:28:01.482Z","2026-10-04","none","","","","",""
"VN_1286","Sân Vận Động Tân Hồng","VFH4+QM4, ĐT843, TT. Sa Rài, Đồng Tháp","Cầu lông","no_public_price","","","","","","","none","https://www.sporta.vn/san/san-van-dong-tan-hong","2026-10-04T13:28:01.762Z","2026-10-04","none","","","","",""
"VN_1287","Sân Bóng Đá Thanh Niên","7MM3+7R9, Đường nội bộ, TT. Lai Vung, Đồng Tháp","Bóng đá","no_public_price","","","","","","","none","https://www.sporta.vn/san/san-bong-da-thanh-nien","2026-10-04T13:28:01.574Z","2026-10-04","none","","","","",""
"VN_1288","Sân bóng trường Tân Công Chí 1","RCPC+VF, Tân Công Chí, Đồng Tháp","Bóng đá","no_public_price","","","","","","","none","https://www.sporta.vn/san/san-bong-truong-tan-cong-chi-1","2026-10-04T13:28:01.605Z","2026-10-04","none","","","","",""
"VN_1289","Sân Bóng Đá Gia Vỹ","9G47+WXV, TT. Lấp Vò, Đồng Tháp","Bóng đá","no_public_price","","","","","","","none","https://www.sporta.vn/san/san-bong-da-gia-vy","2026-10-04T13:28:01.690Z","2026-10-04","none","","","","",""
"VN_1290","Sân Bóng Chuyền Hồng Thức","Q7HV+H4, Long Thuận, Đồng Tháp","Bóng đá","no_public_price","","","","","","","none","https://www.sporta.vn/san/san-bong-chuyen-hong-thuc","2026-10-04T13:28:01.760Z","2026-10-04","none","","","","",""
"VN_1291","Sân Vận Động Võ Gia Bảo","8MG2+34X, Long Hưng B, Đồng Tháp","Cầu lông","no_public_price","","","","","","","none","https://www.sporta.vn/san/san-van-dong-vo-gia-bao","2026-10-04T13:28:02.116Z","2026-10-04","none","","","","",""
"VN_1292","Thanh Phú","Khóm 1 , Đồng Tháp","Cầu lông","no_public_price","","","","","","","none","https://www.sporta.vn/san/thanh-phu","2026-10-04T13:28:01.877Z","2026-10-04","none","","","","",""
"VN_1293","Sân Bóng Cỏ Nhân Tạo","8GJC+V62, QLN2B, Định An, Đồng Tháp","Bóng đá","no_public_price","","","","","","","none","https://www.sporta.vn/san/san-bong-co-nhan-tao","2026-10-04T13:28:01.876Z","2026-10-04","none","","","","",""
"VN_1294","Sân Bóng Tỉnh Đội","946 Phạm Hữu Lầu, Phường 6, Đồng Tháp","Bóng đá","no_public_price","","","","","","","none","https://www.sporta.vn/san/san-bong-tinh-doi","2026-10-04T13:28:01.878Z","2026-10-04","none","","","","",""
"VN_1295","Sân Bóng Đá Mini Vành Đai","FJ5X+6GR, Lê Đại Hành, Phường Mỹ Phú, Đồng Tháp","Bóng đá","no_public_price","","","","","","","none","https://www.sporta.vn/san/san-bong-da-mini-vanh-dai","2026-10-04T13:28:01.998Z","2026-10-04","none","","","","",""
"VN_1296","Sân Bóng 3.2","7QX6+7C7, Phường 1, Đồng Tháp","Bóng đá","no_public_price","","","","","","","none","https://www.sporta.vn/san/san-bong-3-2","2026-10-04T13:28:02.010Z","2026-10-04","none","","","","",""
"VN_1297","Sân bóng đá Subin","CJ5V+HC7, Tân Mỹ, Đồng Tháp","Bóng đá","no_public_price","","","","","","","none","https://www.sporta.vn/san/san-bong-da-subin","2026-10-04T13:28:01.992Z","2026-10-04","none","","","","",""
"VN_1298","SÂN BÓNG ĐÁ CÁI TÔM TRONG","1148, Khóm 3, Đồng Tháp","Bóng đá","no_public_price","","","","","","","none","https://www.sporta.vn/san/san-bong-da-cai-tom-trong","2026-10-04T13:28:02.140Z","2026-10-04","none","","","","",""
"VN_1299","KS Bông Hồng","251 Đ Nguyễn Sinh Sắc, Phường 1, Đồng Tháp","Bóng đá","no_public_price","","","","","","","none","https://www.sporta.vn/san/ks-bong-hong","2026-10-04T13:28:02.141Z","2026-10-04","none","","","","",""
"VN_1300","Sân Bóng Đá","MQ3V+P6M, Trường Xuân, Đồng Tháp","Bóng đá","no_public_price","","","","","","","none","https://www.sporta.vn/san/san-bong-da","2026-10-04T13:28:02.248Z","2026-10-04","none","","","","",""
"VN_1301","Sân Bóng Đá mini Tiền Tài","R87R+4MG, Đường Trương Định, Phường An Thạnh, Đồng Tháp","Bóng đá","no_public_price","","","","","","","none","https://www.sporta.vn/san/san-bong-da-mini-tien-tai","2026-10-04T13:28:02.264Z","2026-10-04","none","","","","",""
"VN_1302","Sân Như Ý","Đường Đường Nguyễn Tất Thành, Phường 1, Đồng Tháp","Cầu lông","no_public_price","","","","","","","none","https://www.sporta.vn/san/san-nhu-y","2026-10-04T13:28:02.279Z","2026-10-04","none","","","","",""
"VN_1303","Sân Bóng KDC CÁN CỜ","8J27+VMH, Long Hậu, Đồng Tháp","Bóng đá","no_public_price","","","","","","","none","https://www.sporta.vn/san/san-bong-kdc-can-co","2026-10-04T13:28:02.340Z","2026-10-04","none","","","","",""
"VN_1304","Sân bóng đá - bóng chuyền Thuận Phú","575 Nguyễn Thái Học, Phường Hoà Thuận, Đồng Tháp","Bóng đá","no_public_price","","","","","","","none","https://www.sporta.vn/san/san-bong-da-bong-chuyen-thuan-phu","2026-10-04T13:28:02.404Z","2026-10-04","none","","","","",""
"VN_1305","Sân bóng Số 1, Đại học Đồng Tháp","783 Phạm Hữu Lầu, P.6, Đồng Tháp","Bóng đá","no_public_price","","","","","","","none","https://www.sporta.vn/san/san-bong-so-1--dai-hoc-dong-thap","2026-10-04T13:28:02.294Z","2026-10-04","none","","","","",""
"VN_1306","Sân cỏ nhân tạo Tám Tùng","9MJJ+RCV, Tân Khánh Trung, Đồng Tháp","Cầu lông","no_public_price","","","","","","","none","https://www.sporta.vn/san/san-co-nhan-tao-tam-tung","2026-10-04T13:28:02.491Z","2026-10-04","none","","","","",""
"VN_1307","Sân Bóng Hoà Long","7MF8+G65, Ấp Long Hội, Hòa Long, Đồng Tháp","Bóng đá","no_public_price","","","","","","","none","https://www.sporta.vn/san/san-bong-hoa-long","2026-10-04T13:28:02.458Z","2026-10-04","none","","","","",""
"VN_1308","Sân Cỏ Nhân Tạo C1","79 Đường Nguyễn Tất Thành, Phường 1, Đồng Tháp","Cầu lông","no_public_price","","","","","","","none","https://www.sporta.vn/san/san-co-nhan-tao-c1","2026-10-04T13:28:02.492Z","2026-10-04","none","","","","",""
"VN_1309","Tân Lê Quang","Thường Thới Tiền, Hồng Ngự, Đồng Tháp, Đồng Tháp","Cầu lông","no_public_price","","","","","","","none","https://www.sporta.vn/san/tan-le-quang","2026-10-04T13:28:02.458Z","2026-10-04","none","","","","",""
"VN_1310","Sân bóng chuyền công ty Sabeco Đồng Tháp","GH59+69R, Unnamed, Road, Đồng Tháp","Bóng đá","no_public_price","","","","","","","none","https://www.sporta.vn/san/san-bong-chuyen-cong-ty-sabeco-dong-thap","2026-10-04T13:28:02.575Z","2026-10-04","none","","","","",""
"VN_1311","Sân bóng chú long","5JVM+87W, Củ Hủ, Tân Hoà, Đồng Tháp","Bóng đá","no_public_price","","","","","","","none","https://www.sporta.vn/san/san-bong-chu-long","2026-10-04T13:28:02.541Z","2026-10-04","none","","","","",""
"VN_1312","Sân bóng đá Mini 979","CJRM+82W, Phường 6, Đồng Tháp","Bóng đá","no_public_price","","","","","","","none","https://www.sporta.vn/san/san-bong-da-mini-979","2026-10-04T13:28:02.642Z","2026-10-04","none","","","","",""
"VN_1313","Sân bóng rổ THPT Chuyên Nguyễn Đình Chiểu","7QJ4+JGX, Tân Phú Đông, Đồng Tháp","Bóng đá","no_public_price","","","","","","","none","https://www.sporta.vn/san/san-bong-ro-thpt-chuyen-nguyen-dinh-chieu","2026-10-04T13:28:02.690Z","2026-10-04","none","","","","",""
"VN_1314","Mini Soccer","Đ. Hùng Vương, Phường 1, Đồng Tháp","Cầu lông","no_public_price","","","","","","","none","https://www.sporta.vn/san/mini-soccer","2026-10-04T13:28:02.689Z","2026-10-04","none","","","","",""
"VN_1315","Sân bóng tịnh tiến cả dứa","182, Tân Hoà, Đồng Tháp","Bóng đá","no_public_price","","","","","","","none","https://www.sporta.vn/san/san-bong-tinh-tien-ca-dua","2026-10-04T13:28:02.710Z","2026-10-04","none","","","","",""
"VN_1316","Sân Bóng Đá HOÀNG DUNG","Q86W+CV7, Phú Thuận B, Đồng Tháp","Bóng đá","no_public_price","","","","","","","none","https://www.sporta.vn/san/san-bong-da-hoang-dung","2026-10-04T13:28:02.740Z","2026-10-04","none","","","","",""
"VN_1317","Sân bóng đá MiNi Phúc Trung","CDC, Bình Hàng Trung, Đồng Tháp","Bóng đá","no_public_price","","","","","","","none","https://www.sporta.vn/san/san-bong-da-mini-phuc-trung","2026-10-04T13:28:02.810Z","2026-10-04","none","","","","",""
"VN_1318","Sân Bóng Đá Cỏ Nhân Tạo Thuận Mãi","9Q58+58C, Bình Hàng Tây, Đồng Tháp","Bóng đá","no_public_price","","","","","","","none","https://www.sporta.vn/san/san-bong-da-co-nhan-tao-thuan-mai","2026-10-04T13:28:02.790Z","2026-10-04","none","","","","",""
"VN_1319","Sân Bóng đá Ngọc Nghĩa","H6GQ+XCP, TT. Cái Dầu, An Giang","Bóng đá","no_public_price","","","","","","","none","https://www.sporta.vn/san/san-bong-da-ngoc-nghia","2026-10-04T13:28:02.858Z","2026-10-04","none","","","","",""
"VN_1320","Câu Lạc Bộ Bóng Bàn Long Xuyên","9FC3+9M8, Unnamed Road, An Giang","Bóng bàn","no_public_price","","","","","","","none","https://www.sporta.vn/san/cau-lac-bo-bong-ban-long-xuyen","2026-10-04T13:28:02.972Z","2026-10-04","none","","","","",""
"VN_1321","Sân Bóng Đá Tri Tôn","Thị Trấn Tri Tôn, An Giang","Bóng đá","no_public_price","","","","","","","none","https://www.sporta.vn/san/san-bong-da-tri-ton","2026-10-04T13:28:03.171Z","2026-10-04","none","","","","",""
"VN_1322","Sân Bóng Đá Win Ba Chúc LLG","FWQ5+FW7, An Hòa, An Giang","Bóng đá","no_public_price","","","","","","","none","https://www.sporta.vn/san/san-bong-da-in-ba-chuc-llg","2026-10-04T13:28:03.047Z","2026-10-04","none","","","","",""
"VN_1323","Sân bóng truyền Phan Văn Đẻo","Q44M+VV, Vĩnh Trường, An Giang","Bóng đá","no_public_price","","","","","","","none","https://www.sporta.vn/san/san-bong-truyen-phan-van-deo","2026-10-04T13:28:03.015Z","2026-10-04","none","","","","",""
"VN_1324","SÂN BÓNG ĐÁ SAO MAI LT","Khu đô thị sao mai-Bình Khánh, An Giang","Bóng đá","no_public_price","","","","","","","none","https://www.sporta.vn/san/san-bong-da-mini-lt","2026-10-04T13:28:03.139Z","2026-10-04","none","","","","",""
"VN_1325","Sân bóng đá dân tộc Chăm Katambong","M5R4+F59, Khánh Hòa, An Giang","Bóng đá","no_public_price","","","","","","","none","https://www.sporta.vn/san/san-bong-da-dan-toc-cham-katambong","2026-10-04T13:28:03.078Z","2026-10-04","none","","","","",""
"VN_1326","Sân Bóng Chuyền Bờ Tây Sông Hậu","9FC3+5QR, P. Mỹ Phước, An Giang","Bóng đá","no_public_price","","","","","","","none","https://www.sporta.vn/san/san-bong-chuyen-bo-tay-song-hau","2026-10-04T13:28:03.192Z","2026-10-04","none","","","","",""
"VN_1327","Sân bóng đá mini Khương Trinh","570 QL91, Bình Mỹ, An Giang","Bóng đá","no_public_price","","","","","","","none","https://www.sporta.vn/san/san-bong-da-mini-khuong-trinh","2026-10-04T13:28:03.109Z","2026-10-04","none","","","","",""
"VN_1328","Sân bó đa mini Minh Khôi","99 Đ. Nguyễn Trường Tộ, p. Bình Khánh, An Giang","Cầu lông","no_public_price","","","","","","","none","https://www.sporta.vn/san/san-bo-da-mini-minh-khoi","2026-10-04T13:28:03.476Z","2026-10-04","none","","","","",""
"VN_1329","Sân bóng đá HAI CHANH","789W+9VF, Vĩnh Hiệp, An Giang","Bóng đá","no_public_price","","","","","","","none","https://www.sporta.vn/san/san-bong-da-hai-chanh","2026-10-04T13:28:03.342Z","2026-10-04","none","","","","",""
"VN_1330","Sân Bóng Đá Mini Xẻo Trôm","392 Phạm Cự Lượng, Mỹ Quý, An Giang","Bóng đá","no_public_price","","","","","","","none","https://www.sporta.vn/san/san-bong-da-mini-xeo-trom","2026-10-04T13:28:03.424Z","2026-10-04","none","","","","",""
"VN_1331","Sân Đá Bóng HOÀNG PHỐ","221 Trưng Nữ Vương, Châu Phú B, An Giang","Bóng đá","no_public_price","","","","","","","none","https://www.sporta.vn/san/san-da-bong-hoang-pho","2026-10-04T13:28:03.488Z","2026-10-04","none","","","","",""
"VN_1332","Sân bóng đá Phủi_Châu Đốc","221 Trưng Nữ Vương, Châu Phú B, An Giang","Bóng đá","no_public_price","","","","","","","none","https://www.sporta.vn/san/san-bong-da-phui-chau-doc","2026-10-04T13:28:03.561Z","2026-10-04","none","","","","",""
"VN_1333","Sân bóng đá - Nhà thiếu nhi An Giang","9CHX+X46, Mỹ Long, An Giang","Bóng đá","no_public_price","","","","","","","none","https://www.sporta.vn/san/san-bong-da-nha-thieu-nhi-an-giang","2026-10-04T13:28:03.576Z","2026-10-04","none","","","","",""
"VN_1334","Sân bóng đá Mỹ Khánh","99CH+WVF, Mỹ Khánh, An Giang","Bóng đá","no_public_price","","","","","","","none","https://www.sporta.vn/san/san-bong-da-my-khanh","2026-10-04T13:28:03.695Z","2026-10-04","none","","","","",""
"VN_1335","Sân Bóng Đá Phúc Vinh (Cồn Phó Ba)","9CRW+2RH, Mỹ Hòa Hưng, An Giang","Bóng đá","no_public_price","","","","","","","none","https://www.sporta.vn/san/san-bong-da-phuc-vinh--con-pho-ba-","2026-10-04T13:28:04.011Z","2026-10-04","none","","","","",""
"VN_1336","HOÀNG HÃI","Tri tôn, An Giang, An Giang","Cầu lông","no_public_price","","","","","","","none","https://www.sporta.vn/san/hoang-hai","2026-10-04T13:28:03.665Z","2026-10-04","none","","","","",""
"VN_1337","Sân bóng đá mini Kim Cương","H59F+VM5, Unnamed Road, Vĩnh Thạnh Trung, Châu Phú, An Giang, An Giang","Bóng đá","no_public_price","","","","","","","none","https://www.sporta.vn/san/san-bong-da-mini-kim-cuong","2026-10-04T13:28:03.762Z","2026-10-04","none","","","","",""
"VN_1338","Sân bóng đá Minh Khôi","p. Bình Khánh, An Giang","Bóng đá","no_public_price","","","","","","","none","https://www.sporta.vn/san/san-bong-da-minh-khoi","2026-10-04T13:28:03.807Z","2026-10-04","none","","","","",""
"VN_1339","Sân bóng đá 24H-Long Xuyên","10/1B Đông Thạnh A, P. Mỹ Thạnh, An Giang","Bóng đá","no_public_price","","","","","","","none","https://www.sporta.vn/san/san-bong-da-24hlong-xuyen","2026-10-04T13:28:03.924Z","2026-10-04","none","","","","",""
"VN_1340","Sân Bóng Đá Mini Quốc Cường","M57G+G63, QL91, Mỹ Đức, An Giang","Bóng đá","no_public_price","","","","","","","none","https://www.sporta.vn/san/san-bong-da-mini-quoc-cuong","2026-10-04T13:28:03.993Z","2026-10-04","none","","","","",""
"VN_1341","Sân Bóng Đá Mini Xuân Anh","150 Trưng Nữ Vương, Châu Phú B, An Giang","Bóng đá","no_public_price","","","","","","","none","https://www.sporta.vn/san/san-bong-da-mini-xuan-anh","2026-10-04T13:28:04.125Z","2026-10-04","none","","","","",""
"VN_1342","Minh Khôi","268 Nguyễn Trường Tộ, P. Bình Khánh, An Giang","Cầu lông","no_public_price","","","","","","","none","https://www.sporta.vn/san/minh-khoi","2026-10-04T13:28:04.347Z","2026-10-04","none","","","","",""
"VN_1343","Sân cầu lông Marina","Châu Phú B, An Giang","Cầu lông","no_public_price","","","","","","","none","https://www.sporta.vn/san/san-cau-long-marina","2026-10-04T13:28:04.058Z","2026-10-04","none","","","","",""
"VN_1344","Sân Bóng đá T&T","77GF+FXG, TT. Núi Sập, An Giang","Bóng đá","no_public_price","","","","","","","none","https://www.sporta.vn/san/san-bong-da-t-t","2026-10-04T13:28:04.139Z","2026-10-04","none","","","","",""
"VN_1345","Sân Bóng Đá Mini Phú Thành","Ấp Thanh Niên, Vĩnh Trạch, An Giang","Bóng đá","no_public_price","","","","","","","none","https://www.sporta.vn/san/san-bong-da-mini-phu-thanh","2026-10-04T13:28:04.189Z","2026-10-04","none","","","","",""
"VN_1346","Sân bóng đá Cao Đẳng Nghề","9CXG+R7F, Phan Bội Châu, p. Bình Khánh, An Giang","Bóng đá","no_public_price","","","","","","","none","https://www.sporta.vn/san/san-bong-da-cao-dang-nghe","2026-10-04T13:28:04.224Z","2026-10-04","none","","","","",""
"VN_1347","Doanh Nghiệp TN Sân Bóng Trí Như","165A, Trần Hưng Đạo, Phường Bình Khánh,  Long Xuyên, Tỉnh An Giang, P. Mỹ Bình, An Giang","Bóng đá","no_public_price","","","","","","","none","https://www.sporta.vn/san/doanh-nghiep-tn-san-bong-tri-nhu","2026-10-04T13:28:04.274Z","2026-10-04","none","","","","",""
"VN_1348","Sân Bóng Đá Phú Hòa ARENA","Ấp Thanh Niên, TT. Phú Hòa, An Giang","Bóng đá","no_public_price","","","","","","","none","https://www.sporta.vn/san/san-bong-da-phu-hoa-arena","2026-10-04T13:28:04.309Z","2026-10-04","none","","","","",""
"VN_1349","Sân bóng đá mini United","X495+635, Unnamed Road, P. An Hoà, Kiên Giang","Bóng đá","no_public_price","","","","","","","none","https://www.sporta.vn/san/san-bong-da-mini-united","2026-10-04T13:28:04.391Z","2026-10-04","none","","","","",""
"VN_1350","Sân bóng đá nhân tạo Lâm Vương","64F2+2R, Hiệp Sơn, Kiên Giang","Bóng đá","no_public_price","","","","","","","none","https://www.sporta.vn/san/san-bong-da-nhan-tao-lam-vuong","2026-10-04T13:28:04.496Z","2026-10-04","none","","","","",""
"VN_1351","Sân bóng đá mini Laliga","X482+HJ9 Khu mua sắm & Ẩm thực Phú Cường, Đ. Tố Hữu, Lô A, Kiên Giang","Bóng đá","no_public_price","","","","","","","none","https://www.sporta.vn/san/san-bong-da-mini-laliga","2026-10-04T13:28:04.510Z","2026-10-04","none","","","","",""
"VN_1352","Clb Bóng Đá Kim Điềm","243 Võ Trường Toản, Vĩnh Thanh, Kiên Giang","Bóng đá","no_public_price","","","","","","","none","https://www.sporta.vn/san/clb-bong-da-kim-diem","2026-10-04T13:28:04.443Z","2026-10-04","none","","","","",""
"VN_1353","Sân Bóng Cộng Đồng","34/38, Đường Trần Nhật Duật, P. An Hoà, Kiên Giang","Bóng đá","no_public_price","","","","","","","none","https://www.sporta.vn/san/san-bong-cong-dong","2026-10-04T13:28:04.460Z","2026-10-04","none","","","","",""
"VN_1354","Phu Quoc Dynamics Center Pickleball - 318/18 Nguyễn Trung Trực","318/18 Nguyễn Trung Trực, Kiên Giang","Pickleball","curated_public_price","unknown","07:00","22:00","120000","150000","60","time_slots","https://pickleballplus.vn/san-tap/387","2026-10-04","2026-10-04","medium","Giá tham khảo công khai; đã đối chiếu tên và địa chỉ. Chưa xác nhận giá đang áp dụng; nguồn không phân ngày/giờ.","court_hour","standard","Pickleball","public_source_matched"
"VN_1355","Sân bóng đá Phát Vinh","W4X9+W4J, Rạch Sỏi, Kiên Giang","Bóng đá","no_public_price","","","","","","","none","https://www.sporta.vn/san/san-bong-da-phat-vinh","2026-10-04T13:28:04.691Z","2026-10-04","none","","","","",""
"VN_1356","Sân bóng đá mini Cộng Đồng 2","12 10 Đ. Phan Thị Ràng, P. An Hoà, Kiên Giang","Bóng đá","no_public_price","","","","","","","none","https://www.sporta.vn/san/san-bong-da-mini-cong-dong-2","2026-10-04T13:28:04.739Z","2026-10-04","none","","","","",""
"VN_1357","Sân Bóng Đá Mini Nam Anh","23HM+H8J, Vĩnh Thanh, Kiên Giang","Bóng đá","no_public_price","","","","","","","none","https://www.sporta.vn/san/san-bong-da-mini-nam-anh","2026-10-04T13:28:04.860Z","2026-10-04","none","","","","",""
"VN_1358","Sân bóng đá cỏ nhân tạo Phú Gia","Công cộng, 22 Đ. Nguyễn Thành Nhơn, P. An Hoà, Kiên Giang","Bóng đá","no_public_price","","","","","","","none","https://www.sporta.vn/san/san-bong-da-co-nhan-tao-phu-gia","2026-10-04T13:28:04.859Z","2026-10-04","none","","","","",""
"VN_1359","Cà phê sân bóng đá Vĩnh Hiệp","234R+QH7, Khu Phố Vĩnh Hiệp, Kiên Giang","Bóng đá","no_public_price","","","","","","","none","https://www.sporta.vn/san/ca-phe-san-bong-da-vinh-hiep","2026-10-04T13:28:04.809Z","2026-10-04","none","","","","",""
"VN_1360","Sân bóng đá cỏ nhân tạo mini Sáu Quận","X428+2MM, Rạch Sỏi, Kiên Giang","Bóng đá","no_public_price","","","","","","","none","https://www.sporta.vn/san/san-bong-da-co-nhan-tao-mini-sau-quan","2026-10-04T13:28:04.976Z","2026-10-04","none","","","","",""
"VN_1361","San bong juventus","X495+52H, P. An Hoà, Kiên Giang","Bóng đá","no_public_price","","","","","","","none","https://www.sporta.vn/san/san-bong-juventus","2026-10-04T13:28:04.960Z","2026-10-04","none","","","","",""
"VN_1362","Sân bóng chuyền A Hào","64 Đ. Lê Văn Tuân, Vĩnh Hiệp, Kiên Giang","Bóng đá","no_public_price","","","","","","","none","https://www.sporta.vn/san/san-bong-chuyen-a-hao","2026-10-04T13:28:04.860Z","2026-10-04","none","","","","",""
"VN_1363","Sân bóng Huỳnh Hương I","X3RV+6WP, Vĩnh Lạc, Kiên Giang","Bóng đá","no_public_price","","","","","","","none","https://www.sporta.vn/san/san-bong-huynh-huong-i","2026-10-04T13:28:05.092Z","2026-10-04","none","","","","",""
"VN_1364","Sân bóng QUỲNH ANH","23GM+R8P, Lộ Liên Hương, Vĩnh Thanh, Kiên Giang","Bóng đá","no_public_price","","","","","","","none","https://www.sporta.vn/san/san-bong-quynh-anh","2026-10-04T13:28:05.024Z","2026-10-04","none","","","","",""
"VN_1365","Sân bóng xã Tân An","4655+GW2, Tân An, Kiên Giang","Bóng đá","no_public_price","","","","","","","none","https://www.sporta.vn/san/san-bong-xa-tan-an","2026-10-04T13:28:05.024Z","2026-10-04","none","","","","",""
"VN_1366","88 Sport Club Pickleball - 124 Trần Hưng Đạo","124 Trần Hưng Đạo, Kiên Giang","Pickleball","no_public_price","","","","","","","none","https://www.sporta.vn/san/88-sport-club-pickleball-124-tran-hung-dao","2026-10-04T13:28:05.174Z","2026-10-04","none","","","","",""
"VN_1367","CLB Bóng Bàn","351 Nguyễn Trung Trực, Vĩnh Lạc, Kiên Giang","Bóng bàn","no_public_price","","","","","","","none","https://www.sporta.vn/san/clb-bong-ban","2026-10-04T13:28:05.282Z","2026-10-04","none","","","","",""
"VN_1368","Sân bóng đá Trường THPT Huỳnh Mẫn Đạt","X3RQ+4PC, Vĩnh Lạc, Kiên Giang","Bóng đá","no_public_price","","","","","","","none","https://www.sporta.vn/san/san-bong-da-truong-thpt-huynh-man-dat","2026-10-04T13:28:05.267Z","2026-10-04","none","","","","",""
"VN_1369","Sân bóng đá Nam Anh","9FHG+XPF, Số 37, Pháo Đài, Kiên Giang","Bóng đá","no_public_price","","","","","","","none","https://www.sporta.vn/san/san-bong-da-nam-anh","2026-10-04T13:28:05.215Z","2026-10-04","none","","","","",""
"VN_1370","Sân Bóng Đá Tấn Trọng","338Q+HJ, Phi Thông, Kiên Giang","Bóng đá","no_public_price","","","","","","","none","https://www.sporta.vn/san/san-bong-da-tan-trong","2026-10-04T13:28:05.267Z","2026-10-04","none","","","","",""
"VN_1371","Sân bóng Đức Ngươn","126 ấp phú hội, Tân Hội, Kiên Giang","Bóng đá","no_public_price","","","","","","","none","https://www.sporta.vn/san/san-bong-duc-nguon","2026-10-04T13:28:05.392Z","2026-10-04","none","","","","",""
"VN_1372","Sân bóng Tây Bắc","237C+5M2, Kiên Giang","Bóng đá","no_public_price","","","","","","","none","https://www.sporta.vn/san/san-bong-tay-bac","2026-10-04T13:28:05.493Z","2026-10-04","none","","","","",""
"VN_1373","Sân Bóng Chuyền Trắng Hà Tiên","9FWM+H46, Bình San, Kiên Giang","Bóng đá","no_public_price","","","","","","","none","https://www.sporta.vn/san/san-bong-chuyen-trang-ha-tien","2026-10-04T13:28:05.426Z","2026-10-04","none","","","","",""
"VN_1374","Sân vận động tỉnh Kiên Giang","X479+C7H, Phường An Bình, Kiên Giang","Cầu lông","no_public_price","","","","","","","none","https://www.sporta.vn/san/san-van-dong-tinh-kien-giang","2026-10-04T13:28:05.475Z","2026-10-04","none","","","","",""
"VN_1375","Sân Bóng Mini Kim Có","34/8 Chu Văn An, Vĩnh Lạc, Kiên Giang","Bóng đá","no_public_price","","","","","","","none","https://www.sporta.vn/san/san-bong-mini-kim-co","2026-10-04T13:28:05.460Z","2026-10-04","none","","","","",""
"VN_1376","Sân bóng đá mini Quốc Sử","239H+QP3, Vĩnh Thanh, Kiên Giang","Bóng đá","no_public_price","","","","","","","none","https://www.sporta.vn/san/san-bong-da-mini-quoc-su","2026-10-04T13:28:05.425Z","2026-10-04","none","","","","",""
"VN_1377","Sân bóng đá mini cỏ nhân tạo Hữu Nhường 2","99 Đinh Công Tráng, Rạch Sỏi, Kiên Giang","Bóng đá","no_public_price","","","","","","","none","https://www.sporta.vn/san/san-bong-da-mini-co-nhan-tao-huu-nhuong-2","2026-10-04T13:28:05.543Z","2026-10-04","none","","","","",""
"VN_1378","Sân bóng đá Vĩnh Hiệp","5 Sư Thiện Ân Nối Dài, Khu Phố Vĩnh Hiệp, Kiên Giang","Bóng đá","no_public_price","","","","","","","none","https://www.sporta.vn/san/san-bong-da-vinh-hiep","2026-10-04T13:28:05.608Z","2026-10-04","none","","","","",""
"VN_1379","Sân bóng đá Hữu Nghị","76H2+3M, Cà Mau","Bóng đá","no_public_price","","","","","","","none","https://www.sporta.vn/san/san-bong-da-huu-nghi","2026-10-04T13:28:05.643Z","2026-10-04","none","","","","",""
"VN_1380","Sân bóng đá Trung Hậu","Tạ An Khương Đông, Cà Mau","Bóng đá","no_public_price","","","","","","","none","https://www.sporta.vn/san/san-bong-da-trung-hau","2026-10-04T13:28:05.660Z","2026-10-04","none","","","","",""
"VN_1381","Sân bóng Thùy Trang","3XF7+C44, TT. Trần Văn Thời, Cà Mau","Bóng đá","no_public_price","","","","","","","none","https://www.sporta.vn/san/san-bong-thuy-trang","2026-10-04T13:28:05.752Z","2026-10-04","none","","","","",""
"VN_1382","Sân bóng Minh Đấu","44JF+22F, QL1A, Lương Thế Trân, Cà Mau","Bóng đá","no_public_price","","","","","","","none","https://www.sporta.vn/san/san-bong-minh-dau","2026-10-04T13:28:05.706Z","2026-10-04","none","","","","",""
"VN_1383","Sân bóng Minh Đương","Khóm 6A TT Sông Đốc, Cà Mau","Bóng đá","no_public_price","","","","","","","none","https://www.sporta.vn/san/san-bong-minh-duong","2026-10-04T13:28:05.762Z","2026-10-04","none","","","","",""
"VN_1384","Sân bóng đá minh cường ","Công ty tôm giống minh cường , Cà Mau","Bóng đá","no_public_price","","","","","","","none","https://www.sporta.vn/san/san-bong-da-minh-cuong","2026-10-04T13:28:05.862Z","2026-10-04","none","","","","",""
"VN_1385","Sân bóng Khắc Nguyện","6452+5MM, Hồ Thị Kỷ, Cà Mau","Bóng đá","no_public_price","","","","","","","none","https://www.sporta.vn/san/san-bong-khac-nguyen","2026-10-04T13:28:05.861Z","2026-10-04","none","","","","",""
"VN_1386","Sân bóng đá cỏ nhân tạo Minh Đương","Khóm 6A TT Sông Đốc, Cà Mau","Bóng đá","no_public_price","","","","","","","none","https://www.sporta.vn/san/san-bong-da-co-nhan-tao-minh-duong","2026-10-04T13:28:05.829Z","2026-10-04","none","","","","",""
"VN_1387","Sân Bóng Đá MiNi Trọng Thức","W594+GPW, Quách Phẩm Bắc, Cà Mau","Bóng đá","no_public_price","","","","","","","none","https://www.sporta.vn/san/san-bong-da-mini-trong-thuc","2026-10-04T13:28:06.037Z","2026-10-04","none","","","","",""
"VN_1388","Sân Vận động Minh Đạt","khóm 2, Cà Mau","Cầu lông","no_public_price","","","","","","","none","https://www.sporta.vn/san/san-van-dong-minh-dat","2026-10-04T13:28:05.926Z","2026-10-04","none","","","","",""
"VN_1389","Sân Bóng Đá Thu Sương","Quách Phẩm, Cà Mau","Bóng đá","no_public_price","","","","","","","none","https://www.sporta.vn/san/san-bong-da-thu-suong","2026-10-04T13:28:05.958Z","2026-10-04","none","","","","",""
"VN_1390","Sân Bóng Hữu Nhường 1","Gần đèn xanh đèn đỏ, Tà Niên, Vĩnh Hoà Hiệp, Tây Ninh","Bóng đá","no_public_price","","","","","","","none","https://www.sporta.vn/san/san-bong-huu-nhuong-1","2026-10-04T13:28:05.992Z","2026-10-04","none","","","","",""
"VN_1391","Đam Mê Sport","Trường Chinh, Tây Ninh","Cầu lông","no_public_price","","","","","","","none","https://www.sporta.vn/san/dam-me-sport","2026-10-04T13:28:06.082Z","2026-10-04","none","","","","",""
"VN_1392","Sân bóng chuyền DH4","đường DH4/Số 70 ấp Khởi Trung, Cầu Khởi, Tây Ninh","Bóng đá","no_public_price","","","","","","","none","https://www.sporta.vn/san/san-bong-chuyen-dh4","2026-10-04T13:28:06.141Z","2026-10-04","none","","","","",""
"VN_1393","Sân bóng đá mini Hoàng Tân","W4QM+H3G, Mai Thị Hồng Hạnh, Rạch Sỏi, Tây Ninh","Bóng đá","no_public_price","","","","","","","none","https://www.sporta.vn/san/san-bong-da-mini-hoang-tan","2026-10-04T13:28:06.182Z","2026-10-04","none","","","","",""
"VN_1394","Sân bóng Happy T&T","7P4Q+HRQ, Tân Phú Trung, Tây Ninh","Bóng đá","no_public_price","","","","","","","none","https://www.sporta.vn/san/san-bong-happy-t-t","2026-10-04T13:28:06.323Z","2026-10-04","none","","","","",""
"VN_1395","Sân Bóng Mi Ni Sông Hậu","257M+227, QL80, Mong Thọ B, Tây Ninh","Bóng đá","no_public_price","","","","","","","none","https://www.sporta.vn/san/san-bong-mi-ni-song-hau","2026-10-04T13:28:06.293Z","2026-10-04","none","","","","",""
"VN_1396","Sân Bóng Đá Vũ Hoàng FS","826G+4XR, khu phố 3, Tây Ninh","Bóng đá","no_public_price","","","","","","","none","https://www.sporta.vn/san/san-bong-da-vu-hoang-fs","2026-10-04T13:28:06.348Z","2026-10-04","none","","","","",""
"VN_1397","Sân Bóng Trọng Nghĩa Sports - Tân Hương - Tiền Giang","F9H8+F9C, Tân Hương, Tây Ninh","Bóng đá","no_public_price","","","","","","","none","https://www.sporta.vn/san/san-bong-trong-nghia-sports-tan-huong-tien-giang","2026-10-04T13:28:06.422Z","2026-10-04","none","","","","",""
"VN_1398","Sân bóng Châu Thành","8966+6QW, Tân Thạch, Tây Ninh","Bóng đá","no_public_price","","","","","","","none","https://www.sporta.vn/san/san-bong-chau-thanh","2026-10-04T13:28:06.293Z","2026-10-04","none","","","","",""
"VN_1399","Sân đá banh mini Long Châu","C84Q+PR2, Long An, Tây Ninh","Cầu lông","no_public_price","","","","","","","none","https://www.sporta.vn/san/san-da-banh-mini-long-chau","2026-10-04T13:28:06.534Z","2026-10-04","none","","","","",""
"VN_1400","Sân bóng Tam Hiệp","C865+V28, Tam Hiệp, Tây Ninh","Cầu lông","no_public_price","","","","","","","none","https://www.sporta.vn/san/san-bo-ng-tam-hie-p","2026-10-04T13:28:06.504Z","2026-10-04","none","","","","",""
"VN_1401","SÂN BÓNG RỔ CHÂU THÀNH","Khu Tái định cư, Tây Ninh","Bóng đá","no_public_price","","","","","","","none","https://www.sporta.vn/san/san-bong-ro-chau-thanh","2026-10-04T13:28:06.534Z","2026-10-04","none","","","","",""
"VN_1402","Sân bóng mini cỏ nhân tạo Hữu Hạnh","H534+G7H, Thạnh Đông, Tây Ninh","Bóng đá","no_public_price","","","","","","","none","https://www.sporta.vn/san/san-bong-mini-co-nhan-tao-huu-hanh","2026-10-04T13:28:06.565Z","2026-10-04","none","","","","",""
"VN_1403","Sân Cỏ Nhân Tạo Tuấn Anh","7V5G+MJJ, Nguyễn Văn Voi, TT. Cái Tàu Hạ, Tây Ninh","Cầu lông","no_public_price","","","","","","","none","https://www.sporta.vn/san/san-co-nhan-tao-tuan-anh","2026-10-04T13:28:06.626Z","2026-10-04","none","","","","",""
"VN_1404","Sân bóng đá Duy","Số 184 An Trạch, An Hiệp, Tây Ninh","Bóng đá","no_public_price","","","","","","","none","https://www.sporta.vn/san/san-bong-da-duy","2026-10-04T13:28:07.169Z","2026-10-04","none","","","","",""
"VN_1405","Sân Bóng Mini Phú Cường","C9QW+88F, TT. An Châu, Tây Ninh","Bóng đá","no_public_price","","","","","","","none","https://www.sporta.vn/san/san-bong-mini-phu-cuong","2026-10-04T13:28:06.675Z","2026-10-04","none","","","","",""
"VN_1406","Sân bóng cỏ nhân tạo Văn Anh","6QGX+WCH, Phú Mỹ, Tây Ninh","Bóng đá","no_public_price","","","","","","","none","https://www.sporta.vn/san/san-bong-co-nhan-tao-van-anh","2026-10-04T13:28:06.757Z","2026-10-04","none","","","","",""
"VN_1407","Sân bóng đá Huy Hoàng","217 ĐT954, Long Sơn, Tây Ninh","Bóng đá","no_public_price","","","","","","","none","https://www.sporta.vn/san/san-bong-da-huy-hoang","2026-10-04T13:28:07.232Z","2026-10-04","none","","","","",""
"VN_1408","Khu Liên hợp Nguyễn Dương","130 Hùng Vương, street, Tây Ninh","Cầu lông","no_public_price","","","","","","","none","https://www.sporta.vn/san/khu-lien-hop-nguyen-duong","2026-10-04T13:28:06.750Z","2026-10-04","none","","","","",""
"VN_1409","Sân bóng Lộc Hưng","Lộc Hưng, Tây Ninh","Cầu lông","no_public_price","","","","","","","none","https://www.sporta.vn/san/loc-hung","2026-10-04T13:28:06.860Z","2026-10-04","none","","","","",""
"VN_1410","Sân Bóng Đá Bảo Lộc 2","C5WR+6XC, TL941, Vĩnh Bình, Tây Ninh","Bóng đá","no_public_price","","","","","","","none","https://www.sporta.vn/san/san-bong-da-bao-loc-2","2026-10-04T13:28:06.924Z","2026-10-04","none","","","","",""
"VN_1411","Sân bóng MiNi Trung Tín","Vĩnh Hoà Hiệp, Tây Ninh","Bóng đá","no_public_price","","","","","","","none","https://www.sporta.vn/san/san-bong-mini-trung-tin","2026-10-04T13:28:06.977Z","2026-10-04","none","","","","",""
"VN_1412","Sân bóng chuyền Phú Long","6RM7+X7G, Phú Long, Tây Ninh","Bóng đá","no_public_price","","","","","","","none","https://www.sporta.vn/san/san-bong-chuyen-phu-long","2026-10-04T13:28:06.910Z","2026-10-04","none","","","","",""
"VN_1413","San Bong Da Mini Cần Đăng","F73W+RX4, Cần Đăng, Tây Ninh","Bóng đá","no_public_price","","","","","","","none","https://www.sporta.vn/san/san-bong-da-mini-can-dang","2026-10-04T13:28:07.105Z","2026-10-04","none","","","","",""
"VN_1414","Sân bóng Huỳnh Phúc","78X3+G6, Tường Đa, Tây Ninh","Bóng đá","no_public_price","","","","","","","none","https://www.sporta.vn/san/san-bong-huynh-phuc","2026-10-04T13:28:07.139Z","2026-10-04","none","","","","",""
"VN_1415","Sân bóng mini KCN Giao Long","8C22+J9X, ĐT883, Qưới Sơn, Tây Ninh","Bóng đá","no_public_price","","","","","","","none","https://www.sporta.vn/san/san-bong-mini-kcn-giao-long","2026-10-04T13:28:07.170Z","2026-10-04","none","","","","",""
"VN_1416","Sân bóng đá mini Nguyên Trạng","228a Nguyễn Gia Thiều, Vĩnh Hoà Hiệp, Tây Ninh","Bóng đá","no_public_price","","","","","","","none","https://www.sporta.vn/san/san-bong-da-mini-nguyen-trang","2026-10-04T13:28:07.201Z","2026-10-04","none","","","","",""
"VN_1417","Sân Bóng Hồng Sơn 2 (sân 7)","GWC8+RHW, Tân Xuân, Bình Phước","Bóng đá","no_public_price","","","","","","","none","https://www.sporta.vn/san/san-bong-hong-son-2--san-7-","2026-10-04T13:28:07.424Z","2026-10-04","none","","","","",""
"VN_1418","Chảo Lửa Đồng Xoài","Ngã 4 Osaka, đường Nguyễn Huệ, phường Tân Đồng, Bình Phước","Cầu lông","no_public_price","","","","","","","none","https://www.sporta.vn/san/chao-lua-dong-xoai","2026-10-04T13:28:07.265Z","2026-10-04","none","","","","",""
"VN_1419","sân bóng an an","ấp cầu 2 xã đống tiến huyện đồng phú tỉnh bình phước, Bình Phước","Bóng đá","no_public_price","","","","","","","none","https://www.sporta.vn/san/san-bong-an-an","2026-10-04T13:28:07.440Z","2026-10-04","none","","","","",""
"VN_1420","Sân banh Thuỷ Kim Phát","Đường 5 Cỏn, KP Suối Đá, P. Tân Xuân, Bình Phước","Cầu lông","no_public_price","","","","","","","none","https://www.sporta.vn/san/san-banh-thuy-kim-phat","2026-10-04T13:28:07.465Z","2026-10-04","none","","","","",""
"VN_1421","Sân Bóng Đá Thuỷ Kim Phát","GWC4+2G3, Nguyễn Huệ, Tân Xuân, Bình Phước","Bóng đá","no_public_price","","","","","","","none","https://www.sporta.vn/san/san-bong-da-thuy-kim-phat","2026-10-04T13:28:07.431Z","2026-10-04","none","","","","",""
"VN_1422","Sân banh Đồng Xoài Arena","103 Thủy Doanh, Phường Tân Thiện, Bình Phước","Cầu lông","no_public_price","","","","","","","none","https://www.sporta.vn/san/san-banh-dong-xoai-arena","2026-10-04T13:28:07.417Z","2026-10-04","none","","","","",""
"VN_1423","Sân bóng Suối Cam","GVRH+567, Tân Phú, Bình Phước","Bóng đá","no_public_price","","","","","","","none","https://www.sporta.vn/san/san-bong-suoi-cam","2026-10-04T13:28:07.659Z","2026-10-04","none","","","","",""
"VN_1424","Sân vận động tỉnh Bình Phước","GVHH+HFM, Tân Bình, Bình Phước","Cầu lông","no_public_price","","","","","","","none","https://www.sporta.vn/san/san-van-dong-tinh-binh-phuoc","2026-10-04T13:28:07.610Z","2026-10-04","none","","","","",""
"VN_1425","Sân Bóng Barcelona","GWH3+QF4, Lê Quý Đôn, Phường Tân Thiện, Bình Phước","Bóng đá","no_public_price","","","","","","","none","https://www.sporta.vn/san/san-bong-barcelona","2026-10-04T13:28:07.690Z","2026-10-04","none","","","","",""
"VN_1426","Sân bóng đá Công an tỉnh","Nguyễn Văn Linh, Tân Phú, Bình Phước","Bóng đá","no_public_price","","","","","","","none","https://www.sporta.vn/san/san-bong-da-cong-an-tinh","2026-10-04T13:28:07.611Z","2026-10-04","none","","","","",""
"VN_1427","Sân bóng mini Chảo Lửa - Đồng Xoài","Đường Nguyễn Huệ, Tân Đồng, Bình Phước","Bóng đá","no_public_price","","","","","","","none","https://www.sporta.vn/san/san-bong-mini-chao-lua-dong-xoai","2026-10-04T13:28:07.724Z","2026-10-04","none","","","","",""
"VN_1428","Sân Bóng Đá Mini Thành An","189 Nguyễn Huệ, Phường Tân Thiện, Bình Phước","Bóng đá","no_public_price","","","","","","","none","https://www.sporta.vn/san/san-bong-da-mini-thanh-an","2026-10-04T13:28:07.824Z","2026-10-04","none","","","","",""
"VN_1429","Sân bóng Phú Cường","GVQR+4QJ, Tân Phú, Bình Phước","Bóng đá","no_public_price","","","","","","","none","https://www.sporta.vn/san/san-bong-phu-cuong","2026-10-04T13:28:07.859Z","2026-10-04","none","","","","",""
"VN_1430","️ TRUNG SPORT ONE ( Lê Duẩn II)","QL1A, Tiến Lợi, Bình Thuận","Cầu lông","no_public_price","","","","","","","none","https://www.sporta.vn/san/--trung-sport-one---le-duan-ii-","2026-10-04T13:28:07.860Z","2026-10-04","none","","","","",""
"VN_1431","Sân bóng đá Đồng Xuân - Mũi Né","Huỳnh Tấn Phát, Mũi Né, Bình Thuận","Bóng đá","no_public_price","","","","","","","none","https://www.sporta.vn/san/san-bong-da-dong-xuan-mui-ne","2026-10-04T13:28:08.014Z","2026-10-04","none","","","","",""
"VN_1432","Sân Bóng HẢI TIẾN","Hẻm 129 Lý Thường Kiệt, Tân An, Bình Thuận","Bóng đá","no_public_price","","","","","","","none","https://www.sporta.vn/san/san-bong-hai-tien","2026-10-04T13:28:07.922Z","2026-10-04","none","","","","",""
"VN_1433","Sân Bóng Anh Nhật","Sông Phan, Bình Thuận","Bóng đá","no_public_price","","","","","","","none","https://www.sporta.vn/san/san-bong-anh-nhat","2026-10-04T13:28:08.332Z","2026-10-04","none","","","","",""
"VN_1434","sân bóng đá mini quân đội","W3MV+RRP, Phú Trinh, Bình Thuận","Bóng đá","no_public_price","","","","","","","none","https://www.sporta.vn/san/san-bong-da-mini-quan-doi","2026-10-04T13:28:08.014Z","2026-10-04","none","","","","",""
"VN_1435","Sân bóng - Bida - Cafe Gỗ Thơm","Tôn Thất Bách, Xuân An, Bình Thuận","Bóng đá","no_public_price","","","","","","","none","https://www.sporta.vn/san/san-bong-bida-cafe-go-thom","2026-10-04T13:28:08.074Z","2026-10-04","none","","","","",""
"VN_1436","Sân Bóng Đá Mini Phú Hội","Phong Nẫm, Bình Thuận","Bóng đá","no_public_price","","","","","","","none","https://www.sporta.vn/san/san-bong-da-mini-phu-hoi","2026-10-04T13:28:08.074Z","2026-10-04","none","","","","",""
"VN_1437","Sân bóng đá UPT","225 Nguyễn Thông, Phú Hài, Bình Thuận","Bóng đá","no_public_price","","","","","","","none","https://www.sporta.vn/san/san-bong-da-upt","2026-10-04T13:28:08.148Z","2026-10-04","none","","","","",""
"VN_1438","Sân vận động  Phan Thiết","W3MV+7GQ, Đ.Hải Thượng Lãn Ông, Phú Trinh, Bình Thuận","Cầu lông","no_public_price","","","","","","","none","https://www.sporta.vn/san/san-van-dong-phan-thiet","2026-10-04T13:28:08.224Z","2026-10-04","none","","","","",""
"VN_1439","Trung Tâm Bóng Đá Phan Thiết FOOTBALL CENTRE Sân Bóng Hòa Phát 2","32 Đ.Hải Thượng Lãn Ông, Phú Tài, Bình Thuận","Bóng đá","no_public_price","","","","","","","none","https://www.sporta.vn/san/trung-tam-bong-da-phan-thiet-football-centre-san-bong-hoa-phat-2","2026-10-04T13:28:08.225Z","2026-10-04","none","","","","",""
"VN_1440","Sân bóng đá KAY Sport","X792+MX8, khu phố 3, Bình Thuận","Bóng đá","no_public_price","","","","","","","none","https://www.sporta.vn/san/san-bong-da-kay-sport","2026-10-04T13:28:08.691Z","2026-10-04","none","","","","",""
"VN_1441","Sân bóng đá Mini - Nhà Thiếu nhi Bình Thuận","Tp, Nguyễn Gia Tú, KDC Trung Tâm Thương Mại Bắc, Bình Thuận","Bóng đá","no_public_price","","","","","","","none","https://www.sporta.vn/san/san-bong-da-mini-nha-thieu-nhi-binh-thuan","2026-10-04T13:28:08.339Z","2026-10-04","none","","","","",""
"VN_1442","Sân Bóng Đá Mini, Cầu Lông Hoành Bằng","31, Đường Huỳnh Thúc Kháng, Phường Hàm Tiến, Phường Hàm Tiến, Bình Thuận","Bóng đá","no_public_price","","","","","","","none","https://www.sporta.vn/san/san-bong-da-mini--cau-long-hoanh-bang","2026-10-04T13:28:08.357Z","2026-10-04","none","","","","",""
"VN_1443","Sân Tennis Tín Nghĩa Phan Thiết","14 Tôn Thất Bách, Phú Tài, Bình Thuận","Tennis","curated_public_price","unknown","05:00","22:00","100000","200000","60","time_slots","https://santennisdaikim.org/san-tennis-tin-nghia/","2026-10-04","2026-10-04","low","Giá tham khảo công khai; đã đối chiếu tên và địa chỉ. Chưa xác nhận giá đang áp dụng; nguồn không phân ngày/giờ.","court_hour","approximate","Tennis","public_source_matched"
"VN_1444","Sân bóng đá bắc xuân an","445 Trần Quang Diệu, P, Bình Thuận","Bóng đá","no_public_price","","","","","","","none","https://www.sporta.vn/san/san-bong-da-bac-xuan-an","2026-10-04T13:28:08.675Z","2026-10-04","none","","","","",""
"VN_1445","Sân bóng đá Lê Duẩn","W3RM+5VJ, Đường vào ga mới, Đ. Lê Duẩn, Phong Nẫm, Bình Thuận","Bóng đá","no_public_price","","","","","","","none","https://www.sporta.vn/san/san-bong-da-le-duan","2026-10-04T13:28:08.613Z","2026-10-04","none","","","","",""
"VN_1446","Sân bóng mini Hưng Thịnh","88 Trần Quý Cáp, Đức Long, Bình Thuận","Bóng đá","no_public_price","","","","","","","none","https://www.sporta.vn/san/san-bong-mini-hung-thinh","2026-10-04T13:28:08.527Z","2026-10-04","none","","","","",""
"VN_1447","Sân bóng mini Hải Quân","63 ĐT719, Tiến Thành, Bình Thuận","Bóng đá","no_public_price","","","","","","","none","https://www.sporta.vn/san/san-bong-mini-hai-quan","2026-10-04T13:28:08.841Z","2026-10-04","none","","","","",""
"VN_1448","Sân Bóng Đá Mini Hòa Phát","Phong Nẫm, Bình Thuận","Bóng đá","no_public_price","","","","","","","none","https://www.sporta.vn/san/san-bong-da-mini-hoa-phat","2026-10-04T13:28:09.319Z","2026-10-04","none","","","","",""
"VN_1449","Sân Cỏ Nhân Tạo Đông Xuân An","W4W6+8J6, Tôn Đức Thắng, Xuân An, Bình Thuận","Cầu lông","no_public_price","","","","","","","none","https://www.sporta.vn/san/san-co-nhan-tao-dong-xuan-an","2026-10-04T13:28:08.858Z","2026-10-04","none","","","","",""
"VN_1450","Sân Bóng Đá Quốc Gia 2 - Mũi Né","W5QF+M4F, khu phố 1, Bình Thuận","Bóng đá","no_public_price","","","","","","","none","https://www.sporta.vn/san/san-bong-da-quoc-gia-2-mui-ne","2026-10-04T13:28:09.030Z","2026-10-04","none","","","","",""
"VN_1451","Sân bóng chuyền mũi né","Đường Nguyễn Hữu Thọ, Mũi Né, Bình Thuận","Bóng đá","no_public_price","","","","","","","none","https://www.sporta.vn/san/san-bong-chuyen-mui-ne","2026-10-04T13:28:08.887Z","2026-10-04","none","","","","",""
"VN_1452","Sân bóng chuyền hơi CLB Sức khoẻ","W4W7+XJQ, Xuân An, Bình Thuận","Bóng đá","no_public_price","","","","","","","none","https://www.sporta.vn/san/san-bong-chuyen-hoi-clb-suc-khoe","2026-10-04T13:28:09.221Z","2026-10-04","none","","","","",""
"VN_1453","Sân Bóng Đăng Khánh Vân","Đinh Bộ Lĩnh, LaGi, Bình Thuận","Bóng đá","no_public_price","","","","","","","none","https://www.sporta.vn/san/san-bong-dang-khanh-van","2026-10-04T13:28:09.474Z","2026-10-04","none","","","","",""
"VN_1454","Sân bóng đá Phan thiết Khánh Dương","272 Đ.Hải Thượng Lãn Ông, Phú Tài, Bình Thuận","Bóng đá","no_public_price","","","","","","","none","https://www.sporta.vn/san/san-bong-da-phan-thiet-khanh-duong","2026-10-04T13:28:09.049Z","2026-10-04","none","","","","",""
"VN_1455","Sân bóng Đông Xuân An","W4W6+49V, Đông Xuân An, Bình Thuận","Bóng đá","no_public_price","","","","","","","none","https://www.sporta.vn/san/san-bong-dong-xuan-an","2026-10-04T13:28:09.273Z","2026-10-04","none","","","","",""
"VN_1456","Sân Bóng GT86 - Gỗ Thơm 86","16 Tôn Thất Tùng, Phú Thuỷ, Bình Thuận","Bóng đá","no_public_price","","","","","","","none","https://www.sporta.vn/san/san-bong-gt86-go-thom-86","2026-10-04T13:28:09.333Z","2026-10-04","none","","","","",""
"VN_1457","Hùng Sơn 27","Khu phố Nam Tân, Thị Trấn Thuận Nam, Huyện Hàm Thuận Nam, Bình Thuận, Bình Thuận","Cầu lông","no_public_price","","","","","","","none","https://www.sporta.vn/san/hung-son-2754a2","2026-10-04T13:28:09.413Z","2026-10-04","none","","","","",""
"VN_1458","Sân bóng mini Hùng Sơn 27","Kp Nam Tân, thị trấn Thuận Nam, Hàm Thuận Nam, Bình Thuận, Bình Thuận","Bóng đá","no_public_price","","","","","","","none","https://www.sporta.vn/san/san-bong-mini-hung-son-27","2026-10-04T13:28:09.600Z","2026-10-04","none","","","","",""
"VN_1459","Sân Vận Động Cỏ Nhân Tạo Hòa Phát","360 Đặng Văn Lãnh, Bình Thuận","Cầu lông","no_public_price","","","","","","","none","https://www.sporta.vn/san/hoa-phat","2026-10-04T13:28:09.493Z","2026-10-04","none","","","","",""
"VN_1460","Sân bóng trường sanh","HW6M+W75, Trường Sanh, Ninh Thuận","Bóng đá","no_public_price","","","","","","","none","https://www.sporta.vn/san/san-bong-truong-sanh","2026-10-04T13:28:09.476Z","2026-10-04","none","","","","",""
"VN_1461","SÂN BÓNG ĐÁ THỦY LỢI","1 Lương Thế Vinh, Phước Mỹ, Ninh Thuận","Bóng đá","no_public_price","","","","","","","none","https://www.sporta.vn/san/san-bong-da-thuy-loi","2026-10-04T13:28:09.537Z","2026-10-04","none","","","","",""
"VN_1462","Sân bóng Phảng Lê","hẻm 86, Khu phố 1, Ninh Thuận","Bóng đá","no_public_price","","","","","","","none","https://www.sporta.vn/san/san-bong-phang-le","2026-10-04T13:28:09.592Z","2026-10-04","none","","","","",""
"VN_1463","Sân Bóng Chất Thường","HWM7+8RQ, Phước Thái, Ninh Thuận","Bóng đá","no_public_price","","","","","","","none","https://www.sporta.vn/san/san-bong-chat-thuong","2026-10-04T13:28:09.669Z","2026-10-04","none","","","","",""
"VN_1464","Sân Bóng Phước Dân","Đường Hầm Mỹ, khu phố 13, Ninh Thuận","Bóng đá","no_public_price","","","","","","","none","https://www.sporta.vn/san/san-bong-phuoc-dan","2026-10-04T13:28:09.746Z","2026-10-04","none","","","","",""
"VN_1465","Sân bóng đá Khang Ninh","H277+3QC, Mỹ Hải, Ninh Thuận","Cầu lông","no_public_price","","","","","","","none","https://www.sporta.vn/san/san-bo-ng-da--khang-ninh","2026-10-04T13:28:09.775Z","2026-10-04","none","","","","",""
"VN_1466","Sân bóng đá Hưng Vương","16 Lương Thế Vinh, Phước Mỹ, Ninh Thuận","Bóng đá","no_public_price","","","","","","","none","https://www.sporta.vn/san/san-bong-da-hung-vuong","2026-10-04T13:28:09.862Z","2026-10-04","none","","","","",""
"VN_1467","Sân bóng đá Thuận Hoà","HXF7+7GG, Phước Thuận, Ninh Thuận","Bóng đá","no_public_price","","","","","","","none","https://www.sporta.vn/san/san-bong-da-thuan-hoa","2026-10-04T13:28:10.176Z","2026-10-04","none","","","","",""
"VN_1468","Sân Bóng Đá mini Kênh Bàu","W4V3+WV7, khu phố 3, Ninh Thuận","Bóng đá","no_public_price","","","","","","","none","https://www.sporta.vn/san/san-bong-da-mini-kenh-bau","2026-10-04T13:28:09.976Z","2026-10-04","none","","","","",""
"VN_1469","Sân bóng Tomorrow (KAKA')","Đài Sơn, Ninh Thuận","Bóng đá","no_public_price","","","","","","","none","https://www.sporta.vn/san/san-bong-tomorro--kaka--","2026-10-04T13:28:09.975Z","2026-10-04","none","","","","",""
"VN_1470","Sân Bóng Đá Hoàn Mỹ","63 Nguyễn Trung Trực, Phước Mỹ, Ninh Thuận","Bóng đá","no_public_price","","","","","","","none","https://www.sporta.vn/san/san-bong-da-hoan-my","2026-10-04T13:28:09.958Z","2026-10-04","none","","","","",""
"VN_1471","Sân bóng đá mini hoàn mỹ","An nhơn, Ninh Thuận","Bóng đá","no_public_price","","","","","","","none","https://www.sporta.vn/san/san-bong-da-mini-hoan-my","2026-10-04T13:28:10.158Z","2026-10-04","none","","","","",""
"VN_1472","Sân Cỏ Nhân Tạo Phương Nam","279 Ng. Gia Tự, Tấn Tài, Ninh Thuận","Cầu lông","no_public_price","","","","","","","none","https://www.sporta.vn/san/san-co-nhan-tao-phuong-nam","2026-10-04T13:28:10.075Z","2026-10-04","none","","","","",""
"VN_1473","Sân bóng chuyền Văn Lâm","W2QP+478, Văn Lâm, Phú Lâm, Ninh Thuận","Bóng đá","no_public_price","","","","","","","none","https://www.sporta.vn/san/san-bong-chuyen-van-lam","2026-10-04T13:28:10.207Z","2026-10-04","none","","","","",""
"VN_1474","Sân bóng Thuận Nguyễn","X7PF+3W, Thiện Nghiệp, Ninh Thuận","Bóng đá","no_public_price","","","","","","","none","https://www.sporta.vn/san/san-bong-thuan-nguyen","2026-10-04T13:28:10.254Z","2026-10-04","none","","","","",""
"VN_1475","Sân Bóng Đá Mini Phú Bình","Xóm 7, thôn 3, Ninh Thuận","Bóng đá","no_public_price","","","","","","","none","https://www.sporta.vn/san/san-bong-da-mini-phu-binh","2026-10-04T13:28:10.175Z","2026-10-04","none","","","","",""
"VN_1476","Sân bóng đá An Bình Napoli Coffee","315 Phạm Ngọc Thạch, TT. Khánh Hải, Ninh Thuận","Bóng đá","no_public_price","","","","","","","none","https://www.sporta.vn/san/san-bong-da-an-binh-napoli-coffee","2026-10-04T13:28:10.391Z","2026-10-04","none","","","","",""
"VN_1477","Sân Bóng Đá Cỏ Nhân Tạo Mỹ Đông","H226+4W6, Hải Thượng Lãn Ông, Mỹ Đông, Ninh Thuận","Bóng đá","no_public_price","","","","","","","none","https://www.sporta.vn/san/san-bong-da-co-nhan-tao-my-dong","2026-10-04T13:28:10.460Z","2026-10-04","none","","","","",""
"VN_1478","Sân mini Hoàng lâm","An nhơn xuân hải , Ninh Thuận","Cầu lông","no_public_price","","","","","","","none","https://www.sporta.vn/san/san-mini-hoang-lam","2026-10-04T13:28:10.390Z","2026-10-04","none","","","","",""
"VN_1479","Sân bóng chuyền kevin","Thôn hiếu lễ, Đài Sơn, Ninh Thuận","Bóng đá","no_public_price","","","","","","","none","https://www.sporta.vn/san/san-bong-chuyen-kevin","2026-10-04T13:28:10.491Z","2026-10-04","none","","","","",""
"VN_1480","Sân vận động Tỉnh Ninh Thuận","21 Tháng 8, Phước Mỹ, Ninh Thuận","Cầu lông","no_public_price","","","","","","","none","https://www.sporta.vn/san/san-van-dong-tinh-ninh-thuan","2026-10-04T13:28:10.492Z","2026-10-04","none","","","","",""
"VN_1481","Sân Bóng Chuyền Tân Hội","JX2J+5JF, Tân Hội, Ninh Thuận","Bóng đá","no_public_price","","","","","","","none","https://www.sporta.vn/san/san-bong-chuyen-tan-hoi","2026-10-04T13:28:10.524Z","2026-10-04","none","","","","",""
"VN_1482","Sân Bóng Đá Cỏ Nhân Tạo Tân Định","27 Hai Mươi Mốt Tháng Tám, Phủ Hà, Ninh Thuận","Bóng đá","no_public_price","","","","","","","none","https://www.sporta.vn/san/san-bong-da-co-nhan-tao-tan-dinh","2026-10-04T13:28:10.684Z","2026-10-04","none","","","","",""
"VN_1483","NGUYỄN DU SPORT","Quốc Lộ 27, Thạch Hà, Quảng Sơn, Ninh Thuận","Bóng đá","no_public_price","","","","","","","none","https://www.sporta.vn/san/san-bong-da-nguyen-du","2026-10-04T13:28:10.735Z","2026-10-04","none","","","","",""
"VN_1484","Sân Bóng KaKa","5 Nguyễn Văn Trỗi, Thanh Son, Ninh Thuận","Bóng đá","no_public_price","","","","","","","none","https://www.sporta.vn/san/san-bong-kaka","2026-10-04T13:28:10.689Z","2026-10-04","none","","","","",""
"VN_1485","Sân bóng đá Hữu Thành","HXGH+V8W, Phước Mỹ, Ninh Thuận","Bóng đá","no_public_price","","","","","","","none","https://www.sporta.vn/san/san-bong-da-huu-thanh","2026-10-04T13:28:10.754Z","2026-10-04","none","","","","",""
"VN_1486","Sân Bóng Rổ CLB TP Phan Rang","1 Lê Đình Chinh, Thanh Son, Ninh Thuận","Bóng đá","no_public_price","","","","","","","none","https://www.sporta.vn/san/san-bong-ro-clb-tp-phan-rang","2026-10-04T13:28:10.790Z","2026-10-04","none","","","","",""
"VN_1487","Sân Bóng Đá Thông Tin","Q678+2H6, Nguyễn Văn Cừ, Bình Định","Bóng đá","no_public_price","","","","","","","none","https://www.sporta.vn/san/san-bong-da-thong-tin","2026-10-04T13:28:10.707Z","2026-10-04","none","","","","",""
"VN_1488","Trung tâm bóng đá cộng đồng SOLA","Q6R6+FFX, Hoàng Minh Thảo, Đống Đa, Bình Định","Bóng đá","no_public_price","","","","","","","none","https://www.sporta.vn/san/trung-tam-bong-da-cong-dong-sola","2026-10-04T13:28:11.323Z","2026-10-04","none","","","","",""
"VN_1489","SÂN BÓNG ĐÁ MINI SÔ LA - QUY NHƠN","14 Huỳnh Đăng Thơ, Đống Đa, Bình Định","Bóng đá","no_public_price","","","","","","","none","https://www.sporta.vn/san/san-bong-da-mini-so-la-quy-nhon","2026-10-04T13:28:10.979Z","2026-10-04","none","","","","",""
"VN_1490","Sân Mini Quang Trung","Q5XP+V7H TP, Đào Tấn, Nhơn Phú, Bình Định","Cầu lông","no_public_price","","","","","","","none","https://www.sporta.vn/san/san-mini-quang-trung","2026-10-04T13:28:11.006Z","2026-10-04","none","","","","",""
"VN_1491","Sân Bóng Đá Mini Kinh Bắc","28 Đinh Công Tráng, Nguyễn Văn Cừ, Bình Định","Bóng đá","no_public_price","","","","","","","none","https://www.sporta.vn/san/san-bong-da-mini-kinh-bac","2026-10-04T13:28:11.006Z","2026-10-04","none","","","","",""
"VN_1492","Pickle Park - Sân bóng Pickleball","01 Lê Đức Thọ, Hải Cảng, Bình Định","Pickleball","no_public_price","","","","","","","none","https://www.sporta.vn/san/pickle-park-san-bong-pickleball","2026-10-04T13:28:11.021Z","2026-10-04","none","","","","",""
"VN_1493","Sân bóng Minh Quân","W3CM+RV, TT. Đập Đá, Bình Định","Bóng đá","no_public_price","","","","","","","none","https://www.sporta.vn/san/san-bong-minh-quan","2026-10-04T13:28:11.058Z","2026-10-04","none","","","","",""
"VN_1494","Sân Bóng Thành Được","P5J5+5MR, Dốc Ông Phật, Bình Định","Bóng đá","no_public_price","","","","","","","none","https://www.sporta.vn/san/san-bong-thanh-duoc","2026-10-04T13:28:11.217Z","2026-10-04","none","","","","",""
"VN_1495","Sân bóng đá Kinh Bắc ","Nguyễn Thị Định, Bình Định","Bóng đá","no_public_price","","","","","","","none","https://www.sporta.vn/san/san-bong-da-kinh-bac","2026-10-04T13:28:11.238Z","2026-10-04","none","","","","",""
"VN_1496","Sân minh chiến","Trạm 4, Bình Định","Cầu lông","no_public_price","","","","","","","none","https://www.sporta.vn/san/san-minh-chien","2026-10-04T13:28:11.206Z","2026-10-04","none","","","","",""
"VN_1497","Sân trạm 4","277/12/14 Âu Cơ , Bình Định","Cầu lông","no_public_price","","","","","","","none","https://www.sporta.vn/san/san-tram-4","2026-10-04T13:28:11.340Z","2026-10-04","none","","","","",""
"VN_1498","Trung tâm bóng rổ YBC Bình Định","Điện Biên Phủ, Quang Trung, Bình Định","Bóng rổ","no_public_price","","","","","","","none","https://www.sporta.vn/san/trung-tam-bong-ro-ybc-binh-dinh","2026-10-04T13:28:11.541Z","2026-10-04","none","","","","",""
"VN_1499","Sân Bóng Quốc Duẩn","Lộc khánh, Cát Hưng, Phù Cát, Bình Định, Bình Định","Bóng đá","no_public_price","","","","","","","none","https://www.sporta.vn/san/san-bong-quoc-duan","2026-10-04T13:28:11.424Z","2026-10-04","none","","","","",""
"VN_1500","Sân bóng đá trường THPT chuyên Lê Quý Đôn","Đường Trần Hưng Đạo, Hải Cảng, Bình Định","Bóng đá","no_public_price","","","","","","","none","https://www.sporta.vn/san/san-bong-da-truong-thpt-chuyen-le-quy-don","2026-10-04T13:28:11.432Z","2026-10-04","none","","","","",""
"VN_1501","Sân bóng mini hoa lư","Q6P8+5V4, Đống Đa, Bình Định","Bóng đá","no_public_price","","","","","","","none","https://www.sporta.vn/san/san-bong-mini-hoa-lu","2026-10-04T13:28:11.457Z","2026-10-04","none","","","","",""
"VN_1502","Sân Bóng Đá Vân Tình","57 Lạc Long Quân, Trần Quang Diệu, Bình Định","Bóng đá","no_public_price","","","","","","","none","https://www.sporta.vn/san/san-bong-da-van-tinh","2026-10-04T13:28:11.527Z","2026-10-04","none","","","","",""
"VN_1503","Sân vận động Quy Nhơn","194 Lê Hồng Phong, Trần Hưng Đạo, Bình Định","Cầu lông","no_public_price","","","","","","","none","https://www.sporta.vn/san/san-van-dong-quy-nhon","2026-10-04T13:28:11.642Z","2026-10-04","none","","","","",""
"VN_1504","Hà thanh 2","Ghỳuu, Bình Định","Cầu lông","no_public_price","","","","","","","none","https://www.sporta.vn/san/ha-thanh-2","2026-10-04T13:28:11.623Z","2026-10-04","none","","","","",""
"VN_1505","Sân Bóng Mai Hắc Đế","P6W5+WXP, Nguyễn Phúc Lan, Ghềnh Ráng, Bình Định","Bóng đá","no_public_price","","","","","","","none","https://www.sporta.vn/san/san-bong-mai-hac-de","2026-10-04T13:28:11.575Z","2026-10-04","none","","","","",""
"VN_1506","Sân Bóng Đá - Bãi Đậu Xe Ô Tô Đông Dương","P6X5+8C7, Đường Chế Lan Viên, Ghềnh Ráng, Bình Định","Bóng đá","no_public_price","","","","","","","none","https://www.sporta.vn/san/san-bong-da-bai-dau-xe-o-to-dong-duong","2026-10-04T13:28:11.673Z","2026-10-04","none","","","","",""
"VN_1507","Sân bóng rổ Mầm Non Hà Thanh - Basketball Court of Ha Thanh Kindergarten","303 Đường Tố Hữu, Đống Đa, Bình Định","Bóng đá","no_public_price","","","","","","","none","https://www.sporta.vn/san/san-bong-ro-mam-non-ha-thanh-basketball-court-of-ha-thanh-kindergarten","2026-10-04T13:28:11.810Z","2026-10-04","none","","","","",""
"VN_1508","Thành được","Bùi thị xuân, Bình Định","Cầu lông","no_public_price","","","","","","","none","https://www.sporta.vn/san/thanh-duoc","2026-10-04T13:28:12.113Z","2026-10-04","none","","","","",""
"VN_1509","Sân bóng Phó Đức Chính","95 Phó Đức Chính, Lê Hồng Phong, Bình Định","Bóng đá","no_public_price","","","","","","","none","https://www.sporta.vn/san/san-bong-pho-duc-chinh","2026-10-04T13:28:11.826Z","2026-10-04","none","","","","",""
"VN_1510","Sân bóng Phương Vy","Địa chỉ tổ dân phố thọ lộc 2, Bình Định","Bóng đá","no_public_price","","","","","","","none","https://www.sporta.vn/san/san-bong-phuong-vy","2026-10-04T13:28:11.942Z","2026-10-04","none","","","","",""
"VN_1511","Sân Cầu Lông Quân Đội Quy Nhơn","Đối diện, 48 Nguyễn Thị Định, Nguyễn Văn Cừ, Bình Định","Cầu lông","no_public_price","","","","","","","none","https://www.sporta.vn/san/san-cau-long-quan-doi-quy-nhon","2026-10-04T13:28:11.941Z","2026-10-04","none","","","","",""
"VN_1512","Sân bóng đá Công an tỉnh Bình Định","Q69F+GWR, Trần Phú, Bình Định","Bóng đá","no_public_price","","","","","","","none","https://www.sporta.vn/san/san-bong-da-cong-an-tinh-binh-dinh","2026-10-04T13:28:12.006Z","2026-10-04","none","","","","",""
"VN_1513","Sân Bóng Ngô Gia Tự","56 Ngô Gia Tự, Nguyễn Văn Cừ, Bình Định","Bóng đá","no_public_price","","","","","","","none","https://www.sporta.vn/san/san-bong-ngo-gia-tu","2026-10-04T13:28:12.044Z","2026-10-04","none","","","","",""
"VN_1514","Sân bóng chuyền đường Trần Khánh Dư","04 Trần Khánh Dư, Nguyễn Văn Cừ, Bình Định","Bóng đá","no_public_price","","","","","","","none","https://www.sporta.vn/san/san-bong-chuyen-duong-tran-khanh-du","2026-10-04T13:28:12.112Z","2026-10-04","none","","","","",""
"VN_1515","Sân Cỏ nhân tạo NGUYỄN THỊ ĐỊNH","Đường Nguyễn Thị Định, Nguyễn Văn Cừ, Bình Định","Cầu lông","no_public_price","","","","","","","none","https://www.sporta.vn/san/san-co-nhan-tao-nguyen-thi-dinh","2026-10-04T13:28:12.341Z","2026-10-04","none","","","","",""
"VN_1516","Sân banh mini nhân tạo","68G3+X5X, An Hoà, Phú Yên","Cầu lông","no_public_price","","","","","","","none","https://www.sporta.vn/san/san-banh-mini-nhan-tao","2026-10-04T13:28:12.282Z","2026-10-04","none","","","","",""
"VN_1517","Nhà thi đấu Lê Trung Kiên","98 Đ. Duy Tân, Phường 5, Phú Yên","Cầu lông","no_public_price","","","","","","","none","https://www.sporta.vn/san/nha-thi-dau-le-trung-kien","2026-10-04T13:28:12.589Z","2026-10-04","none","","","","",""
"VN_1518","Quán ăn Bồng Bềnh","Đầm Cù Mông, Phú Yên","Bóng đá","no_public_price","","","","","","","none","https://www.sporta.vn/san/quan-an-bong-benh","2026-10-04T13:28:12.574Z","2026-10-04","none","","","","",""
"VN_1519","Trung tâm đào tạo bóng rổ trẻ i-BALLS-Phú Yên","4863+Q6J, Trường Chinh, Phường 9, Phú Yên","Bóng rổ","no_public_price","","","","","","","none","https://www.sporta.vn/san/trung-tam-dao-tao-bong-ro-tre-iballsphu-yen","2026-10-04T13:28:12.455Z","2026-10-04","none","","","","",""
"VN_1520","Nhà thi đấu Tx.Sông Cầu","18 Đ. Phan Đình Phùng, Phú Yên","Cầu lông","no_public_price","","","","","","","none","https://www.sporta.vn/san/nha-thi-dau-tx-song-cau","2026-10-04T13:28:12.282Z","2026-10-04","none","","","","",""
"VN_1521","SÂN BÓNG VINH BA","X6P8+3CW, Đ. Vinh Ba, Hoà Đồng, Phú Yên","Bóng đá","no_public_price","","","","","","","none","https://www.sporta.vn/san/san-bong-vinh-ba","2026-10-04T13:28:12.508Z","2026-10-04","none","","","","",""
"VN_1522","Sân Mini K98","H6W8+MM7, Chánh Lộc - Diêm Trường, Xuân Bình, Phú Yên","Cầu lông","no_public_price","","","","","","","none","https://www.sporta.vn/san/san-mini-k98","2026-10-04T13:28:12.630Z","2026-10-04","none","","","","",""
"VN_1523","Sân bóng đá mini Mỹ Dung","Hoà An, Phú Yên","Bóng đá","no_public_price","","","","","","","none","https://www.sporta.vn/san/san-bong-da-mini-my-dung","2026-10-04T13:28:12.608Z","2026-10-04","none","","","","",""
"VN_1524","Sân Bóng Đá Phú Đông","180/8 Ngô Gia Tự, Phú Đông, Phú Yên","Bóng đá","no_public_price","","","","","","","none","https://www.sporta.vn/san/san-bong-da-phu-dong","2026-10-04T13:28:12.742Z","2026-10-04","none","","","","",""
"VN_1525","Sân bóng chuyền ĐH Xây dựng Miền Trrung","38V9+H53, Lý Thường Kiệt, Phường7, Phú Yên","Bóng đá","no_public_price","","","","","","","none","https://www.sporta.vn/san/san-bong-chuyen-dh-xay-dung-mien-trrung","2026-10-04T13:28:12.775Z","2026-10-04","none","","","","",""
"VN_1526","Sân bóng mini thanh niên gần tỉnh đoàn","4862+JX, Phường 9, Phú Yên","Bóng đá","no_public_price","","","","","","","none","https://www.sporta.vn/san/san-bong-mini-thanh-nien-gan-tinh-doan","2026-10-04T13:28:12.827Z","2026-10-04","none","","","","",""
"VN_1527","Sân Bóng Đá Mini Thao Võ","J626+MJF, Xuân Lộc, Phú Yên","Bóng đá","no_public_price","","","","","","","none","https://www.sporta.vn/san/san-bong-da-mini-thao-vo","2026-10-04T13:28:12.742Z","2026-10-04","none","","","","",""
"VN_1528","Sân vận động Tuy Hòa","38R6+W75, Nguyễn Huệ, Phường 5, Phú Yên","Cầu lông","no_public_price","","","","","","","none","https://www.sporta.vn/san/san-van-dong-tuy-hoa","2026-10-04T13:28:12.858Z","2026-10-04","none","","","","",""
"VN_1529","Sân bóng đá mini Phù Đổng","407 Lê Duẩn, Phường 9, Phú Yên","Bóng đá","no_public_price","","","","","","","none","https://www.sporta.vn/san/san-bong-da-mini-phu-dong","2026-10-04T13:28:12.908Z","2026-10-04","none","","","","",""
"VN_1530","Hà Anh football","24 Nguyễn Du, Phường 7, Phú Yên","Bóng đá","no_public_price","","","","","","","none","https://www.sporta.vn/san/ha-anh-football","2026-10-04T13:28:13.041Z","2026-10-04","none","","","","",""
"VN_1531","Sân Bóng chuyền Khu Phố Chánh Bắc","C689+HCF, Phú Yên","Bóng đá","no_public_price","","","","","","","none","https://www.sporta.vn/san/san-bong-chuyen-khu-pho-chanh-bac","2026-10-04T13:28:13.197Z","2026-10-04","none","","","","",""
"VN_1532","Sân bóng long động","57PR+5PW, An Chấn, Phú Yên","Bóng đá","no_public_price","","","","","","","none","https://www.sporta.vn/san/san-bong-long-dong","2026-10-04T13:28:13.108Z","2026-10-04","none","","","","",""
"VN_1533","Sân Bóng Cỏ Đá Nhân Tạo Mini","38V8+GR6, Phường7, Phú Yên","Bóng đá","no_public_price","","","","","","","none","https://www.sporta.vn/san/san-bong-co-da-nhan-tao-mini","2026-10-04T13:28:13.275Z","2026-10-04","none","","","","",""
"VN_1534","Sân bóng đá mini xã Hòa Trị","Hoà Trị, Phú Yên","Bóng đá","no_public_price","","","","","","","none","https://www.sporta.vn/san/san-bong-da-mini-xa-hoa-tri","2026-10-04T13:28:13.358Z","2026-10-04","none","","","","",""
"VN_1535","Sân bóng đá Trường quốc tế Duy Tân","4872+M57, Đường Nguyễn Văn Huyên Nguyễn Hữu Thọ, Phường 9, Phú Yên","Bóng đá","no_public_price","","","","","","","none","https://www.sporta.vn/san/san-bong-da-truong-quoc-te-duy-tan","2026-10-04T13:28:13.425Z","2026-10-04","none","","","","",""
"VN_1536","Sân bóng rổ trường Nguyễn Huệ","375 32 Lê Lợi, Phường 5, Phú Yên","Bóng đá","no_public_price","","","","","","","none","https://www.sporta.vn/san/san-bong-ro-truong-nguyen-hue","2026-10-04T13:28:13.541Z","2026-10-04","none","","","","",""
"VN_1537","Sân bóng đá Trần Hưng Đạo","Đối diện, 35 Phạm Đình Quy, Phú Thạnh, Phú Yên","Bóng đá","no_public_price","","","","","","","none","https://www.sporta.vn/san/san-bong-da-tran-hung-dao","2026-10-04T13:28:13.575Z","2026-10-04","none","","","","",""
"VN_1538","Sân bóng mini Hoà Mỹ","H722+QJH, Unnamed Road Tx., Xuân Cảnh, Phú Yên","Bóng đá","no_public_price","","","","","","","none","https://www.sporta.vn/san/san-bong-mini-hoa-my","2026-10-04T13:28:13.587Z","2026-10-04","none","","","","",""
"VN_1539","Sân bóng chuyền bãi biển Tuy Hòa","38WC+WQR, Độc Lập, Phú Yên","Bóng đá","no_public_price","","","","","","","none","https://www.sporta.vn/san/san-bong-chuyen-bai-bien-tuy-hoa","2026-10-04T13:28:13.507Z","2026-10-04","none","","","","",""
"VN_1540","Sân bóng mini Xuân Yên","F668+3GF, Lê Thành Phương, Phú Yên","Bóng đá","no_public_price","","","","","","","none","https://www.sporta.vn/san/san-bong-mini-xuan-yen","2026-10-04T13:28:13.761Z","2026-10-04","none","","","","",""
"VN_1541","CLB BÓNG RỔ GBC Quảng Ngãi","452 Nguyễn Văn Linh, TT. Sơn Tịnh, Quảng Ngãi","Bóng rổ","no_public_price","","","","","","","none","https://www.sporta.vn/san/clb-bong-ro-gbc-quang-ngai","2026-10-04T13:28:13.760Z","2026-10-04","none","","","","",""
"VN_1542","Sân bóng TAT","5QFM+X5, Tịnh ấn Tây, Quảng Ngãi","Bóng đá","no_public_price","","","","","","","none","https://www.sporta.vn/san/san-bong-tat","2026-10-04T13:28:13.852Z","2026-10-04","none","","","","",""
"VN_1543","Sân Bóng Đá Nhân Tạo Trường THCS P.Phổ Ninh","RWFX+878, Phổ Ninh, Quảng Ngãi","Bóng đá","no_public_price","","","","","","","none","https://www.sporta.vn/san/san-bong-da-nhan-tao-truong-thcs-p-pho-ninh","2026-10-04T13:28:13.745Z","2026-10-04","none","","","","",""
"VN_1544","Sân Bóng Thanh Lịch","WRVH+JV, Đức Phú, Quảng Ngãi","Bóng đá","no_public_price","","","","","","","none","https://www.sporta.vn/san/san-bong-thanh-lich","2026-10-04T13:28:13.851Z","2026-10-04","none","","","","",""
"VN_1545","Sân Bóng Đá Nhân Tạo Trường THPT Bình Sơn","62 Đ. Vạn Tường, Bình Trung, Quảng Ngãi","Bóng đá","no_public_price","","","","","","","none","https://www.sporta.vn/san/san-bong-da-nhan-tao-truong-thpt-binh-son","2026-10-04T13:28:13.801Z","2026-10-04","none","","","","",""
"VN_1546","Sân Vận Động Cù Lao","9Q49+3HX, Bình Chánh, Quảng Ngãi","Cầu lông","no_public_price","","","","","","","none","https://www.sporta.vn/san/san-van-dong-cu-lao","2026-10-04T13:28:13.882Z","2026-10-04","none","","","","",""
"VN_1547","Sân đá bóng. Thôn Huy Ba 1","RQP4+XFH, Ba Thành, Quảng Ngãi","Bóng đá","no_public_price","","","","","","","none","https://www.sporta.vn/san/san-da-bong--thon-huy-ba-1","2026-10-04T13:28:14.107Z","2026-10-04","none","","","","",""
"VN_1548","Sân thôn Kỳ Hát","XQP8+RP, Long Mai, Quảng Ngãi","Cầu lông","no_public_price","","","","","","","none","https://www.sporta.vn/san/san-thon-ky-hat","2026-10-04T13:28:14.356Z","2026-10-04","none","","","","",""
"VN_1549","Sân bóng đá mini Hoàng Nhung","8R2Q+WH4, Bình Hoà, Quảng Ngãi","Bóng đá","no_public_price","","","","","","","none","https://www.sporta.vn/san/san-bong-da-mini-hoang-nhung","2026-10-04T13:28:14.090Z","2026-10-04","none","","","","",""
"VN_1550","Sân Bóng Đá Mini","Trường Đại học Tài chính - Kế toán, 02 Lê Quý Đôn, La Hà, Quảng Ngãi","Cầu lông","no_public_price","","","","","","","none","https://www.sporta.vn/san/san-bo-ng-da--mini","2026-10-04T13:28:14.158Z","2026-10-04","none","","","","",""
"VN_1551","Sân bóng đá nhân tạo - TT Chợ Chùa","3Q2J+88R, Lê Khiết, Hành Đức, Quảng Ngãi","Bóng đá","no_public_price","","","","","","","none","https://www.sporta.vn/san/san-bong-da-nhan-tao-tt-cho-chua","2026-10-04T13:28:14.357Z","2026-10-04","none","","","","",""
"VN_1552","Sân vận động xã Nghĩa Mỹ, Tư Nghĩa, Quảng Ngãi","2RMR+4H5, Nghĩa Mỹ, Quảng Ngãi","Cầu lông","no_public_price","","","","","","","none","https://www.sporta.vn/san/san-van-dong-xa-nghia-my--tu-nghia--quang-ngai","2026-10-04T13:28:14.237Z","2026-10-04","none","","","","",""
"VN_1553","Sân bóng đá thôn an hội nam 2","4Q22+9H, Nghĩa Kỳ, Quảng Ngãi","Bóng đá","no_public_price","","","","","","","none","https://www.sporta.vn/san/san-bong-da-thon-an-hoi-nam-2","2026-10-04T13:28:14.408Z","2026-10-04","none","","","","",""
"VN_1554","Sân bóng đá nhân tạo Đồng Dinh","3Q7H+GF6, TT. Chợ Chùa, Quảng Ngãi","Bóng đá","no_public_price","","","","","","","none","https://www.sporta.vn/san/san-bong-da-nhan-tao-dong-dinh","2026-10-04T13:28:14.308Z","2026-10-04","none","","","","",""
"VN_1555","Sân vận động Phổ Châu","J3H8+4V, Châu Me, Quảng Ngãi","Cầu lông","no_public_price","","","","","","","none","https://www.sporta.vn/san/san-van-dong-pho-chau","2026-10-04T13:28:14.374Z","2026-10-04","none","","","","",""
"VN_1556","Sân tennis An Phú Sinh","4R89+GJC, An Phú Sinh, Quảng Ngãi","Tennis","no_public_price","","","","","","","none","https://www.sporta.vn/san/san-tennis-an-phu-sinh","2026-10-04T13:28:14.525Z","2026-10-04","none","","","","",""
"VN_1557","SÂN BÓNG ĐÁ ĐỘI 1","2W35+36R, Đức Minh, Quảng Ngãi","Bóng đá","no_public_price","","","","","","","none","https://www.sporta.vn/san/san-bong-da-doi-1","2026-10-04T13:28:14.658Z","2026-10-04","none","","","","",""
"VN_1558","Sân bóng mini lio","RX83+99J, TT. Đức Phổ, Quảng Ngãi","Bóng đá","no_public_price","","","","","","","none","https://www.sporta.vn/san/san-bong-mini-lio","2026-10-04T13:28:14.575Z","2026-10-04","none","","","","",""
"VN_1559","Sân vận động Bình Mỹ","Bình Mỹ, Quảng Ngãi","Cầu lông","no_public_price","","","","","","","none","https://www.sporta.vn/san/san-van-dong-binh-my","2026-10-04T13:28:14.541Z","2026-10-04","none","","","","",""
"VN_1560","Sân bóng mini yuki yuki","5MH9+567, Tịnh Bắc, Quảng Ngãi","Bóng đá","no_public_price","","","","","","","none","https://www.sporta.vn/san/san-bong-mini-yuki-yuki","2026-10-04T13:28:14.640Z","2026-10-04","none","","","","",""
"VN_1561","Sân Vận Động Đội 3","Trà Phong, Quảng Ngãi","Cầu lông","no_public_price","","","","","","","none","https://www.sporta.vn/san/san-van-dong-doi-3","2026-10-04T13:28:14.574Z","2026-10-04","none","","","","",""
"VN_1562","Sân Vận Động Mộ Đức","XV2R+5XW, TT. Mộ Đức, Quảng Ngãi","Cầu lông","no_public_price","","","","","","","none","https://www.sporta.vn/san/san-van-dong-mo-duc","2026-10-04T13:28:14.737Z","2026-10-04","none","","","","",""
"VN_1563","Sân bóng xã Tịnh Hà","5Q72+JHV, Tịnh Hà, Quảng Ngãi","Bóng đá","no_public_price","","","","","","","none","https://www.sporta.vn/san/san-bong-xa-tinh-ha","2026-10-04T13:28:14.769Z","2026-10-04","none","","","","",""
"VN_1564","Sân Bóng Đá Xóm 1 Thôn Minh Trung","Xóm 1, Quảng Ngãi","Bóng đá","no_public_price","","","","","","","none","https://www.sporta.vn/san/san-bong-da-xom-1-thon-minh-trung","2026-10-04T13:28:14.808Z","2026-10-04","none","","","","",""
"VN_1565","Sân bóng chuyền Thôn Hà Bôi","WPC3+R56, Long Hiệp, Quảng Ngãi","Bóng đá","no_public_price","","","","","","","none","https://www.sporta.vn/san/san-bong-chuyen-thon-ha-boi","2026-10-04T13:28:14.889Z","2026-10-04","none","","","","",""
"VN_1566","Nhà VHTT Nghĩa Dũng","4RHQ+PMC, thôn 2, Quảng Ngãi","Cầu lông","no_public_price","","","","","","","none","https://www.sporta.vn/san/nha-vhtt-nghia-dung","2026-10-04T13:28:14.858Z","2026-10-04","none","","","","",""
"VN_1567","Sân bóng nhân tạo Hoà Phát","9Q6P+PRG, Unnamed, Road, Quảng Ngãi","Bóng đá","no_public_price","","","","","","","none","https://www.sporta.vn/san/san-bong-nhan-tao-hoa-phat","2026-10-04T13:28:14.908Z","2026-10-04","none","","","","",""
"VN_1568","Sân Bóng Ba Gia","5MF8+VJ9, Tịnh Bắc, Quảng Ngãi","Bóng đá","no_public_price","","","","","","","none","https://www.sporta.vn/san/san-bong-ba-gia","2026-10-04T13:28:14.908Z","2026-10-04","none","","","","",""
"VN_1569","Sân bóng đá Mini Hoàng Anh","XV4M+38H, TT. Mộ Đức, Quảng Ngãi","Bóng đá","no_public_price","","","","","","","none","https://www.sporta.vn/san/san-bong-da-mini-hoang-anh","2026-10-04T13:28:15.079Z","2026-10-04","none","","","","",""
"VN_1570","Sân bóng chuyền xóm Đinh","6Q9G+VP7, Unnamed Road, Tịnh Thọ, Quảng Ngãi","Bóng đá","no_public_price","","","","","","","none","https://www.sporta.vn/san/san-bong-chuyen-xom-dinh","2026-10-04T13:28:15.004Z","2026-10-04","none","","","","",""
"VN_1571","Sân bóng đá mi-ni Nước Ren","QPFR+HMG, Ba Cung, Quảng Ngãi","Bóng đá","no_public_price","","","","","","","none","https://www.sporta.vn/san/san-bong-da-mini-nuoc-ren","2026-10-04T13:28:15.488Z","2026-10-04","none","","","","",""
"VN_1572","Sân Bóng Đá Hồ Thị Nữ","Đội 10, Thôn Độc Lập, Tịnh ấn Tây, Quảng Ngãi","Bóng đá","no_public_price","","","","","","","none","https://www.sporta.vn/san/san-bong-da-ho-thi-nu","2026-10-04T13:28:15.109Z","2026-10-04","none","","","","",""
"VN_1573","Sân bóng Dung Quất","CR63+JFQ, Bình Thuận, Quảng Ngãi","Bóng đá","no_public_price","","","","","","","none","https://www.sporta.vn/san/san-bong-dung-quat","2026-10-04T13:28:15.621Z","2026-10-04","none","","","","",""
"VN_1574","Sân bóng Hồng Thu","La Hà, Quảng Ngãi","Bóng đá","no_public_price","","","","","","","none","https://www.sporta.vn/san/san-bong-hong-thu","2026-10-04T13:28:15.291Z","2026-10-04","none","","","","",""
"VN_1575","Sân Vận Động Huyện Tư Nghĩa","3RQG+XCF, La Hà, Quảng Ngãi","Cầu lông","no_public_price","","","","","","","none","https://www.sporta.vn/san/san-van-dong-huyen-tu-nghia","2026-10-04T13:28:15.354Z","2026-10-04","none","","","","",""
"VN_1576","Sân Bóng Đá mini Tịnh Long","5V34+7JX, Tịnh Long, Quảng Ngãi","Bóng đá","no_public_price","","","","","","","none","https://www.sporta.vn/san/san-bong-da-mini-tinh-long","2026-10-04T13:28:15.251Z","2026-10-04","none","","","","",""
"VN_1577","Sân Bóng Đá Mi Ni Thiên Nam","XVHJ+364, QL1A, Đức Tân, Quảng Ngãi","Bóng đá","no_public_price","","","","","","","none","https://www.sporta.vn/san/san-bong-da-mi-ni-thien-nam","2026-10-04T13:28:15.441Z","2026-10-04","none","","","","",""
"VN_1578","Sân bóng đá Gò Cam","XR3M+V7, Phước Đức, Quảng Ngãi","Bóng đá","no_public_price","","","","","","","none","https://www.sporta.vn/san/san-bong-da-go-cam","2026-10-04T13:28:15.502Z","2026-10-04","none","","","","",""
"VN_1579","Sân bóng Cà Tu","4HJ7+8WR, Sơn Hạ, Quảng Ngãi","Bóng đá","no_public_price","","","","","","","none","https://www.sporta.vn/san/san-bong-ca-tu","2026-10-04T13:28:15.590Z","2026-10-04","none","","","","",""
"VN_1580","Sân Bóng KDC 17 Hà Nhai Bắc","4RM2+27V, KDC 17, Quảng Ngãi","Bóng đá","no_public_price","","","","","","","none","https://www.sporta.vn/san/san-bong-kdc-17-ha-nhai-bac","2026-10-04T13:28:15.650Z","2026-10-04","none","","","","",""
"VN_1581","SÂN BÓNG SAO KHUÊ SPORT","Bình Thuận, Quảng Ngãi","Bóng đá","no_public_price","","","","","","","none","https://www.sporta.vn/san/san-bong-sao-khue-sport","2026-10-04T13:28:15.774Z","2026-10-04","none","","","","",""
"VN_1582","Sân bóng đá Đức Nhuận","Đức Nhuận, Quảng Ngãi","Bóng đá","no_public_price","","","","","","","none","https://www.sporta.vn/san/san-bong-da-duc-nhuan","2026-10-04T13:28:15.744Z","2026-10-04","none","","","","",""
"VN_1583","Sân bóng Truyền Kỳ","XVMG+G39, Unnamed Road, Quảng Ngãi","Bóng đá","no_public_price","","","","","","","none","https://www.sporta.vn/san/san-bong-truyen-ky","2026-10-04T13:28:15.690Z","2026-10-04","none","","","","",""
"VN_1584","Sân Bóng Tân Đức","6WG9+56P, Bình Châu, Quảng Ngãi","Bóng đá","no_public_price","","","","","","","none","https://www.sporta.vn/san/san-bong-tan-duc","2026-10-04T13:28:15.744Z","2026-10-04","none","","","","",""
"VN_1585","Sân Gò Trị","XR2R+229, Đức Phú, Quảng Ngãi","Cầu lông","no_public_price","","","","","","","none","https://www.sporta.vn/san/san-go-tri","2026-10-04T13:28:15.923Z","2026-10-04","none","","","","",""
"VN_1586","Sân bóng chuyền Mỹ Lệ (Lệ Thuỷ)","5RHH+9J, Tịnh Châu, Quảng Ngãi","Bóng đá","no_public_price","","","","","","","none","https://www.sporta.vn/san/san-bong-chuyen-my-le--le-thuy-","2026-10-04T13:28:16.188Z","2026-10-04","none","","","","",""
"VN_1587","Sân Banh, An Định.","VWFC+35M, An Định, Phổ Thuận, Quảng Ngãi","Cầu lông","no_public_price","","","","","","","none","https://www.sporta.vn/san/san-banh--an-dinh-","2026-10-04T13:28:15.872Z","2026-10-04","none","","","","",""
"VN_1588","Sân Bóng Đá Khu Đông","7V88+G3C, Bình Phú, Quảng Ngãi","Bóng đá","no_public_price","","","","","","","none","https://www.sporta.vn/san/san-bong-da-khu-dong","2026-10-04T13:28:16.107Z","2026-10-04","none","","","","",""
"VN_1589","Sân vận động NƯỚC NỔI LÂM HẠ FC","Đức Phong, Quảng Ngãi","Cầu lông","no_public_price","","","","","","","none","https://www.sporta.vn/san/san-va-n-do-ng-nuo-c-no-i-lam-ha--fc","2026-10-04T13:28:15.939Z","2026-10-04","none","","","","",""
"VN_1590","Sân Bóng Gò Sim","Sơn Hạ, Quảng Ngãi","Bóng đá","no_public_price","","","","","","","none","https://www.sporta.vn/san/san-bong-go-sim","2026-10-04T13:28:16.189Z","2026-10-04","none","","","","",""
"VN_1591","Sân bóng đá mini Hồng Phúc","24 Ngô Đạt, Châu ổ, Quảng Ngãi","Bóng đá","no_public_price","","","","","","","none","https://www.sporta.vn/san/san-bong-da-mini-hong-phuc","2026-10-04T13:28:16.123Z","2026-10-04","none","","","","",""
"VN_1592","Sân bóng đá ONE PIECE","Ngã tư Thiên Đàng, Bình Thạnh, Quảng Ngãi","Bóng đá","no_public_price","","","","","","","none","https://www.sporta.vn/san/san-bong-da-one-piece","2026-10-04T13:28:16.141Z","2026-10-04","none","","","","",""
"VN_1593","Sân Bóng Đá Thuận Yên","Unnamed Rd, Bình Tân, Quảng Ngãi","Bóng đá","no_public_price","","","","","","","none","https://www.sporta.vn/san/san-bong-da-thuan-yen","2026-10-04T13:28:16.156Z","2026-10-04","none","","","","",""
"VN_1594","Sân Bóng PHÚ ĐIỀN","3QWP+683, Nghĩa Điền, Quảng Ngãi","Bóng đá","no_public_price","","","","","","","none","https://www.sporta.vn/san/san-bong-phu-dien","2026-10-04T13:28:16.373Z","2026-10-04","none","","","","",""
"VN_1595","Sân bóng mini Thái Sơn Nam","VWM8+GFG, QL24, Đức Lân, Quảng Ngãi","Bóng đá","no_public_price","","","","","","","none","https://www.sporta.vn/san/san-bong-mini-thai-son-nam","2026-10-04T13:28:16.323Z","2026-10-04","none","","","","",""
"VN_1596","Sân đá bóng mini an tuệ","6Q2Q+QGR, Tịnh Phong, Quảng Ngãi","Bóng đá","no_public_price","","","","","","","none","https://www.sporta.vn/san/san-da-bong-mini-an-tue","2026-10-04T13:28:16.355Z","2026-10-04","none","","","","",""
"VN_1597","Sân bóng đá Nghĩa Hòa","3VPH+F99, Vạn An, Vực Lở, Quảng Ngãi","Bóng đá","no_public_price","","","","","","","none","https://www.sporta.vn/san/san-bong-da-nghia-hoa","2026-10-04T13:28:16.407Z","2026-10-04","none","","","","",""
"VN_1598","Sân Cỏ Nhân Tạo Tây Bắc Vạn Tường","8RJR+QXP, Bình Trị, Quảng Ngãi","Cầu lông","no_public_price","","","","","","","none","https://www.sporta.vn/san/san-co-nhan-tao-tay-bac-van-tuong","2026-10-04T13:28:16.441Z","2026-10-04","none","","","","",""
"VN_1599","Sân bóng Lộc Thành","12 Lạc Long Quân, Cẩm An, Quảng Nam","Bóng đá","no_public_price","","","","","","","none","https://www.sporta.vn/san/san-bong-loc-thanh","2026-10-04T13:28:16.367Z","2026-10-04","none","","","","",""
"VN_1600","Sân bóng đá mini B&B Phong Thử","Phong Thử - Điện Thọ, Quảng Nam","Bóng đá","no_public_price","","","","","","","none","https://www.sporta.vn/san/san-bong-da-mini-b-b-phong-thu3b75","2026-10-04T13:28:16.474Z","2026-10-04","none","","","","",""
"VN_1601","CTY NGỌC HIỀN- SÂN BÓNG ĐÁ AN SƠN","11 Trần Thuyết, Phường An Sơn, Quảng Nam","Bóng đá","no_public_price","","","","","","","none","https://www.sporta.vn/san/cty-ngoc-hien-san-bong-da-an-son","2026-10-04T13:28:16.522Z","2026-10-04","none","","","","",""
"VN_1602","Sân bóng mini Quang Nguyễn","HF8C+WFC, Lý Thường Kiệt, Phường An Mỹ, Quảng Nam","Bóng đá","no_public_price","","","","","","","none","https://www.sporta.vn/san/san-bong-mini-quang-nguyen","2026-10-04T13:28:16.590Z","2026-10-04","none","","","","",""
"VN_1603","Sân bóng đá mini B&B Phong Thử","Phong Thử - Điện Thọ, Quảng Nam","Bóng đá","no_public_price","","","","","","","none","https://www.sporta.vn/san/san-bong-da-mini-b-b-phong-thu","2026-10-04T13:28:16.673Z","2026-10-04","none","","","","",""
"VN_1604","Sân bóng hơi sao vàng","19 Trương Quang Giao, Phường An Sơn, Quảng Nam","Bóng đá","no_public_price","","","","","","","none","https://www.sporta.vn/san/san-bong-hoi-sao-vang","2026-10-04T13:28:16.690Z","2026-10-04","none","","","","",""
"VN_1605","Sân bóng đá cỏ nhân tạo Ngọc Nghi","Khối phố Xuân Tây, Phường Trường xuân, Quảng Nam","Bóng đá","no_public_price","","","","","","","none","https://www.sporta.vn/san/san-bong-da-co-nhan-tao-ngoc-nghi","2026-10-04T13:28:16.808Z","2026-10-04","none","","","","",""
"VN_1606","Sân bóng đá Mường Thanh","HF6P+WWQ, Phường An Xuân, Quảng Nam","Bóng đá","no_public_price","","","","","","","none","https://www.sporta.vn/san/san-bong-da-muong-thanh","2026-10-04T13:28:16.719Z","2026-10-04","none","","","","",""
"VN_1607","Sân bóng đá ĐH Quảng Nam","HF8H+F3V, Khối Phố 11, Quảng Nam","Bóng đá","no_public_price","","","","","","","none","https://www.sporta.vn/san/san-bong-da-dh-quang-nam","2026-10-04T13:28:16.891Z","2026-10-04","none","","","","",""
"VN_1608","Sân bóng đá Nhà máy nước","58 Lê Trung Đình, Phường An Xuân, Quảng Nam","Bóng đá","no_public_price","","","","","","","none","https://www.sporta.vn/san/san-bong-da-nha-may-nuoc","2026-10-04T13:28:16.858Z","2026-10-04","none","","","","",""
"VN_1609","Sân Bóng Đá An Phú","An Phú, Quảng Nam","Bóng đá","no_public_price","","","","","","","none","https://www.sporta.vn/san/san-bong-da-an-phu","2026-10-04T13:28:16.904Z","2026-10-04","none","","","","",""
"VN_1610","Khu Bóng Đá Thủy Lợi","24 Phan Bá Phiến, Tân An, Quảng Nam","Bóng đá","no_public_price","","","","","","","none","https://www.sporta.vn/san/khu-bong-da-thuy-loi","2026-10-04T13:28:16.871Z","2026-10-04","none","","","","",""
"VN_1611","Sân Bóng Mini Minh Toàn","V8PG+CCM, Tân An, Quảng Nam","Bóng đá","no_public_price","","","","","","","none","https://www.sporta.vn/san/san-bong-mini-minh-toan","2026-10-04T13:28:16.864Z","2026-10-04","none","","","","",""
"VN_1612","Sân vận động Tam Kỳ","HG64+3JH, Phan Châu Trinh, Phường Hoà Hương, Quảng Nam","Cầu lông","no_public_price","","","","","","","none","https://www.sporta.vn/san/san-van-dong-tam-ky","2026-10-04T13:28:17.156Z","2026-10-04","none","","","","",""
"VN_1613","Sân bóng đá cỏ nhân tạo Tân Nhật Minh","HF89+PPQ, Phường An Mỹ, Quảng Nam","Bóng đá","no_public_price","","","","","","","none","https://www.sporta.vn/san/san-bong-da-co-nhan-tao-tan-nhat-minh","2026-10-04T13:28:17.058Z","2026-10-04","none","","","","",""
"VN_1614","Sân bóng đá Trân Trọng - Hội An","V8P4+8J4, Thanh Hà, Quảng Nam","Bóng đá","no_public_price","","","","","","","none","https://www.sporta.vn/san/san-bong-da-tran-trong-hoi-an","2026-10-04T13:28:17.097Z","2026-10-04","none","","","","",""
"VN_1615","Sân vận động Hội An","18 Lý Thường Kiệt, Sơn Phong, Quảng Nam","Cầu lông","no_public_price","","","","","","","none","https://www.sporta.vn/san/san-van-dong-hoi-an","2026-10-04T13:28:17.195Z","2026-10-04","none","","","","",""
"VN_1616","Sân bóng Ngọc Nghi","Khối phố Xuân Tây, Quảng Nam","Bóng đá","no_public_price","","","","","","","none","https://www.sporta.vn/san/san-bong-ngoc-nghi","2026-10-04T13:28:17.158Z","2026-10-04","none","","","","",""
"VN_1617","Sân bóng đá B&B Phong Thử","Điện Thọ, Quảng Nam","Bóng đá","no_public_price","","","","","","","none","https://www.sporta.vn/san/san-bong-da-b-b-phong-thu","2026-10-04T13:28:17.213Z","2026-10-04","none","","","","",""
"VN_1618","An Phước","Bồ mưng 1, Quảng Nam","Cầu lông","no_public_price","","","","","","","none","https://www.sporta.vn/san/an-phuocec1a","2026-10-04T13:28:17.259Z","2026-10-04","none","","","","",""
"VN_1619","Sân bóng Thuận Lý","26 Nguyễn Hữu Dật, Nam Lý, Quảng Bình","Bóng đá","no_public_price","","","","","","","none","https://www.sporta.vn/san/san-bong-thuan-ly","2026-10-04T13:28:17.657Z","2026-10-04","none","","","","",""
"VN_1620","Sân bóng Gia Hưng","48 Linh Giang, Bắc Lý, Quảng Bình","Bóng đá","no_public_price","","","","","","","none","https://www.sporta.vn/san/san-bong-gia-hung","2026-10-04T13:28:17.428Z","2026-10-04","none","","","","",""
"VN_1621","Sân Bóng Bảo Ninh","FJ7Q+6GR, Hà Dương, Quảng Bình","Bóng đá","no_public_price","","","","","","","none","https://www.sporta.vn/san/san-bong-bao-ninh","2026-10-04T13:28:17.609Z","2026-10-04","none","","","","",""
"VN_1622","San Dinh","Xom Dinh, Hoa Thuy, Quảng Bình","Cầu lông","no_public_price","","","","","","","none","https://www.sporta.vn/san/san-dinh","2026-10-04T13:28:17.755Z","2026-10-04","none","","","","",""
"VN_1623","Sân banh Hoa Thuy","Le ninh, Quảng Bình","Cầu lông","no_public_price","","","","","","","none","https://www.sporta.vn/san/san-banh-hoa-thuy","2026-10-04T13:28:17.429Z","2026-10-04","none","","","","",""
"VN_1624","Sân tennis Bể bơi","FJ98+8C2, Phường Hải Thịnh, Quảng Bình","Tennis","curated_public_price","unknown","","","100000","160000","60","price_range_only","https://quangbinhtoplist.com/dia-chi-cho-thue-san-tennis-o-quang-binh/","2026-10-04","2026-10-04","medium","Giá tham khảo công khai; đã đối chiếu tên và địa chỉ. Chưa xác nhận giá đang áp dụng; nguồn không phân ngày/giờ.","court_hour","approximate","Tennis","public_source_matched"
"VN_1625","Sân cỏ nhân tạo Tony sport","Thanh vinh thanh trạch bố trạch quảng binh, Quảng Bình","Cầu lông","no_public_price","","","","","","","none","https://www.sporta.vn/san/san-co-nhan-tao-tony-sport16e3","2026-10-04T13:28:17.756Z","2026-10-04","none","","","","",""
"VN_1626","San Tam Bao","Phuoc Vinh, Hoa Thuy, Quảng Bình","Cầu lông","no_public_price","","","","","","","none","https://www.sporta.vn/san/san-tam-bao","2026-10-04T13:28:17.574Z","2026-10-04","none","","","","",""
"VN_1627","Sân bóng bèo sport","CHXV+3PP, Lý Nhân Tông, Bắc Nghĩa, Quảng Bình","Bóng đá","no_public_price","","","","","","","none","https://www.sporta.vn/san/san-bong-beo-sport","2026-10-04T13:28:17.768Z","2026-10-04","none","","","","",""
"VN_1628","Sân bóng Luxe","FJG8+32F, Phường Hải Thịnh, Quảng Bình","Bóng đá","no_public_price","","","","","","","none","https://www.sporta.vn/san/san-bong-luxe","2026-10-04T13:28:18.073Z","2026-10-04","none","","","","",""
"VN_1629","Sân Thạch Môn","Xã Thạch Môn- TP Hà Tĩnh, Hà Tĩnh","Cầu lông","no_public_price","","","","","","","none","https://www.sporta.vn/san/san-thach-mon0a96","2026-10-04T13:28:17.784Z","2026-10-04","none","","","","",""
"VN_1630","Sân bóng thầy Hải","TT Lộc Hà, Hà Tĩnh","Bóng đá","no_public_price","","","","","","","none","https://www.sporta.vn/san/san-bong-thay-hai","2026-10-04T13:28:17.940Z","2026-10-04","none","","","","",""
"VN_1631","Sân Bóng Thành Sơn","J4G9+73W, Nong Luông, Hòa Bình","Bóng đá","no_public_price","","","","","","","none","https://www.sporta.vn/san/san-bong-thanh-son","2026-10-04T13:28:17.979Z","2026-10-04","none","","","","",""
"VN_1632","Sân bóng lộc bình","RJGM+M8C, Unnamed Road, Thành Lập, Hòa Bình","Bóng đá","no_public_price","","","","","","","none","https://www.sporta.vn/san/san-bong-loc-binh","2026-10-04T13:28:17.890Z","2026-10-04","none","","","","",""
"VN_1633","Sân bóng đá Thái Đạt","7JJH+PR2, Đường Chùa Cũ, Hoà Bình, Hòa Bình","Bóng đá","no_public_price","","","","","","","none","https://www.sporta.vn/san/san-bong-da-thai-dat","2026-10-04T13:28:18.025Z","2026-10-04","none","","","","",""
"VN_1634","Sân Bóng Thành Trí","6JMW+GRJ, ĐT978B, Vĩnh Hậu, Hòa Bình","Bóng đá","no_public_price","","","","","","","none","https://www.sporta.vn/san/san-bong-thanh-tri","2026-10-04T13:28:18.089Z","2026-10-04","none","","","","",""
"VN_1635","Sân Bóng Đỉnh Chương","V7F8+WVR, Toàn Dân, Hòa Bình","Bóng đá","no_public_price","","","","","","","none","https://www.sporta.vn/san/san-bong-dinh-chuong","2026-10-04T13:28:18.140Z","2026-10-04","none","","","","",""
"VN_1636","Sân bóng A Chờ_Phiêng Cài","Bản Phiêng Cài, xã Lóng Sập, tx Mộc Châu, Sơn La , Sơn La","Bóng đá","no_public_price","","","","","","","none","https://www.sporta.vn/san/san-bong-a-cho-phieng-cai","2026-10-04T13:28:18.205Z","2026-10-04","none","","","","",""
"VN_1637","Sân Bóng Săn Cài","QL6, Lóng Luông, Sơn La","Bóng đá","no_public_price","","","","","","","none","https://www.sporta.vn/san/san-bong-san-cai","2026-10-04T13:28:18.184Z","2026-10-04","none","","","","",""
"VN_1638","Sân bóng Phiêng Cài ","Bản Phiêng Cài, xã Lóng Sập , Sơn La","Bóng đá","no_public_price","","","","","","","none","https://www.sporta.vn/san/san-bong-phieng-cai","2026-10-04T13:28:18.423Z","2026-10-04","none","","","","",""
"VN_1639","Sân bóng Tapo","125 Lê Trọng Tấn, Thanh Bình, Điện Biên","Bóng đá","no_public_price","","","","","","","none","https://www.sporta.vn/san/san-bong-tapo","2026-10-04T13:28:18.237Z","2026-10-04","none","","","","",""
"VN_1640","Sân Ssport Trung Tâm","199 Sùng Phái Sinh, Tân Thanh, Điện Biên","Cầu lông","no_public_price","","","","","","","none","https://www.sporta.vn/san/san-ssport-trung-tam","2026-10-04T13:28:18.641Z","2026-10-04","none","","","","",""
"VN_1641","Sân Bóng Mường Thanh","Tổ 21 Phường Him Lam, Điện Biên","Bóng đá","no_public_price","","","","","","","none","https://www.sporta.vn/san/san-bong-muong-thanh","2026-10-04T13:28:18.341Z","2026-10-04","none","","","","",""
"VN_1642","Sân vận động tỉnh Điện Biên","92PC+RQF, Mường Thanh, Điện Biên","Cầu lông","no_public_price","","","","","","","none","https://www.sporta.vn/san/san-van-dong-tinh-dien-bien","2026-10-04T13:28:18.424Z","2026-10-04","none","","","","",""
"VN_1643","Sân Bóng Bản 6AB","68V7+XP, Kim Sơn, Lào Cai","Bóng đá","no_public_price","","","","","","","none","https://www.sporta.vn/san/san-bong-ban-6ab","2026-10-04T13:28:18.406Z","2026-10-04","none","","","","",""
"VN_1644","Sân Bóng Hải Dịu","7C5G+WFX, QL70, Minh Tân, Lào Cai","Bóng đá","no_public_price","","","","","","","none","https://www.sporta.vn/san/san-bong-hai-diu","2026-10-04T13:28:18.489Z","2026-10-04","none","","","","",""
"VN_1645","SÂN BÓNG RỔ G.O.L","Đại lộ trần hưng đạo , phường bắc lệnh ( Nhà thi đấu, Lào Cai","Bóng đá","no_public_price","","","","","","","none","https://www.sporta.vn/san/san-bong-ro-g-o-l","2026-10-04T13:28:18.474Z","2026-10-04","none","","","","",""
"VN_1646","Sân Bóng Thôn 5AB","68R9+JHF, Kim Sơn, Lào Cai","Bóng đá","no_public_price","","","","","","","none","https://www.sporta.vn/san/san-bong-thon-5ab","2026-10-04T13:28:18.574Z","2026-10-04","none","","","","",""
"VN_1647","Sân bóng Sa Pa","366 Đường Điện Biên Phủ, TT. Sa Pa, Lào Cai","Bóng đá","no_public_price","","","","","","","none","https://www.sporta.vn/san/san-bong-sa-pa","2026-10-04T13:28:18.740Z","2026-10-04","none","","","","",""
"VN_1648","Sân bóng Mini Cán Cấu","M856+544, Cán Cấu, Lào Cai","Bóng đá","no_public_price","","","","","","","none","https://www.sporta.vn/san/san-bong-mini-can-cau","2026-10-04T13:28:18.591Z","2026-10-04","none","","","","",""
"VN_1649","Sân bóng nhân tạo bảo nhai","C786+P8C, Bảo Nhai, Lào Cai","Bóng đá","no_public_price","","","","","","","none","https://www.sporta.vn/san/san-bong-nhan-tao-bao-nhai","2026-10-04T13:28:18.607Z","2026-10-04","none","","","","",""
"VN_1650","Sân Bóng Bản 1","7G85+GCR, Xuân Thượng, Lào Cai","Bóng đá","no_public_price","","","","","","","none","https://www.sporta.vn/san/san-bong-ban-1","2026-10-04T13:28:18.755Z","2026-10-04","none","","","","",""
"VN_1651","Sân bóng Thanh Xuân, thị xã Sa Pa, Lào Cai","Group 1, Lào Cai","Bóng đá","no_public_price","","","","","","","none","https://www.sporta.vn/san/san-bong-thanh-xuan--thi-xa-sa-pa--lao-cai","2026-10-04T13:28:18.874Z","2026-10-04","none","","","","",""
"VN_1652","Sân bóng thôn bản lọt","F3RX+GW3, Bản Cầm, Lào Cai","Bóng đá","no_public_price","","","","","","","none","https://www.sporta.vn/san/san-bong-thon-ban-lot","2026-10-04T13:28:18.973Z","2026-10-04","none","","","","",""
"VN_1653","Sân bóng Luân Thi","65FW+PV, Võ Lao, Lào Cai","Bóng đá","no_public_price","","","","","","","none","https://www.sporta.vn/san/san-bong-luan-thi","2026-10-04T13:28:18.898Z","2026-10-04","none","","","","",""
"VN_1654","Sân cỏ Nhân tạo Quân sự","G7QX+P9, Tả Chải, Lào Cai","Cầu lông","no_public_price","","","","","","","none","https://www.sporta.vn/san/san-co-nhan-tao-quan-su","2026-10-04T13:28:19.106Z","2026-10-04","none","","","","",""
"VN_1655","Sân Bóng Cỏ Nhân Tạo Simacai","M7RF+HHJ, Thị trấn, Lào Cai","Bóng đá","no_public_price","","","","","","","none","https://www.sporta.vn/san/san-bong-co-nhan-tao-simacai","2026-10-04T13:28:18.923Z","2026-10-04","none","","","","",""
"VN_1656","Sân Bóng Sinavi","100 Nguyễn Chí Thanh, TT. Sa Pa, Lào Cai","Bóng đá","no_public_price","","","","","","","none","https://www.sporta.vn/san/san-bong-sinavi","2026-10-04T13:28:19.374Z","2026-10-04","none","","","","",""
"VN_1657","Sân Bóng Xuân Lý","Gia Phú, Lào Cai","Bóng đá","no_public_price","","","","","","","none","https://www.sporta.vn/san/san-bong-xuan-ly","2026-10-04T13:28:19.003Z","2026-10-04","none","","","","",""
"VN_1658","Sân vận động Tằng Loỏng","845C+R5H, TT. Tằng Loỏng, Lào Cai","Cầu lông","no_public_price","","","","","","","none","https://www.sporta.vn/san/san-van-dong-tang-loong","2026-10-04T13:28:19.089Z","2026-10-04","none","","","","",""
"VN_1659","Sân bóng xã Lùng Vai","H3XP+HRM, QL4D, Lùng Vai, Lào Cai","Bóng đá","no_public_price","","","","","","","none","https://www.sporta.vn/san/san-bong-xa-lung-vai","2026-10-04T13:28:19.221Z","2026-10-04","none","","","","",""
"VN_1660","Sân bóng Tân Lập","Thôn Tân Lập, Lào Cai","Bóng đá","no_public_price","","","","","","","none","https://www.sporta.vn/san/san-bong-tan-lap","2026-10-04T13:28:19.257Z","2026-10-04","none","","","","",""
"VN_1661","Sân bóng chuyền bản 5","Thượng Hà, Lào Cai","Bóng đá","no_public_price","","","","","","","none","https://www.sporta.vn/san/san-bong-chuyen-ban-5","2026-10-04T13:28:19.288Z","2026-10-04","none","","","","",""
"VN_1662","Sân bóng rổ Ghost Sport","8469+4PG, TT. Tằng Loỏng, Lào Cai","Bóng đá","no_public_price","","","","","","","none","https://www.sporta.vn/san/san-bong-ro-ghost-sport","2026-10-04T13:28:19.407Z","2026-10-04","none","","","","",""
"VN_1663","Sân bóng Quỳnh Chinh","65HX+846, ĐT151, Võ Lao, Lào Cai","Bóng đá","no_public_price","","","","","","","none","https://www.sporta.vn/san/san-bong-quynh-chinh","2026-10-04T13:28:19.339Z","2026-10-04","none","","","","",""
"VN_1664","Sân bóng Nậm Đét","F88V+RCJ, Nậm Đét, Lào Cai","Bóng đá","no_public_price","","","","","","","none","https://www.sporta.vn/san/san-bong-nam-det","2026-10-04T13:28:19.475Z","2026-10-04","none","","","","",""
"VN_1665","Sân Cỏ Nhân Tạo Vĩnh Yên","8FWX+JQJ, Vĩnh Yên, Lào Cai","Cầu lông","no_public_price","","","","","","","none","https://www.sporta.vn/san/san-co-nhan-tao-vinh-yen","2026-10-04T13:28:19.775Z","2026-10-04","none","","","","",""
"VN_1666","Sân vận động Bắc Hà","149 20-9, TT. Bắc Hà, Lào Cai","Cầu lông","no_public_price","","","","","","","none","https://www.sporta.vn/san/san-van-dong-bac-ha","2026-10-04T13:28:19.602Z","2026-10-04","none","","","","",""
"VN_1667","Sân Bóng Nhân Tạo Cao Sơn","J4GV+P4C, Cao Sơn, Lào Cai","Bóng đá","no_public_price","","","","","","","none","https://www.sporta.vn/san/san-bong-nhan-tao-cao-son","2026-10-04T13:28:19.524Z","2026-10-04","none","","","","",""
"VN_1668","Sân Bóng Đá Bản Lùng","Unnamed Rd, Nậm Đét, Lào Cai","Bóng đá","no_public_price","","","","","","","none","https://www.sporta.vn/san/san-bong-da-ban-lung","2026-10-04T13:28:19.540Z","2026-10-04","none","","","","",""
"VN_1669","Sân bóng làng Chiềng, Võ Lao","656V+C6R, Võ Lao, Lào Cai","Bóng đá","no_public_price","","","","","","","none","https://www.sporta.vn/san/san-bong-lang-chieng--vo-lao","2026-10-04T13:28:19.751Z","2026-10-04","none","","","","",""
"VN_1670","Sân Cỏ Nhân Tạo Trọng Phương","Làng Giàng, Lào Cai","Cầu lông","no_public_price","","","","","","","none","https://www.sporta.vn/san/san-co-nhan-tao-trong-phuong","2026-10-04T13:28:19.674Z","2026-10-04","none","","","","",""
"VN_1671","Sân bóng chuyền 4 vài siêu","Thôn 4 vài siêu, Thượng Hà, Lào Cai","Bóng đá","no_public_price","","","","","","","none","https://www.sporta.vn/san/san-bong-chuyen-4-vai-sieu","2026-10-04T13:28:19.674Z","2026-10-04","none","","","","",""
"VN_1672","Sân bóng võ lao","6654+M2H, Võ Lao, Lào Cai","Bóng đá","no_public_price","","","","","","","none","https://www.sporta.vn/san/san-bong-vo-lao","2026-10-04T13:28:19.857Z","2026-10-04","none","","","","",""
"VN_1673","Sân vận động Quảng Ngãi","4Q6V+PC5, Yên Bái","Cầu lông","no_public_price","","","","","","","none","https://www.sporta.vn/san/san-van-dong-quang-ngai","2026-10-04T13:28:19.744Z","2026-10-04","none","","","","",""
"VN_1674","Sân Bóng Đá (Trấn Yên)","QR4H+W5J, Unnamed Road, TT. Cổ Phúc, Yên Bái","Bóng đá","no_public_price","","","","","","","none","https://www.sporta.vn/san/san-bong-da--tran-yen-","2026-10-04T13:28:19.960Z","2026-10-04","none","","","","",""
"VN_1675","Câu lạc bộ bóng đá Sông Trà Quảng Ngãi","4Q6V+HVG, Yên Bái","Bóng đá","no_public_price","","","","","","","none","https://www.sporta.vn/san/cau-lac-bo-bong-da-song-tra-quang-ngai","2026-10-04T13:28:19.856Z","2026-10-04","none","","","","",""
"VN_1676","Sân Vận Động  Tuyên Quang","R694+GJJ, Đ. Quang Trung, P. Phan Thiết, Tuyên Quang","Cầu lông","no_public_price","","","","","","","none","https://www.sporta.vn/san/san-van-dong-tuyen-quang","2026-10-04T13:28:20.073Z","2026-10-04","none","","","","",""
"VN_1677","Sân Phan Thiết","Đường Quang Trung, P.Phan Thiết, Tuyên Quang","Cầu lông","no_public_price","","","","","","","none","https://www.sporta.vn/san/san-phan-thiet","2026-10-04T13:28:20.288Z","2026-10-04","none","","","","",""
"VN_1678","SÂN BÓNG QUANG KHẢI","kp suối cam, thành, Hà Giang","Bóng đá","no_public_price","","","","","","","none","https://www.sporta.vn/san/san-bong-quang-khai","2026-10-04T13:28:20.040Z","2026-10-04","none","","","","",""
"VN_1679","Sân Bóng B' Kọ","GVGR+R7H, Lộc An, Cao Bằng","Bóng đá","no_public_price","","","","","","","none","https://www.sporta.vn/san/san-bong-b--ko","2026-10-04T13:28:20.072Z","2026-10-04","none","","","","",""
"VN_1680","Sân banh B'Đơr","Xóm 1, Bđơ, Lộc An, Cao Bằng","Cầu lông","no_public_price","","","","","","","none","https://www.sporta.vn/san/san-banh-b-dor","2026-10-04T13:28:20.056Z","2026-10-04","none","","","","",""
"VN_1681","Sân Bóng Lộc Quảng","Thôn 6 Đường số 2, Lộc Quảng, Cao Bằng","Bóng đá","no_public_price","","","","","","","none","https://www.sporta.vn/san/san-bong-loc-quang","2026-10-04T13:28:20.192Z","2026-10-04","none","","","","",""
"VN_1682","Sân bóng mini Lộc Thành","CRVP+XGC, Lộc Thanh, Cao Bằng","Bóng đá","no_public_price","","","","","","","none","https://www.sporta.vn/san/san-bong-mini-loc-thanh","2026-10-04T13:28:20.226Z","2026-10-04","none","","","","",""
"VN_1683","Sân Vận Động Xã Lộc Bắc","PJHX+7W6, Lộc Bắc, Cao Bằng","Cầu lông","no_public_price","","","","","","","none","https://www.sporta.vn/san/san-van-dong-xa-loc-bac","2026-10-04T13:28:20.323Z","2026-10-04","none","","","","",""
"VN_1684","Sân Vận Động Cao Bằng","M7C4+4WQ, Phố Lý Tự Trọng, P. Hợp giang, Cao Bằng","Cầu lông","no_public_price","","","","","","","none","https://www.sporta.vn/san/san-van-dong-cao-bang","2026-10-04T13:28:20.489Z","2026-10-04","none","","","","",""
"VN_1685","Sân bóng đá mini Lộc An","GVRQ+JWX, Lộc An, Cao Bằng","Bóng đá","no_public_price","","","","","","","none","https://www.sporta.vn/san/san-bong-da-mini-loc-an","2026-10-04T13:28:20.427Z","2026-10-04","none","","","","",""
"VN_1686","Sân bóng vinh hiền 5&7","FRJP+MX2, Thôn 15, Cao Bằng","Bóng đá","no_public_price","","","","","","","none","https://www.sporta.vn/san/san-bong-vinh-hien-5-7","2026-10-04T13:28:20.474Z","2026-10-04","none","","","","",""
"VN_1687","Sân bóng thôn 15","FRJP+JVW, Thôn 15, Cao Bằng","Bóng đá","no_public_price","","","","","","","none","https://www.sporta.vn/san/san-bong-thon-15","2026-10-04T13:28:20.389Z","2026-10-04","none","","","","",""
"VN_1688","SÂN BÓNG ĐÁ C3 BẢO LÂM","Đường Lê Duẩn, TT. Lộc Thắng, Cao Bằng","Bóng đá","no_public_price","","","","","","","none","https://www.sporta.vn/san/san-bong-da-c3-bao-lam","2026-10-04T13:28:20.423Z","2026-10-04","none","","","","",""
"VN_1689","Sân bóng Cấp nước","Công ty Cấp nước, Cao Bằng","Bóng đá","no_public_price","","","","","","","none","https://www.sporta.vn/san/san-bong-cap-nuoc","2026-10-04T13:28:20.501Z","2026-10-04","none","","","","",""
"VN_1690","Sân bóng đá Futsal","FR7Q+J9, Lộc Thanh, Cao Bằng","Bóng đá","no_public_price","","","","","","","none","https://www.sporta.vn/san/san-bong-da-futsal","2026-10-04T13:28:20.589Z","2026-10-04","none","","","","",""
"VN_1691","CLB TD TT LÂM PHÁT - SBĐ SƠN LÂM","MV2J+HJG, Thôn 9, Cao Bằng","Cầu lông","no_public_price","","","","","","","none","https://www.sporta.vn/san/clb-td-tt-lam-phat-sbd-son-lam","2026-10-04T13:28:20.589Z","2026-10-04","none","","","","",""
"VN_1692","Clb Sân Bóng Mini Fc - Việt Thắng","337 Đ. Trần Phú, TT. Lộc Thắng, Cao Bằng","Bóng đá","no_public_price","","","","","","","none","https://www.sporta.vn/san/clb-san-bong-mini-fc-viet-thang","2026-10-04T13:28:20.772Z","2026-10-04","none","","","","",""
"VN_1693","Sân bóng chuyền cốc Pái","7V3F+FC, Tân Tiến, Bắc Kạn","Bóng đá","no_public_price","","","","","","","none","https://www.sporta.vn/san/san-bong-chuyen-coc-pai","2026-10-04T13:28:21.006Z","2026-10-04","none","","","","",""
"VN_1694","Sân Bóng Đá Trịnh Trọng","GC3F+5H, Kiến Thành, Bắc Kạn","Bóng đá","no_public_price","","","","","","","none","https://www.sporta.vn/san/san-bong-da-trinh-trong","2026-10-04T13:28:20.673Z","2026-10-04","none","","","","",""
"VN_1695","sân bóng Nà Chuông","6RQQ+69, Lục Bình, Bắc Kạn","Bóng đá","no_public_price","","","","","","","none","https://www.sporta.vn/san/san-bong-na-chuong","2026-10-04T13:28:20.773Z","2026-10-04","none","","","","",""
"VN_1696","Bóng đá MTA","357 tổ 11A Phùng Chí Kiên, Bắc Kạn","Bóng đá","no_public_price","","","","","","","none","https://www.sporta.vn/san/bong-da-mta","2026-10-04T13:28:20.818Z","2026-10-04","none","","","","",""
"VN_1697","Sân Banh Chợ Thủ","Long Điền A, Bắc Kạn","Cầu lông","no_public_price","","","","","","","none","https://www.sporta.vn/san/san-banh-cho-thu","2026-10-04T13:28:20.955Z","2026-10-04","none","","","","",""
"VN_1698","Sân cỏ nhân tạo 3 Cái","G87R+RP, Mỹ Hội Đông, Bắc Kạn","Cầu lông","no_public_price","","","","","","","none","https://www.sporta.vn/san/san-co-nhan-tao-3-cai","2026-10-04T13:28:21.176Z","2026-10-04","none","","","","",""
"VN_1699","Sân vận động huyện Chợ Mới","GCX4+HQ4, Trần Hưng Đạo, TT. Chợ Mới, Bắc Kạn","Cầu lông","no_public_price","","","","","","","none","https://www.sporta.vn/san/san-van-dong-huyen-cho-moi","2026-10-04T13:28:21.391Z","2026-10-04","none","","","","",""
"VN_1700","Sân bóng đá cỏ nhân tạo Minh Khôi","TT. Chợ Mới, Bắc Kạn","Bóng đá","no_public_price","","","","","","","none","https://www.sporta.vn/san/san-bong-da-co-nhan-tao-minh-khoi","2026-10-04T13:28:21.012Z","2026-10-04","none","","","","",""
"VN_1701","Sân bóng đá Khánh Thy","G9G5+2P, Kiến An, Bắc Kạn","Bóng đá","no_public_price","","","","","","","none","https://www.sporta.vn/san/san-bong-da-khanh-thy","2026-10-04T13:28:21.256Z","2026-10-04","none","","","","",""
"VN_1702","Sân cỏ nhân tạo Út Rồng","199 ấp Bình Trung, Bình Phước Xuân, Bắc Kạn","Cầu lông","no_public_price","","","","","","","none","https://www.sporta.vn/san/san-co-nhan-tao-ut-rong","2026-10-04T13:28:21.122Z","2026-10-04","none","","","","",""
"VN_1703","Sân bóng đá mini Quốc Hưng","GCV3+V7R, TT. Chợ Mới, Bắc Kạn","Bóng đá","no_public_price","","","","","","","none","https://www.sporta.vn/san/san-bong-da-mini-quoc-hung","2026-10-04T13:28:21.257Z","2026-10-04","none","","","","",""
"VN_1704","Sân Bóng Đá Anh Hào","218 ĐT942, Mỹ Luông, Bắc Kạn","Bóng đá","no_public_price","","","","","","","none","https://www.sporta.vn/san/san-bong-da-anh-hao","2026-10-04T13:28:21.176Z","2026-10-04","none","","","","",""
"VN_1705","AT pickleballl","Số 136 Bắc Sơn- thôn Đồi Chè - xã Hoàng Đồng- TPLS, Lạng Sơn","Pickleball","no_public_price","","","","","","","none","https://www.sporta.vn/san/at-pickleballl","2026-10-04T13:28:21.644Z","2026-10-04","none","","","","",""
"VN_1706","Sân Sư","Tông Đản, Hoàng Văn Thụ, Lạng Sơn","Cầu lông","no_public_price","","","","","","","none","https://www.sporta.vn/san/san-su","2026-10-04T13:28:21.491Z","2026-10-04","none","","","","",""
"VN_1707","Sân Bóng Huyện Vũ Thư Thái Bình","Xóm 2, Thái Bình","Bóng đá","no_public_price","","","","","","","none","https://www.sporta.vn/san/san-bong-huyen-vu-thu-thai-binh","2026-10-04T13:28:21.474Z","2026-10-04","none","","","","",""
"VN_1708","Sân của 2008","Xóm 9, Thôn Thọ Nam Xã Minh Châu, Thái Bình","Cầu lông","no_public_price","","","","","","","none","https://www.sporta.vn/san/san-cua-2008","2026-10-04T13:28:21.441Z","2026-10-04","none","","","","",""
"VN_1709","Sân Bóng Phường Thanh Châu","GWGC+P4F, Phố Đặng Việt Châu, Thanh Châu, Hà Nam","Bóng đá","no_public_price","","","","","","","none","https://www.sporta.vn/san/san-bong-phuong-thanh-chau","2026-10-04T13:28:21.455Z","2026-10-04","none","","","","",""
"VN_1710","Sân vận độngPhủ Lý","200 Lê Công Thanh, Thanh Châu, Hà Nam","Cầu lông","no_public_price","","","","","","","none","https://www.sporta.vn/san/san-van-dongphu-ly","2026-10-04T13:28:21.539Z","2026-10-04","none","","","","",""
"VN_1711","Sân vận động tỉnh Hà Nam","Hoàng Hạnh, Hà Nam","Cầu lông","no_public_price","","","","","","","none","https://www.sporta.vn/san/san-van-dong-tinh-ha-nam","2026-10-04T13:28:21.608Z","2026-10-04","none","","","","",""
"VN_1712","Sân bóng đá HaUI - Cơ sở 3","GVRV+924, Thanh Sơn, Hà Nam","Bóng đá","no_public_price","","","","","","","none","https://www.sporta.vn/san/san-bong-da-haui-co-so-3","2026-10-04T13:28:21.688Z","2026-10-04","none","","","","",""
"VN_1713","Sân bóng cỏ nhân tạo Hải Minh","Lê Hồng Phong, Hà Nam","Bóng đá","no_public_price","","","","","","","none","https://www.sporta.vn/san/san-bong-co-nhan-tao-hai-minh","2026-10-04T13:28:21.631Z","2026-10-04","none","","","","",""
"VN_1714","Sân bóng rổ HaUI","GVRR+5PH, Nguyễn Văn Cừ, Thanh Sơn, Hà Nam","Bóng đá","no_public_price","","","","","","","none","https://www.sporta.vn/san/san-bong-ro-haui","2026-10-04T13:28:21.757Z","2026-10-04","none","","","","",""
"VN_1715","Sân vận động Tp. Phủ Lý","200 Lê Công Thanh, Thanh Châu, Hà Nam","Cầu lông","no_public_price","","","","","","","none","https://www.sporta.vn/san/san-van-dong-tp--phu-ly","2026-10-04T13:28:21.908Z","2026-10-04","none","","","","",""
"VN_1716","Sân vận động Cà Mau","54MR+MV4, Đường Đinh Tiên Hoàng, Ninh Bình","Cầu lông","no_public_price","","","","","","","none","https://www.sporta.vn/san/san-van-dong-ca-mau","2026-10-04T13:28:21.942Z","2026-10-04","none","","","","",""
"VN_1717","Sân Vận Động Xã Ninh Mỹ","7XQ3+Q34, Ninh Mỹ, Ninh Bình","Cầu lông","no_public_price","","","","","","","none","https://www.sporta.vn/san/san-van-dong-xa-ninh-my","2026-10-04T13:28:21.907Z","2026-10-04","none","","","","",""
"VN_1718","Family Pickleball - 137 Đặng Xuân Bảng","137 Đặng Xuân Bảng, Ninh Bình","Pickleball","no_public_price","","","","","","","none","https://www.sporta.vn/san/family-pickleball-137-dang-xuan-bang","2026-10-04T13:28:21.909Z","2026-10-04","none","","","","",""
"VN_1719","Sân Bóng Tân Thành (Sân Bóng Gia Viên)","Định Hoà, Ninh Bình","Bóng đá","no_public_price","","","","","","","none","https://www.sporta.vn/san/san-bong-tan-thanh--san-bong-gia-vien-","2026-10-04T13:28:21.889Z","2026-10-04","none","","","","",""
"VN_1720","Sân vận động xã Khánh Phú","xóm Quán, Ninh Bình","Cầu lông","no_public_price","","","","","","","none","https://www.sporta.vn/san/san-van-dong-xa-khanh-phu","2026-10-04T13:28:21.922Z","2026-10-04","none","","","","",""
"VN_1721","Sân Bóng Cỏ Nhân Tạo - Thanh Xuân","5XR7+RCQ, Mai Sơn, Ninh Bình","Bóng đá","no_public_price","","","","","","","none","https://www.sporta.vn/san/san-bong-co-nhan-tao-thanh-xuan","2026-10-04T13:28:22.115Z","2026-10-04","none","","","","",""
"VN_1722","Sân Vận Động Bạc Liêu","7P8G+QFV, Ninh Bình","Cầu lông","no_public_price","","","","","","","none","https://www.sporta.vn/san/san-van-dong-bac-lieu","2026-10-04T13:28:22.057Z","2026-10-04","none","","","","",""
"VN_1723","Sân bóng Chính Gấm Tam Điệp","03 Ngô Văn Sở, Bắc Sơn, Ninh Bình","Bóng đá","no_public_price","","","","","","","none","https://www.sporta.vn/san/san-bong-chinh-gam-tam-diep","2026-10-04T13:28:22.173Z","2026-10-04","none","","","","",""
"VN_1724","Sân bóng RiverSide","Ninh Tiến, Ninh Bình","Bóng đá","no_public_price","","","","","","","none","https://www.sporta.vn/san/san-bong-riverside","2026-10-04T13:28:22.156Z","2026-10-04","none","","","","",""
"VN_1725","Học viện Bóng đá Hoàng Anh Gia Lai","V272+592, QL14, Ia Băng, Gia Lai","Cầu lông","no_public_price","","","","","","","none","https://www.sporta.vn/san/ho-c-vie-n-bo-ng-da--hoang-anh-gia-lai","2026-10-04T13:28:22.274Z","2026-10-04","none","","","","",""
"VN_1726","Sân Bóng Xuân Thủy","Làng Ko Xa Trang, Gia Lai","Bóng đá","no_public_price","","","","","","","none","https://www.sporta.vn/san/san-bong-xuan-thuy","2026-10-04T13:28:22.634Z","2026-10-04","none","","","","",""
"VN_1727","Sân Bóng Nguyên Thịnh","69 Mạc Thị Bưởi, Thắng Lợi, Gia Lai","Bóng đá","no_public_price","","","","","","","none","https://www.sporta.vn/san/san-bong-nguyen-thinh","2026-10-04T13:28:22.389Z","2026-10-04","none","","","","",""
"VN_1728","Sân Bóng Mini Hưng Phú","16 Lê Duẩn, Phường, Gia Lai","Bóng đá","no_public_price","","","","","","","none","https://www.sporta.vn/san/san-bong-mini-hung-phu","2026-10-04T13:28:22.364Z","2026-10-04","none","","","","",""
"VN_1729","Sân Bóng Iakring","XX8R+XH2, P. Ia King, Gia Lai","Bóng đá","no_public_price","","","","","","","none","https://www.sporta.vn/san/san-bong-iakring","2026-10-04T13:28:22.306Z","2026-10-04","none","","","","",""
"VN_1730","Sân bóng Quang Linh","376 Trường Chinh, P.Trà Bá, Gia Lai","Bóng đá","no_public_price","","","","","","","none","https://www.sporta.vn/san/san-bong-quang-linh","2026-10-04T13:28:22.621Z","2026-10-04","none","","","","",""
"VN_1731","Sân bóng chuyền pccc","188 Trần Phú, P. Diên Hồng, Gia Lai","Bóng đá","no_public_price","","","","","","","none","https://www.sporta.vn/san/san-bong-chuyen-pccc","2026-10-04T13:28:22.672Z","2026-10-04","none","","","","",""
"VN_1732","Sân cầu lông Nghĩa Dũng","101 Nguyễn Thiếp, P. Diên Hồng, Gia Lai","Cầu lông","curated_public_price","unknown","","","70000","70000","60","price_only","https://shopvnb.com/san-cau-long-nghia-dung.html","2026-10-03T08:23:18.319Z","2026-10-03","medium","Giá tham khảo công khai; đã đối chiếu tên và địa chỉ. Chưa xác nhận giá đang áp dụng; nguồn không phân ngày/giờ.","court_hour","approximate","Cầu lông","public_source_matched"
"VN_1733","Sân Bóng Đá Mi Ni Cao Nguyên Xanh","1 Nguyễn Viết Xuân, P. Hội Phú, Gia Lai","Bóng đá","no_public_price","","","","","","","none","https://www.sporta.vn/san/san-bong-da-mi-ni-cao-nguyen-xanh","2026-10-04T13:28:22.607Z","2026-10-04","none","","","","",""
"VN_1734","Sân bóng làng Plei Ốp","X2W9+PR2, Unnamed Road, P. Hoa Lư, Gia Lai","Bóng đá","no_public_price","","","","","","","none","https://www.sporta.vn/san/san-bong-lang-plei-op","2026-10-04T13:28:22.649Z","2026-10-04","none","","","","",""
"VN_1735","Phù Đổng Stadium","20 Lý Nam Đế, Phù Đổng, Gia Lai","Bóng đá","no_public_price","","","","","","","none","https://www.sporta.vn/san/phu-dong-stadium","2026-10-04T13:28:22.735Z","2026-10-04","none","","","","",""
"VN_1736","Sân Bóng Phước Thọ Pleiku","299 Trường Chinh, Gia Lai","Bóng đá","no_public_price","","","","","","","none","https://www.sporta.vn/san/san-bong-phuoc-tho-pleiku","2026-10-04T13:28:22.873Z","2026-10-04","none","","","","",""
"VN_1737","Sân bóng Mini An Phú - Pleiku -Gia Lai","An Phú, Gia Lai","Bóng đá","no_public_price","","","","","","","none","https://www.sporta.vn/san/san-bong-mini-an-phu-pleiku-gia-lai","2026-10-04T13:28:22.805Z","2026-10-04","none","","","","",""
"VN_1738","Sân Bóng Đá Xuân Vinh","Thôn 1, Gia Lai","Bóng đá","no_public_price","","","","","","","none","https://www.sporta.vn/san/san-bong-da-xuan-vinh","2026-10-04T13:28:22.974Z","2026-10-04","none","","","","",""
"VN_1739","Sân Bóng Hai Hòa","51 Đường Trần Huy Liệu, Biển Hồ, Gia Lai","Bóng đá","no_public_price","","","","","","","none","https://www.sporta.vn/san/san-bong-hai-hoa","2026-10-04T13:28:22.788Z","2026-10-04","none","","","","",""
"VN_1740","Sân bóng Hữu Hoàng","Làng Plei, Kơ Tu, Gia Lai","Bóng đá","no_public_price","","","","","","","none","https://www.sporta.vn/san/san-bong-huu-hoang","2026-10-04T13:28:22.878Z","2026-10-04","none","","","","",""
"VN_1741","Sân Bóng đá Pleiku School Football Club","35 Tô Vĩnh Diện, P. Hoa Lư, Gia Lai","Bóng đá","no_public_price","","","","","","","none","https://www.sporta.vn/san/san-bong-da-pleiku-school-football-club","2026-10-04T13:28:23.006Z","2026-10-04","none","","","","",""
"VN_1742","Sân bóng làng nú","WX3C+HXG, Ia Kênh, Gia Lai","Bóng đá","no_public_price","","","","","","","none","https://www.sporta.vn/san/san-bong-lang-nu","2026-10-04T13:28:23.002Z","2026-10-04","none","","","","",""
"VN_1743","Sân bóng đá mini Y KY SUNG","44 Nguyễn Chí Thanh, Thắng Lợi, Gia Lai","Bóng đá","no_public_price","","","","","","","none","https://www.sporta.vn/san/san-bong-da-mini-y-ky-sung","2026-10-04T13:28:23.117Z","2026-10-04","none","","","","",""
"VN_1744","Sân Bóng Đá Mini Thảo Nguyên","196 Tôn Đức Thắng, P. Yên Thế, Gia Lai","Bóng đá","no_public_price","","","","","","","none","https://www.sporta.vn/san/san-bong-da-mini-thao-nguyen","2026-10-04T13:28:23.089Z","2026-10-04","none","","","","",""
"VN_1745","Sân Bóng Đá Mi Ni Hoàng Phú","10 Nguyễn Viết Xuân, P. Hội Phú, Gia Lai","Bóng đá","no_public_price","","","","","","","none","https://www.sporta.vn/san/san-bong-da-mi-ni-hoang-phu","2026-10-04T13:28:23.345Z","2026-10-04","none","","","","",""
"VN_1746","Sân bóng Làng Kép","219 Phạm Ngọc Thạch, Đống Đa, Gia Lai","Bóng đá","no_public_price","","","","","","","none","https://www.sporta.vn/san/san-bong-lang-kep","2026-10-04T13:28:23.234Z","2026-10-04","none","","","","",""
"VN_1747","Sân Bóng Mini Huy Vũ","99 Lê Đại Hành, P. Thống Nhất, Gia Lai","Bóng đá","no_public_price","","","","","","","none","https://www.sporta.vn/san/san-bong-mini-huy-vu","2026-10-04T13:28:23.312Z","2026-10-04","none","","","","",""
"VN_1748","Sân bóng đá Mini Diên Hồng","358 Trần Phú, P. Diên Hồng, Gia Lai","Bóng đá","no_public_price","","","","","","","none","https://www.sporta.vn/san/san-bong-da-mini-dien-hong","2026-10-04T13:28:23.254Z","2026-10-04","none","","","","",""
"VN_1749","Sân Bóng Phường","X264+JQC, P. Hội Phú, Gia Lai","Bóng đá","no_public_price","","","","","","","none","https://www.sporta.vn/san/san-bong-phuong","2026-10-04T13:28:23.433Z","2026-10-04","none","","","","",""
"VN_1750","Sân Bóng Đá Mini Hưng Phú","13/47A Chu Văn An, Phù Đổng, Gia Lai","Bóng đá","no_public_price","","","","","","","none","https://www.sporta.vn/san/san-bong-da-mini-hung-phu","2026-10-04T13:28:23.687Z","2026-10-04","none","","","","",""
"VN_1751","Sân bóng đá quang linh","X245+XM9, Lương Định Của, P. Hội Phú, Gia Lai","Bóng đá","no_public_price","","","","","","","none","https://www.sporta.vn/san/san-bong-da-quang-linh","2026-10-04T13:28:23.455Z","2026-10-04","none","","","","",""
"VN_1752","Sân bóng chuyền phạm ninh","VVP9+HRV, Gào, Gia Lai","Bóng đá","no_public_price","","","","","","","none","https://www.sporta.vn/san/san-bong-chuyen-pham-ninh","2026-10-04T13:28:23.666Z","2026-10-04","none","","","","",""
"VN_1753","Sân Bóng Đá Cỏ Nhân Tạo Hòa Thảo","25 Chu Mạnh Trinh, P. Hội Phú, Gia Lai","Bóng đá","no_public_price","","","","","","","none","https://www.sporta.vn/san/san-bong-da-co-nhan-tao-hoa-thao","2026-10-04T13:28:23.596Z","2026-10-04","none","","","","",""
"VN_1754","Sân bóng làng","WX2F+J8, Làng Lu, Gia Lai","Bóng đá","no_public_price","","","","","","","none","https://www.sporta.vn/san/san-bong-lang","2026-10-04T13:28:23.594Z","2026-10-04","none","","","","",""
"VN_1755","Sân Đức Anh","Ngo se, Gia Lai","Cầu lông","no_public_price","","","","","","","none","https://www.sporta.vn/san/san-duc-anh","2026-10-04T13:28:23.595Z","2026-10-04","none","","","","",""
"VN_1756","Sân Bóng Đá Ánh Sáng","X2P8+2VH, Phù Đổng, Gia Lai","Bóng đá","no_public_price","","","","","","","none","https://www.sporta.vn/san/san-bong-da-anh-sang","2026-10-04T13:28:23.744Z","2026-10-04","none","","","","",""
"VN_1757","Sân vận động Pleiku","Quang Trung, P.Tây Sơn, Gia Lai","Cầu lông","no_public_price","","","","","","","none","https://www.sporta.vn/san/san-van-dong-pleiku","2026-10-04T13:28:23.788Z","2026-10-04","none","","","","",""
"VN_1758","Sân Bóng Làng Trang","8RQ8+32C, Ya Xiêr, Kon Tum","Bóng đá","no_public_price","","","","","","","none","https://www.sporta.vn/san/san-bong-lang-trang","2026-10-04T13:28:23.753Z","2026-10-04","none","","","","",""
"VN_1759","Sân bóng đá mini Ngọc Hồi Football","103 Tô Vĩnh Diện, Trường Chinh, Kon Tum","Bóng đá","no_public_price","","","","","","","none","https://www.sporta.vn/san/san-bong-da-mini-ngoc-hoi-football","2026-10-04T13:28:24.205Z","2026-10-04","none","","","","",""
"VN_1760","HỢP THÀNH","Thôn Lâm Tùng, Xã Lachim, Kon Tum","Cầu lông","no_public_price","","","","","","","none","https://www.sporta.vn/san/hop-thanh","2026-10-04T13:28:23.921Z","2026-10-04","none","","","","",""
"VN_1761","Sân Vận Động Kon Tum","9278+HF4, Trường Chinh, Kon Tum","Cầu lông","no_public_price","","","","","","","none","https://www.sporta.vn/san/san-van-dong-kon-tum","2026-10-04T13:28:23.824Z","2026-10-04","none","","","","",""
"VN_1762","Sân bóng đá cỏ nhân tạo Măng Đen","Đường Võ Nguyên Giáp, Tổ Dân phố 3, Kon Tum","Bóng đá","no_public_price","","","","","","","none","https://www.sporta.vn/san/san-bong-da-co-nhan-tao-mang-den","2026-10-04T13:28:24.005Z","2026-10-04","none","","","","",""
"VN_1763","Sân vận động Kon Trang","Kon Trang FC, Đắk La, Kon Tum","Cầu lông","no_public_price","","","","","","","none","https://www.sporta.vn/san/san-van-dong-kon-trang","2026-10-04T13:28:24.004Z","2026-10-04","none","","","","",""
"VN_1764","Sân bóng F98","98 Phạm Hùng, Phường Tân An, Đắk Lắk","Bóng đá","no_public_price","","","","","","","none","https://www.sporta.vn/san/san-bong-f98","2026-10-04T13:28:24.039Z","2026-10-04","none","","","","",""
"VN_1765","OK Sport","44 Lương Thế Vinh, Tân tiến, Đắk Lắk","Cầu lông","no_public_price","","","","","","","none","https://www.sporta.vn/san/ok-sport","2026-10-04T13:28:24.123Z","2026-10-04","none","","","","",""
"VN_1766","Sân Bóng Đá Thành Nhất","113/44/17, Nguyễn Cơ Thạch, P, Đắk Lắk","Bóng đá","no_public_price","","","","","","","none","https://www.sporta.vn/san/san-bong-da-thanh-nhat","2026-10-04T13:28:24.910Z","2026-10-04","none","","","","",""
"VN_1767","Sân bóng mini nhân tạo","Nhà thể dục- thể thao đa năng, Tân Lợi, Đắk Lắk","Bóng đá","no_public_price","","","","","","","none","https://www.sporta.vn/san/san-bong-mini-nhan-tao","2026-10-04T13:28:24.255Z","2026-10-04","none","","","","",""
"VN_1768","Sân Bóng Đá Mini Cao Nguyên","217 Lê Thị Hồng Gấm, Tân Lợi, Đắk Lắk","Bóng đá","no_public_price","","","","","","","none","https://www.sporta.vn/san/san-bong-da-mini-cao-nguyen","2026-10-04T13:28:24.271Z","2026-10-04","none","","","","",""
"VN_1769","Sân bóng đá Ban Mê Sport","121 Hùng Vương, Tự An, Đắk Lắk","Bóng đá","no_public_price","","","","","","","none","https://www.sporta.vn/san/san-bong-da-ban-me-sport","2026-10-04T13:28:24.280Z","2026-10-04","none","","","","",""
"VN_1770","Sân Bóng Đá Cỏ Nhân Tạo Ngọc Hiếu","P4MH+QCH, QL14, Hoà Thuận, Đắk Lắk","Bóng đá","no_public_price","","","","","","","none","https://www.sporta.vn/san/san-bong-da-co-nhan-tao-ngoc-hieu","2026-10-04T13:28:24.369Z","2026-10-04","none","","","","",""
"VN_1771","Sân Bóng Đá Ngọc Anh","16 Đinh Núp, Tân Lập, Đắk Lắk","Bóng đá","no_public_price","","","","","","","none","https://www.sporta.vn/san/san-bong-da-ngoc-anh","2026-10-04T13:28:24.422Z","2026-10-04","none","","","","",""
"VN_1772","Sân vận Động ĐTL","300 Hà Huy Tập, TDP8, Phường tự An, TP.Buôn Ma Thuột, Đắk Lắk","Cầu lông","no_public_price","","","","","","","none","https://www.sporta.vn/san/san-van-dong-dtl","2026-10-04T13:28:24.411Z","2026-10-04","none","","","","",""
"VN_1773","Sân Bóng Thành Phát 79","214 Giải Phóng, Tân Lợi, Đắk Lắk","Bóng đá","no_public_price","","","","","","","none","https://www.sporta.vn/san/san-bong-thanh-phat-79","2026-10-04T13:28:24.473Z","2026-10-04","none","","","","",""
"VN_1774","Sân bóng đá Công Thành","M3Q6+G5M, Tân Lập, Đắk Lắk","Bóng đá","no_public_price","","","","","","","none","https://www.sporta.vn/san/san-bong-da-cong-thanh","2026-10-04T13:28:24.472Z","2026-10-04","none","","","","",""
"VN_1775","Sân bóng rổ 47HOOPS","121 Hùng Vương, Tự An, Đắk Lắk","Bóng đá","no_public_price","","","","","","","none","https://www.sporta.vn/san/san-bong-ro-47hoops","2026-10-04T13:28:24.522Z","2026-10-04","none","","","","",""
"VN_1776","Sân bóng đá mini Quốc Định","02 Đường số 24B, Thôn 8, Đắk Lắk","Bóng đá","no_public_price","","","","","","","none","https://www.sporta.vn/san/san-bong-da-mini-quoc-dinh","2026-10-04T13:28:24.678Z","2026-10-04","none","","","","",""
"VN_1777","Sân bóng Lập Nguyễn","128/7 Giải Phóng, Tân Lợi, Đắk Lắk","Bóng đá","no_public_price","","","","","","","none","https://www.sporta.vn/san/san-bong-lap-nguyen","2026-10-04T13:28:24.617Z","2026-10-04","none","","","","",""
"VN_1778","Sân bóng đá Đại Thành","M23G+X6H, Ea Tam, Đắk Lắk","Bóng đá","no_public_price","","","","","","","none","https://www.sporta.vn/san/san-bong-da-dai-thanh","2026-10-04T13:28:24.693Z","2026-10-04","none","","","","",""
"VN_1779","Sân bóng Đức Thịnh","174 Phan Huy Chú, Khánh Xuân, Đắk Lắk","Bóng đá","no_public_price","","","","","","","none","https://www.sporta.vn/san/san-bong-duc-thinh","2026-10-04T13:28:24.767Z","2026-10-04","none","","","","",""
"VN_1780","Sân bóng đá mini Văn Minh","M23H+32C, Ea Tam, Đắk Lắk","Bóng đá","no_public_price","","","","","","","none","https://www.sporta.vn/san/san-bong-da-mini-van-minh","2026-10-04T13:28:24.830Z","2026-10-04","none","","","","",""
"VN_1781","Sân bóng đá KEVIN","M22J+MC3, Ea Tam, Đắk Lắk","Bóng đá","no_public_price","","","","","","","none","https://www.sporta.vn/san/san-bong-da-kevin","2026-10-04T13:28:24.908Z","2026-10-04","none","","","","",""
"VN_1782","Sân bóng đá Manchester","130 Y Ngông, Tân tiến, Đắk Lắk","Bóng đá","no_public_price","","","","","","","none","https://www.sporta.vn/san/san-bong-da-manchester","2026-10-04T13:28:24.909Z","2026-10-04","none","","","","",""
"VN_1783","Sân bóng đá C1","1B Y Ngông, Tân tiến, Đắk Lắk","Bóng đá","no_public_price","","","","","","","none","https://www.sporta.vn/san/san-bong-da-c1","2026-10-04T13:28:24.889Z","2026-10-04","none","","","","",""
"VN_1784","Sân bóng rổ đại học Y Dược Buôn Ma Thuột","Đường Số 5, Khu CN, Đắk Lắk","Bóng đá","no_public_price","","","","","","","none","https://www.sporta.vn/san/san-bong-ro-dai-hoc-y-duoc-buon-ma-thuot","2026-10-04T13:28:25.029Z","2026-10-04","none","","","","",""
"VN_1785","Sân Bóng Đá Buôn Cư Mblim","H2VV+4QX, Ea Kao, Đắk Lắk","Bóng đá","no_public_price","","","","","","","none","https://www.sporta.vn/san/san-bong-da-buon-cu-mblim","2026-10-04T13:28:25.060Z","2026-10-04","none","","","","",""
"VN_1786","sân cỏ nhân tạo","M3MH+23F, Tân Lập, Đắk Lắk","Cầu lông","no_public_price","","","","","","","none","https://www.sporta.vn/san/san-co-nhan-tao","2026-10-04T13:28:25.150Z","2026-10-04","none","","","","",""
"VN_1787","Sân bóng đá Tân Thái Long","56 Y Moan Ênuôl, Tân Lợi, Đắk Lắk","Bóng đá","no_public_price","","","","","","","none","https://www.sporta.vn/san/san-bong-da-tan-thai-long","2026-10-04T13:28:25.135Z","2026-10-04","none","","","","",""
"VN_1788","CLB Bóng Bàn Buôn Ma Thuột","2 Y Ngông, Tân tiến, Đắk Lắk","Bóng bàn","no_public_price","","","","","","","none","https://www.sporta.vn/san/clb-bong-ban-buon-ma-thuot","2026-10-04T13:28:25.135Z","2026-10-04","none","","","","",""
"VN_1789","HĐ Sport","110 Trần Hưng Đạo, Đắk Lắk","Cầu lông","no_public_price","","","","","","","none","https://www.sporta.vn/san/hdsport","2026-10-04T13:28:25.303Z","2026-10-04","none","","","","",""
"VN_1790","Sân Bóng Đá Mini Cỏ Nhân Tạo Tiến Thy","JX2W+G22, ĐT682, Hoà Khánh, Đắk Lắk","Bóng đá","no_public_price","","","","","","","none","https://www.sporta.vn/san/san-bong-da-mini-co-nhan-tao-tien-thy","2026-10-04T13:28:25.302Z","2026-10-04","none","","","","",""
"VN_1791","Sân Vận Động Buôn Ma Thuột","2 Nguyễn Công Trứ, Tân tiến, Đắk Lắk","Cầu lông","no_public_price","","","","","","","none","https://www.sporta.vn/san/san-van-dong-buon-ma-thuot","2026-10-04T13:28:25.211Z","2026-10-04","none","","","","",""
"VN_1792","Sân bóng chuyển Cù Chính Lan","14/2 Cù Chính Lan, Tự An, Đắk Lắk","Bóng đá","no_public_price","","","","","","","none","https://www.sporta.vn/san/san-bong-chuyen-cu-chinh-lan","2026-10-04T13:28:25.363Z","2026-10-04","none","","","","",""
"VN_1793","Sân bóng Hải Nguyên","87b Hùng Vương TT Eatling , Đắk Nông","Bóng đá","no_public_price","","","","","","","none","https://www.sporta.vn/san/san-bong-hai-nguyen","2026-10-04T13:28:25.363Z","2026-10-04","none","","","","",""
"VN_1794","Sân Bóng FIFA","Thôn Quảng Hợp - Xã Quảng Sơn , Đắk Nông","Bóng đá","no_public_price","","","","","","","none","https://www.sporta.vn/san/san-bong-fifa","2026-10-04T13:28:25.509Z","2026-10-04","none","","","","",""
"VN_1795","Sân Bóng Vũ Phong","72F3+JW6, Bình Hòa 1, Vĩnh Long","Bóng đá","no_public_price","","","","","","","none","https://www.sporta.vn/san/san-bong-vu-phong","2026-10-04T13:28:25.433Z","2026-10-04","none","","","","",""
"VN_1796","Sân bóng Phân hiệu ĐHTN","C2RF+93X, Vĩnh Long","Bóng đá","no_public_price","","","","","","","none","https://www.sporta.vn/san/san-bong-phan-hieu-dhtn","2026-10-04T13:28:25.480Z","2026-10-04","none","","","","",""
"VN_1797","Sân bóng đá ngoại thành ","Phường 8 tp Vĩnh Long , Vĩnh Long","Bóng đá","no_public_price","","","","","","","none","https://www.sporta.vn/san/san-bong-da-ngoai-thanh","2026-10-04T13:28:25.509Z","2026-10-04","none","","","","",""
"VN_1798","Sân bóng đá cỏ nhân tạo phường Bình Minh","C2XC+8RV, Vĩnh Long","Bóng đá","no_public_price","","","","","","","none","https://www.sporta.vn/san/san-bong-da-co-nhan-tao-phuong-binh-minh","2026-10-04T13:28:25.480Z","2026-10-04","none","","","","",""
"VN_1799","Sân Bóng Chuyền Hữu Tiến","Long Phú, Vĩnh Long","Bóng đá","no_public_price","","","","","","","none","https://www.sporta.vn/san/san-bong-chuyen-huu-tien","2026-10-04T13:28:25.646Z","2026-10-04","none","","","","",""
"VN_1800","Sân bóng mini Quang Huy","ĐT904, Vĩnh Long","Bóng đá","no_public_price","","","","","","","none","https://www.sporta.vn/san/san-bong-mini-quang-huy","2026-10-04T13:28:25.716Z","2026-10-04","none","","","","",""
"VN_1801","Sân Bóng đá Vạn Xuân Football Coffee","317 Đoàn Giỏi, Phường 3, Vĩnh Long","Bóng đá","no_public_price","","","","","","","none","https://www.sporta.vn/san/san-bong-da-van-xuan-football-coffee","2026-10-04T13:28:25.963Z","2026-10-04","none","","","","",""
"VN_1802","Sân bóng Đại Học Xây Dựng Miền Tây","Đường Phước Hậu, KDC, Vĩnh Long","Bóng đá","no_public_price","","","","","","","none","https://www.sporta.vn/san/san-bong-dai-hoc-xay-dung-mien-tay","2026-10-04T13:28:25.783Z","2026-10-04","none","","","","",""
"VN_1803","Sân cỏ nhân tạo Mỹ Ngọc","QL57, Thanh Đức, Vĩnh Long","Cầu lông","no_public_price","","","","","","","none","https://www.sporta.vn/san/san-co-nhan-tao-my-ngoc","2026-10-04T13:28:25.859Z","2026-10-04","none","","","","",""
"VN_1804","Sân Bóng Hoàng Quân - Bình Minh-Vĩnh Long","Số 139 ấp Mỹ Lợi, xã Mỹ Hòa, thị xã Bình Minh tỉnh Vĩnh Long, Vĩnh Long","Bóng đá","no_public_price","","","","","","","none","https://www.sporta.vn/san/san-bong-hoang-quan-binh-minhvinh-long","2026-10-04T13:28:25.874Z","2026-10-04","none","","","","",""
"VN_1805","Sân Bóng Đá Nhà Thi Đấu Đa Năng Tỉnh Lào Cai","C2Q9+R9Q, Vĩnh Long","Cầu lông","no_public_price","","","","","","","none","https://www.sporta.vn/san/san-bo-ng-da--nha--thi-da-u-da-nang-ti-nh-la-o-cai","2026-10-04T13:28:25.978Z","2026-10-04","none","","","","",""
"VN_1806","Sân vận động tỉnh Lào Cai","C2Q9+RH4, Đường 19/5, Vĩnh Long","Cầu lông","no_public_price","","","","","","","none","https://www.sporta.vn/san/san-van-dong-tinh-lao-cai","2026-10-04T13:28:25.889Z","2026-10-04","none","","","","",""
"VN_1807","Sân Bóng Mini BOA FC","469F+2GJ, Unnamed Road, Thanh Bình, Vĩnh Long","Bóng đá","no_public_price","","","","","","","none","https://www.sporta.vn/san/san-bong-mini-boa-fc","2026-10-04T13:28:26.071Z","2026-10-04","none","","","","",""
"VN_1808","Sân vận động huyện Long Hồ","6X4X+34V, QL53, Phú Đức, Vĩnh Long","Cầu lông","no_public_price","","","","","","","none","https://www.sporta.vn/san/san-van-dong-huyen-long-ho","2026-10-04T13:28:26.086Z","2026-10-04","none","","","","",""
"VN_1809","Sân Bóng Đá Cỏ Nhân Tạo Anh Căn","TT. Cầu Ngang, Trà Vinh","Bóng đá","no_public_price","","","","","","","none","https://www.sporta.vn/san/san-bong-da-co-nhan-tao-anh-can","2026-10-04T13:28:26.304Z","2026-10-04","none","","","","",""
"VN_1810","Sân bóng đá mini Hoa Lý","W8H6+RW3, Nguyệt Hoá, Trà Vinh","Bóng đá","no_public_price","","","","","","","none","https://www.sporta.vn/san/san-bong-da-mini-hoa-ly","2026-10-04T13:28:26.235Z","2026-10-04","none","","","","",""
"VN_1811","Sân bóng đá mini Bassama","R4QC+G83, Phong Thạnh, Trà Vinh","Bóng đá","no_public_price","","","","","","","none","https://www.sporta.vn/san/san-bong-da-mini-bassama","2026-10-04T13:28:26.250Z","2026-10-04","none","","","","",""
"VN_1812","Sân Bóng Đá Thanh Binh Sport_Ngũ Lạc H.Duyên Hải Trà Vinh","MC7M+M3X, TL914, Ngũ Lạc, Trà Vinh","Bóng đá","no_public_price","","","","","","","none","https://www.sporta.vn/san/san-bong-da-thanh-binh-sport-ngu-lac-h-duyen-hai-tra-vinh","2026-10-04T13:28:26.323Z","2026-10-04","none","","","","",""
"VN_1813","Sân Bóng Phương Anh","X6M2+V73, TT. Càng Long, Trà Vinh","Bóng đá","no_public_price","","","","","","","none","https://www.sporta.vn/san/san-bong-phuong-anh","2026-10-04T13:28:26.337Z","2026-10-04","none","","","","",""
"VN_1814","Sân Bóng Vĩnh Hưng","204 ĐH7, Đầu Giồng, Trà Vinh","Bóng đá","no_public_price","","","","","","","none","https://www.sporta.vn/san/san-bong-vinh-hung","2026-10-04T13:28:26.461Z","2026-10-04","none","","","","",""
"VN_1815","Sân bóng đá Phú Cần","35 QL60, Phú Cần, Trà Vinh","Bóng đá","no_public_price","","","","","","","none","https://www.sporta.vn/san/san-bong-da-phu-can","2026-10-04T13:28:26.477Z","2026-10-04","none","","","","",""
"VN_1816","Sân Cỏ Nhân Tạo Duyên Hải","GX27+HHJ, Đăng Châu, Trà Vinh","Cầu lông","no_public_price","","","","","","","none","https://www.sporta.vn/san/san-co-nhan-tao-duyen-hai","2026-10-04T13:28:26.625Z","2026-10-04","none","","","","",""
"VN_1817","Sân Bóng Chuyền Thầy Giáo","169 QL60, Phương Thạnh, Trà Vinh","Bóng đá","no_public_price","","","","","","","none","https://www.sporta.vn/san/san-bong-chuyen-thay-giao","2026-10-04T13:28:26.447Z","2026-10-04","none","","","","",""
"VN_1818","Sân bóng Đại học Võ Trường Toản","Quốc lộ 1A, Tân Phú Thạnh., Hậu Giang","Bóng đá","no_public_price","","","","","","","none","https://www.sporta.vn/san/san-bong-dai-hoc-vo-truong-toan","2026-10-04T13:28:26.575Z","2026-10-04","none","","","","",""
"VN_1819","Câu lạc bộ bóng đá hậu Giang","QFF8+39Q, Phường 3, Hậu Giang","Bóng đá","no_public_price","","","","","","","none","https://www.sporta.vn/san/cau-lac-bo-bong-da-hau-giang","2026-10-04T13:28:26.650Z","2026-10-04","none","","","","",""
"VN_1820","Khách Sạn- Nhà Hàng Bông Sen","60 Trần Hưng Đạo, Phường 5, Hậu Giang","Bóng đá","no_public_price","","","","","","","none","https://www.sporta.vn/san/khach-san-nha-hang-bong-sen","2026-10-04T13:28:26.683Z","2026-10-04","none","","","","",""
"VN_1821","Sân Bóng Đá Trường Lái Vị Thanh","QL61C, Vị Trung, Hậu Giang","Bóng đá","no_public_price","","","","","","","none","https://www.sporta.vn/san/san-bong-da-truong-lai-vi-thanh","2026-10-04T13:28:27.020Z","2026-10-04","none","","","","",""
"VN_1822","Sân bóng đá cỏ nhân tạo Bông Sen","QFVJ+HGW, Phường 5, Hậu Giang","Bóng đá","no_public_price","","","","","","","none","https://www.sporta.vn/san/san-bong-da-co-nhan-tao-bong-sen","2026-10-04T13:28:26.788Z","2026-10-04","none","","","","",""
"VN_1823","Sân bóng mini Liên đoàn Lao động tỉnh Hậu Giang","QFXW+R4X, Phường 5, Hậu Giang","Bóng đá","no_public_price","","","","","","","none","https://www.sporta.vn/san/san-bong-mini-lien-doan-lao-dong-tinh-hau-giang","2026-10-04T13:28:26.915Z","2026-10-04","none","","","","",""
"VN_1824","Sân Bóng Đá Xã Vị Thanh","RGVV+RG8, Vị Thanh, Hậu Giang","Bóng đá","no_public_price","","","","","","","none","https://www.sporta.vn/san/san-bong-da-xa-vi-thanh","2026-10-04T13:28:26.805Z","2026-10-04","none","","","","",""
"VN_1825","Sân bà hai","Ấp thị tứ.thị trấn  Rạch Ròi.Huyện Châu thành A.Hậu Giang, Hậu Giang","Cầu lông","no_public_price","","","","","","","none","https://www.sporta.vn/san/san-ba-hai","2026-10-04T13:28:27.296Z","2026-10-04","none","","","","",""
"VN_1826","Sân bóng chuyền Mỏ Ó","C5GC+MG4, Ấp Mở Ó, Sóc Trăng","Bóng đá","no_public_price","","","","","","","none","https://www.sporta.vn/san/san-bong-chuyen-mo-o","2026-10-04T13:28:26.955Z","2026-10-04","none","","","","",""
"VN_1827","Sân Banh Quang Thuỷ Sản 503 Phạm Hùng","503 Phạm Hùng, Phường 8, Sóc Trăng","Cầu lông","no_public_price","","","","","","","none","https://www.sporta.vn/san/san-banh-quang-thuy-san-503-pham-hung","2026-10-04T13:28:27.054Z","2026-10-04","none","","","","",""
"VN_1828","Sân Bóng Đá Mini Hòa Hưng","8X9M+29V, Lê Lai, TT. Vinh Châu, Sóc Trăng","Bóng đá","no_public_price","","","","","","","none","https://www.sporta.vn/san/san-bong-da-mini-hoa-hung","2026-10-04T13:28:27.064Z","2026-10-04","none","","","","",""
"VN_1829","Sân bóng chuyền Trung Tiger","QX9M+7HF, Ấp An Thành, Sóc Trăng","Bóng đá","no_public_price","","","","","","","none","https://www.sporta.vn/san/san-bong-chuyen-trung-tiger","2026-10-04T13:28:27.297Z","2026-10-04","none","","","","",""
"VN_1830","Sân bóng đá Sơn châu","J4MM+R42, Ấp 1, Sóc Trăng","Bóng đá","no_public_price","","","","","","","none","https://www.sporta.vn/san/san-bong-da-son-chau","2026-10-04T13:28:27.236Z","2026-10-04","none","","","","",""
"VN_1831","Sân bóng đá cỏ nhân tạo Đoàn Trang","HXGX+6FX, TT. Mỹ Xuyên, Sóc Trăng","Bóng đá","no_public_price","","","","","","","none","https://www.sporta.vn/san/san-bong-da-co-nhan-tao-doan-trang","2026-10-04T13:28:27.251Z","2026-10-04","none","","","","",""
"VN_1832","Sân bóng Đại Ngãi","P3JC+6R5, Đại Ngãi, Sóc Trăng","Bóng đá","no_public_price","","","","","","","none","https://www.sporta.vn/san/san-bong-dai-ngai","2026-10-04T13:28:27.332Z","2026-10-04","none","","","","",""
"VN_1833","Sân bóng cỏ Nghĩa Nhân","25 ấp bố liên 1, Thuận Hưng, Sóc Trăng","Bóng đá","no_public_price","","","","","","","none","https://www.sporta.vn/san/san-bong-co-nghia-nhan","2026-10-04T13:28:27.461Z","2026-10-04","none","","","","",""
"VN_1834","Sân Bóng Mini Vũ Hùng - Sáu Gấm","QX9J+968, Ung Công Uẩn, TT. Kế Sách, Sóc Trăng","Bóng đá","no_public_price","","","","","","","none","https://www.sporta.vn/san/san-bong-mini-vu-hung-sau-gam","2026-10-04T13:28:27.777Z","2026-10-04","none","","","","",""
"VN_1835","Sân bóng thiên thanh","139T ấp hoà mỹ, TT. Mỹ Xuyên, Sóc Trăng","Bóng đá","no_public_price","","","","","","","none","https://www.sporta.vn/san/san-bong-thien-thanh","2026-10-04T13:28:27.620Z","2026-10-04","none","","","","",""
"VN_1836","Sân Bóng Anh Lợi","Cầu ÔRô, Long Hưng - Mỹ Tú, TT. Huỳnh Hữu Nghĩa, Sóc Trăng","Bóng đá","no_public_price","","","","","","","none","https://www.sporta.vn/san/san-bong-anh-loi","2026-10-04T13:28:27.843Z","2026-10-04","none","","","","",""
"VN_1837","Sân Mini Biên","ấp Phú Giao, xã Thạnh Quới , Mỹ Xuyên , Sóc Trăng, Sóc Trăng","Cầu lông","no_public_price","","","","","","","none","https://www.sporta.vn/san/san-mini-bien","2026-10-04T13:28:27.478Z","2026-10-04","none","","","","",""
"VN_1838","Sân bóng đá Quang Thủy Sản","503 Phạm Hùng, Phường 8, Sóc Trăng","Bóng đá","no_public_price","","","","","","","none","https://www.sporta.vn/san/san-bong-da-quang-thuy-san","2026-10-04T13:28:27.522Z","2026-10-04","none","","","","",""
"VN_1839","Sân cỏ Bãi Giá","F6X2+2C4, Trung Bình, Sóc Trăng","Cầu lông","no_public_price","","","","","","","none","https://www.sporta.vn/san/san-co-bai-gia","2026-10-04T13:28:27.655Z","2026-10-04","none","","","","",""
"VN_1840","Sân Bóng Đá Kế An","QWP5+3VG, Kế An, Sóc Trăng","Bóng đá","no_public_price","","","","","","","none","https://www.sporta.vn/san/san-bong-da-ke-an","2026-10-04T13:28:27.980Z","2026-10-04","none","","","","",""
"VN_1841","Hấu COFFE - SÂN BÓNG ĐẠT AN","KDC LÊ DUẨN, ĐƯỜNG SỐ 6, Phường 3, Sóc Trăng","Bóng đá","no_public_price","","","","","","","none","https://www.sporta.vn/san/hau-coffe-san-bong-dat-an","2026-10-04T13:28:27.778Z","2026-10-04","none","","","","",""
"VN_1842","Sân Bóng Cỏ Tự Nhiên","5F99+543, Ấp Thạnh 2, Bạc Liêu","Bóng đá","no_public_price","","","","","","","none","https://www.sporta.vn/san/san-bong-co-tu-nhien","2026-10-04T13:28:27.905Z","2026-10-04","none","","","","",""
"VN_1843","Sân Cỏ Nhân Tạo Xã Vĩnh Thanh","Vĩnh Thanh, Bạc Liêu","Cầu lông","no_public_price","","","","","","","none","https://www.sporta.vn/san/san-co-nhan-tao-xa-vinh-thanh","2026-10-04T13:28:27.964Z","2026-10-04","none","","","","",""
"VN_1844","Sân bóng chuyền (Minh Thiện)","Ninh Thạnh Lợi, Bạc Liêu","Bóng đá","no_public_price","","","","","","","none","https://www.sporta.vn/san/san-bong-chuyen--minh-thien-","2026-10-04T13:28:28.146Z","2026-10-04","none","","","","",""
"VN_1845","Sân bóng chuyền Lâm Đời Nhàn Dân","57PW+8QR, Tân Phong, Bạc Liêu","Bóng đá","no_public_price","","","","","","","none","https://www.sporta.vn/san/san-bong-chuyen-lam-doi-nhan-dan","2026-10-04T13:28:28.405Z","2026-10-04","none","","","","",""
"VN_1846","Sân bóng PHÚ THỊNH","Phong Thạnh Tây B, Bạc Liêu","Bóng đá","no_public_price","","","","","","","none","https://www.sporta.vn/san/san-bong-phu-thinh","2026-10-04T13:28:28.519Z","2026-10-04","none","","","","",""
"VN_1847","Sân Bóng Đá Nhân Tạo Gia Bảo","CFQ5+8QX, Đường Không Tên, Bạc Liêu","Bóng đá","no_public_price","","","","","","","none","https://www.sporta.vn/san/san-bong-da-nhan-tao-gia-bao","2026-10-04T13:28:28.110Z","2026-10-04","none","","","","",""
"VN_1848","Sân bóng cỏ nhân tạo Gia Phú","CFP7+MJ7, Ấp Nội Ô, Bạc Liêu","Bóng đá","no_public_price","","","","","","","none","https://www.sporta.vn/san/san-bong-co-nhan-tao-gia-phu","2026-10-04T13:28:28.256Z","2026-10-04","none","","","","",""
"VN_1849","Cà phê - Sân bóng Thanh Thư","Hưng Hội, Bạc Liêu","Bóng đá","no_public_price","","","","","","","none","https://www.sporta.vn/san/ca-phe-san-bong-thanh-thu","2026-10-04T13:28:28.116Z","2026-10-04","none","","","","",""
"VN_1850","Sân Bóng Đá - Pickleball Hoà Phát Bạc Liêu","8P99+5JM, QL1A, TT. Châu Hưng, Bạc Liêu","Pickleball","no_public_price","","","","","","","none","https://www.sporta.vn/san/san-bong-da-pickleball-hoa-phat-bac-lieu","2026-10-04T13:28:28.371Z","2026-10-04","none","","","","",""
"VN_1851","Sân Bóng Chuyền Trung Tính","8QGM+X8C Áp Ca Vinh, Hưng Hội, Bạc Liêu","Bóng đá","no_public_price","","","","","","","none","https://www.sporta.vn/san/san-bong-chuyen-trung-tinh","2026-10-04T13:28:28.339Z","2026-10-04","none","","","","",""
"VN_1852","Sân bóng chuyền LÂM NGUYÊN","98 ấp năm căn, Hưng Thành, Bạc Liêu","Bóng đá","no_public_price","","","","","","","none","https://www.sporta.vn/san/san-bong-chuyen-lam-nguyen","2026-10-04T13:28:28.503Z","2026-10-04","none","","","","",""
"VN_1853","Sân Bóng Chuyền Huy Khánh - Guppy Farm","Kinh 5000 Ấp 8B, Phong Thạnh Tây A, Bạc Liêu","Bóng đá","no_public_price","","","","","","","none","https://www.sporta.vn/san/san-bong-chuyen-huy-khanh-guppy-farm","2026-10-04T13:28:28.576Z","2026-10-04","none","","","","",""
"VN_1854","Trung Tâm Thiên Phú Sporst","8PX8+XQP, TT. Châu Hưng, Bạc Liêu","Cầu lông","no_public_price","","","","","","","none","https://www.sporta.vn/san/trung-tam-thien-phu-sporst","2026-10-04T13:28:28.649Z","2026-10-04","none","","","","",""
"VN_1855","Sân bóng Đào Nguyên Bạc Liêu","449 QL1A, TT. Châu Hưng, Bạc Liêu","Bóng đá","no_public_price","","","","","","","none","https://www.sporta.vn/san/san-bong-dao-nguyen-bac-lieu","2026-10-04T13:28:28.667Z","2026-10-04","none","","","","",""
"VN_1856","Sân Bóng Đá KIM Y","Unnamed Road, Bạc Liêu","Bóng đá","no_public_price","","","","","","","none","https://www.sporta.vn/san/san-bong-da-kim-y","2026-10-04T13:28:28.762Z","2026-10-04","none","","","","",""
"VN_1857","Sân bóng chuyền Kha Ly","6CJG+Q3R, QL1A, Hộ Phòng, Bạc Liêu","Bóng đá","no_public_price","","","","","","","none","https://www.sporta.vn/san/san-bong-chuyen-kha-ly","2026-10-04T13:28:29.117Z","2026-10-04","none","","","","",""
"VN_1858","Sân bóng Dương Linh","Quản Lộ - Phụng Hiệp, Vĩnh Phú Tây, Bạc Liêu","Cầu lông","no_public_price","","","","","","","none","https://www.sporta.vn/san/san-bo-ng-duong-linh","2026-10-04T13:28:28.936Z","2026-10-04","none","","","","",""
"VN_1859","CLB Bóng Bàn Duy Hưng","Tầng 3 TTTM The Garden, Đường Mễ Trì, Mỹ Đình 1, Nam Từ Liêm, Hà Nội","Bóng bàn","missing_source_url","","","","","","","none","","","2026-10-04","none","","","","",""
"VN_1860","CLB Bóng Bàn Nhà Thi Đấu Cầu Giấy","35 Trần Quý Kiên, Dịch Vọng, Cầu Giấy, Hà Nội","Bóng bàn","missing_source_url","","","","","","","none","","","2026-10-04","none","","","","",""
"VN_1861","CLB Bóng Bàn Bách Khoa","Ký túc xá ĐH Bách Khoa, Tạ Quang Bửu, Bách Khoa, Hai Bà Trưng, Hà Nội","Bóng bàn","missing_source_url","","","","","","","none","","","2026-10-04","none","","","","",""
"VN_1862","CLB Bóng Bàn Dũng Cửu","Nhà tập bóng bàn - Trường Cao đẳng Du lịch Hà Nội, 236 Hoàng Quốc Việt, Cầu Giấy, Hà Nội","Bóng bàn","missing_source_url","","","","","","","none","","","2026-10-04","none","","","","",""
"VN_1863","CLB Bóng Bàn Hoàng Sâm","Số 1 ngõ 49 Hoàng Sâm, Nghĩa Đô, Cầu Giấy, Hà Nội","Bóng bàn","missing_source_url","","","","","","","none","","","2026-10-04","none","","","","",""
"VN_1864","CLB Bóng Bàn Hỏa Châu","101 Đại Cồ Việt, Lê Đại Hành, Hai Bà Trưng, Hà Nội","Bóng bàn","missing_source_url","","","","","","","none","","","2026-10-04","none","","","","",""
"VN_1865","CLB Bóng Bàn Khăn Quàng Đỏ","Số 94 ngõ 189 Hoàng Hoa Thám, Ngọc Hà, Ba Đình, Hà Nội","Bóng bàn","missing_source_url","","","","","","","none","","","2026-10-04","none","","","","",""
"VN_1866","CLB Bóng Bàn Hùng Cường","Số 36 Nguyễn Viết Xuân, Khương Mai, Thanh Xuân, Hà Nội","Bóng bàn","missing_source_url","","","","","","","none","","","2026-10-04","none","","","","",""
"VN_1867","CLB Bóng Bàn Rạch Miễu - Phú Nhuận","Số 1 Hoa Phượng, Phường 2, Phú Nhuận, TP. Hồ Chí Minh","Bóng bàn","missing_source_url","","","","","","","none","","","2026-10-04","none","","","","",""
"VN_1868","CLB Bóng Bàn Nhà Thi Đấu Phú Thọ","219 Lý Thường Kiệt, Phường 15, Quận 11, TP. Hồ Chí Minh","Bóng bàn","missing_source_url","","","","","","","none","","","2026-10-04","none","","","","",""
"VN_1869","CLB Bóng Bàn Hoa Lư Quận 1","Số 2 Đinh Tiên Hoàng, Phường Đa Kao, Quận 1, TP. Hồ Chí Minh","Bóng bàn","missing_source_url","","","","","","","none","","","2026-10-04","none","","","","",""
"VN_1870","CLB Bóng Bàn Công Viên Lê Thị Riêng","875 Cách Mạng Tháng 8, Phường 15, Quận 10, TP. Hồ Chí Minh","Bóng bàn","missing_source_url","","","","","","","none","","","2026-10-04","none","","","","",""
"VN_1871","CLB Bóng Bàn Cung Văn Hóa Lao Động","55B Nguyễn Thị Minh Khai, Phường Bến Thành, Quận 1, TP. Hồ Chí Minh","Bóng bàn","missing_source_url","","","","","","","none","","","2026-10-04","none","","","","",""
"VN_1872","CLB Bóng Bàn Tân Bình","Trung tâm TDTT Tân Bình, 448 Hoàng Văn Thụ, Phường 4, Tân Bình, TP. Hồ Chí Minh","Bóng bàn","missing_source_url","","","","","","","none","","","2026-10-04","none","","","","",""
"VN_1873","CLB Bóng Bàn Phan Châu Trinh Đà Nẵng","154 Lê Lợi, Phường Hải Châu 1, Hải Châu, Đà Nẵng","Bóng bàn","missing_source_url","","","","","","","none","","","2026-10-04","none","","","","",""
"VN_1874","CLB Bóng Bàn Quân Khu 5","Số 7 Duy Tân, Hòa Cường Bắc, Hải Châu, Đà Nẵng","Bóng bàn","missing_source_url","","","","","","","none","","","2026-10-04","none","","","","",""
"VN_1875","CLB Bóng Bàn Cung VHTT Việt Tiệp","53 Lạch Tray, Lạch Tray, Ngô Quyền, Hải Phòng","Bóng bàn","missing_source_url","","","","","","","none","","","2026-10-04","none","","","","",""
"VN_1876","CLB Bóng Bàn Trung Tâm TDTT Cần Thơ","Đại lộ Lê Lợi, Cái Khế, Ninh Kiều, Cần Thơ","Bóng bàn","missing_source_url","","","","","","","none","","","2026-10-04","none","","","","",""
"VN_1877","CLB Bóng Bàn Thành Phố Mới Bình Dương","Trung tâm Văn hóa Thể thao Tỉnh, Đường Huỳnh Thúc Kháng, Hòa Phú, Thủ Dầu Một, Bình Dương","Bóng bàn","missing_source_url","","","","","","","none","","","2026-10-04","none","","","","",""
"VN_1878","Homeground Basketball Arena","Ngõ 264 Âu Cơ, Nhật Tân, Tây Hồ, Hà Nội","Bóng rổ","missing_source_url","","","","","","","none","","","2026-10-04","none","","","","",""
"VN_1879","Sân Bóng Rổ Cung Thể Thao Quần Ngựa","Số 30 Văn Cao, Liễu Giai, Ba Đình, Hà Nội","Bóng rổ","missing_source_url","","","","","","","none","","","2026-10-04","none","","","","",""
"VN_1880","Sân Bóng Rổ Nhà Thi Đấu ĐH Y Hà Nội","Số 1 Tôn Thất Tùng, Khương Thượng, Đống Đa, Hà Nội","Bóng rổ","curated_public_price","unknown","","","150000","150000","60","price_range_only","https://thethaothientruong.vn/tin-tuc/san-bong-ro-ha-noi.html","2026-10-04","2026-10-04","medium","Khớp Đại học Y Hà Nội, số 1 Tôn Thất Tùng. Chỉ lấy giá sân trong nhà 150.000đ/giờ; không gộp giá sân ngoài trời 100.000đ. Giá tham khảo từ bài tổng hợp, chưa xác nhận giá hiện hành. Nguồn không chia ngày/khung giờ.","court_hour","standard","Bóng rổ","public_source_matched"
"VN_1881","Sân Bóng Rổ PKKQ Arena (Phòng Không Không Quân)","166 Hoàng Văn Thái, Khương Trung, Thanh Xuân, Hà Nội","Bóng rổ","missing_source_url","","","","","","","none","","","2026-10-04","none","","","","",""
"VN_1882","Sân Bóng Rổ Nhà Thi Đấu Cầu Giấy","35 Trần Quý Kiên, Dịch Vọng, Cầu Giấy, Hà Nội","Bóng rổ","missing_source_url","","","","","","","none","","","2026-10-04","none","","","","",""
"VN_1883","Sân Bóng Rổ Trung Tâm TDTT Thanh Xuân","166 Khuất Duy Tiến, Nhân Chính, Thanh Xuân, Hà Nội","Bóng rổ","missing_source_url","","","","","","","none","","","2026-10-04","none","","","","",""
"VN_1884","Sân Bóng Rổ Nhà Thi Đấu Bách Khoa","42 Tạ Quang Bửu, Bách Khoa, Hai Bà Trưng, Hà Nội","Bóng rổ","missing_source_url","","","","","","","none","","","2026-10-04","none","","","","",""
"VN_1885","ASA Basketball Arena Long Biên","TTTM Savico Megamall, Số 7-9 Nguyễn Văn Linh, Gia Thụy, Long Biên, Hà Nội","Bóng rổ","missing_source_url","","","","","","","none","","","2026-10-04","none","","","","",""
"VN_1886","SSA Arena - Saigon Sports Academy","28 Thảo Điền, Thảo Điền, TP. Thủ Đức, TP. Hồ Chí Minh","Bóng rổ","missing_source_url","","","","","","","none","","","2026-10-04","none","","","","",""
"VN_1887","Sân Bóng Rổ Nhà Thi Đấu Hồ Xuân Hương","Số 2 Hồ Xuân Hương, Phường Võ Thị Sáu, Quận 3, TP. Hồ Chí Minh","Bóng rổ","missing_source_url","","","","","","","none","","","2026-10-04","none","","","","",""
"VN_1888","Sân Bóng Rổ Cung Văn Hóa Lao Động TP.HCM","55B Nguyễn Thị Minh Khai, Phường Bến Thành, Quận 1, TP. Hồ Chí Minh","Bóng rổ","missing_source_url","","","","","","","none","","","2026-10-04","none","","","","",""
"VN_1889","Sân Bóng Rổ Nhà Thi Đấu Phú Thọ","219 Lý Thường Kiệt, Phường 15, Quận 11, TP. Hồ Chí Minh","Bóng rổ","missing_source_url","","","","","","","none","","","2026-10-04","none","","","","",""
"VN_1890","Sân Bóng Rổ B7 Basketball Arena","Đường D2, Phường Tăng Nhơn Phú A, TP. Thủ Đức, TP. Hồ Chí Minh","Bóng rổ","missing_source_url","","","","","","","none","","","2026-10-04","none","","","","",""
"VN_1891","Sân Bóng Rổ Trung Tâm TDTT Tân Bình","448 Hoàng Văn Thụ, Phường 4, Tân Bình, TP. Hồ Chí Minh","Bóng rổ","missing_source_url","","","","","","","none","","","2026-10-04","none","","","","",""
"VN_1892","Sân Bóng Rổ Nhà Thi Đấu Lãnh Binh Thăng","283 Lãnh Binh Thăng, Phường 8, Quận 11, TP. Hồ Chí Minh","Bóng rổ","missing_source_url","","","","","","","none","","","2026-10-04","none","","","","",""
"VN_1893","Sân Bóng Rổ Cung Thể Thao Tiên Sơn","03 Phan Đăng Lưu, Hòa Cường Bắc, Hải Châu, Đà Nẵng","Bóng rổ","missing_source_url","","","","","","","none","","","2026-10-04","none","","","","",""
"VN_1894","Sân Bóng Rổ Quân Khu 5 Đà Nẵng","Số 7 Duy Tân, Hòa Cường Bắc, Hải Châu, Đà Nẵng","Bóng rổ","missing_source_url","","","","","","","none","","","2026-10-04","none","","","","",""
"VN_1895","Sân Bóng Rổ Nhà Thi Đấu Lạch Tray","17 Lạch Tray, Lạch Tray, Ngô Quyền, Hải Phòng","Bóng rổ","missing_source_url","","","","","","","none","","","2026-10-04","none","","","","",""
"VN_1896","Sân Bóng Rổ Trung Tâm TDTT Cần Thơ","Số 3 Lê Lợi, Cái Khế, Ninh Kiều, Cần Thơ","Bóng rổ","missing_source_url","","","","","","","none","","","2026-10-04","none","","","","",""
"VN_1897","Sân Bóng Rổ Trung Tâm TDTT Tỉnh Bình Dương","Số 1 Đường 30 Tháng 4, Phú Hòa, Thủ Dầu Một, Bình Dương","Bóng rổ","missing_source_url","","","","","","","none","","","2026-10-04","none","","","","",""
"VN_1898","Sân Bóng Chuyền Nhà Thi Đấu Tây Hồ","101 Xuân La, Phường Xuân La, Tây Hồ, Hà Nội","Bóng chuyền","missing_source_url","","","","","","","none","","","2026-10-04","none","","","","",""
"VN_1899","Sân Bóng Chuyền Cung Điền Kinh Mỹ Đình","Đường Trần Hữu Dực, Mỹ Đình 1, Nam Từ Liêm, Hà Nội","Bóng chuyền","missing_source_url","","","","","","","none","","","2026-10-04","none","","","","",""
"VN_1900","Sân Bóng Chuyền Trung Tâm Thể Thao ĐH Bách Khoa","Khu thể thao Bách Khoa, Tạ Quang Bửu, Hai Bà Trưng, Hà Nội","Bóng chuyền","curated_public_price","unknown","","","100000","200000","60","price_range_only","https://tinphatsports.vn/san-bong-chuyen-ha-noi/","2026-10-04","2026-10-04","medium","Khớp tên trường, môn bóng chuyền và đường Tạ Quang Bửu tại Hà Nội. Bài tổng hợp đăng 07/07/2024, cập nhật 05/05/2025; giá tham khảo 100.000–200.000đ/giờ. Giờ 05:00–22:00 là giờ hoạt động, không phải bảng giá khung giờ. Không áp dụng tự động ưu đãi sinh viên; chưa xác nhận giá hiện hành.","court_hour","approximate","Bóng chuyền","public_source_matched"
"VN_1901","Sân Bóng Chuyền Nhà Thi Đấu Gia Lâm","Thị trấn Trâu Quỳ, Gia Lâm, Hà Nội","Bóng chuyền","missing_source_url","","","","","","","none","","","2026-10-04","none","","","","",""
"VN_1902","Sân Bóng Chuyền Nhà Thi Đấu Hà Đông","182 Quang Trung, Phường Quang Trung, Hà Đông, Hà Nội","Bóng chuyền","missing_source_url","","","","","","","none","","","2026-10-04","none","","","","",""
"VN_1903","Sân Bóng Chuyền Nhà Thi Đấu Rạch Miễu","Số 1 Hoa Phượng, Phường 2, Phú Nhuận, TP. Hồ Chí Minh","Bóng chuyền","missing_source_url","","","","","","","none","","","2026-10-04","none","","","","",""
"VN_1904","Sân Bóng Chuyền Trung Tâm TDTT Tân Bình","448 Hoàng Văn Thụ, Phường 4, Tân Bình, TP. Hồ Chí Minh","Bóng chuyền","missing_source_url","","","","","","","none","","","2026-10-04","none","","","","",""
"VN_1905","Sân Bóng Chuyền CLB Thể Thao Nguyễn Du","116 Nguyễn Du, Phường Bến Thành, Quận 1, TP. Hồ Chí Minh","Bóng chuyền","missing_source_url","","","","","","","none","","","2026-10-04","none","","","","",""
"VN_1906","Sân Bóng Chuyền Trung Tâm TDTT Hoa Lư","Số 2 Đinh Tiên Hoàng, Phường Đa Kao, Quận 1, TP. Hồ Chí Minh","Bóng chuyền","missing_source_url","","","","","","","none","","","2026-10-04","none","","","","",""
"VN_1907","Sân Bóng Chuyền Khu Đô Thị ĐHQG TP.HCM","Khu đô thị ĐHQG TP.HCM, Linh Trung, TP. Thủ Đức, TP. Hồ Chí Minh","Bóng chuyền","missing_source_url","","","","","","","none","","","2026-10-04","none","","","","",""
"VN_1908","Sân Bóng Chuyền Bãi Biển Mỹ Khê Đà Nẵng","Bãi biển Mỹ Khê, Đường Võ Nguyên Giáp, Phước Mỹ, Sơn Trà, Đà Nẵng","Bóng chuyền","missing_source_url","","","","","","","none","","","2026-10-04","none","","","","",""
"VN_1909","Sân Bóng Chuyền Nhà Thi Đấu Quân Khu 5 Đà Nẵng","Số 7 Duy Tân, Hòa Cường Bắc, Hải Châu, Đà Nẵng","Bóng chuyền","missing_source_url","","","","","","","none","","","2026-10-04","none","","","","",""
"VN_1910","Sân Bóng Chuyền Bãi Biển Công Viên Trần Phú Nha Trang","Công viên Bờ Biển Trần Phú, Lộc Thọ, TP. Nha Trang, Khánh Hòa","Bóng chuyền","missing_source_url","","","","","","","none","","","2026-10-04","none","","","","",""
"VN_1911","Sân Bóng Chuyền Bãi Sau Vũng Tàu","Bãi Sau Thùy Vân, Phường Thắng Tam, TP. Vũng Tàu, Bà Rịa - Vũng Tàu","Bóng chuyền","missing_source_url","","","","","","","none","","","2026-10-04","none","","","","",""
"VN_1912","Sân Bóng Chuyền Nhà Thi Đấu Tỉnh Ninh Bình","Đường Đinh Tiên Hoàng, Phường Đông Thành, TP. Ninh Bình, Ninh Bình","Bóng chuyền","missing_source_url","","","","","","","none","","","2026-10-04","none","","","","",""
