"candidate_id","facility_id","facility_name","local_address","local_sport","source_name","source_address","source_sport","source_url","retrieved_at","price_min_vnd","price_max_vnd","unit_minutes","price_basis","start_time","end_time","precision","offer_type","name_score","address_score","evidence"
"df257a62b8c308e9","VN_0001","Master Bros - Indoor Pickleball Facility","B1 toà Ecogreen 286 Nguyễn Xiển, Hà Nội","Pickleball","2. Sân Pickleball Master Bros"," Tầng B1 của tòa nhà Ecogreen - 286 Nguyễn Xiển, Tân Triều, Thanh Trì, Hà Nội","Pickleball","https://shopvnb.com/san-pickleball-huyen-thanh-tri.html","2026-10-03T08:29:54.730Z","100000","250000","60","court_hour","","","price_range_only","approximate","1","1","- Giá thuê Tham khảo: 100.000 - 250.000đ/giờ tuỳ theo giờ chơi"
"652935d6fb2c66e6","VN_0001","Master Bros - Indoor Pickleball Facility","B1 toà Ecogreen 286 Nguyễn Xiển, Hà Nội","Pickleball","Review sân Pickleball Master Bros hiện đại và chất lượng tại huyện Thanh Trì, Hà Nội"," 286 Nguyễn Xiển, Tân Triều, Thanh Trì, Hà Nội - ","Pickleball","https://shopvnb.com/san-pickleball-master-bros.html","2026-10-03T08:30:11.383Z","100000","250000","60","court_hour","","","price_range_only","approximate","1","0.625","Giá thuê sân Pickleball Master Bros sẽ dao động từ 100.000đ - 250.000đ/giờ tuỳ theo giờ chơi"
"19b411c547f32b05","VN_0001","Master Bros - Indoor Pickleball Facility","B1 toà Ecogreen 286 Nguyễn Xiển, Hà Nội","Pickleball","Sân Pickleball Master Bros Nguyễn Xiển","286 Đ. Nguyễn Xiển, Xã Tân Triều, Huyện Thanh Trì, Hà Nội","Pickleball","https://thegioithethao.vn/san-pickleball-master-bros-nguyen-xien-f-Y6OzW","2026-10-04T14:11:20.705Z","150000","250000","","court_unknown_duration","","","price_range_only","approximate","1","0.625","Giá sân: 150.000 đ - 250.000 đ"
"4acee586fc7e5ae3","VN_0001","Master Bros - Indoor Pickleball Facility","B1 toà Ecogreen 286 Nguyễn Xiển, Hà Nội","Pickleball","Sân Pickleball Master Bros Nguyễn Xiển","286 Đ. Nguyễn Xiển, Xã Tân Triều, Huyện Thanh Trì, Hà Nội","Pickleball","https://thegioithethao.vn/san-pickleball-master-bros-nguyen-xien-f-Y6OzW","2026-10-04T14:11:20.705Z","250000","250000","","court_unknown_duration","","","price_only","peak_unspecified","1","0.625","Giá sân giờ vàng: 250.000 đ"
"6be9853d2aa228d0","VN_0002","My Dink 5 Pickleball - Số 1 Lê Đức Thọ","Tầng 5, Khán đài B SVĐ Quốc Gia Mỹ Đình - Số 1 Lê Đức Thọ, Hà Nội","Pickleball","Review sân Pickleball My Dink 5 chất lượng và uy tín tại quận Nam Từ Liêm, Hà Nội"," Tầng 5, Khán đài B SVĐ Quốc Gia Mỹ Đình - Số 1 Lê Đức Thọ, Phường Mỹ Đình 1, Quận Nam Từ Liêm, Hà Nội - ","Pickleball","https://shopvnb.com/san-pickleball-my-dink-5.html","2026-10-03T08:28:24.336Z","150000","230000","60","court_hour","","","price_range_only","approximate","1","1","Giá thuê sân Pickleball My Dink 5 sẽ dao động từ 150.000đ - 230.000đ/giờ tuỳ theo giờ chơi"
"0259ab7bb6a67304","VN_0002","My Dink 5 Pickleball - Số 1 Lê Đức Thọ","Tầng 5, Khán đài B SVĐ Quốc Gia Mỹ Đình - Số 1 Lê Đức Thọ, Hà Nội","Pickleball","5. Sân Pickleball My Dink 5"," Tầng 5, Khán đài B SVĐ Quốc Gia Mỹ Đình - Số 1 Lê Đức Thọ, Phường Mỹ Đình 1, Quận Nam Từ Liêm, Hà Nội","Pickleball","https://shopvnb.com/san-pickleball-quan-nam-tu-liem.html","2026-10-03T08:29:52.365Z","150000","230000","60","court_hour","","","price_range_only","approximate","1","1","- Giá thuê Tham khảo: 150.000 - 230.000đ/giờ tuỳ theo giờ chơi"
"8271447c6402a101","VN_0002","My Dink 5 Pickleball - Số 1 Lê Đức Thọ","Tầng 5, Khán đài B SVĐ Quốc Gia Mỹ Đình - Số 1 Lê Đức Thọ, Hà Nội","Pickleball","Sân pickleball My Dink 5","Khán đài B, 1 Đ. Lê Đức Thọ, Phường Mỹ Đình 1, Quận Nam Từ Liêm, Hà Nội","Pickleball","https://thegioithethao.vn/san-pickleball-my-dink-5-f-iO0j6","2026-10-04T14:10:55.905Z","160000","250000","","court_unknown_duration","","","price_range_only","approximate","1","0.6470588235294118","Giá sân: 160.000 đ - 250.000 đ"
"b18cfd4e3553d83e","VN_0002","My Dink 5 Pickleball - Số 1 Lê Đức Thọ","Tầng 5, Khán đài B SVĐ Quốc Gia Mỹ Đình - Số 1 Lê Đức Thọ, Hà Nội","Pickleball","Sân pickleball My Dink 5","Khán đài B, 1 Đ. Lê Đức Thọ, Phường Mỹ Đình 1, Quận Nam Từ Liêm, Hà Nội","Pickleball","https://thegioithethao.vn/san-pickleball-my-dink-5-f-iO0j6","2026-10-04T14:10:55.905Z","250000","250000","","court_unknown_duration","","","price_only","peak_unspecified","1","0.6470588235294118","Giá sân giờ vàng: 250.000 đ"
"814c7af57614a420","VN_0003","Hippi Pickleball - Ngõ 464 Âu Cơ","Ngõ 464 Âu Cơ, Thôn Bắc, Hà Nội","Pickleball","Sân Pickleball Hippi Club","464 Đ. Âu Cơ, Phường Nhật Tân, Quận Tây Hồ, Hà Nội","Pickleball","https://thegioithethao.vn/san-pickleball-hippi-club-f-eyxka","2026-10-04T14:12:30.418Z","120000","200000","","court_unknown_duration","","","price_range_only","approximate","1","0.625","Giá sân: 120.000 đ - 200.000 đ"
"064d55a54f72d347","VN_0003","Hippi Pickleball - Ngõ 464 Âu Cơ","Ngõ 464 Âu Cơ, Thôn Bắc, Hà Nội","Pickleball","Sân Pickleball Hippi Club","464 Đ. Âu Cơ, Phường Nhật Tân, Quận Tây Hồ, Hà Nội","Pickleball","https://thegioithethao.vn/san-pickleball-hippi-club-f-eyxka","2026-10-04T14:12:30.418Z","200000","200000","","court_unknown_duration","","","price_only","peak_unspecified","1","0.625","Giá sân giờ vàng: 200.000 đ"
"6c4958f0adb9398c","VN_0004","Đảo Sen Pickleball - 125D Nguyễn Sơn","125D Nguyễn Sơn, Hà Nội","Pickleball","Review sân Pickleball Đảo Sen đẹp và chất lượng tại quận Long Biên, Hà Nội"," 125D Nguyễn Sơn, Gia Thụy, Long Biên, Hà Nội - ","Pickleball","https://shopvnb.com/san-pickleball-dao-sen.html","2026-10-03T08:30:55.723Z","100000","180000","60","court_hour","","","price_range_only","approximate","1","1","Giá thuê sân Pickleball Đảo Sen sẽ dao động từ 100.000đ - 180.000đ/giờ tuỳ theo giờ chơi"
"63f45635030c2677","VN_0004","Đảo Sen Pickleball - 125D Nguyễn Sơn","125D Nguyễn Sơn, Hà Nội","Pickleball","Sân Pickleball Đảo Sen","125D P. Nguyễn Sơn, Phường Ngọc Lâm, Quận Long Biên, Hà Nội","Pickleball","https://thegioithethao.vn/san-pickleball-dao-sen-f-UxK3C","2026-10-04T14:12:18.902Z","100000","180000","","court_unknown_duration","","","price_range_only","approximate","1","1","Giá sân: 100.000 đ - 180.000 đ"
"bab0d4408671c844","VN_0004","Đảo Sen Pickleball - 125D Nguyễn Sơn","125D Nguyễn Sơn, Hà Nội","Pickleball","Sân Pickleball Đảo Sen","125D P. Nguyễn Sơn, Phường Ngọc Lâm, Quận Long Biên, Hà Nội","Pickleball","https://thegioithethao.vn/san-pickleball-dao-sen-f-UxK3C","2026-10-04T14:12:18.902Z","180000","180000","","court_unknown_duration","","","price_only","peak_unspecified","1","1","Giá sân giờ vàng: 180.000 đ"
"5a094e3835078194","VN_0005","Âu Lạc Pickleball - Ngõ 464 Âu Cơ","Ngõ 464 Âu Cơ, Hà Nội","Pickleball","Review sân Pickleball Âu Lạc đẹp và chất lượng tại quận Tây Hồ, Hà Nội"," Ngõ 464 Âu Cơ, Phường Nhật Tân, Quận Tây Hồ, TP. Hà Nội - ","Pickleball","https://shopvnb.com/san-pickleball-au-lac.html","2026-10-03T08:28:52.873Z","100000","200000","60","court_hour","","","price_range_only","approximate","1","1","Giá thuê sân Pickleball Âu Lạc sẽ dao động từ 100.000đ - 200.000đ/giờ tuỳ theo giờ chơi"
"661b8c20be000a59","VN_0006","Chubbyball Pickleball - 50/12 Nghĩa Dũng, Ba Đình, Hà Nội","50/12 Nghĩa Dũng, Hà Nội","Pickleball","Sân Pickleball ChubbyBall","50 Ng. 12 P. Nghĩa Dũng, Phường Phúc Xá, Quận Ba Đình, Hà Nội","Pickleball","https://thegioithethao.vn/san-pickleball-chubbyball-f-phvDU","2026-10-04T14:12:37.514Z","140000","240000","","court_unknown_duration","","","price_range_only","approximate","1","1","Giá sân: 140.000 đ - 240.000 đ"
"884640b9a17a1e2e","VN_0006","Chubbyball Pickleball - 50/12 Nghĩa Dũng, Ba Đình, Hà Nội","50/12 Nghĩa Dũng, Hà Nội","Pickleball","Sân Pickleball ChubbyBall","50 Ng. 12 P. Nghĩa Dũng, Phường Phúc Xá, Quận Ba Đình, Hà Nội","Pickleball","https://thegioithethao.vn/san-pickleball-chubbyball-f-phvDU","2026-10-04T14:12:37.514Z","240000","240000","","court_unknown_duration","","","price_only","peak_unspecified","1","1","Giá sân giờ vàng: 240.000 đ"
"8e2e6a9a25fec2f8","VN_0007","Giảng Võ Club","Số 15 Ngõ 29 Láng Hạ, Hà Nội","Pickleball","Review sân Pickleball Giảng Võ chất lượng tại quận Ba Đình, Hà Nội"," Số 15 Ngõ 29 Láng Hạ, Phường Thành Công, Quận Ba Đình, TP. Hà Nội - ","Pickleball","https://shopvnb.com/san-pickleball-giang-vo.html","2026-10-03T08:26:09.898Z","120000","220000","60","court_hour","","","price_range_only","approximate","1","1","Giá thuê sân Pickleball Giảng Võ sẽ dao động từ 120.000đ - 220.000đ/giờ tuỳ theo giờ chơi"
"8421fd7517afb60c","VN_0007","Giảng Võ Club","Số 15 Ngõ 29 Láng Hạ, Hà Nội","Pickleball","Sân Pickleball Láng Hạ - Giảng Võ Club","Qua phòng bảo vệ Intimex, 15 Ng. 29 P. Láng Hạ, Phường Ô Chợ Dừa, Quận Đống Đa, Hà Nội","Pickleball","https://thegioithethao.vn/san-pickleball-lang-ha-giang-vo-club-f-vZLIN","2026-10-04T14:12:39.283Z","150000","200000","","court_unknown_duration","","","price_range_only","approximate","1","0.7142857142857143","Giá sân: 150.000 đ - 200.000 đ"
"4a0a93abd05e2737","VN_0007","Giảng Võ Club","Số 15 Ngõ 29 Láng Hạ, Hà Nội","Pickleball","Sân Pickleball Láng Hạ - Giảng Võ Club","Qua phòng bảo vệ Intimex, 15 Ng. 29 P. Láng Hạ, Phường Ô Chợ Dừa, Quận Đống Đa, Hà Nội","Pickleball","https://thegioithethao.vn/san-pickleball-lang-ha-giang-vo-club-f-vZLIN","2026-10-04T14:12:39.283Z","200000","200000","","court_unknown_duration","","","price_only","peak_unspecified","1","0.7142857142857143","Giá sân giờ vàng: 200.000 đ"
"0573914318b5d7f8","VN_0008","The ClubHouse - Pickleball An Khánh","Khu Biệt Thự Hoa Phượng, Khu đô thị Nam An Khánh, Hà Nội","Pickleball","Sân Pickleball The ClubHouse An Khánh","Khu Biệt Thự Hoa Phượng, Khu đô thị Nam An Khánh, Xã An Khánh, Huyện Hoài Đức, Hà Nội","Pickleball","https://thegioithethao.vn/san-pickleball-the-clubhouse-an-khanh-f-SDxo4","2026-10-04T14:11:19.305Z","100000","250000","","court_unknown_duration","","","price_range_only","approximate","1","1","Giá sân: 100.000 đ - 250.000 đ"
"cb79a294b7b6b6fb","VN_0008","The ClubHouse - Pickleball An Khánh","Khu Biệt Thự Hoa Phượng, Khu đô thị Nam An Khánh, Hà Nội","Pickleball","Sân Pickleball The ClubHouse An Khánh","Khu Biệt Thự Hoa Phượng, Khu đô thị Nam An Khánh, Xã An Khánh, Huyện Hoài Đức, Hà Nội","Pickleball","https://thegioithethao.vn/san-pickleball-the-clubhouse-an-khanh-f-SDxo4","2026-10-04T14:11:19.305Z","250000","250000","","court_unknown_duration","","","price_only","peak_unspecified","1","1","Giá sân giờ vàng: 250.000 đ"
"b7a1c194efef292d","VN_0009","TDT-STADIUM - 74 Định Công","74 Định Công, Hà Nội","Pickleball","Sân Pickleball TDT Stadium","74 Định Công, Phường Định Công, Quận Hoàng Mai, Hà Nội","Pickleball","https://thegioithethao.vn/san-pickleball-tdt-stadium-f-RONYx","2026-10-04T14:11:23.472Z","100000","250000","","court_unknown_duration","","","price_range_only","approximate","1","1","Giá sân: 100.000 đ - 250.000 đ"
"6f6dbe18c4eaec3b","VN_0009","TDT-STADIUM - 74 Định Công","74 Định Công, Hà Nội","Pickleball","Sân Pickleball TDT Stadium","74 Định Công, Phường Định Công, Quận Hoàng Mai, Hà Nội","Pickleball","https://thegioithethao.vn/san-pickleball-tdt-stadium-f-RONYx","2026-10-04T14:11:23.472Z","250000","250000","","court_unknown_duration","","","price_only","peak_unspecified","1","1","Giá sân giờ vàng: 250.000 đ"
"69d25278368d296c","VN_0011","Sân Pickleball Lý Sơn - Lyson Pickleball","Ô đất A3/CCTP3, Ngã ba đường Lý Sơn, Hà Nội","Pickleball","Review sân Pickleball Lý Sơn chất lượng và hiện đại tại quận Long Biên, Hà Nội"," Ô đất A3/CCTP3, Ngã ba đường Lý Sơn, Đường Khai Sơn, Phường Thượng Thanh, Quận Long Biên, Hà Nội - ","Pickleball","https://shopvnb.com/san-pickleball-ly-son.html","2026-10-03T08:30:15.930Z","100000","190000","60","court_hour","","","price_range_only","approximate","1","1","Giá thuê sân Pickleball Lý Sơn sẽ dao động từ 100.000đ - 190.000đ/giờ tuỳ theo giờ chơi cũng như việc bạn chọn sân có mái che hay không"
"7604884bfcb5f474","VN_0012","Cầu Giấy Pickleball - 35 Trần Quý Kiên","35 Trần Quý Kiên, Hà Nội","Pickleball","Tìm hiểu chi tiết sân Pickleball Nhà Thi Đấu Cầu Giấy, Hà Nội"," 35 P. Trần Quý Kiên, Dịch Vọng, Cầu Giấy, Hà Nội","Pickleball","https://shopvnb.com/san-pickleball-nha-thi-dau-cau-giay.html","2026-10-03T08:25:23.988Z","100000","200000","60","court_hour","","","price_range_only","peak_unspecified","1","1","Mức giá được áp dụng linh hoạt chỉ từ 100.000đ đến 200.000đ/giờ, tùy thuộc vào khung giờ chơi (cao điểm hoặc thấp điểm) và hình thức đặt sân"
"8c0b4a5e45b6e3ec","VN_0013","PICKLE POPS CLUB PICKLEBALL - Ngõ 182 Đình Thôn","Ngõ 182 Đình Thôn, Tổ 14, Hà Nội","Pickleball","Khám phá sân Pickleball Pickle Pops đẹp, chất lượng và xịn xò tại quận Nam Từ Liêm, Hà Nội"," Ngõ 182 Đình Thôn, Tổ 14, Phường Mỹ Đình 1, Quận Nam Từ Liêm, Hà Nội - ","Pickleball","https://shopvnb.com/san-pickleball-pickle-pops.html","2026-10-03T08:26:34.591Z","140000","250000","60","court_hour","","","price_range_only","approximate","1","1","Giá thuê sân Pickleball Pickle Pops sẽ dao động từ 140.000đ - 250.000đ/giờ tuỳ theo giờ chơi"
"72a2ada538ba2cc5","VN_0013","PICKLE POPS CLUB PICKLEBALL - Ngõ 182 Đình Thôn","Ngõ 182 Đình Thôn, Tổ 14, Hà Nội","Pickleball","8. Sân Pickleball Pickle Pops"," Ngõ 182 Đình Thôn, Tổ 14, Phường Mỹ Đình 1, Quận Nam Từ Liêm, Hà Nội","Pickleball","https://shopvnb.com/san-pickleball-quan-nam-tu-liem.html","2026-10-03T08:29:52.365Z","140000","250000","60","court_hour","","","price_range_only","approximate","1","1","- Giá thuê Tham khảo: 140.000 - 250.000đ/giờ tuỳ theo giờ chơi"
"fee959f97b938f7e","VN_0013","PICKLE POPS CLUB PICKLEBALL - Ngõ 182 Đình Thôn","Ngõ 182 Đình Thôn, Tổ 14, Hà Nội","Pickleball","Sân Pickleball Pickle Pops Club","Ngõ 182 Đ. Đình Thôn, Tổ 14, Phường Mỹ Đình 1, Quận Nam Từ Liêm, Hà Nội","Pickleball","https://thegioithethao.vn/san-pickleball-pickle-pops-club-f-1uiPj","2026-10-04T14:11:03.684Z","110000","220000","","court_unknown_duration","","","price_range_only","approximate","1","1","Giá sân: 110.000 đ - 220.000 đ"
"67f9eeae32e75842","VN_0013","PICKLE POPS CLUB PICKLEBALL - Ngõ 182 Đình Thôn","Ngõ 182 Đình Thôn, Tổ 14, Hà Nội","Pickleball","Sân Pickleball Pickle Pops Club","Ngõ 182 Đ. Đình Thôn, Tổ 14, Phường Mỹ Đình 1, Quận Nam Từ Liêm, Hà Nội","Pickleball","https://thegioithethao.vn/san-pickleball-pickle-pops-club-f-1uiPj","2026-10-04T14:11:03.684Z","220000","220000","","court_unknown_duration","","","price_only","peak_unspecified","1","1","Giá sân giờ vàng: 220.000 đ"
"984ab6ea28c4f464","VN_0014","Ba Dứa Pickleball - Nguyễn Xiển, Hoàng Mai","Sun C, The Manor Central Park, Đường Nguyễn Xiển, Hà Nội","Pickleball","Review sân Pickleball Ba Dứa chất lượng tại quận Hoàng Mai, Hà Nội"," Sun C, The Manor Central Park, Đường Nguyễn Xiển, Phường Đại Kim, Quận Hoàng Mai, Hà Nội - ","Pickleball","https://shopvnb.com/san-pickleball-ba-dua.html","2026-10-03T08:30:18.163Z","100000","200000","60","court_hour","","","price_range_only","approximate","1","1","Giá thuê sân Pickleball Ba Dứa sẽ dao động từ 100.000đ - 200.000đ/giờ tuỳ theo giờ chơi"
"a2975248e6d69bc1","VN_0014","Ba Dứa Pickleball - Nguyễn Xiển, Hoàng Mai","Sun C, The Manor Central Park, Đường Nguyễn Xiển, Hà Nội","Pickleball","6. Sân Pickleball Ba Dứa"," Sun C, The Manor Central Park, Đường Nguyễn Xiển, Phường Đại Kim, Quận Hoàng Mai, Hà Nội","Pickleball","https://shopvnb.com/san-pickleball-quan-hoang-mai.html","2026-10-03T08:29:51.071Z","100000","200000","60","court_hour","","","price_range_only","approximate","1","1","- Giá thuê Tham khảo: 100.000 - 200.000đ/giờ tuỳ theo giờ chơi"
"df815144c508ac90","VN_0015","THOC Pickleball - Tây Hồ","Số 2, Ngõ 69 Tứ Liên, Hà Nội","Pickleball","Sân THOC Pickleball","2 Ng. 69 P. Tứ Liên, Phường Tứ Liên, Quận Tây Hồ, Hà Nội","Pickleball","https://thegioithethao.vn/san-thoc-pickleball-f-RpxlS","2026-10-04T14:12:33.254Z","130000","210000","","court_unknown_duration","","","price_range_only","approximate","1","0.75","Giá sân: 130.000 đ - 210.000 đ"
"881e3acb4313c69f","VN_0015","THOC Pickleball - Tây Hồ","Số 2, Ngõ 69 Tứ Liên, Hà Nội","Pickleball","Sân THOC Pickleball","2 Ng. 69 P. Tứ Liên, Phường Tứ Liên, Quận Tây Hồ, Hà Nội","Pickleball","https://thegioithethao.vn/san-thoc-pickleball-f-RpxlS","2026-10-04T14:12:33.254Z","210000","210000","","court_unknown_duration","","","price_only","peak_unspecified","1","0.75","Giá sân giờ vàng: 210.000 đ"
"2effaa1fca5a17ee","VN_0016","Sân Pickleball Thịnh Hào","60 Thịnh Hào 1, Hà Nội","Pickleball","5. Sân Pickleball Thịnh Hào"," Ngõ 60 Thịnh Hào 1, Phường Hàng Bột, Quận Đống Đa, Hà Nội","Pickleball","https://shopvnb.com/san-pickleball-quan-dong-da.html","2026-10-03T08:29:53.548Z","100000","220000","60","court_hour","","","price_range_only","approximate","1","1","- Giá thuê Tham khảo: 100.000 - 220.000đ/giờ tuỳ theo giờ chơi"
"6eee8618daa6745a","VN_0016","Sân Pickleball Thịnh Hào","60 Thịnh Hào 1, Hà Nội","Pickleball","Khám phá sân Pickleball Thịnh Hào uy tín và chất lượng tại quận Đống Đa, Hà Nội"," Ngõ 60 Thịnh Hào 1, Phường Hàng Bột, Quận Đống Đa, Hà Nội - ","Pickleball","https://shopvnb.com/san-pickleball-thinh-hao.html","2026-10-03T08:27:39.881Z","100000","220000","60","court_hour","","","price_range_only","approximate","1","1","Giá thuê sân Pickleball Thịnh Hào sẽ dao động từ 100.000đ - 220.000đ/giờ tuỳ theo giờ chơi"
"02c83e759a7234d7","VN_0017","Sân Pickleball 68 Vũ Đức Thận","68 Vũ Đức Thận, Hà Nội","Pickleball","Review sân Pickleball 68 Vũ Đức Thận chất lượng tại quận Long Biên, Hà Nội"," 68 Vũ Đức Thận, Việt Hưng, Long Biên, Hà Nội - ","Pickleball","https://shopvnb.com/san-pickleball-68-vu-duc-than.html","2026-10-03T08:30:26.296Z","100000","150000","60","court_hour","","","price_range_only","approximate","1","1","Giá thuê sân Pickleball 68 Vũ Đức Thận sẽ dao động từ 100.000đ - 150.000đ/giờ"
"5958b78597e55cc5","VN_0017","Sân Pickleball 68 Vũ Đức Thận","68 Vũ Đức Thận, Hà Nội","Pickleball","Sân Pickleball 68 Vũ Đức Thận","68 P. Vũ Đức Thận, Phường Việt Hưng, Quận Long Biên, Hà Nội","Pickleball","https://thegioithethao.vn/san-pickleball-68-vu-duc-than-f-Mcvgj","2026-10-04T14:12:14.730Z","100000","150000","","court_unknown_duration","","","price_range_only","approximate","1","1","Giá sân: 100.000 đ - 150.000 đ"
"ac4fe85b25e08629","VN_0017","Sân Pickleball 68 Vũ Đức Thận","68 Vũ Đức Thận, Hà Nội","Pickleball","Sân Pickleball 68 Vũ Đức Thận","68 P. Vũ Đức Thận, Phường Việt Hưng, Quận Long Biên, Hà Nội","Pickleball","https://thegioithethao.vn/san-pickleball-68-vu-duc-than-f-Mcvgj","2026-10-04T14:12:14.730Z","150000","150000","","court_unknown_duration","","","price_only","peak_unspecified","1","1","Giá sân giờ vàng: 150.000 đ"
"59b52e6c4150e3dc","VN_0018","Ven đê 4 Pickleball - Ngõ 1 phố Trịnh Tố Tấm","số 8 ngõ 1 phố Trịnh Tố Tâm, Hà Nội","Pickleball","Sân Pickleball Ven Đê 4","Số 8 ngõ 1 phố Trịnh Tố Tâm, Phường Bồ Đề, Quận Long Biên, Hà Nội","Pickleball","https://thegioithethao.vn/san-pickleball-ven-de-4-f-42GlM","2026-10-04T14:12:22.247Z","100000","160000","","court_unknown_duration","","","price_range_only","approximate","1","1","Giá sân: 100.000 đ - 160.000 đ"
"c5fa5a9f131b0043","VN_0018","Ven đê 4 Pickleball - Ngõ 1 phố Trịnh Tố Tấm","số 8 ngõ 1 phố Trịnh Tố Tâm, Hà Nội","Pickleball","Sân Pickleball Ven Đê 4","Số 8 ngõ 1 phố Trịnh Tố Tâm, Phường Bồ Đề, Quận Long Biên, Hà Nội","Pickleball","https://thegioithethao.vn/san-pickleball-ven-de-4-f-42GlM","2026-10-04T14:12:22.247Z","160000","160000","","court_unknown_duration","","","price_only","peak_unspecified","1","1","Giá sân giờ vàng: 160.000 đ"
"8aab0dda4176d934","VN_0019","Sân Pickleball Láng Hạ - 32 Láng Trung","Ngõ 32 Láng Trung, Hà Nội","Pickleball","Khám phá sân Pickleball Láng Hạ chất lượng tại quận Đống Đa, Hà Nội"," Tổ 3, Phường Láng Hạ, Quận Đống Đa, Hà Nội - ","Pickleball","https://shopvnb.com/san-pickleball-lang-ha.html","2026-10-03T08:29:26.467Z","120000","200000","60","court_hour","","","price_range_only","approximate","1","0.5","Giá thuê sân Pickleball Láng Hạ sẽ dao động từ 120.000đ - 200.000đ/giờ"
"c8535382a4a148ce","VN_0019","Sân Pickleball Láng Hạ - 32 Láng Trung","Ngõ 32 Láng Trung, Hà Nội","Pickleball","1. Sân Pickleball Láng Hạ"," Tổ 3, Phường Láng Hạ, Quận Đống Đa, Hà Nội","Pickleball","https://shopvnb.com/san-pickleball-quan-dong-da.html","2026-10-03T08:29:53.548Z","120000","200000","60","court_hour","","","price_range_only","approximate","1","0.5","- Giá thuê Tham khảo: 120.000 - 200.000đ/giờ tuỳ theo giờ chơi"
"1a5cdbf74984b545","VN_0019","Sân Pickleball Láng Hạ - 32 Láng Trung","Ngõ 32 Láng Trung, Hà Nội","Pickleball","Sân Pickleball Láng Hạ - Giảng Võ Club","Qua phòng bảo vệ Intimex, 15 Ng. 29 P. Láng Hạ, Phường Ô Chợ Dừa, Quận Đống Đa, Hà Nội","Pickleball","https://thegioithethao.vn/san-pickleball-lang-ha-giang-vo-club-f-vZLIN","2026-10-04T14:12:39.283Z","150000","200000","","court_unknown_duration","","","price_range_only","approximate","1","0.5","Giá sân: 150.000 đ - 200.000 đ"
"e549853d1e795d47","VN_0019","Sân Pickleball Láng Hạ - 32 Láng Trung","Ngõ 32 Láng Trung, Hà Nội","Pickleball","Sân Pickleball Láng Hạ - Giảng Võ Club","Qua phòng bảo vệ Intimex, 15 Ng. 29 P. Láng Hạ, Phường Ô Chợ Dừa, Quận Đống Đa, Hà Nội","Pickleball","https://thegioithethao.vn/san-pickleball-lang-ha-giang-vo-club-f-vZLIN","2026-10-04T14:12:39.283Z","200000","200000","","court_unknown_duration","","","price_only","peak_unspecified","1","0.5","Giá sân giờ vàng: 200.000 đ"
"01086d4c0cef3dd9","VN_0020","Gecko Pickleball","Ngã 3 Đặng Vũ Hỷ, Nam Đuống, Hà Nội","Pickleball","Sân GECKO PICKLEBALL LONG BIEN","Ngã 3 Đặng Vũ Hỷ, Nam Đuống, Phường Thượng Thanh, Quận Long Biên, Hà Nội","Pickleball","https://thegioithethao.vn/san-gecko-pickleball-long-bien-f-W7oJP","2026-10-04T14:10:40.047Z","80000","150000","","court_unknown_duration","","","price_range_only","approximate","1","1","Giá sân: 80.000 đ - 150.000 đ"
"3e1b6f78a2fe9623","VN_0020","Gecko Pickleball","Ngã 3 Đặng Vũ Hỷ, Nam Đuống, Hà Nội","Pickleball","Sân GECKO PICKLEBALL LONG BIEN","Ngã 3 Đặng Vũ Hỷ, Nam Đuống, Phường Thượng Thanh, Quận Long Biên, Hà Nội","Pickleball","https://thegioithethao.vn/san-gecko-pickleball-long-bien-f-W7oJP","2026-10-04T14:10:40.047Z","150000","150000","","court_unknown_duration","","","price_only","peak_unspecified","1","1","Giá sân giờ vàng: 150.000 đ"
"162691e40faf2ce7","VN_0022","Nam Đồng Pickleball","Ngõ 2 Tây Sơn, Hà Nội","Pickleball","Review sân Pickleball Nam Đồng chất lượng tại quận Đống Đa, Hà Nội"," Ngõ 2 Tây Sơn, Phường Quang Trung, Quận Đống Đa, Hà Nội - ","Pickleball","https://shopvnb.com/san-pickleball-nam-dong.html","2026-10-03T08:29:27.629Z","150000","220000","60","court_hour","","","price_range_only","approximate","1","1","Giá thuê sân Pickleball Nam Đồng sẽ dao động từ 150.000đ - 220.000đ/giờ"
"39c9c4a712fb02aa","VN_0022","Nam Đồng Pickleball","Ngõ 2 Tây Sơn, Hà Nội","Pickleball","2. Sân Pickleball Nam Đồng"," Ngõ 2 Tây Sơn, Phường Quang Trung, Quận Đống Đa, Hà Nội","Pickleball","https://shopvnb.com/san-pickleball-quan-dong-da.html","2026-10-03T08:29:53.548Z","150000","220000","60","court_hour","","","price_range_only","approximate","1","1","- Giá thuê Tham khảo: 150.000 - 220.000đ/giờ tuỳ theo giờ chơi"
"f1f0a8d323ffe2bd","VN_0022","Nam Đồng Pickleball","Ngõ 2 Tây Sơn, Hà Nội","Pickleball","Sân Pickleball Nam Đồng","Ngõ 2 Tây Sơn, Phường Quang Trung, Quận Đống Đa, Hà Nội","Pickleball","https://thegioithethao.vn/san-pickleball-nam-dong-f-NHApX","2026-10-04T14:11:14.914Z","150000","250000","","court_unknown_duration","","","price_range_only","approximate","1","1","Giá sân: 150.000 đ - 250.000 đ"
"f3aaee9e069e1351","VN_0022","Nam Đồng Pickleball","Ngõ 2 Tây Sơn, Hà Nội","Pickleball","Sân Pickleball Nam Đồng","Ngõ 2 Tây Sơn, Phường Quang Trung, Quận Đống Đa, Hà Nội","Pickleball","https://thegioithethao.vn/san-pickleball-nam-dong-f-NHApX","2026-10-04T14:11:14.914Z","250000","250000","","court_unknown_duration","","","price_only","peak_unspecified","1","1","Giá sân giờ vàng: 250.000 đ"
"d80c96701723d24c","VN_0024","Sân Pickleball SWIN","266 Thụy Khuê, Hà Nội","Pickleball","8. Sân Pickleball Swin Nhà Khách BQP"," 266 Thụy Khuê, Ba Đình, Hà Nội","Pickleball","https://www.alobo.vn/muc-gia-trung-binh-khi-thue-san-pickleball-o-alobo-la-bao-nhieu/","2026-10-03T08:16:35.743Z","100000","","60","court_hour","","","lower_bound","approximate","1","1","Với mức giá thuê sân Pickleball chỉ từ 100.000đ/giờ, đây là một mức giá lý tưởng, phù hợp với mọi đối tượng tham gia bộ môn Pickleball"
"da98114130771a63","VN_0025","Sân Pickleball Volley Vibes - Hai Bà Trưng","962 Bạch Đằng, Hà Nội","Pickleball","3. Sân Pickleball Volley Vibes"," 962 Bạch Đằng, Phường Bạch Đằng, Quận Hai Bà Trưng, Hà Nội (Kho K4B Cảng Hà Nội)","Pickleball","https://shopvnb.com/san-pickleball-quan-hai-ba-trung.html","2026-10-03T08:30:07.814Z","160000","230000","60","court_hour","","","price_range_only","approximate","1","1","- Giá thuê Tham khảo: 160.000 - 230.000đ/giờ tuỳ theo giờ chơi"
"059eed521528e2f5","VN_0025","Sân Pickleball Volley Vibes - Hai Bà Trưng","962 Bạch Đằng, Hà Nội","Pickleball","Review sân Pickleball Volley Vibes đẹp và chất lượng tại quận Hai Bà Trưng, Hà Nội"," 962 Bạch Đằng, Phường Bạch Đằng, Quận Hai Bà Trưng, Hà Nội (Kho K4B Cảng Hà Nội) - ","Pickleball","https://shopvnb.com/san-pickleball-volley-vibes.html","2026-10-03T08:29:15.480Z","160000","230000","60","court_hour","","","price_range_only","approximate","1","1","Giá thuê sân Pickleball Volley Vibes sẽ dao động từ 160.000đ - 230.000đ/giờ tuỳ theo giờ chơi"
"6882b5fa664f82f1","VN_0027","Coco Pickle Club - Đặng Văn Ngữ","Ngách 4A/4 Đặng Văn Ngữ, Hà Nội","Pickleball","Khám phá sân Pickleball Coco Pickle Club chất lượng và xịn xò tại Hà Nội"," 16 Ngh. 4A/4 P. Đặng Văn Ngữ, Trung Tự, Đống Đa, Hà Nội","Pickleball","https://shopvnb.com/san-pickleball-coco-pickle-club.html","2026-10-03T08:25:05.893Z","120000","230000","60","court_hour","","","price_range_only","approximate","1","0.875","- Giá thuê tham khảo: 120.000 - 230.000đ/giờ"
"366c9169045c8097","VN_0027","Coco Pickle Club - Đặng Văn Ngữ","Ngách 4A/4 Đặng Văn Ngữ, Hà Nội","Pickleball","9. Sân Pickleball Coco Pickle"," 16 ngách 4A/4, phố Đặng Văn Ngữ, phường Phương Liên, quận Đống Đa, Hà Nội","Pickleball","https://shopvnb.com/san-pickleball-quan-dong-da.html","2026-10-03T08:29:53.548Z","120000","220000","","court_unknown_duration","","","price_range_only","approximate","1","1","- Giá thuê Tham khảo: 120.000 đ - 220.000đ"
"75761245c55ac1c9","VN_0028","Sân Pickleball Thành Đạt - 75 Trương Công Giai","75 - 79 Trương Công Giai, Hà Nội","Pickleball","Khám phá sân Pickleball Thành Đạt chất lượng đáng để trải nghiệm tại quận Cầu Giấy, Hà Nội"," 75 - 79 Trương Công Giai, Phường Dịch Vọng, Quận Cầu Giấy, Hà Nội - ","Pickleball","https://shopvnb.com/san-pickleball-thanh-dat.html","2026-10-03T08:30:43.146Z","100000","170000","60","court_hour","","","price_range_only","approximate","1","1","Giá thuê sân Pickleball Thành Đạt sẽ dao động từ 100.000đ - 170.000đ/giờ"
"2e48da53067f2e6b","VN_0029","Bách Khoa Pickleball - Nhà thi đấu Bách Khoa","42 P. Tạ Quang Bửu, Hà Nội","Pickleball","1. Sân Pickleball Bách Khoa Hà Nội"," Nhà thi đấu trường Đại học Bách Khoa Hà Nội - 42 Tạ Quang Bửu, Phường Bách Khoa, Quận Hai Bà Trưng, Hà Nội","Pickleball","https://shopvnb.com/san-pickleball-quan-hai-ba-trung.html","2026-10-03T08:30:07.814Z","200000","220000","60","court_hour","","","price_range_only","approximate","1","0.8571428571428571","- Giá thuê Tham khảo: 200.000 - 220.000đ/giờ tuỳ theo giờ chơi"
"31c1a9064b314f9c","VN_0031","All Day Pickleball - 6 Kim Đồng","6 P. Kim Đồng, Hà Nội","Pickleball","Tìm hiểu chi tiết sân Pickleball All Day tại Hà Nội"," 6 Kim Đồng, Giáp Bát, Hoàng Mai, Hà Nội","Pickleball","https://shopvnb.com/san-pickleball-all-day.html","2026-10-03T08:25:07.004Z","150000","250000","60","court_hour","","","price_range_only","approximate","1","0.8333333333333334","Giá thuê sân Pickleball All Day dao động từ 150.000đ - 250.000đ/giờ tuỳ thuộc vào khung giờ chơi"
"8ca5f001589bd7e5","VN_0032","Ferry Pickleball - 07 Đào Duy Anh","7 P. Đào Duy Anh, Hà Nội","Pickleball","6. Sân Pickleball Ferry"," 7 Đào Duy Anh, Phường Phương Liên, Quận Đống Đa, Hà Nội","Pickleball","https://shopvnb.com/san-pickleball-quan-dong-da.html","2026-10-03T08:29:53.548Z","60000","120000","60","court_hour","","","price_range_only","approximate","1","0.8571428571428571","- Giá thuê Tham khảo: 60.000 - 120.000đ/giờ tuỳ theo giờ chơi"
"1d1c7b7faa6bbdd3","VN_0034","Nextball 9699 Pickleball Club - 102 Trường Chinh","48/Ngõ 102 Trường Chinh, Hà Nội","Pickleball","11. Sân pickleball CLB Nextball 9699"," 102 đường Trường Chinh, phường Phương Mai, quận Đống Đa, Hà Nội","Pickleball","https://shopvnb.com/san-pickleball-quan-dong-da.html","2026-10-03T08:29:53.548Z","180000","270000","","court_unknown_duration","","","price_range_only","approximate","1","0.7142857142857143","- Giá thuê Tham khảo: 180.000 đ - 270.000đ"
"c95e570eed59e58e","VN_0035","ACE Pickleball Club - Pullman Hanoi","Pullman Hanoi, 61 Giảng Võ, Hà Nội","Pickleball","3. Sân Pickleball Ace"," Khách Sạn Pullman Hanoi - 61 Giảng Võ, Phường Cát Linh, Quận Đống Đa, Hà Nội","Pickleball","https://shopvnb.com/san-pickleball-quan-dong-da.html","2026-10-03T08:29:53.548Z","130000","290000","60","court_hour","","","price_range_only","approximate","1","1","- Giá thuê Tham khảo: 130.000 - 290.000đ/giờ tuỳ theo giờ chơi"
"5ecaacb4363f48db","VN_0037","Tuk Tuk Pickleball - Yên Xá","Chợ Đ. Yên Xá, Yên Xá, Thanh Trì, Hà Nội, Việt Nam, Hà Nội","Pickleball","Sân TUK TUK Pickleball - Chợ Yên Xá","Chợ Đ. Yên Xá, Xã Tân Triều, Huyện Thanh Trì, Hà Nội","Pickleball","https://thegioithethao.vn/san-tuk-tuk-pickleball-cho-yen-xa-f-zbZOx","2026-10-04T14:11:15.202Z","90000","200000","","court_unknown_duration","","","price_range_only","approximate","1","0.8","Giá sân: 90.000 đ - 200.000 đ"
"cc682aa5dee95bc6","VN_0037","Tuk Tuk Pickleball - Yên Xá","Chợ Đ. Yên Xá, Yên Xá, Thanh Trì, Hà Nội, Việt Nam, Hà Nội","Pickleball","Sân TUK TUK Pickleball - Chợ Yên Xá","Chợ Đ. Yên Xá, Xã Tân Triều, Huyện Thanh Trì, Hà Nội","Pickleball","https://thegioithethao.vn/san-tuk-tuk-pickleball-cho-yen-xa-f-zbZOx","2026-10-04T14:11:15.202Z","200000","200000","","court_unknown_duration","","","price_only","peak_unspecified","1","0.8","Giá sân giờ vàng: 200.000 đ"
"47c29488ee8196d5","VN_0038","Game On Pickleball - 387A Lương Thế Vinh","387A Lương Thế Vinh, Hà Nội","Pickleball","Review sân Pickleball Game On uy tín, chất lượng cao tại Hà Nội"," 387 Lương Thế Vinh, Trung Văn, Nam Từ Liêm, Hà Nội","Pickleball","https://shopvnb.com/san-pickleball-game-on.html","2026-10-03T08:25:12.665Z","150000","200000","60","court_hour","","","price_range_only","approximate","1","0.8333333333333334","Giá thuê sân Pickleball Game On dao động từ 150.000 - 200.000đ/giờ tuỳ thuộc vào khung giờ chơi"
"6ac280e5dda3f83f","VN_0038","Game On Pickleball - 387A Lương Thế Vinh","387A Lương Thế Vinh, Hà Nội","Pickleball","Review sân Pickleball Game On uy tín, chất lượng cao tại Hà Nội"," 387 Lương Thế Vinh, Trung Văn, Nam Từ Liêm, Hà Nội","Pickleball","https://shopvnb.com/san-pickleball-game-on.html","2026-10-03T08:25:12.665Z","150000","200000","60","court_hour","","","price_range_only","approximate","1","0.8333333333333334","+ Thứ Hai – Thứ Sáu: 5:00-17:00 (150.000 VNĐ/giờ), 17:00-24:00 (200.000 VNĐ/giờ)"
"eaf50ad0232a4589","VN_0038","Game On Pickleball - 387A Lương Thế Vinh","387A Lương Thế Vinh, Hà Nội","Pickleball","Review sân Pickleball Game On uy tín, chất lượng cao tại Hà Nội"," 387 Lương Thế Vinh, Trung Văn, Nam Từ Liêm, Hà Nội","Pickleball","https://shopvnb.com/san-pickleball-game-on.html","2026-10-03T08:25:12.665Z","180000","200000","60","court_hour","","","price_range_only","approximate","1","0.8333333333333334","+ Thứ Bảy – Chủ Nhật: 5:00-17:00 (180.000 VNĐ/giờ), 17:00-24:00 (200.000 VNĐ/giờ)"
"268d22d5fe387c7a","VN_0038","Game On Pickleball - 387A Lương Thế Vinh","387A Lương Thế Vinh, Hà Nội","Pickleball","12. Sân Pickleball Game On"," 387 Lương Thế Vinh, Trung Văn, Nam Từ Liêm, Hà Nội","Pickleball","https://shopvnb.com/san-pickleball-quan-nam-tu-liem.html","2026-10-03T08:29:52.365Z","75000","200000","60","court_hour","","","price_range_only","approximate","1","0.8333333333333334","- Giá thuê Tham khảo: 75.000 - 200.000đ/giờ tuỳ theo giờ chơi"
"69d9a11c3aee1287","VN_0039","Sân Pickleball - Số 1 Tăng Bạt Hổ","1 Tăng Bạt Hổ, Hà Nội","Pickleball","5. Sân Pickleball Số 1 Tăng Bạt Hổ"," 1 Tăng Bạt Hổ, Phường Phạm Đình Hổ, Quận Hai Bà Trưng, Hà Nội","Pickleball","https://shopvnb.com/san-pickleball-quan-hai-ba-trung.html","2026-10-03T08:30:07.814Z","190000","300000","60","court_hour","","","price_range_only","approximate","1","1","- Giá thuê Tham khảo: 190.000 - 300.000đ/giờ tuỳ theo giờ chơi"
"6eb43cab7abf0855","VN_0039","Sân Pickleball - Số 1 Tăng Bạt Hổ","1 Tăng Bạt Hổ, Hà Nội","Pickleball","Khám phá sân Pickleball Số 1 Tăng Bạt Hổ uy tín và chất lượng tại quận Hai Bà Trưng, Hà Nội"," 1 Tăng Bạt Hổ, Phường Phạm Đình Hổ, Quận Hai Bà Trưng, Hà Nội - ","Pickleball","https://shopvnb.com/san-pickleball-so-1-tang-bat-ho.html","2026-10-03T08:27:53.119Z","190000","300000","60","court_hour","","","price_range_only","approximate","1","1","Giá thuê sân Pickleball Số 1 Tăng Bạt Hổ sẽ dao động từ 190.000đ - 300.000đ/giờ tuỳ theo giờ chơi"
"f2ae66b07b440a2d","VN_0042","CLB PICKLEBALL X20 - 35 Phan Đình Giót","35 P. Phan Đình Giót, Hà Nội","Pickleball","2. Sân Pickleball X20"," 35 Phan Đình Giót, Phường Phương Liệt, Quận Thanh Xuân, Hà Nội","Pickleball","https://shopvnb.com/san-pickleball-quan-thanh-xuan.html","2026-10-03T08:29:00.995Z","100000","150000","60","court_hour","","","price_range_only","approximate","1","0.8571428571428571","- Giá thuê Tham khảo: 100.000 - 150.000đ/giờ tuỳ theo giờ chơi"
"a295890c62623966","VN_0043","Sân Nextball 9699","số 48 ngõ 102 Trường Chinh, Hà Nội","Pickleball","11. Sân pickleball CLB Nextball 9699"," 102 đường Trường Chinh, phường Phương Mai, quận Đống Đa, Hà Nội","Pickleball","https://shopvnb.com/san-pickleball-quan-dong-da.html","2026-10-03T08:29:53.548Z","180000","270000","","court_unknown_duration","","","price_range_only","approximate","1","0.625","- Giá thuê Tham khảo: 180.000 đ - 270.000đ"
"5110e3b8ad744393","VN_0046","Pickleball G.S77 - 12 Khuất Duy Tiến","12 Khuất Duy Tiến, Hà Nội","Pickleball","Khám phá sân Pickleball G.S77 chất lượng và uy tín tại quận Thanh Xuân, Hà Nội"," Ngõ 12 Khuất Duy Tiến, Phường Thanh Xuân Trung, Quận Thanh Xuân, Hà Nội - ","Pickleball","https://shopvnb.com/san-pickleball-g-s77.html","2026-10-03T08:27:44.022Z","171000","230000","60","court_hour","","","price_range_only","approximate","1","1","Giá thuê sân Pickleball G.S77 sẽ dao động từ 171.000đ - 230.000đ/giờ tuỳ theo giờ chơi"
"f334b2987cec8e76","VN_0046","Pickleball G.S77 - 12 Khuất Duy Tiến","12 Khuất Duy Tiến, Hà Nội","Pickleball","4. Sân Pickleball G.S77"," Ngõ 12 Khuất Duy Tiến, Phường Thanh Xuân Trung, Quận Thanh Xuân, Hà Nội","Pickleball","https://shopvnb.com/san-pickleball-quan-thanh-xuan.html","2026-10-03T08:29:00.995Z","171000","230000","60","court_hour","","","price_range_only","approximate","1","1","- Giá thuê Tham khảo: 171.000 - 230.000đ/giờ tuỳ theo giờ chơi"
"ece4f1225e740060","VN_0046","Pickleball G.S77 - 12 Khuất Duy Tiến","12 Khuất Duy Tiến, Hà Nội","Pickleball","Sân Pickleball G.S77 12 Khuất Duy Tiến","12 Khuất Duy Tiến, Phường Thanh Xuân Trung, Quận Thanh Xuân, Hà Nội","Pickleball","https://thegioithethao.vn/san-pickleball-g-s77-12-khuat-duy-tien-f-hskbQ","2026-10-04T14:10:57.689Z","120000","230000","","court_unknown_duration","","","price_range_only","approximate","1","1","Giá sân: 120.000 đ - 230.000 đ"
"768b42b415194c9b","VN_0046","Pickleball G.S77 - 12 Khuất Duy Tiến","12 Khuất Duy Tiến, Hà Nội","Pickleball","Sân Pickleball G.S77 12 Khuất Duy Tiến","12 Khuất Duy Tiến, Phường Thanh Xuân Trung, Quận Thanh Xuân, Hà Nội","Pickleball","https://thegioithethao.vn/san-pickleball-g-s77-12-khuat-duy-tien-f-hskbQ","2026-10-04T14:10:57.689Z","230000","230000","","court_unknown_duration","","","price_only","peak_unspecified","1","1","Giá sân giờ vàng: 230.000 đ"
"b69a86899e068e39","VN_0047","Wessie Haus Pickleball Club - Mỹ Đình","Sân Vận Động Mỹ Đình, Hà Nội","Pickleball","3. Sân Pickleball Wessie Haus"," Sân Vận Động Quốc Gia Mỹ Đình - Phường Mỹ Đình, Quận Nam Từ Liêm, Hà Nội","Pickleball","https://shopvnb.com/san-pickleball-quan-nam-tu-liem.html","2026-10-03T08:29:52.365Z","130000","230000","60","court_hour","","","price_range_only","approximate","1","1","- Giá thuê Tham khảo: 130.000 - 230.000đ/giờ tuỳ theo giờ chơi"
"907ede5f19867eb6","VN_0047","Wessie Haus Pickleball Club - Mỹ Đình","Sân Vận Động Mỹ Đình, Hà Nội","Pickleball","Khám phá sân Pickleball Wessie Haus uy tín, chất lượng và xịn xò tại quận Nam Từ Liêm, Hà Nội"," Sân Vận Động Quốc Gia Mỹ Đình - Phường Mỹ Đình, Quận Nam Từ Liêm, Hà Nội - ","Pickleball","https://shopvnb.com/san-pickleball-wessie-haus.html","2026-10-03T08:28:18.422Z","130000","230000","60","court_hour","","","price_range_only","approximate","1","1","Giá thuê sân Pickleball Wessie Haus sẽ dao động từ 130.000đ - 230.000đ/giờ tuỳ theo giờ chơi"
"c6f5e03e69750b8f","VN_0048","Trần Hòa Pickleball - 161 Trần Hòa","161 Trần Hòa, Hà Nội","Pickleball","Review sân Pickleball 161 Trần Hoà đẹp và chất lượng tại quận Hoàng Mai, Hà Nội"," 161 Trần Hòa, Phường Định Công, Quận Hoàng Mai, TP. Hà Nội - ","Pickleball","https://shopvnb.com/san-pickleball-161-tran-hoa.html","2026-10-03T08:29:29.985Z","80000","150000","60","court_hour","","","price_range_only","approximate","1","1","Giá thuê sân Pickleball 161 Trần Hoà sẽ dao động từ 80.000đ - 150.000đ/giờ tuỳ theo giờ chơi"
"74093fee25a4818f","VN_0048","Trần Hòa Pickleball - 161 Trần Hòa","161 Trần Hòa, Hà Nội","Pickleball","Review sân Pickleball 163 Trần Hoà đẹp, chất lượng và quy mô tại quận Hoàng Mai, Hà Nội"," 163 Trần Hòa, Phường Đại Kim, Quận Hoàng Mai, TP. Hà Nội - ","Pickleball","https://shopvnb.com/san-pickleball-163-tran-hoa.html","2026-10-03T08:28:31.075Z","100000","180000","60","court_hour","","","price_range_only","approximate","1","0.8","Giá thuê sân Pickleball 163 Trần Hoà sẽ dao động từ 100.000đ - 180.000đ/giờ tuỳ theo giờ chơi"
"2ddfcee9771b1a22","VN_0048","Trần Hòa Pickleball - 161 Trần Hòa","161 Trần Hòa, Hà Nội","Pickleball","3. Sân Pickleball 161 Trần Hoà"," 161 Trần Hòa, Phường Định Công, Quận Hoàng Mai, TP. Hà Nội","Pickleball","https://shopvnb.com/san-pickleball-quan-hoang-mai.html","2026-10-03T08:29:51.071Z","100000","200000","60","court_hour","","","price_range_only","approximate","1","1","- Giá thuê Tham khảo: 100.000 - 200.000đ/giờ tuỳ theo giờ chơi"
"1617bac46ae84cac","VN_0048","Trần Hòa Pickleball - 161 Trần Hòa","161 Trần Hòa, Hà Nội","Pickleball","10. Sân Pickleball 163 Trần Hoà"," 163 Trần Hòa, Phường Đại Kim, Quận Hoàng Mai, TP. Hà Nội","Pickleball","https://shopvnb.com/san-pickleball-quan-hoang-mai.html","2026-10-03T08:29:51.071Z","100000","180000","60","court_hour","","","price_range_only","approximate","1","0.8","- Giá thuê Tham khảo: 100.000 - 180.000đ/giờ tuỳ theo giờ chơi"
"187d984e443815af","VN_0048","Trần Hòa Pickleball - 161 Trần Hòa","161 Trần Hòa, Hà Nội","Pickleball","Sân Pickleball 161 Trần Hoà","161 P. Trần Hòa, Phường Định Công, Quận Hoàng Mai, Hà Nội","Pickleball","https://thegioithethao.vn/san-pickleball-161-tran-hoa-f-7tYpQ","2026-10-04T14:11:00.211Z","80000","150000","","court_unknown_duration","","","price_range_only","approximate","1","1","Giá sân: 80.000 đ - 150.000 đ"
"99a6f17d3a8707a6","VN_0048","Trần Hòa Pickleball - 161 Trần Hòa","161 Trần Hòa, Hà Nội","Pickleball","Sân Pickleball 161 Trần Hoà","161 P. Trần Hòa, Phường Định Công, Quận Hoàng Mai, Hà Nội","Pickleball","https://thegioithethao.vn/san-pickleball-161-tran-hoa-f-7tYpQ","2026-10-04T14:11:00.211Z","150000","150000","","court_unknown_duration","","","price_only","peak_unspecified","1","1","Giá sân giờ vàng: 150.000 đ"
"8726f64ac7875ce3","VN_0049","Pickleball Hoa Phượng - An Khánh","Khu biệt thự Hoa Phượng, An Khánh, Hà Nội","Pickleball","Review sân Pickleball Hoa Phượng chất lượng tại huyện Hoài Đức, Hà Nội"," Khu nhà ở biệt thự Hoa Phượng, Xã An Khánh, Huyện Hoài Đức, Hà Nội - ","Pickleball","https://shopvnb.com/san-pickleball-hoa-phuong.html","2026-10-03T08:27:14.264Z","80000","210000","60","court_hour","","","price_range_only","approximate","1","1","Giá thuê sân Pickleball Hoa Phượng sẽ dao động từ 80.000đ - 210.000đ/giờ tuỳ theo giờ chơi"
"f7f56408bddd69e3","VN_0049","Pickleball Hoa Phượng - An Khánh","Khu biệt thự Hoa Phượng, An Khánh, Hà Nội","Pickleball","Sân Pickleball Hoa Phượng","BT9.15 Khu nhà ở biệt thự Hoa Phượng, Xã An Khánh, Huyện Hoài Đức, Hà Nội","Pickleball","https://thegioithethao.vn/san-pickleball-hoa-phuong-f-40Yjm","2026-10-04T14:11:17.774Z","110000","210000","","court_unknown_duration","","","price_range_only","approximate","1","1","Giá sân: 110.000 đ - 210.000 đ"
"afa1d517aae5eeeb","VN_0049","Pickleball Hoa Phượng - An Khánh","Khu biệt thự Hoa Phượng, An Khánh, Hà Nội","Pickleball","Sân Pickleball Hoa Phượng","BT9.15 Khu nhà ở biệt thự Hoa Phượng, Xã An Khánh, Huyện Hoài Đức, Hà Nội","Pickleball","https://thegioithethao.vn/san-pickleball-hoa-phuong-f-40Yjm","2026-10-04T14:11:17.774Z","210000","210000","","court_unknown_duration","","","price_only","peak_unspecified","1","1","Giá sân giờ vàng: 210.000 đ"
"bbbf566fa1ef7bf5","VN_0049","Pickleball Hoa Phượng - An Khánh","Khu biệt thự Hoa Phượng, An Khánh, Hà Nội","Pickleball","Pickleball Hoa Phượng - Cụm sân mái che bậc nhất Hà Nội"," BT9.15 Khu nhà ở biệt thự Hoa Phượng, An Phú, Hoài Đức, Hà Nội","Pickleball","https://www.alobo.vn/pickleball-hoa-phuong-cum-san-mai-che-bac-nhat-ha-noi/","2026-10-03T08:17:28.822Z","100000","210000","60","court_hour","","","price_range_only","approximate","1","0.8888888888888888","Giá sân tham khảo: 100.000 VNĐ/h – 210.000 VNĐ/h"
"40a0c95a300dd041","VN_0050","Paradise Pickleball - Hồng Tiến, Long Biên","Khu A.4/HH2, P. Hồng Tiến, Phương Đình, Hà Nội","Pickleball","Sân Paradise Pickleball Club","Khu A.4/HH2, đường Hồng Tiến, Phường Ngọc Thụy, Quận Long Biên, Hà Nội","Pickleball","https://thegioithethao.vn/san-paradise-pickleball-club-f-DZLxa","2026-10-04T14:12:14.786Z","120000","220000","","court_unknown_duration","","","price_range_only","approximate","1","0.8181818181818182","Giá sân: 120.000 đ - 220.000 đ"
"28891acb1f583e91","VN_0050","Paradise Pickleball - Hồng Tiến, Long Biên","Khu A.4/HH2, P. Hồng Tiến, Phương Đình, Hà Nội","Pickleball","Sân Paradise Pickleball Club","Khu A.4/HH2, đường Hồng Tiến, Phường Ngọc Thụy, Quận Long Biên, Hà Nội","Pickleball","https://thegioithethao.vn/san-paradise-pickleball-club-f-DZLxa","2026-10-04T14:12:14.786Z","220000","220000","","court_unknown_duration","","","price_only","peak_unspecified","1","0.8181818181818182","Giá sân giờ vàng: 220.000 đ"
"c3567b583e519fb2","VN_0051","Peace Pickleball - Tổng Cục 5, Thanh Trì","Tổng Cục 5, Thanh Trì, Hà Nội, Việt Nam, Hà Nội","Pickleball","10. Sân Pickleball Peace"," Tổng Cục 5 Yên Xá, Xã Tân Triều, Huyện Thanh Trì, Hà Nội","Pickleball","https://shopvnb.com/san-pickleball-huyen-thanh-tri.html","2026-10-03T08:29:54.730Z","100000","180000","60","court_hour","","","price_range_only","approximate","1","0.7777777777777778","- Giá thuê Tham khảo: 100.000 - 180.000đ/giờ tuỳ theo giờ chơi"
"df2d311dbb5bc17d","VN_0052","Vibe Pickleball - 100 Phạm Tu","100 Phạm Tu, Xã Thanh Liệt, Huyện Thanh Trì, Hà Nội, Hà Nội","Pickleball","11. Sân Pickleball Vibe"," 100 Phạm Tu, KĐT The Manor Central Park, Xã Thanh Liệt, Huyện Thanh Trì, Hà Nội","Pickleball","https://shopvnb.com/san-pickleball-huyen-thanh-tri.html","2026-10-03T08:29:54.730Z","150000","240000","60","court_hour","","","price_range_only","approximate","1","1","- Giá thuê Tham khảo: 150.000 - 240.000đ/giờ tuỳ theo giờ chơi"
"91c48c51e42b3d41","VN_0052","Vibe Pickleball - 100 Phạm Tu","100 Phạm Tu, Xã Thanh Liệt, Huyện Thanh Trì, Hà Nội, Hà Nội","Pickleball","Sân Vibe Pickleball Club","Đ. Phạm Tu, Xã Tân Triều, Huyện Thanh Trì, Hà Nội","Pickleball","https://thegioithethao.vn/san-vibe-pickleball-club-f-f5NXk","2026-10-04T14:11:16.228Z","120000","180000","","court_unknown_duration","","","price_range_only","approximate","1","0.8","Giá sân: 120.000 đ - 180.000 đ"
"029fcb14eb5bcfb3","VN_0052","Vibe Pickleball - 100 Phạm Tu","100 Phạm Tu, Xã Thanh Liệt, Huyện Thanh Trì, Hà Nội, Hà Nội","Pickleball","Sân Vibe Pickleball Club","Đ. Phạm Tu, Xã Tân Triều, Huyện Thanh Trì, Hà Nội","Pickleball","https://thegioithethao.vn/san-vibe-pickleball-club-f-f5NXk","2026-10-04T14:11:16.228Z","180000","180000","","court_unknown_duration","","","price_only","peak_unspecified","1","0.8","Giá sân giờ vàng: 180.000 đ"
"a693a0672f5b16df","VN_0055","Huỳnh Thúc Kháng Pickleball - 110 Chùa Láng","110 Chùa Láng, Hà Nội","Pickleball","Review sân pickleball Huỳnh Thúc Kháng đẹp và chất lượng tại quận Đống Đa, Hà Nội"," 110 Chùa Láng, Phường Láng Thượng, Quận Đống Đa, Thủ Đô Hà Nội.","Pickleball","https://shopvnb.com/san-pickleball-huynh-thuc-khang.html","2026-10-03T08:25:40.699Z","150000","250000","60","court_hour","","","price_range_only","approximate","1","1","Chi phí thuê sân được đánh giá là hợp lý so với mặt bằng chung tại Hà Nội, theo giá tham khảo giá thuê dao động từ 150.000đ - 250.000đ/giờ tuỳ theo giờ chơi"
"1fa9908bacf7b6c5","VN_0055","Huỳnh Thúc Kháng Pickleball - 110 Chùa Láng","110 Chùa Láng, Hà Nội","Pickleball","13. Sân pickleball Huỳnh Thúc Kháng"," 110 P. Chùa Láng, Phường Đống Đa, TP. Hà Nội (Phường Láng Hạ, Quận Đống Đa, TP. Hà Nội cũ)","Pickleball","https://shopvnb.com/san-pickleball-quan-dong-da.html","2026-10-03T08:29:53.548Z","150000","220000","","court_unknown_duration","","","price_range_only","approximate","1","1","- Giá thuê Tham khảo: 150.000 đ - 220.000đ"
"3bde7e4b2a5af1f5","VN_0056","City Pickleball - 165 Chùa Bộc","1 Ng. 165 P. Chùa Bộc, Hà Nội","Pickleball","Sân City Pickleball Chùa Bộc","Số 1 ngõ 165 Chùa Bộc, Phường Trung Liệt, Quận Đống Đa, Hà Nội","Pickleball","https://thegioithethao.vn/san-city-pickleball-chua-boc-f-b2YHA","2026-10-04T14:10:38.691Z","200000","300000","","court_unknown_duration","","","price_range_only","approximate","1","0.75","Giá sân: 200.000 đ - 300.000 đ"
"b40db43bf01f46f3","VN_0056","City Pickleball - 165 Chùa Bộc","1 Ng. 165 P. Chùa Bộc, Hà Nội","Pickleball","Sân City Pickleball Chùa Bộc","Số 1 ngõ 165 Chùa Bộc, Phường Trung Liệt, Quận Đống Đa, Hà Nội","Pickleball","https://thegioithethao.vn/san-city-pickleball-chua-boc-f-b2YHA","2026-10-04T14:10:38.691Z","300000","300000","","court_unknown_duration","","","price_only","peak_unspecified","1","0.75","Giá sân giờ vàng: 300.000 đ"
"75c2d51ec0b82f08","VN_0057","Pink Club Pickleball - 584 Lạc Long Quân","584 Lạc Long Quân, Hà Nội","Pickleball","Pink Club","584 Đ. Lạc Long Quân, Phường Nhật Tân, Quận Tây Hồ, Hà Nội","","https://thegioithethao.vn/pink-club-f-94FtH","2026-10-04T14:12:33.273Z","150000","250000","","court_unknown_duration","","","price_range_only","approximate","1","1","Giá sân: 150.000 đ - 250.000 đ"
"0407dc6bd37b9555","VN_0057","Pink Club Pickleball - 584 Lạc Long Quân","584 Lạc Long Quân, Hà Nội","Pickleball","Pink Club","584 Đ. Lạc Long Quân, Phường Nhật Tân, Quận Tây Hồ, Hà Nội","","https://thegioithethao.vn/pink-club-f-94FtH","2026-10-04T14:12:33.273Z","250000","250000","","court_unknown_duration","","","price_only","peak_unspecified","1","1","Giá sân giờ vàng: 250.000 đ"
"7936c93d5e4cf5d6","VN_0058","Pickleball Thiên Đường Bảo Sơn","SÂN PICKLEBALL BẢO SƠN - CÔNG VIÊN THIÊN ĐƯỜNG BẢO SƠN, Hà Nội","Pickleball","Sân PickleBall Thiên Đường Bảo Sơn","Công Viên Thiên Đường Bảo Sơn, Xã An Khánh, Huyện Hoài Đức, Hà Nội","Pickleball","https://thegioithethao.vn/san-pickleball-thien-duong-bao-son-f-3p5Ad","2026-10-04T14:11:20.619Z","100000","200000","","court_unknown_duration","","","price_range_only","approximate","1","0.8","Giá sân: 100.000 đ - 200.000 đ"
"55e37b884195321b","VN_0058","Pickleball Thiên Đường Bảo Sơn","SÂN PICKLEBALL BẢO SƠN - CÔNG VIÊN THIÊN ĐƯỜNG BẢO SƠN, Hà Nội","Pickleball","Sân PickleBall Thiên Đường Bảo Sơn","Công Viên Thiên Đường Bảo Sơn, Xã An Khánh, Huyện Hoài Đức, Hà Nội","Pickleball","https://thegioithethao.vn/san-pickleball-thien-duong-bao-son-f-3p5Ad","2026-10-04T14:11:20.619Z","200000","200000","","court_unknown_duration","","","price_only","peak_unspecified","1","0.8","Giá sân giờ vàng: 200.000 đ"
"49beb4184877c71e","VN_0062","Pickleball Đảo Sen - 125D P. Nguyễn Sơn","125D P. Nguyễn Sơn, Gia Thụy, Long Biên, Hà Nội, Hà Nội","Pickleball","Review sân Pickleball Đảo Sen đẹp và chất lượng tại quận Long Biên, Hà Nội"," 125D Nguyễn Sơn, Gia Thụy, Long Biên, Hà Nội - ","Pickleball","https://shopvnb.com/san-pickleball-dao-sen.html","2026-10-03T08:30:55.723Z","100000","180000","60","court_hour","","","price_range_only","approximate","1","1","Giá thuê sân Pickleball Đảo Sen sẽ dao động từ 100.000đ - 180.000đ/giờ tuỳ theo giờ chơi"
"d6381b6a11b07640","VN_0062","Pickleball Đảo Sen - 125D P. Nguyễn Sơn","125D P. Nguyễn Sơn, Gia Thụy, Long Biên, Hà Nội, Hà Nội","Pickleball","Sân Pickleball Đảo Sen","125D P. Nguyễn Sơn, Phường Ngọc Lâm, Quận Long Biên, Hà Nội","Pickleball","https://thegioithethao.vn/san-pickleball-dao-sen-f-UxK3C","2026-10-04T14:12:18.902Z","100000","180000","","court_unknown_duration","","","price_range_only","approximate","1","0.8","Giá sân: 100.000 đ - 180.000 đ"
"4be593341a1cc057","VN_0062","Pickleball Đảo Sen - 125D P. Nguyễn Sơn","125D P. Nguyễn Sơn, Gia Thụy, Long Biên, Hà Nội, Hà Nội","Pickleball","Sân Pickleball Đảo Sen","125D P. Nguyễn Sơn, Phường Ngọc Lâm, Quận Long Biên, Hà Nội","Pickleball","https://thegioithethao.vn/san-pickleball-dao-sen-f-UxK3C","2026-10-04T14:12:18.902Z","180000","180000","","court_unknown_duration","","","price_only","peak_unspecified","1","0.8","Giá sân giờ vàng: 180.000 đ"
"3d48b5c0dfcf1d01","VN_0063","Sân Pickleball Đền Lừ - 32 Hồ Đền Lừ 3","32 Hồ Đền Lừ 3, Hoàng Văn Thụ, Quận Hoàng Mai, Hà Nội., Hà Nội","Pickleball","Review sân Pickleball Đền Lừ chất lượng và quy mô tại quận Hoàng Mai, Hà Nội"," 32 Hồ Đền Lừ 3, Hoàng Văn Thụ, Quận Hoàng Mai, Hà Nội - ","Pickleball","https://shopvnb.com/san-pickleball-den-lu.html","2026-10-03T08:27:41.283Z","140000","230000","60","court_hour","","","price_range_only","approximate","1","1","Giá thuê sân Pickleball Đền Lừ sẽ dao động từ 140.000đ - 230.000đ/giờ tuỳ theo giờ chơi"
"4d689bd006b33ff6","VN_0063","Sân Pickleball Đền Lừ - 32 Hồ Đền Lừ 3","32 Hồ Đền Lừ 3, Hoàng Văn Thụ, Quận Hoàng Mai, Hà Nội., Hà Nội","Pickleball","15. Sân Pickleball Đền Lừ"," 32 Hồ Đền Lừ 3, Hoàng Văn Thụ, Quận Hoàng Mai, Hà Nội","Pickleball","https://shopvnb.com/san-pickleball-quan-hoang-mai.html","2026-10-03T08:29:51.071Z","140000","230000","60","court_hour","","","price_range_only","approximate","1","1","- Giá thuê Tham khảo: 140.000 - 230.000đ/giờ tuỳ theo giờ chơi và loại sân mình chọn"
"f5d4453a87ecd9b1","VN_0063","Sân Pickleball Đền Lừ - 32 Hồ Đền Lừ 3","32 Hồ Đền Lừ 3, Hoàng Văn Thụ, Quận Hoàng Mai, Hà Nội., Hà Nội","Pickleball","Sân Pickleball Đền Lừ","Hồ Đền Lừ 3, Phường Hoàng Văn Thụ, Quận Hoàng Mai, Hà Nội","Pickleball","https://thegioithethao.vn/san-pickleball-den-lu-f-yhIct","2026-10-04T14:04:02.923Z","150000","230000","","court_unknown_duration","","","price_range_only","approximate","1","0.9166666666666666","Giá sân: 150.000 đ - 230.000 đ"
"344726270eb74747","VN_0063","Sân Pickleball Đền Lừ - 32 Hồ Đền Lừ 3","32 Hồ Đền Lừ 3, Hoàng Văn Thụ, Quận Hoàng Mai, Hà Nội., Hà Nội","Pickleball","Sân Pickleball Đền Lừ","Hồ Đền Lừ 3, Phường Hoàng Văn Thụ, Quận Hoàng Mai, Hà Nội","Pickleball","https://thegioithethao.vn/san-pickleball-den-lu-f-yhIct","2026-10-04T14:04:02.923Z","230000","230000","","court_unknown_duration","","","price_only","peak_unspecified","1","0.9166666666666666","Giá sân giờ vàng: 230.000 đ"
"672ccd194794a7fd","VN_0064","Joyful Pickleball Club - 29 P. Tố Hữu","29 P. Tố Hữu, Trung Văn, Nam Từ Liêm, Hà Nội 777777, Việt Nam, Hà Nội","Pickleball","6. Sân Pickleball Joyful"," 29 Tố Hữu, Phường Trung Văn, Quận Nam Từ Liêm, Hà Nội","Pickleball","https://shopvnb.com/san-pickleball-quan-nam-tu-liem.html","2026-10-03T08:29:52.365Z","120000","180000","60","court_hour","","","price_range_only","approximate","1","0.8333333333333334","- Giá thuê Tham khảo: 120.000 - 180.000đ/giờ tuỳ theo giờ chơi"
"861f7e78f76abc76","VN_0065","Champick Club Pickleball - 918 đường Kim Giang","918 đường Kim Giang, Thanh Liệt, Thanh Trì, Hà Nội, Hanoi, Vietnam, Hà Nội","Pickleball","Sân Pickleball Champick Club - Thanh Trì","918 Đ. Kim Giang, Xã Thanh Liệt, Huyện Thanh Trì, Hà Nội","Pickleball","https://thegioithethao.vn/san-pickleball-champick-club-thanh-tri-f-cayhL","2026-10-04T14:10:59.776Z","120000","210000","","court_unknown_duration","","","price_range_only","approximate","1","0.7272727272727273","Giá sân: 120.000 đ - 210.000 đ"
"e1f4a674749f9722","VN_0065","Champick Club Pickleball - 918 đường Kim Giang","918 đường Kim Giang, Thanh Liệt, Thanh Trì, Hà Nội, Hanoi, Vietnam, Hà Nội","Pickleball","Sân Pickleball Champick Club - Thanh Trì","918 Đ. Kim Giang, Xã Thanh Liệt, Huyện Thanh Trì, Hà Nội","Pickleball","https://thegioithethao.vn/san-pickleball-champick-club-thanh-tri-f-cayhL","2026-10-04T14:10:59.776Z","210000","210000","","court_unknown_duration","","","price_only","peak_unspecified","1","0.7272727272727273","Giá sân giờ vàng: 210.000 đ"
"4232e766781f0438","VN_0066","Maymay Pickleball Club - P.Thượng Thanh","B.3/N04, phường Thượng Thanh, quận Long Biên, Hà Nội, Hanoi, Vietnam, Hà Nội","Pickleball","Sân Pickleball Maymay Club","Phố Đàm Quang Trung, Phường Thượng Thanh, Quận Long Biên, Hà Nội","Pickleball","https://thegioithethao.vn/san-pickleball-maymay-club-f-VHir9","2026-10-04T14:10:44.005Z","120000","170000","","court_unknown_duration","","","price_range_only","approximate","1","0.6666666666666666","Giá sân: 120.000 đ - 170.000 đ"
"82662cb623d6999a","VN_0066","Maymay Pickleball Club - P.Thượng Thanh","B.3/N04, phường Thượng Thanh, quận Long Biên, Hà Nội, Hanoi, Vietnam, Hà Nội","Pickleball","Sân Pickleball Maymay Club","Phố Đàm Quang Trung, Phường Thượng Thanh, Quận Long Biên, Hà Nội","Pickleball","https://thegioithethao.vn/san-pickleball-maymay-club-f-VHir9","2026-10-04T14:10:44.005Z","170000","170000","","court_unknown_duration","","","price_only","peak_unspecified","1","0.6666666666666666","Giá sân giờ vàng: 170.000 đ"
"364ec0e7ce286b1c","VN_0069","Sân Pickleball XaLa - 21 P. Xala","21 P. Xa La, P. Phúc La, Hà Đông, Hà Nội, Việt Nam, Hà Nội","Pickleball","10. Sân Pickleball Xala"," 21 P. Xa La, P. Phúc La, Hà Đông, Hà Nội","Pickleball","https://shopvnb.com/san-pickleball-quan-ha-dong.html","2026-10-03T08:29:49.888Z","90000","220000","60","court_hour","","","price_range_only","approximate","1","1","- Giá thuê Tham khảo: 90.000 - 220.000đ/giờ"
"5aea6fa5f9ebd040","VN_0069","Sân Pickleball XaLa - 21 P. Xala","21 P. Xa La, P. Phúc La, Hà Đông, Hà Nội, Việt Nam, Hà Nội","Pickleball","Sân Pickleball XALA","21 P. Xa La, Phường Phúc La, Quận Hà Đông, Hà Nội","Pickleball","https://thegioithethao.vn/san-pickleball-xala-f-WgV2L","2026-10-04T14:11:20.674Z","90000","220000","","court_unknown_duration","","","price_range_only","approximate","1","0.8","Giá sân: 90.000 đ - 220.000 đ"
"2da5383ead4c813a","VN_0069","Sân Pickleball XaLa - 21 P. Xala","21 P. Xa La, P. Phúc La, Hà Đông, Hà Nội, Việt Nam, Hà Nội","Pickleball","Sân Pickleball XALA","21 P. Xa La, Phường Phúc La, Quận Hà Đông, Hà Nội","Pickleball","https://thegioithethao.vn/san-pickleball-xala-f-WgV2L","2026-10-04T14:11:20.674Z","220000","220000","","court_unknown_duration","","","price_only","peak_unspecified","1","0.8","Giá sân giờ vàng: 220.000 đ"
"82f391d843ab20cb","VN_0070","Việt Hàn Geleximco Pickleball - Lê Trọng Tấn","Geleximco Khu D - Lê Trọng Tấn - Hà Đông, Hanoi, Vietnam, Hà Nội","Pickleball","6. Sân Pickleball Việt Hàn Geleximco"," Khu D Geleximco, Đường Lê Trọng Tấn, Quận Hà Đông, Hà Nội","Pickleball","https://shopvnb.com/san-pickleball-quan-ha-dong.html","2026-10-03T08:29:49.888Z","100000","220000","60","court_hour","","","price_range_only","approximate","1","0.8181818181818182","- Giá thuê Tham khảo: 100.000 - 220.000đ/giờ tuỳ theo giờ chơi"
"1899bed98cde18ef","VN_0070","Việt Hàn Geleximco Pickleball - Lê Trọng Tấn","Geleximco Khu D - Lê Trọng Tấn - Hà Đông, Hanoi, Vietnam, Hà Nội","Pickleball","Khám phá sân Pickleball Việt Hàn Geleximco uy tín và chất lượng tại quận Hà Đông, Hà Nội"," Khu D, Lô D21 Geleximco, Đường Lê Trọng Tấn, Dương Nội, Quận Hà Đông, Hà Nội - ","Pickleball","https://shopvnb.com/san-pickleball-viet-han-geleximco.html","2026-10-03T08:26:15.425Z","100000","220000","60","court_hour","","","price_range_only","approximate","1","0.8181818181818182","Giá thuê sân Pickleball Việt Hàn Geleximco sẽ dao động từ 100.000đ - 220.000đ/giờ tuỳ theo giờ chơi"
"4be936eb57fc5197","VN_0072","LK-Pro Pickleball - Khu đô thị Văn Phú","20/TT27 Khu đô thị Văn Phú, Quận Hà Đông, TP. Hà Nội., Hà Nội","Pickleball","Review sân Pickleball LK-Pro, sân Pickleball đẹp và chất lượng tại quận Hà Đông, thành phố Hà Nội"," Số 20/TT27 Khu đô thị Văn Phú, Quận Hà Đông, TP. Hà Nội - ","Pickleball","https://shopvnb.com/san-pickleball-lk-pro.html","2026-10-03T08:30:52.286Z","100000","180000","60","court_hour","","","price_range_only","approximate","1","1","Giá thuê sân Pickleball LK-Pro sẽ dao động từ 100.000đ - 180.000đ/giờ tuỳ theo giờ chơi"
"713fb8170b97390a","VN_0072","LK-Pro Pickleball - Khu đô thị Văn Phú","20/TT27 Khu đô thị Văn Phú, Quận Hà Đông, TP. Hà Nội., Hà Nội","Pickleball","1. Sân Pickleball LK-Pro"," Số 20/TT27 Khu đô thị Văn Phú, Quận Hà Đông, TP. Hà Nội","Pickleball","https://shopvnb.com/san-pickleball-quan-ha-dong.html","2026-10-03T08:29:49.888Z","100000","180000","60","court_hour","","","price_range_only","approximate","1","1","- Giá thuê Tham khảo: 100.000 - 180.000đ/giờ tuỳ theo giờ chơi"
"41e8f45e63795d0e","VN_0074","Pickleball Pro Club - 728 Trương Định","728 Trương Định, Giáp Bát, Hoàng Mai, Hà Nội, Hà Nội","Pickleball","12. Sân Pickleball Pro Club"," 728 Trương Định, Phường Giáp Bát, Quận Hoàng Mai, TP. Hà Nội","Pickleball","https://shopvnb.com/san-pickleball-quan-hoang-mai.html","2026-10-03T08:29:51.071Z","170000","280000","60","court_hour","","","price_range_only","approximate","1","1","- Giá thuê Tham khảo: 170.000 - 280.000đ/giờ tuỳ theo giờ chơi"
"7ccda4cbe6ca7fd2","VN_0075","Gia Thụy Pickleball - Nguyễn Văn Cừ","53/564/32 D. Nguyễn Văn Cừ, Tố 12, Long Biên, Hà Nội, Hà Nội","Pickleball","Khám phá sân Pickleball Gia Thuỵ đẹp và chất lượng tại quận Long Biên, Hà Nội"," 53/564/32 Nguyễn Văn Cừ, Phường Gia Thụy, Quận Long Biên, TP. Hà Nội - ","Pickleball","https://shopvnb.com/san-pickleball-gia-thuy.html","2026-10-03T08:29:38.117Z","100000","170000","60","court_hour","","","price_range_only","approximate","1","0.7692307692307693","Giá thuê sân Pickleball Gia Thuỵ sẽ giao động từ 100.000đ - 170.000đ/giờ tuỳ theo giờ chơi"
"196f9891f7d4ec2c","VN_0078","Pickleball Khai Sơn - P. Thượng Thanh","Ô đất A.3/CCTP3 – đường Khai Sơn, P. Thượng Thanh, Long Biên, Hà Nội, Hà Nội","Pickleball","Khám phá sân Pickleball Khai Sơn chất lượng, uy tín và quy mô tại quận Long Biên, Hà Nội"," Ô đất A3/CCTP3, Đường Khai Sơn, Phường Thượng Thanh, Quận Long Biên, Hà Nội (Cạnh chung cư Khai Sơn City) - ","Pickleball","https://shopvnb.com/san-pickleball-khai-son.html","2026-10-03T08:27:42.700Z","100000","190000","60","court_hour","","","price_range_only","approximate","1","0.8","Giá thuê sân Pickleball Khai Sơn sẽ dao động từ 100.000đ - 190.000đ/giờ tuỳ theo giờ chơi"
"1f80cb33cc78134d","VN_0082","Pickleball Hồ Thạch Bàn - P. Đông Dinh","P. Đông Dinh, Thạch Bàn, Long Biên, Hà Nội, Hà Nội","Pickleball","Review sân Pickleball Hồ Thạch Bàn chất lượng đáng để trải nghiệm tại quận Long Biên, Hà Nội"," Phố Đồng Dinh, Phường Thạch Bàn, Quận Long Biên, TP. Hà Nội - ","Pickleball","https://shopvnb.com/san-pickleball-ho-thach-ban.html","2026-10-03T08:28:17.251Z","100000","170000","60","court_hour","","","price_range_only","approximate","1","0.8888888888888888","Giá thuê sân Pickleball Hồ Thạch Bàn sẽ dao động từ 100.000đ - 170.000đ/giờ tuỳ theo giờ chơi"
"3ed2e13bde7d2ed6","VN_0082","Pickleball Hồ Thạch Bàn - P. Đông Dinh","P. Đông Dinh, Thạch Bàn, Long Biên, Hà Nội, Hà Nội","Pickleball","Sân Pickleball Hồ Thạch Bàn","P. Đồng Dinh, Phường Thạch Bàn, Quận Long Biên, Hà Nội","Pickleball","https://thegioithethao.vn/san-pickleball-ho-thach-ban-f-HoZXC","2026-10-04T14:12:29.066Z","80000","150000","","court_unknown_duration","","","price_range_only","approximate","1","1","Giá sân: 80.000 đ - 150.000 đ"
"f001226b0b76c517","VN_0082","Pickleball Hồ Thạch Bàn - P. Đông Dinh","P. Đông Dinh, Thạch Bàn, Long Biên, Hà Nội, Hà Nội","Pickleball","Sân Pickleball Hồ Thạch Bàn","P. Đồng Dinh, Phường Thạch Bàn, Quận Long Biên, Hà Nội","Pickleball","https://thegioithethao.vn/san-pickleball-ho-thach-ban-f-HoZXC","2026-10-04T14:12:29.066Z","150000","150000","","court_unknown_duration","","","price_only","peak_unspecified","1","1","Giá sân giờ vàng: 150.000 đ"
"abadd1f506314775","VN_0084","Pickleball Tư Đình - Số 1C Cổ Linh","Số 1C Cổ Linh, Tư Đình, Long Biên, Hà Nội, Hà Nội","Pickleball","Sân Pickleball Tư Đình","đối diện THCS, 1 Đ. Cổ Linh, Tư Đình, Phường Long Biên, Quận Long Biên, Hà Nội","Pickleball","https://thegioithethao.vn/san-pickleball-tu-dinh-f-bsWjG","2026-10-04T14:10:58.491Z","100000","140000","","court_unknown_duration","","","price_range_only","approximate","1","0.8","Giá sân: 100.000 đ - 140.000 đ"
"27b861a38fcbf3a3","VN_0084","Pickleball Tư Đình - Số 1C Cổ Linh","Số 1C Cổ Linh, Tư Đình, Long Biên, Hà Nội, Hà Nội","Pickleball","Sân Pickleball Tư Đình","đối diện THCS, 1 Đ. Cổ Linh, Tư Đình, Phường Long Biên, Quận Long Biên, Hà Nội","Pickleball","https://thegioithethao.vn/san-pickleball-tu-dinh-f-bsWjG","2026-10-04T14:10:58.491Z","140000","140000","","court_unknown_duration","","","price_only","peak_unspecified","1","0.8","Giá sân giờ vàng: 140.000 đ"
"f426d75031acc7ee","VN_0088","Pickleball House - Cự Khối","Đường Cự Khối, phường Cự Khối, quận Long Biên, Hà Nội, Hà Nội","Pickleball","Sân Pickleball House","Đ. Cự Khối, Phường Cự Khối, Quận Long Biên, Hà Nội","Pickleball","https://thegioithethao.vn/san-pickleball-house-f-1gCYG","2026-10-04T14:12:29.145Z","80000","150000","","court_unknown_duration","","","price_range_only","approximate","1","0.8888888888888888","Giá sân: 80.000 đ - 150.000 đ"
"cdd6b6f2f82161e7","VN_0088","Pickleball House - Cự Khối","Đường Cự Khối, phường Cự Khối, quận Long Biên, Hà Nội, Hà Nội","Pickleball","Sân Pickleball House","Đ. Cự Khối, Phường Cự Khối, Quận Long Biên, Hà Nội","Pickleball","https://thegioithethao.vn/san-pickleball-house-f-1gCYG","2026-10-04T14:12:29.145Z","150000","150000","","court_unknown_duration","","","price_only","peak_unspecified","1","0.8888888888888888","Giá sân giờ vàng: 150.000 đ"
"c573867de9ec0924","VN_0089","Pickleball Water Tower - 551 Nguyễn Văn Cừ","551 Nguyễn Văn Cừ, Ngọc Lâm, Long Biên, Hà Nội (cổng phụ 481 Ngọc Lâm), Hà Nội","Pickleball","Khám phá sân Pickleball Water Tower chất lượng và quy mô lớn tại quận Long Biên, Hà Nội"," 551 Nguyễn Văn Cừ, Phường Ngọc Lâm, Quận Long Biên, TP. Hà Nội - ","Pickleball","https://shopvnb.com/san-pickleball-water-tower.html","2026-10-03T08:28:16.064Z","100000","170000","60","court_hour","","","price_range_only","approximate","1","0.7692307692307693","Giá thuê sân Pickleball Water Tower sẽ dao động từ 100.000đ - 170.000đ/giờ tuỳ theo giờ chơi"
"77aa97325819e7cb","VN_0089","Pickleball Water Tower - 551 Nguyễn Văn Cừ","551 Nguyễn Văn Cừ, Ngọc Lâm, Long Biên, Hà Nội (cổng phụ 481 Ngọc Lâm), Hà Nội","Pickleball","5. Pickleball Water Tower"," 551 Nguyễn Văn Cừ, Ngọc Lâm, Long Biên, Hà Nội (Cổng phụ 481 Ngọc Lâm)","Pickleball","https://www.alobo.vn/san-pickleball-o-ha-noi-dang-de-trai-nghiem/","2026-10-03T08:17:30.874Z","100000","170000","","court_unknown_duration","","","price_range_only","approximate","1","1","Với mức giá thuê sân Pickleball chỉ từ 100.000đ – 170.000đ mỗi giờ, đây là một mức giá cạnh tranh cho một sân chơi chất lượng"
"6f6c4d90eea9e905","VN_0090","Vĩnh Tuy Pickleball Club - 256 P. Dương Văn Bé","256 P. Dương Văn Bé, Vĩnh Phú, Hà Nội","Pickleball","Sân Pickleball Vĩnh Tuy","256 P. Dương Văn Bé, Phường Vĩnh Tuy, Quận Hai Bà Trưng, Hà Nội","Pickleball","https://thegioithethao.vn/san-pickleball-vinh-tuy-f-SJyw7","2026-10-04T14:10:42.681Z","110000","180000","","court_unknown_duration","","","price_range_only","approximate","1","0.8888888888888888","Giá sân: 110.000 đ - 180.000 đ"
"6da4c3ffd43a5e4b","VN_0090","Vĩnh Tuy Pickleball Club - 256 P. Dương Văn Bé","256 P. Dương Văn Bé, Vĩnh Phú, Hà Nội","Pickleball","Sân Pickleball Vĩnh Tuy","256 P. Dương Văn Bé, Phường Vĩnh Tuy, Quận Hai Bà Trưng, Hà Nội","Pickleball","https://thegioithethao.vn/san-pickleball-vinh-tuy-f-SJyw7","2026-10-04T14:10:42.681Z","180000","180000","","court_unknown_duration","","","price_only","peak_unspecified","1","0.8888888888888888","Giá sân giờ vàng: 180.000 đ"
"edf98b1de909a443","VN_0095","Pickleball Minh Khoa - Thượng Thanh","Ngõ 94, Thượng Thanh, Long Biên, Hà Nội, Hà Nội","Pickleball","Review sân Pickleball Minh Khoa đẹp và chất lượng tại quận Long Biên, Hà Nội"," Ngõ 94 Thượng Thanh, Phường Thượng Thanh, Quận Long Biên, Hà Nội - ","Pickleball","https://shopvnb.com/san-pickleball-minh-khoa.html","2026-10-03T08:26:08.750Z","84000","120000","60","court_hour","","","price_range_only","approximate","1","1","Giá thuê sân Pickleball Minh Khoa sẽ dao động từ 84.000đ - 120.000đ/giờ tuỳ theo giờ chơi"
"1de11ec865c0cfe0","VN_0097","Star Club Pickleball - 181 P. Cầu Cốc","181 P. Cầu Cốc, Tây Mỗ, Nam Từ Liêm, Hà Nội, Hà Nội","Pickleball","9. Sân Star Pickleball Cầu Cốc"," 181 P. Cầu Cốc, Tây Mỗ, Nam Từ Liêm, Hà Nội","Pickleball","https://shopvnb.com/san-pickleball-quan-nam-tu-liem.html","2026-10-03T08:29:52.365Z","100000","180000","60","court_hour","","","price_range_only","approximate","1","1","- Giá thuê Tham khảo: 100.000 - 180.000đ/giờ tuỳ theo giờ chơi"
"87d3ba865b652125","VN_0097","Star Club Pickleball - 181 P. Cầu Cốc","181 P. Cầu Cốc, Tây Mỗ, Nam Từ Liêm, Hà Nội, Hà Nội","Pickleball","Review sân Pickleball Star Club 181 Cầu Cốc uy tín và xịn xò tại Hà Nội"," 181 P. Cầu Cốc, Tây Mỗ, Nam Từ Liêm, Hà Nội","Pickleball","https://shopvnb.com/san-pickleball-star-club-181-cau-coc.html","2026-10-03T08:25:08.147Z","100000","180000","60","court_hour","","","price_range_only","approximate","1","1","Giá thuê sân Pickleball Star Club 181 Cầu Cốc dao động từ 100.000đ - 180.000đ/giờ tuỳ thuộc vào khung giờ chơi"
"03798a2020d3e0e1","VN_0097","Star Club Pickleball - 181 P. Cầu Cốc","181 P. Cầu Cốc, Tây Mỗ, Nam Từ Liêm, Hà Nội, Hà Nội","Pickleball","Review sân Pickleball Star Club 181 Cầu Cốc uy tín và xịn xò tại Hà Nội"," 181 P. Cầu Cốc, Tây Mỗ, Nam Từ Liêm, Hà Nội","Pickleball","https://shopvnb.com/san-pickleball-star-club-181-cau-coc.html","2026-10-03T08:25:08.147Z","100000","100000","60","court_hour","06:00","17:00","time_slots","approximate","1","1","- Từ 6h - 17h: 100.000 đồng/giờ"
"638f468ffe0a9de6","VN_0097","Star Club Pickleball - 181 P. Cầu Cốc","181 P. Cầu Cốc, Tây Mỗ, Nam Từ Liêm, Hà Nội, Hà Nội","Pickleball","Review sân Pickleball Star Club 181 Cầu Cốc uy tín và xịn xò tại Hà Nội"," 181 P. Cầu Cốc, Tây Mỗ, Nam Từ Liêm, Hà Nội","Pickleball","https://shopvnb.com/san-pickleball-star-club-181-cau-coc.html","2026-10-03T08:25:08.147Z","180000","180000","60","court_hour","17:00","22:00","time_slots","approximate","1","1","- Từ 17h - 22h: 180.000 đồng/giờ"
"2ae6ae5ca2714819","VN_0097","Star Club Pickleball - 181 P. Cầu Cốc","181 P. Cầu Cốc, Tây Mỗ, Nam Từ Liêm, Hà Nội, Hà Nội","Pickleball","Sân Pickleball Star Club 181 Cầu Cốc","181 P. Cầu Cốc, Phường Tây Mỗ, Quận Nam Từ Liêm, Hà Nội","Pickleball","https://thegioithethao.vn/san-pickleball-star-club-181-cau-coc-f-6k4wC","2026-10-04T14:11:23.238Z","100000","180000","","court_unknown_duration","","","price_range_only","approximate","1","1","Giá sân: 100.000 đ - 180.000 đ"
"5778f63b1d887f1f","VN_0097","Star Club Pickleball - 181 P. Cầu Cốc","181 P. Cầu Cốc, Tây Mỗ, Nam Từ Liêm, Hà Nội, Hà Nội","Pickleball","Sân Pickleball Star Club 181 Cầu Cốc","181 P. Cầu Cốc, Phường Tây Mỗ, Quận Nam Từ Liêm, Hà Nội","Pickleball","https://thegioithethao.vn/san-pickleball-star-club-181-cau-coc-f-6k4wC","2026-10-04T14:11:23.238Z","180000","180000","","court_unknown_duration","","","price_only","peak_unspecified","1","1","Giá sân giờ vàng: 180.000 đ"
"543a6513d34e2ae4","VN_0098","HENA PICKLEBALL - 323 Hữu Hưng","323 Hữu Hưng, Đường 72, Tây Mỗ, Nam Từ Liêm, Hà Nội","Pickleball","15. Sân Hena Pickleball"," 323 Đ. Hữu Hưng, Dương Nội, Hà Nội","Pickleball","https://shopvnb.com/san-pickleball-quan-ha-dong.html","2026-10-03T08:29:49.888Z","100000","140000","60","court_hour","","","price_range_only","approximate","1","0.8571428571428571","- Giá thuê tham khảo: 100.000đ - 140.000đ/giờ"
"65cfef1497288351","VN_0099","Sân pickleball VICEM - 1 Phan Đình Giót","Số 5 Ngõ 1 Phan Đình Giót - Phương Liệt - Thanh Xuân - Hà Nội, Hà Nội","Pickleball","12. VICEM Pickleball"," Ng. 1 P. Phan Đình Giót, Phương Liệt, Hà Nội","Pickleball","https://shopvnb.com/san-pickleball-quan-thanh-xuan.html","2026-10-03T08:29:00.995Z","110000","220000","60","court_hour","","","price_range_only","approximate","1","0.8","- Giá thuê tham khảo: 110.000 – 220.000đ/giờ tuỳ theo giờ chơi"
"8a86298d37e5eb82","VN_0099","Sân pickleball VICEM - 1 Phan Đình Giót","Số 5 Ngõ 1 Phan Đình Giót - Phương Liệt - Thanh Xuân - Hà Nội, Hà Nội","Pickleball","Sân Pickleball VICEM","Ng. 1 P. Phan Đình Giót, Phường Phương Liệt, Quận Thanh Xuân, Hà Nội","Pickleball","https://thegioithethao.vn/san-pickleball-vicem-f-JP4nN","2026-10-04T14:11:12.338Z","80000","180000","","court_unknown_duration","","","price_range_only","approximate","1","0.7692307692307693","Giá sân: 80.000 đ - 180.000 đ"
"680dfea6a687c926","VN_0099","Sân pickleball VICEM - 1 Phan Đình Giót","Số 5 Ngõ 1 Phan Đình Giót - Phương Liệt - Thanh Xuân - Hà Nội, Hà Nội","Pickleball","Sân Pickleball VICEM","Ng. 1 P. Phan Đình Giót, Phường Phương Liệt, Quận Thanh Xuân, Hà Nội","Pickleball","https://thegioithethao.vn/san-pickleball-vicem-f-JP4nN","2026-10-04T14:11:12.338Z","180000","180000","","court_unknown_duration","","","price_only","peak_unspecified","1","0.7692307692307693","Giá sân giờ vàng: 180.000 đ"
"6a57481d84be1845","VN_0100","Cổ Dương Pickleball - Cổ Dương","Cổ Dương, Đông Anh, Hà Nội, Hà Nội","Pickleball","Review sân Pickleball 161 Dương Văn Bé chất lượng tại quận Hai Bà Trưng, Hà Nội"," 161 Dương Văn Bé, Phường Vĩnh Tuy, Quận Hai Bà Trưng, Hà Nội - ","Pickleball","https://shopvnb.com/san-pickleball-161-duong-van-be.html","2026-10-03T08:27:50.910Z","120000","200000","60","court_hour","","","price_range_only","approximate","1","0.5","Giá thuê sân Pickleball 161 Dương Văn Bé sẽ dao động từ 120.000đ - 200.000đ/giờ tuỳ theo loại sân và khung giờ chơi mình chọn"
"0c7a7b204566f294","VN_0100","Cổ Dương Pickleball - Cổ Dương","Cổ Dương, Đông Anh, Hà Nội, Hà Nội","Pickleball","Khám phá sân Pickleball Cổ Dương chất lượng và xịn xò tại huyện Đông Anh, Hà Nội"," Tiên Dương, huyện Đông Anh, Hà Nội - ","Pickleball","https://shopvnb.com/san-pickleball-co-duong.html","2026-10-03T08:28:54.041Z","56000","150000","60","court_hour","","","price_range_only","approximate","1","0.8333333333333334","Giá thuê sân Pickleball Cổ Dương sẽ dao động từ 56.000đ - 150.000đ/giờ tuỳ theo giờ chơi"
"b262bb8ea838e4ef","VN_0100","Cổ Dương Pickleball - Cổ Dương","Cổ Dương, Đông Anh, Hà Nội, Hà Nội","Pickleball","4. Sân Pickleball 161 Dương Văn Bé"," 161 Dương Văn Bé, Phường Vĩnh Tuy, Quận Hai Bà Trưng, Hà Nội","Pickleball","https://shopvnb.com/san-pickleball-quan-hai-ba-trung.html","2026-10-03T08:30:07.814Z","120000","200000","60","court_hour","","","price_range_only","approximate","1","0.5","- Giá thuê Tham khảo: 120.000 - 200.000đ/giờ tuỳ theo giờ chơi"
"8ac1bc031ff4a55a","VN_0100","Cổ Dương Pickleball - Cổ Dương","Cổ Dương, Đông Anh, Hà Nội, Hà Nội","Pickleball","Sân PickleBall Thiên Đường Bảo Sơn","Công Viên Thiên Đường Bảo Sơn, Xã An Khánh, Huyện Hoài Đức, Hà Nội","Pickleball","https://thegioithethao.vn/san-pickleball-thien-duong-bao-son-f-3p5Ad","2026-10-04T14:11:20.619Z","100000","200000","","court_unknown_duration","","","price_range_only","approximate","1","0.5","Giá sân: 100.000 đ - 200.000 đ"
"d6e3766df4dcd688","VN_0100","Cổ Dương Pickleball - Cổ Dương","Cổ Dương, Đông Anh, Hà Nội, Hà Nội","Pickleball","Sân PickleBall Thiên Đường Bảo Sơn","Công Viên Thiên Đường Bảo Sơn, Xã An Khánh, Huyện Hoài Đức, Hà Nội","Pickleball","https://thegioithethao.vn/san-pickleball-thien-duong-bao-son-f-3p5Ad","2026-10-04T14:11:20.619Z","200000","200000","","court_unknown_duration","","","price_only","peak_unspecified","1","0.5","Giá sân giờ vàng: 200.000 đ"
"d21e21b138d9d688","VN_0102","SportsHub - 40 Phạm Hùng","40 Phạm Hùng, Phường Mỹ Đình 2, Quận Nam Từ Liêm, Hà Nội, Hà Nội","Pickleball","14. Sân Pickleball Sportshub Phạm Hùng"," 40 Đ. Phạm Hùng, Đình Thôn, Nam Từ Liêm, Hà Nội","Pickleball","https://shopvnb.com/san-pickleball-quan-nam-tu-liem.html","2026-10-03T08:29:52.365Z","120000","250000","60","court_hour","","","price_range_only","approximate","1","0.8181818181818182","- Giá thuê Tham khảo: 120.000 - 250.000đ/giờ tuỳ theo giờ chơi"
"d10cc5a172cb6064","VN_0104","RAILWAY PICKLEBALL - Khâm Thiên","2D P. Khâm Thiên, Thổ Quan, Hà Nội., Hà Nội","Pickleball","15. Sân pickleball Railway"," 2D P. Khâm Thiên, Phường Văn Miếu - Quốc Tự Giám, TP. Hà Nội (Phường Khâm Thiên, Quận Đống Đa, TP. Hà Nội cũ)","Pickleball","https://shopvnb.com/san-pickleball-quan-dong-da.html","2026-10-03T08:29:53.548Z","180000","250000","","court_unknown_duration","","","price_range_only","approximate","1","0.875","- Giá thuê Tham khảo: 180.000 đ - 250.000đ"
"4d0328ad16a16240","VN_0106","Pickleball Diệp Linh - Đông Anh","Diệp Linh Plaza, Tổ 6 km12, QL3, Đông Anh, Hà Nội, Hà Nội","Pickleball","Khám phá sân Pickleball Diệp Linh đẹp, chất lượng và quy mô lớn tại huyện Đông Anh, Hà Nội"," Diệp Linh Plaza - Tổ 6 Km12, QL3, Xã Uy Nỗ, Huyện Đông Anh, Hà Nội - ","Pickleball","https://shopvnb.com/san-pickleball-diep-linh.html","2026-10-03T08:27:47.491Z","100000","150000","60","court_hour","","","price_range_only","approximate","1","1","Giá thuê sân Pickleball Diệp Linh sẽ dao động từ 100.000đ - 150.000đ/giờ tuỳ theo giờ chơi"
"61d6a805df972756","VN_0114","Pickleball 228 Cầu Cốc","228 Cầu Cốc, Tây Mỗ, Nam Từ Liêm, Hà Nội, Hà Nội","Pickleball","Review sân Pickleball 228 Cầu Cốc đẹp và chất lượng tại quận Nam Từ Liêm, Hà Nội"," 228 Cầu Cốc, Phường Tây Mỗ, Quận Nam Từ Liêm, Hà Nội - ","Pickleball","https://shopvnb.com/san-pickleball-228-cau-coc.html","2026-10-03T08:28:20.729Z","80000","180000","60","court_hour","","","price_range_only","approximate","1","1","Giá thuê sân Pickleball 228 Cầu Cốc sẽ dao động từ 80.000đ - 180.000đ/giờ tuỳ theo giờ chơi"
"65e503b63af7f0c2","VN_0114","Pickleball 228 Cầu Cốc","228 Cầu Cốc, Tây Mỗ, Nam Từ Liêm, Hà Nội, Hà Nội","Pickleball","4. Sân Pickleball 228 Cầu Cốc"," 228 Cầu Cốc, Phường Tây Mỗ, Quận Nam Từ Liêm, Hà Nội","Pickleball","https://shopvnb.com/san-pickleball-quan-nam-tu-liem.html","2026-10-03T08:29:52.365Z","80000","180000","60","court_hour","","","price_range_only","approximate","1","1","- Giá thuê Tham khảo: 80.000 - 180.000đ/giờ tuỳ theo giờ chơi"
"6809761db993f3e7","VN_0115","HK Sport Pickleball - 02 Phúc Tân","02 Phúc Tân, Phường Phúc Tân, Quận Hoàn Kiếm, Hà Nội., Hà Nội","Pickleball","Review sân Pickleball HK Sport chất lượng đáng để trải nghiệm tại quận Hoàn Kiếm, Hà Nội"," Trung Tâm Thể Thao Quận Hoàn Kiếm - 02 Phúc Tân, Phường Phúc Tân, Quận Hoàn Kiếm, Hà Nội - ","Pickleball","https://shopvnb.com/san-pickleball-hk-sport.html","2026-10-03T08:26:48.973Z","120000","240000","60","court_hour","","","price_range_only","approximate","1","1","Giá thuê sân Pickleball HK Sport sẽ dao động từ 120.000đ - 240.000đ/giờ tuỳ theo giờ chơi"
"b4700ea8e3643eca","VN_0117","Ohlala Pickleball - 465B Hoàng Hoa Thám","465B Hoàng Hoa Thám, Vĩnh Phúc, Ba Đình, Hà Nội, Hà Nội","Pickleball","Sân Pickleball Ohlala","465B Đ. Hoàng Hoa Thám, Phường Vĩnh Phúc, Quận Ba Đình, Hà Nội","Pickleball","https://thegioithethao.vn/san-pickleball-ohlala-f-5W4yp","2026-10-04T14:12:37.518Z","160000","230000","","court_unknown_duration","","","price_range_only","approximate","1","1","Giá sân: 160.000 đ - 230.000 đ"
"3203d000b993120e","VN_0117","Ohlala Pickleball - 465B Hoàng Hoa Thám","465B Hoàng Hoa Thám, Vĩnh Phúc, Ba Đình, Hà Nội, Hà Nội","Pickleball","Sân Pickleball Ohlala","465B Đ. Hoàng Hoa Thám, Phường Vĩnh Phúc, Quận Ba Đình, Hà Nội","Pickleball","https://thegioithethao.vn/san-pickleball-ohlala-f-5W4yp","2026-10-04T14:12:37.518Z","230000","230000","","court_unknown_duration","","","price_only","peak_unspecified","1","1","Giá sân giờ vàng: 230.000 đ"
"a37ba81550dde0b4","VN_0122","Sammy Pickleball Park","Hồng Tiến kéo dài, Hà Nội","Pickleball","Sân Sammy Pickleball Park","Hồng Tiến kéo dài, Phường Ngọc Thụy, Quận Long Biên, Hà Nội","Pickleball","https://thegioithethao.vn/san-sammy-pickleball-park-f-yaBCE","2026-10-04T14:03:44.045Z","120000","190000","","court_unknown_duration","","","price_range_only","approximate","1","1","Giá sân: 120.000 đ - 190.000 đ"
"a75e038122f638b2","VN_0122","Sammy Pickleball Park","Hồng Tiến kéo dài, Hà Nội","Pickleball","Sân Sammy Pickleball Park","Hồng Tiến kéo dài, Phường Ngọc Thụy, Quận Long Biên, Hà Nội","Pickleball","https://thegioithethao.vn/san-sammy-pickleball-park-f-yaBCE","2026-10-04T14:03:44.045Z","190000","190000","","court_unknown_duration","","","price_only","peak_unspecified","1","1","Giá sân giờ vàng: 190.000 đ"
"09d6b5c3f171d0be","VN_0124","NET Sports - 18 Tam Trinh","18 Tam Trinh, Hoàng Mai, Hà Nội (cạnh gara ô tô 199), Hà Nội","Pickleball","Review sân Pickleball NET Sports đẹp và chất lượng tại quận Hoàng Mai, Hà Nội"," 18 Tam Trinh, Phường Mai Động, Quận Hoàng Mai, Hà Nội - ","Pickleball","https://shopvnb.com/san-pickleball-net-sports.html","2026-10-03T08:30:44.309Z","130000","230000","60","court_hour","","","price_range_only","approximate","1","0.7","Giá thuê sân Pickleball NET Sports sẽ dao động từ 130.000đ - 230.000đ/giờ"
"071cf61919e61ebd","VN_0124","NET Sports - 18 Tam Trinh","18 Tam Trinh, Hoàng Mai, Hà Nội (cạnh gara ô tô 199), Hà Nội","Pickleball","2. Sân Pickleball NET Sports"," 18 Tam Trinh, Phường Mai Động, Quận Hoàng Mai, Hà Nội","Pickleball","https://shopvnb.com/san-pickleball-quan-hoang-mai.html","2026-10-03T08:29:51.071Z","130000","230000","60","court_hour","","","price_range_only","approximate","1","0.7","- Giá thuê Tham khảo: 130.000 - 230.000đ/giờ tuỳ theo giờ chơi"
"8b8d09ec1a1c3d50","VN_0126","Pickleball PTC - 658 Nguyễn Khoái","658 Nguyễn Khoái – Hoàng Mai – Hà Nội, Hà Nội","Pickleball","24. Sân Pickleball PTC Hoàng Mai"," 658 Đ. Nguyễn Khoái, P. Hoàng Mai, Hà Nội","Pickleball","https://shopvnb.com/san-pickleball-quan-hoang-mai.html","2026-10-03T08:29:51.071Z","100000","230000","60","court_hour","","","price_range_only","approximate","1","1","- Giá thuê tham khảo: 100.000 - 230.000đ/giờ tuỳ theo giờ chơi"
"f198987057da6f18","VN_0128","Catchy Pickleball Club - 150 phố Tân Khai","Đối diện ngõ 150 phố Tân Khai, quận Hoàng Mai, Hà Nội, Hà Nội","Pickleball","Sân Pickleball Catchy Club","P. Tân Khai, Phường Vĩnh Hưng, Quận Hoàng Mai, Hà Nội","Pickleball","https://thegioithethao.vn/san-pickleball-catchy-club-f-HZvkm","2026-10-04T14:11:21.881Z","100000","220000","","court_unknown_duration","","","price_range_only","approximate","1","0.6363636363636364","Giá sân: 100.000 đ - 220.000 đ"
"4f79d872d593e4d7","VN_0128","Catchy Pickleball Club - 150 phố Tân Khai","Đối diện ngõ 150 phố Tân Khai, quận Hoàng Mai, Hà Nội, Hà Nội","Pickleball","Sân Pickleball Catchy Club","P. Tân Khai, Phường Vĩnh Hưng, Quận Hoàng Mai, Hà Nội","Pickleball","https://thegioithethao.vn/san-pickleball-catchy-club-f-HZvkm","2026-10-04T14:11:21.881Z","220000","220000","","court_unknown_duration","","","price_only","peak_unspecified","1","0.6363636363636364","Giá sân giờ vàng: 220.000 đ"
"421084638019804e","VN_0132","Pickleball Gamuda Sky - Đ. 2.4 Gamuda","Đường 2.4 Gamuda, phường Trần Phú, Hoàng Mai, Hà Nội, Hà Nội","Pickleball","Sân Pickleball Gamuda Sky","Đường 2.4 Gamuda, Phường Trần Phú, Quận Hoàng Mai, Hà Nội","Pickleball","https://thegioithethao.vn/san-pickleball-gamuda-sky-f-nubJP","2026-10-04T14:11:21.992Z","100000","180000","","court_unknown_duration","","","price_range_only","approximate","1","1","Giá sân: 100.000 đ - 180.000 đ"
"aca54ca442dace68","VN_0132","Pickleball Gamuda Sky - Đ. 2.4 Gamuda","Đường 2.4 Gamuda, phường Trần Phú, Hoàng Mai, Hà Nội, Hà Nội","Pickleball","Sân Pickleball Gamuda Sky","Đường 2.4 Gamuda, Phường Trần Phú, Quận Hoàng Mai, Hà Nội","Pickleball","https://thegioithethao.vn/san-pickleball-gamuda-sky-f-nubJP","2026-10-04T14:11:21.992Z","180000","180000","","court_unknown_duration","","","price_only","peak_unspecified","1","1","Giá sân giờ vàng: 180.000 đ"
"a8255b862f242c83","VN_0137","BallBurn Pickle Club & Bistro - 614 Lạc Long Quân","614 Lạc Long Quân, Hà Nội","Pickleball","BALLBURN Pickle Club & Bistro","614 Đ. Lạc Long Quân, Phường Nhật Tân, Quận Tây Hồ, Hà Nội","","https://thegioithethao.vn/ballburn-pickle-club-bistro-f-JW1O0","2026-10-04T14:12:31.857Z","190000","290000","","court_unknown_duration","","","price_range_only","approximate","1","1","Giá sân: 190.000 đ - 290.000 đ"
"1e3843895b2d6f4e","VN_0137","BallBurn Pickle Club & Bistro - 614 Lạc Long Quân","614 Lạc Long Quân, Hà Nội","Pickleball","BALLBURN Pickle Club & Bistro","614 Đ. Lạc Long Quân, Phường Nhật Tân, Quận Tây Hồ, Hà Nội","","https://thegioithethao.vn/ballburn-pickle-club-bistro-f-JW1O0","2026-10-04T14:12:31.857Z","290000","290000","","court_unknown_duration","","","price_only","peak_unspecified","1","1","Giá sân giờ vàng: 290.000 đ"
"f41d6194a86c01fd","VN_0138","DC Pickleball Hub - 71 Trần Nguyên Đán","71 Trần Nguyên Đán, phường Định Công, quận Hoàng Mai, Hà Nội, Hà Nội","Pickleball","DC Pickleball Hub","71 P. Trần Nguyên Đán, Phường Định Công, Quận Hoàng Mai, Hà Nội","Pickleball","https://thegioithethao.vn/dc-pickleball-hub-f-pvwa3","2026-10-04T14:11:18.109Z","120000","200000","","court_unknown_duration","","","price_range_only","approximate","1","1","Giá sân: 120.000 đ - 200.000 đ"
"b6356853a34b2096","VN_0138","DC Pickleball Hub - 71 Trần Nguyên Đán","71 Trần Nguyên Đán, phường Định Công, quận Hoàng Mai, Hà Nội, Hà Nội","Pickleball","DC Pickleball Hub","71 P. Trần Nguyên Đán, Phường Định Công, Quận Hoàng Mai, Hà Nội","Pickleball","https://thegioithethao.vn/dc-pickleball-hub-f-pvwa3","2026-10-04T14:11:18.109Z","200000","200000","","court_unknown_duration","","","price_only","peak_unspecified","1","1","Giá sân giờ vàng: 200.000 đ"
"62f1d0ac0d3074dc","VN_0141","Pickleball Bồ Đề - 237 Phú Viên","237 Phú Viên, Hà Nội","Pickleball","Khám phá sân Pickleball Bồ Đề chất lượng và quy mô lớn tại quận Long Biên, Hà Nội"," 237 Phú Viên, Phường Bồ Đề, Quận Long Biên, Hà Nội - ","Pickleball","https://shopvnb.com/san-pickleball-bo-de.html","2026-10-03T08:26:59.137Z","120000","180000","60","court_hour","","","price_range_only","approximate","1","1","Giá thuê sân Pickleball Bồ Đề sẽ dao động từ 120.000đ - 180.000đ/giờ tuỳ theo giờ chơi"
"3165daad60db439c","VN_0141","Pickleball Bồ Đề - 237 Phú Viên","237 Phú Viên, Hà Nội","Pickleball","Sân Pickleball Bồ Đề","237 P. Phú Viên, Phường Bồ Đề, Quận Long Biên, Hà Nội","Pickleball","https://thegioithethao.vn/san-pickleball-bo-de-f-ZWuKf","2026-10-04T14:12:24.951Z","100000","160000","","court_unknown_duration","","","price_range_only","approximate","1","1","Giá sân: 100.000 đ - 160.000 đ"
"47fde6e066fa043f","VN_0141","Pickleball Bồ Đề - 237 Phú Viên","237 Phú Viên, Hà Nội","Pickleball","Sân Pickleball Bồ Đề","237 P. Phú Viên, Phường Bồ Đề, Quận Long Biên, Hà Nội","Pickleball","https://thegioithethao.vn/san-pickleball-bo-de-f-ZWuKf","2026-10-04T14:12:24.951Z","160000","160000","","court_unknown_duration","","","price_only","peak_unspecified","1","1","Giá sân giờ vàng: 160.000 đ"
"ab48dee8efcdddd5","VN_0143","Pickleball 163 Trần Hòa","163 Trần Hòa, Đại Kim, Hoàng Mai, Hà Nội, Hà Nội","Pickleball","Review sân Pickleball 163 Trần Hoà đẹp, chất lượng và quy mô tại quận Hoàng Mai, Hà Nội"," 163 Trần Hòa, Phường Đại Kim, Quận Hoàng Mai, TP. Hà Nội - ","Pickleball","https://shopvnb.com/san-pickleball-163-tran-hoa.html","2026-10-03T08:28:31.075Z","100000","180000","60","court_hour","","","price_range_only","approximate","1","1","Giá thuê sân Pickleball 163 Trần Hoà sẽ dao động từ 100.000đ - 180.000đ/giờ tuỳ theo giờ chơi"
"04704e20b87fbc73","VN_0143","Pickleball 163 Trần Hòa","163 Trần Hòa, Đại Kim, Hoàng Mai, Hà Nội, Hà Nội","Pickleball","10. Sân Pickleball 163 Trần Hoà"," 163 Trần Hòa, Phường Đại Kim, Quận Hoàng Mai, TP. Hà Nội","Pickleball","https://shopvnb.com/san-pickleball-quan-hoang-mai.html","2026-10-03T08:29:51.071Z","100000","180000","60","court_hour","","","price_range_only","approximate","1","1","- Giá thuê Tham khảo: 100.000 - 180.000đ/giờ tuỳ theo giờ chơi"
"353522a6bbab854c","VN_0145","Taydo Pickleball - P. Yên Sở","Khu X2A, phường Yên Sở, quận Hoàng Mai, Hà Nội, Hà Nội","Pickleball","1. Sân Pickleball Taydo"," Khu X2A, số 48, phố Hưng Thịnh, phường Yên Sở, quận Hoàng Mai, TP. Hà Nội","Pickleball","https://shopvnb.com/san-pickleball-quan-hoang-mai.html","2026-10-03T08:29:51.071Z","160000","190000","60","court_hour","","","price_range_only","approximate","1","1","- Giá thuê Tham khảo: 160.000 - 190.000đ/giờ tuỳ theo giờ chơi"
"35d1778580ddc2c9","VN_0145","Taydo Pickleball - P. Yên Sở","Khu X2A, phường Yên Sở, quận Hoàng Mai, Hà Nội, Hà Nội","Pickleball","Sân Pickleball Taydo","Khu X2A, Ng. 48 P. Hưng Thịnh, Phường Yên Sở, Quận Hoàng Mai, Hà Nội","Pickleball","https://thegioithethao.vn/san-pickleball-taydo-f-hxOgw","2026-10-04T14:11:27.301Z","100000","170000","","court_unknown_duration","","","price_range_only","approximate","1","1","Giá sân: 100.000 đ - 170.000 đ"
"316934ed3feaf8fa","VN_0145","Taydo Pickleball - P. Yên Sở","Khu X2A, phường Yên Sở, quận Hoàng Mai, Hà Nội, Hà Nội","Pickleball","Sân Pickleball Taydo","Khu X2A, Ng. 48 P. Hưng Thịnh, Phường Yên Sở, Quận Hoàng Mai, Hà Nội","Pickleball","https://thegioithethao.vn/san-pickleball-taydo-f-hxOgw","2026-10-04T14:11:27.301Z","170000","170000","","court_unknown_duration","","","price_only","peak_unspecified","1","1","Giá sân giờ vàng: 170.000 đ"
"6a8f5c3cb184050f","VN_0150","SÂN BÓNG HOÀ BÌNH LONG BIÊN","2V9V+VMJ, Hà Nội","Bóng đá","Sân Bóng Hòa Bình- Long Biên","Chân cầu Vĩnh Tuy, Phường Thượng Thanh, Quận Long Biên, Thành phố Hà Nội","Bóng đá","https://diadiem247.com/ha-noi/san-bong-hoa-binh-long-bien-l369266.html","2026-10-03T08:32:09.164Z","300000","800000","","court_unknown_duration","","","price_range_only","approximate","1","0.5","Giá dịch vụ : 300.000 - 800.000 VND"
"eec6c951d66bbd67","VN_0151","Sân bóng Minh Kiệt","XQQ3+525, Dương Nội, Hà Nội","Bóng đá","Sân Bóng Minh Kiệt- Dương Nội","Khu Đô Thị Dương Nội, Quận Hà Đông, Thành phố Hà Nội","Bóng đá","https://diadiem247.com/ha-noi/san-bong-minh-kiet-duong-noi-l369162.html","2026-10-03T08:32:16.387Z","300000","800000","","court_unknown_duration","","","price_range_only","approximate","1","0.6","Giá dịch vụ : 300.000 - 800.000 VND"
"fa199fd023ecfc92","VN_0158","Sân bóng đá hà trì, phường hà cầu, hà đông Hà Nội","Ngã 4 P. Hà Trì, Hà Cầu, Hà Nội","Bóng đá","Sân Bóng Hà Trì- Hà Đông"," Hà Trì, khu 2, Phường Hà Cầu, Quận Hà Đông, Hà Nội","Bóng đá","https://diadiem247.com/ha-noi/san-bong-ha-tri-ha-dong-l369160.html","2026-10-03T08:32:18.270Z","400000","900000","","court_match","","","price_range_only","approximate","1","0.5714285714285714","Giá thuê Sân Bóng Hà Trì- Hà Đông sao động khoảng 400.000đ- 900.000đ/ trận tùy thuộc vào khung giờ thuê sân"
"0e6d3421ad60b0c9","VN_0158","Sân bóng đá hà trì, phường hà cầu, hà đông Hà Nội","Ngã 4 P. Hà Trì, Hà Cầu, Hà Nội","Bóng đá","Sân Bóng Hà Trì- Hà Đông","Hà Trì, khu 2, Phường Hà Cầu, Quận Hà Đông, Thành phố Hà Nội","Bóng đá","https://diadiem247.com/ha-noi/san-bong-ha-tri-ha-dong-l369160.html","2026-10-03T08:32:18.270Z","400000","900000","","court_unknown_duration","","","price_range_only","approximate","1","0.5714285714285714","Giá dịch vụ : 400.000 - 900.000 VND"
"e6f3e85449a166ce","VN_0168","Sân Bóng Dương Nội","Dương Kinh, Hà Nội","Bóng đá","Sân Bóng Minh Kiệt- Dương Nội","Khu Đô Thị Dương Nội, Quận Hà Đông, Thành phố Hà Nội","Bóng đá","https://diadiem247.com/ha-noi/san-bong-minh-kiet-duong-noi-l369162.html","2026-10-03T08:32:16.387Z","300000","800000","","court_unknown_duration","","","price_range_only","approximate","1","0.75","Giá dịch vụ : 300.000 - 800.000 VND"
"afa0fee648487212","VN_0181","Gym One Pickleball","26A Lê Quý Đôn, Phường Võ Thị Sáu, Hồ Chí Minh","Pickleball","Review sân Pickleball Gym One đẹp và chất lượng tại quận 3, TP.HCM"," 26A Lê Quý Đôn, Phường Võ Thị Sáu, Quận 3, TP. Hồ Chí Minh - ","Pickleball","https://shopvnb.com/san-pickleball-gym-one.html","2026-10-03T08:28:45.940Z","175000","240000","60","court_hour","","","price_range_only","approximate","1","1","Giá thuê sân Pickleball Gym One sẽ dao động từ 175.000đ - 240.000đ/giờ tuỳ theo giờ chơi"
"6aa5f95a49c07d34","VN_0184","Nguyễn Du Pickleball - 116 Nguyễn Du","Nhà thi đấu Nguyễn Du, 116 Nguyễn Du, Hồ Chí Minh","Pickleball","5. Sân Pickleball Nguyễn Du"," 116 Nguyễn Du, Phường Bến Thành, Quận 1, Thành phố Hồ Chí Minh","Pickleball","https://shopvnb.com/san-pickleball-quan-1.html","2026-10-03T08:28:47.128Z","150000","300000","60","court_hour","","","price_range_only","approximate","1","0.6666666666666666","- Giá thuê Tham khảo: 150.000đ - 300.000đ/giờ tuỳ theo giờ chơi"
"da2cf1d47ff83d85","VN_0189","The Kitchen Zone Pickleball - Số 6 đường D14","phường Bình Trưng Tây, TP Thủ Đức (Quận 2 - Đảo Kim Cương), TP. HCM, Hồ Chí Minh","Pickleball","Review sân Pickleball The Kitchen Zone chất lượng và xịn xò tại TP. Thủ Đức, TP.HCM"," 32 Đồng Văn Cống, Phường Bình Trưng Tây, TP. Thủ Đức, TP.HCM - ","Pickleball","https://shopvnb.com/san-pickleball-the-kitchen-zone.html","2026-10-03T08:26:56.879Z","150000","260000","60","court_hour","","","price_range_only","approximate","1","0.6666666666666666","Giá thuê sân Pickleball The Kitchen Zone sẽ dao động từ 150.000đ - 260.000đ/giờ tuỳ theo giờ chơi"
"f54ddf24bef12d2d","VN_0189","The Kitchen Zone Pickleball - Số 6 đường D14","phường Bình Trưng Tây, TP Thủ Đức (Quận 2 - Đảo Kim Cương), TP. HCM, Hồ Chí Minh","Pickleball","4. Sân pickleball The Kitchen Zone"," 32 Đồng Văn Cống, Phường Bình Trưng Tây, TP. Thủ Đức, TP.HCM","Pickleball","https://www.alobo.vn/san-pickleball-quan-2/","2026-10-03T08:16:52.092Z","210000","210000","","court_unknown_duration","","","price_only","approximate","1","0.6666666666666666","Giá thuê: 160 – 210k mỗi giờ."
"be5c891846726146","VN_0192","CLB Lan Anh Pickleball - 291 Đ. Cách Mạng Tháng Tám","291 Đ. Cách Mạng Tháng Tám, Hồ Chí Minh","Pickleball","Review Sân Pickleball Lan Anh chất lượng và hiện đại nhất tại quận 10, TP.HCM"," 291 hẻm 285, Cách mạng tháng 8, Phường 12, Quận 10, TP. Hồ Chí Minh - ","Pickleball","https://shopvnb.com/san-pickleball-lan-anh.html","2026-10-03T08:31:22.774Z","150000","200000","60","court_hour","","","price_range_only","approximate","1","0.7777777777777778","Giá thuê sân Pickleball Lan Anh theo ShopVNB tham khảo có mức dao động từ 150k đến 200k/giờ tuỳ vào giờ chơi"
"eea5308e2547dbea","VN_0194","HitPark - 789K Đường số 1","Phường Bình An, TP. Thủ Đức, Thành phố Hồ Chí Minh, Hồ Chí Minh","Pickleball","2. Sân Pickleball Quận 2 – Sân Pickleball HitPark"," 789K Đường số 1, Phường Bình An, Quận 2, Thành phố Hồ Chí Minh","Pickleball","https://www.alobo.vn/san-pickleball-quan-2/","2026-10-03T08:16:52.092Z","120000","240000","","court_unknown_duration","","","price_range_only","approximate","1","0.7272727272727273","Giá thuê: 240k mỗi giờ (hoặc 120k nếu đặt trước 6 giờ chiều)"
"b71af60c90d98f63","VN_0195","D-Joy - 15/1B Lương Định Của","Quận 2, Thành phố Hồ Chí Minh, Hồ Chí Minh","Pickleball","1. Pickleball D-Joy"," 15/1B Lương Định Của, An Khánh, Quận 2, Hồ Chí Minh","Pickleball","https://www.alobo.vn/muc-gia-trung-binh-khi-thue-san-pickleball-o-alobo-la-bao-nhieu/","2026-10-03T08:16:35.743Z","140000","220000","60","court_hour","","","price_range_only","approximate","1","0.7142857142857143","Giá thuê sân Pickleball dao động từ 140.000 đến 220.000đ/giờ, phụ thuộc vào thời điểm thuê"
"0a3587e83c4780db","VN_0195","D-Joy - 15/1B Lương Định Của","Quận 2, Thành phố Hồ Chí Minh, Hồ Chí Minh","Pickleball","2. Pickleball D-Joy"," 15/1B Lương Định Của, An Khánh, Quận 2, Hồ Chí Minh","Pickleball","https://www.alobo.vn/tong-hop-8-san-pickleball-tphcm-chat-luong-nhat/","2026-10-03T08:16:44.665Z","140000","220000","60","court_hour","","","price_range_only","approximate","1","0.7142857142857143","Giá thuê sân: dao động từ 140.000 – 220.000đ/giờ"
"e3412ddc59ebedc9","VN_0200","Hoàng Minh Pickleball - 32 Lê Anh Xuân","32 Lê Anh Xuân, Hồ Chí Minh","Pickleball","4. Sân Pickleball Hoàng Minh"," 34-38 Lê Anh Xuân, Phường Bến Thành, Quận 1, Thành phố Hồ Chí Minh","Pickleball","https://shopvnb.com/san-pickleball-quan-1.html","2026-10-03T08:28:47.128Z","80000","280000","60","court_hour","","","price_range_only","approximate","1","0.8571428571428571","- Giá thuê Tham khảo: 80.000đ - 280.000đ/giờ tuỳ theo giờ chơi"
"e7932c27b7151346","VN_0202","Black Panther Pickleball - 77/40 Đường 77","Hiệp Phú, Quận 9, TP. HCM, Hồ Chí Minh","Pickleball","6. Sân Pickleball Black Panther"," 77/40 Đường 77, Phường Hiệp Phú, Quận 9, TP.HCM.","Pickleball","https://shopvnb.com/san-pickleball-quan-9.html","2026-10-03T08:25:48.596Z","120000","170000","60","court_hour","","","price_range_only","approximate","1","0.6666666666666666","- Giá thuê Tham khảo: 120.000 - 170.000đ/giờ tuỳ theo giờ chơi"
"30639a10d648ad00","VN_0205","Khét Lẹt Pickleball - 313/17 Đ. Phan Huy Ích","313/17 Đ. Phan Huy Ích, Hồ Chí Minh","Pickleball","9. Sân Pickleball Khét Lẹt"," 313/17 Phan Huy Ích, Ward 14, Gò Vấp, Thành phố Hồ Chí Minh","Pickleball","https://shopvnb.com/san-pickleball-go-vap.html","2026-10-03T08:31:20.125Z","80000","160000","60","court_hour","","","price_range_only","approximate","1","0.8888888888888888","- Giá thuê tham khảo: 80.000 - 160.000đ/giờ tùy vào giờ chơi"
"86732c40ef8b9572","VN_0205","Khét Lẹt Pickleball - 313/17 Đ. Phan Huy Ích","313/17 Đ. Phan Huy Ích, Hồ Chí Minh","Pickleball","Tìm hiểu sân Pickleball Khét Lẹt chuẩn quốc tế tại Gò Vấp, TP.HCM"," 313/17 Phan Huy Ích, Ward 14, Gò Vấp, Thành phố Hồ Chí Minh","Pickleball","https://shopvnb.com/san-pickleball-khet-let.html","2026-10-03T08:25:37.364Z","80000","160000","60","court_hour","","","price_range_only","approximate","1","0.8888888888888888","- Giá thuê sân Pickleball Khét Lẹt dao động trong khoảng 80.000 – 160.000đ/giờ, tùy thuộc vào khung giờ thi đấu và hình thức đặt sân (đặt cố định hoặc vãng lai)"
"9d37ae6325922db1","VN_0206","Vinaprint Pickleball - 252 Nguyễn Văn Lượng","252 Nguyễn Văn Lượng, Hồ Chí Minh","Pickleball","8. Sân Pickleball Vinaprint"," 252 Nguyễn Văn Lượng, Phường 17, Quận Gò Vấp, TP.HCM","Pickleball","https://shopvnb.com/san-pickleball-go-vap.html","2026-10-03T08:31:20.125Z","150000","200000","60","court_hour","","","price_range_only","approximate","1","0.5714285714285714","- Giá thuê tham khảo: 150.000 - 200.000đ/giờ tùy vào giờ chơi"
"9529a42e3b70f5b2","VN_0207","Riverside Pickleball - 213/6 đường số 28","213/6 đường số 28, Hồ Chí Minh","Pickleball","6. Sân Pickleball RiverSide"," 213/6 Đường Số 28, Phường 6, Quận Gò Vấp, TP.HCM","Pickleball","https://shopvnb.com/san-pickleball-go-vap.html","2026-10-03T08:31:20.125Z","130000","180000","60","court_hour","","","price_range_only","approximate","1","0.625","- Giá thuê tham khảo: 130.000 - 180.000đ/giờ tùy vào giờ chơi"
"58f9255e9cc96e1b","VN_0208","YOYO Pickleball - 22b Đường 6","22b Đường 6, Hồ Chí Minh","Pickleball","5. Sân Pickleball YOYO"," 22b Đường 6, Phường Trường Thạnh, Quận 9, Thành phố Hồ Chí Minh","Pickleball","https://shopvnb.com/san-pickleball-quan-9.html","2026-10-03T08:25:48.596Z","85000","180000","60","court_hour","","","price_range_only","approximate","1","1","- Giá thuê Tham khảo: 85.000 - 180.000đ/giờ tuỳ theo giờ chơi"
"49c7f1d75ce0b21d","VN_0210","Liber Pickleball - 235/50/31, Đ. Đặng Thuỳ Trâm","235/50/31, Đ. Đặng Thuỳ Trâm, Hồ Chí Minh","Pickleball","1. Sân Pickleball Liber"," 235/50/31 Đặng Thùy Trâm, Phường 13, Quận Bình Thạnh, TP.HCM","Pickleball","https://shopvnb.com/san-pickleball-binh-thanh.html","2026-10-03T08:30:01.864Z","120000","220000","60","court_hour","","","price_range_only","approximate","1","0.6","- Giá thuê Tham khảo: 120.000 - 220.000đ/giờ tuỳ theo giờ chơi"
"30fbf16bf17b4e5d","VN_0212","Playday Pickleball - 722 Điện Biên Phủ","722 Điện Biên Phủ, Hồ Chí Minh","Pickleball","11. Sân Playday Pickleball"," 722 Điện Biên Phủ, Phường 22, Quận Bình Thạnh, TP.HCM","Pickleball","https://shopvnb.com/san-pickleball-binh-thanh.html","2026-10-03T08:30:01.864Z","170000","300000","60","court_hour","","","price_range_only","approximate","1","0.5714285714285714","- Giá thuê Tham khảo: 170.000 - 300.000đ/giờ tuỳ theo giờ chơi"
"3165d47a2f92b4ea","VN_0214","Thanh Đa Pickleball - 186/3 Bình Quới","186/3 Bình Quới, Hồ Chí Minh","Pickleball","13. Sân D-T Pickleball Bình Thạnh"," 67 Bình Lợi, Phường 13, Bình Lợi Trung, Hồ Chí Minh","Pickleball","https://shopvnb.com/san-pickleball-binh-thanh.html","2026-10-03T08:30:01.864Z","100000","200000","60","court_hour","","","price_range_only","approximate","1","0.5714285714285714","- Giá thuê tham khảo: 100.000 - 200.000đ/giờ tuỳ theo giờ chơi"
"038bf9faca295612","VN_0214","Thanh Đa Pickleball - 186/3 Bình Quới","186/3 Bình Quới, Hồ Chí Minh","Pickleball","Review sân Pickleball Thành Thái chất lượng tại quận 10, TP.HCM"," 3/9 Đường Thành Thái, Phường 14, Quận 10, Thành phố Hồ Chí Minh - ","Pickleball","https://shopvnb.com/san-pickleball-thanh-thai.html","2026-10-03T08:31:08.233Z","120000","200000","60","court_hour","","","price_range_only","approximate","1","0.5714285714285714","Giá thuê sân Pickleball Thành Thái sẽ dao động từ 120.000đ - 200.000đ/giờ tuỳ theo giờ chơi"
"dc087d658e6c7e1c","VN_0214","Thanh Đa Pickleball - 186/3 Bình Quới","186/3 Bình Quới, Hồ Chí Minh","Pickleball","Review sân Pickleball Văn Thánh TP.HCM: Giá thuê, tiện ích và trải nghiệm thực tế"," 48/10 Điện Biên Phủ, Bình Thạnh, Hồ Chí Minh","Pickleball","https://shopvnb.com/san-pickleball-van-thanh.html","2026-10-03T08:24:06.013Z","180000","500000","60","court_hour","","","price_range_only","approximate","1","0.5714285714285714","Giá thuê tại Pickleball Văn Thánh dao động khoảng 180.000đ – 500.000đ/giờ tùy vào loại sân và khung giờ đặt sân"
"e5d2370d3ebf8a03","VN_0215","426 pickleball - 16/15 Bình Lợi","16/15 Bình Lợi, Hồ Chí Minh","Pickleball","8. Sân Pickleball 426"," 16/15 Bình Lợi, Phường 13, Quận Bình Thạnh, TP.HCM","Pickleball","https://shopvnb.com/san-pickleball-binh-thanh.html","2026-10-03T08:30:01.864Z","50000","180000","60","court_hour","","","price_range_only","approximate","1","0.5714285714285714","- Giá thuê Tham khảo: 50.000 - 180.000đ/giờ tuỳ theo giờ chơi"
"a26d232c73fe32b0","VN_0218","Sala Pickleball - 860/105, Đ. Xô Viết Nghệ Tĩnh","860/105, Đ. Xô Viết Nghệ Tĩnh, Hồ Chí Minh","Pickleball","6. Sân Pickleball Sala"," 860/105 Xô Viết Nghệ Tĩnh, Phường 25, Quận Bình Thạnh, TP.HCM","Pickleball","https://shopvnb.com/san-pickleball-binh-thanh.html","2026-10-03T08:30:01.864Z","80000","250000","60","court_hour","","","price_range_only","approximate","1","0.6","- Giá thuê Tham khảo: 80.000 - 250.000đ/giờ tuỳ theo giờ chơi"
"e2ca3653375f9f48","VN_0219","LC Thanh Đa - 860/75/1, Đ. Xô Viết Nghệ Tĩnh","860/75/1, Đ. Xô Viết Nghệ Tĩnh, Hồ Chí Minh","Pickleball","5. Sân Pickleball LC Thanh Đa"," 860/75/1 Xô Viết Nghệ Tĩnh, Phường 25, Quận Bình Thạnh, TP.HCM","Pickleball","https://shopvnb.com/san-pickleball-binh-thanh.html","2026-10-03T08:30:01.864Z","150000","220000","60","court_hour","","","price_range_only","approximate","1","0.6363636363636364","- Giá thuê Tham khảo: 150.000 - 220.000đ/giờ tuỳ theo giờ chơi"
"9a77311879fe1dcb","VN_0219","LC Thanh Đa - 860/75/1, Đ. Xô Viết Nghệ Tĩnh","860/75/1, Đ. Xô Viết Nghệ Tĩnh, Hồ Chí Minh","Pickleball","Review sân Pickleball LC Thanh Đa chất lượng tại quận Bình Thạnh, TP.HCM"," 860/75/1 Xô Viết Nghệ Tĩnh, Phường 25, Quận Bình Thạnh, TP.HCM - ","Pickleball","https://shopvnb.com/san-pickleball-lc-thanh-da.html","2026-10-03T08:27:28.730Z","150000","220000","60","court_hour","","","price_range_only","approximate","1","0.6363636363636364","Giá thuê sân Pickleball LC Thanh Đa sẽ dao động từ 150.000đ - 220.000đ/giờ tuỳ theo giừo chơi"
"80e54ea6a66e54df","VN_0220","Thy's Pickleball","818/14 Đ. Xô Viết Nghệ Tĩnh, Phường 25, Bình Thạnh, Hồ Chí Minh, Hồ Chí Minh","Pickleball","7. Sân Thy's Pickleball"," 818/14 Xô Viết Nghệ Tĩnh, Phường 25, Quận Bình Thạnh, TP.HCM","Pickleball","https://shopvnb.com/san-pickleball-binh-thanh.html","2026-10-03T08:30:01.864Z","130000","240000","60","court_hour","","","price_range_only","approximate","1","0.7692307692307693","- Giá thuê Tham khảo: 130.000 - 240.000đ/giờ tuỳ theo giờ chơi"
"c8fd71fa3860699b","VN_0225","Pickleball Nhà Mình - 496/72 Dương Quảng Hàm","496/72 Dương Quảng Hàm, Hồ Chí Minh","Pickleball","2. Sân Pickleball Nhà Mình"," 496/72 Dương Quảng Hàm, Phường 6, Quận Gò Vấp, TP Hồ Chí Minh","Pickleball","https://shopvnb.com/san-pickleball-go-vap.html","2026-10-03T08:31:20.125Z","130000","180000","60","court_hour","","","price_range_only","approximate","1","1","- Giá thuê tham khảo: 130.000 - 180.000đ/giờ tùy vào giờ chơi"
"1240d12012137439","VN_0227","The Drop Zone Pickleball - 105/14 Bình Quới","105/14 Bình Quới, Hồ Chí Minh","Pickleball","10. Sân Pickleball The Drop Zone"," 105/14 Bình Quới, Phường 27, Quận Bình Thạnh, TP.HCM","Pickleball","https://shopvnb.com/san-pickleball-binh-thanh.html","2026-10-03T08:30:01.864Z","90000","230000","60","court_hour","","","price_range_only","approximate","1","0.5714285714285714","- Giá thuê Tham khảo: 90.000 - 230.000đ/giờ tuỳ theo giờ chơi"
"74a246947e7027ff","VN_0227","The Drop Zone Pickleball - 105/14 Bình Quới","105/14 Bình Quới, Hồ Chí Minh","Pickleball","Khám phá sân Pickleball The Drop Zone đẹp, xịn xò và chất lượng tại quận Bình Thạnh, TP.HCM"," 105/14 Bình Quới, Phường 27, Quận Bình Thạnh, TP.HCM - ","Pickleball","https://shopvnb.com/san-pickleball-the-drop-zone.html","2026-10-03T08:26:01.006Z","90000","230000","60","court_hour","","","price_range_only","approximate","1","0.5714285714285714","Giá thuê sân Pickleball The Drop Zone sẽ dao động từ 90.000đ - 230.000đ/giờ tuỳ theo giờ chơi"
"8dba2983bc83a9a4","VN_0233","Ninja Turtles - 29 Đường 12","29 Đường 12, Hồ Chí Minh","Pickleball","Khám phá sân Pickleball Ninja Turtles chất lượng, xịn xò và quy mô lớn tại TP. Thủ Đức, TP.HCM"," 29 Đường số 12, Khu phố 2, Phường Hiệp Bình Phước, TP. Thủ Đức, TP.HCM - ","Pickleball","https://shopvnb.com/san-pickleball-ninja-turtles.html","2026-10-03T08:28:40.257Z","120000","220000","60","court_hour","","","price_range_only","approximate","1","0.5","Giá thuê sân Pickleball Ninja Turtles sẽ dao động từ 120.000đ - 220.000đ/giờ tuỳ theo giờ chơi"
"9690e4c45d58634d","VN_0234","Pickleball Warehouse Gò vấp - 747 Quang Trung","747 Quang Trung, Hồ Chí Minh","Pickleball","3. Sân Pickleball Warehouse Gò Vấp"," 747 Quang Trung, Phường 8, Quận Gò Vấp, TP.HCM","Pickleball","https://shopvnb.com/san-pickleball-go-vap.html","2026-10-03T08:31:20.125Z","100000","200000","60","court_hour","","","price_range_only","approximate","1","0.5","- Giá thuê tham khảo: 100.000 - 200.000đ/giờ tùy vào giờ chơi"
"f4646a818974e320","VN_0234","Pickleball Warehouse Gò vấp - 747 Quang Trung","747 Quang Trung, Hồ Chí Minh","Pickleball","Review sân Pickleball Warehouse Gò Vấp chất lượng đáng để trải nghiệm tại quận Gò Vấp, TP.HCM"," 747 Quang Trung, Phường 8, Quận Gò Vấp, TP.HCM - ","Pickleball","https://shopvnb.com/san-pickleball-warehouse-go-vap.html","2026-10-03T08:30:28.522Z","100000","200000","60","court_hour","","","price_range_only","approximate","1","0.5","Giá thuê sân Pickleball Warehouse Gò Vấp sẽ dao động từ 100.000đ - 200.000đ/giờ tuỳ theo giờ chơi"
"5021e5f3c1a41e2f","VN_0236","89 gò vấp pickleball - 221/1 Phan Huy Ích","221/1 Phan Huy Ích, Hồ Chí Minh","Pickleball","Khám phá sân Pickleball 89 Gò Vấp đẹp và chất lượng tại quận Gò Vấp, TP.HCM"," 221/1 Phan Huy Ích, Phường 14, Quận Gò Vấp, TP.HCM - ","Pickleball","https://shopvnb.com/san-pickleball-89-go-vap.html","2026-10-03T08:27:10.996Z","130000","190000","60","court_hour","","","price_range_only","approximate","1","0.625","Giá thuê sân Pickleball 89 Gò Vấp sẽ dao động từ 130.000đ - 190.000đ/giờ tuỳ theo giờ chơi"
"5fc87c031e776a98","VN_0236","89 gò vấp pickleball - 221/1 Phan Huy Ích","221/1 Phan Huy Ích, Hồ Chí Minh","Pickleball","5. Sân Pickleball 89 Gò Vấp"," 221/1 Phan Huy Ích, Phường 14, Quận Gò Vấp, TP.HCM","Pickleball","https://shopvnb.com/san-pickleball-go-vap.html","2026-10-03T08:31:20.125Z","130000","190000","60","court_hour","","","price_range_only","approximate","1","0.625","- Giá thuê tham khảo: 130.000 - 190.000đ/giờ tùy vào giờ chơi"
"4b6b24f947cb6f6c","VN_0242","Piko House - 46 Bùi Tư Toàn","46 Bùi Tư Toàn, Hồ Chí Minh","Pickleball","9. Sân Pickleball Piko House"," 46 Bùi Tư Toàn, Phường An Lạc, Quận Bình Tân, TP.HCM","Pickleball","https://shopvnb.com/san-pickleball-binh-tan.html","2026-10-03T08:29:47.514Z","130000","230000","60","court_hour","","","price_range_only","approximate","1","0.5714285714285714","- Giá thuê Tham khảo: 130.000 - 230.000đ/giờ tuỳ theo giờ chơi"
"d7f19c7bc94a33e1","VN_0242","Piko House - 46 Bùi Tư Toàn","46 Bùi Tư Toàn, Hồ Chí Minh","Pickleball","Khám phá sân Pickleball Piko House chất lượng và xịn xò tại quận Bình Tân, TP.HCM"," 46 Bùi Tư Toàn, Phường An Lạc, Quận Bình Tân, TP.HCM - ","Pickleball","https://shopvnb.com/san-pickleball-piko-house.html","2026-10-03T08:26:18.814Z","130000","230000","60","court_hour","","","price_range_only","approximate","1","0.5714285714285714","Giá thuê sân Pickleball Piko House sẽ dao động từ 130.000đ - 230.000đ/giờ tuỳ theo giờ chơi"
"224410b6cbad8189","VN_0243","Pickle Bounce Pickleball - 306/5 Vườn Lài","306/5 Vườn Lài, Hồ Chí Minh","Pickleball","Review sân Pickleball Pickle Bounce xịn xò và uy tín tại quận 12, TP.HCM"," 306/5 Vườn Lài, An Phú Đông, Quận 12, Thành phố Hồ Chí Minh","Pickleball","https://shopvnb.com/san-pickleball-pickle-bounce.html","2026-10-03T08:25:02.495Z","150000","250000","60","court_hour","","","price_range_only","approximate","1","1","Giá thuê sân Pickleball Pickle Bounce dao động từ 150.000đ đến 250.000đ/giờ, tùy theo khung giờ và ngày trong tuần"
"01e3446fe8474c74","VN_0248","Swin Pickleball - 218a thành thái","218a thành thái, Hồ Chí Minh","Pickleball","1. SWIN Pickleball Quận 10"," 218a Thành Thái, quận 10, thành phố Hồ Chí Minh","Pickleball","https://www.alobo.vn/tong-hop-8-san-pickleball-tphcm-chat-luong-nhat/","2026-10-03T08:16:44.665Z","150000","350000","60","court_hour","","","price_range_only","approximate","1","1","Giá dao động: 150.000 – 350.000 VNĐ/h"
"050ba597b65b3d7e","VN_0251","TS Sports Club Pickleball - 15 Đào Duy Anh","15 Đào Duy Anh, Hồ Chí Minh","Pickleball","Khám phá sân Pickleball TS Sports hiện đại và chất lượng tại quận Phú Nhuận, TP.HCM"," 15 Đào Duy Anh, Phường 9, Quận Phú Nhuận, TP.HCM - ","Pickleball","https://shopvnb.com/san-pickleball-ts-sports.html","2026-10-03T08:28:26.536Z","250000","400000","60","court_hour","","","price_range_only","approximate","1","0.5714285714285714","Giá thuê sân Pickleball TS Sports sẽ dao động từ 250.000đ - 400.000đ/giờ tuỳ theo giờ chơi"
"1b0c20cb05f94445","VN_0255","Pickoball Saigon Club - 265 Đ. An Dương Vương","265 Đ. An Dương Vương, Hồ Chí Minh","Pickleball","1. Sân Pickleball Pickoball Saigon"," 265 An Dương Vương, Phường An Lạc, Quận Bình Tân, TP.HCM","Pickleball","https://shopvnb.com/san-pickleball-binh-tan.html","2026-10-03T08:29:47.514Z","130000","230000","60","court_hour","","","price_range_only","approximate","1","0.5","- Giá thuê Tham khảo: 130.000 - 230.000đ/giờ tuỳ theo giờ chơi"
"dae556c78a3aafcf","VN_0261","Dương Ngọc Thành Pickleball","Số 10A, đường Tân Thới Nhất 17, Hồ Chí Minh","Pickleball","Review sân Pickleball Dương Ngọc Thành uy tín và chất lượng tại quận 12, TP.HCM"," 10A Tân Thới Nhất 17, Phường Tân Thới Nhất, Quận 12, TP.HCM - ","Pickleball","https://shopvnb.com/san-pickleball-duong-ngoc-thanh.html","2026-10-03T08:26:43.305Z","70000","140000","60","court_hour","","","price_range_only","approximate","1","0.5","Giá thuê sân Pickleball Dương Ngọc Thành sẽ dao động từ 70.000đ - 140.000đ/giờ tuỳ theo giờ chơi"
"6131fce547649179","VN_0264","Sky Pickleball -","18D Cộng Hòa, Hồ Chí Minh","Pickleball","10. Sân Pickleball Sky"," 18D Cộng Hòa, Phường 4, Tân Bình, Thành phố Hồ Chí Minh","Pickleball","https://shopvnb.com/san-pickleball-tan-binh.html","2026-10-03T08:29:46.387Z","140000","230000","60","court_hour","","","price_range_only","approximate","1","1","- Giá thuê Tham khảo: 140.000 - 230.000đ/giờ"
"bef2fcfe020c373a","VN_0267","POC Pickleball - 25 Tú Xương","25 Tú Xương, Hồ Chí Minh","Pickleball","4. Sân Pickleball POC"," 25 Tú Xương, Phường Tăng Nhơn Phú B, Quận 9, Thành phố Hồ Chí Minh","Pickleball","https://shopvnb.com/san-pickleball-quan-9.html","2026-10-03T08:25:48.596Z","120000","220000","60","court_hour","","","price_range_only","approximate","1","1","- Giá thuê Tham khảo: 120.000 - 220.000đ/giờ tuỳ theo giờ chơi"
"5987f4969ff50a73","VN_0276","Sân Bóng Đá Sport One","C12/5 Phạm Hùng, Bình Hưng, Bình Chánh, Hồ Chí Minh","Bóng đá","Sân bóng đá Sport One","C12 Đường Phạm Hùng, Ấp 5, Xã Bình Hưng, Huyện Bình Chánh, Hồ Chí Minh","Bóng đá","https://thegioithethao.vn/san-bong-da-sport-one-f-NZyKQ","2026-10-04T14:13:21.299Z","200000","300000","","court_unknown_duration","","","price_range_only","approximate","1","1","Giá sân: 200.000 đ - 300.000 đ"
"2f05f2a3ef3c4015","VN_0276","Sân Bóng Đá Sport One","C12/5 Phạm Hùng, Bình Hưng, Bình Chánh, Hồ Chí Minh","Bóng đá","Sân bóng đá Sport One","C12 Đường Phạm Hùng, Ấp 5, Xã Bình Hưng, Huyện Bình Chánh, Hồ Chí Minh","Bóng đá","https://thegioithethao.vn/san-bong-da-sport-one-f-NZyKQ","2026-10-04T14:13:21.299Z","300000","300000","","court_unknown_duration","","","price_only","peak_unspecified","1","1","Giá sân giờ vàng: 300.000 đ"
"5e0c22cbf7a4fccf","VN_0281","Dinker Pickleball Club - Quận 7","2-4 Đ. số 9, Khu đô thị Him Lam, Hồ Chí Minh","Pickleball","13. Sân Pickleball The Dinker Club"," 02 - 04 Đường Số 9, Khu đô thị Him Lam, Phường Tân Hưng, Quận 7, TP.HCM","Pickleball","https://shopvnb.com/san-pickleball-quan-7.html","2026-10-03T08:31:59.912Z","250000","350000","60","court_hour","","","price_range_only","approximate","1","0.5384615384615384","- Giá thuê Tham khảo: 250.000đ - 350.000đ/giờ tuỳ vào giờ chơi"
"bd7023df638f6681","VN_0283","Sân Bóng Đá Tân Tạo","109 Võ Trần Chí, Tân Tạo A, Bình Tân, Hồ Chí Minh, Hồ Chí Minh","Bóng đá","Sân Bóng An Lạc Quận Bình Tân","34B Lê Đình Dương, Phường  An Lạc, Quận Bình Tân, Thành phố Hồ Chí Minh","Bóng đá","https://diadiem247.com/tp-ho-chi-minh/san-bong-an-lac-quan-binh-tan-l371035.html","2026-10-03T08:30:31.253Z","250000","400000","","court_unknown_duration","","","price_range_only","approximate","1","0.5","Giá dịch vụ : 250.000 - 400.000 VND"
"29fb295476796fe4","VN_0283","Sân Bóng Đá Tân Tạo","109 Võ Trần Chí, Tân Tạo A, Bình Tân, Hồ Chí Minh, Hồ Chí Minh","Bóng đá","Sân Bóng Cỏ Nhân Tạo Hoàng Gia- Tân Bình","Số 4 Trường Chinh, Phường 15, Quận Tân Bình, Thành phố Hồ Chí Minh","Bóng đá","https://diadiem247.com/tp-ho-chi-minh/san-bong-co-nhan-tao-hoang-gia-tan-binh-l369708.html","2026-10-03T08:31:47.516Z","300000","800000","","court_unknown_duration","","","price_range_only","approximate","1","0.5","Giá dịch vụ : 300.000 - 800.000 VND"
"29b7edb673acae39","VN_0283","Sân Bóng Đá Tân Tạo","109 Võ Trần Chí, Tân Tạo A, Bình Tân, Hồ Chí Minh, Hồ Chí Minh","Bóng đá","Sân Bóng Đá Mini Thăng Long- Tân Bình","Số 2 Phan Thúc Duyện, Phường 4, Quận Tân Bình, Thành phố Hồ Chí Minh","Bóng đá","https://diadiem247.com/tp-ho-chi-minh/san-bong-da-mini-thang-long-tan-binh-l369710.html","2026-10-03T08:31:46.537Z","300000","800000","","court_unknown_duration","","","price_range_only","approximate","1","0.5","Giá dịch vụ : 300.000 - 800.000 VND"
"f4cc5f7832d20115","VN_0283","Sân Bóng Đá Tân Tạo","109 Võ Trần Chí, Tân Tạo A, Bình Tân, Hồ Chí Minh, Hồ Chí Minh","Bóng đá","Sân Bóng Huỳnh Đức Quận Bình Tân","Số 55 Tân Hòa Đông, Phường Bình Trị Đông, Quận Bình Tân, Thành phố Hồ Chí Minh","Bóng đá","https://diadiem247.com/tp-ho-chi-minh/san-bong-huynh-duc-quan-binh-tan-l371064.html","2026-10-03T08:30:30.331Z","300000","450000","","court_unknown_duration","","","price_range_only","approximate","1","0.5","Giá dịch vụ : 300.000 - 450.000 VND"
"8d14c6662217088e","VN_0297","Sân Tân Sơn","RMF3+QHF, Phường 15, Hồ Chí Minh","Cầu lông","Khám phá sân cầu lông Tân Sơn chi nhánh 2, thông tin về giờ giấc hoạt động một cách chi tiết nhất"," 717 Đ. Tân Sơn, Phường 15, Gò Vấp, Hồ Chí Minh","Cầu lông","https://shopvnb.com/san-cau-long-tan-son-chi-nhanh-2.html","2026-10-03T08:30:30.614Z","80000","110000","60","court_hour","","","price_range_only","approximate","1","0.7142857142857143","- Giá thuê sân cầu lông Tân Sơn chi nhánh 2 có giá tham khảo từ 80.000đ - 110.000đ/h"
"0236372fd44f212a","VN_0297","Sân Tân Sơn","RMF3+QHF, Phường 15, Hồ Chí Minh","Cầu lông","Sân cầu lông Tân Sơn, sân đánh cầu lông yêu thích tại Tân Bình"," 698 Đ. Trường Chinh, Phường 15, Tân Bình, Hồ Chí Minh","Cầu lông","https://shopvnb.com/san-cau-long-tan-son.html","2026-10-03T08:32:59.663Z","50000","90000","60","court_hour","","","price_range_only","approximate","1","0.7142857142857143","- Giá thuê sân cầu lông Tân Sơn có giá tham khảo từ 50.000đ - 90.000đ/h"
"2f1a3d2e0d40f6e9","VN_0298","Sân bóng đá Thạch Đà","Chợ tạm Thạch Đà, Số 34 đường 59, Tổ 2 KP6, Phường 14, Hồ Chí Minh","Bóng đá","Sân Bóng Thạch Đà- Quận Gò Vấp"," Số 34 đường 59, Tổ 2, Khu phố 6, Phường 14, Quận Gò Vấp, Thành phố Hồ Chí Minh","Bóng đá","https://diadiem247.com/tp-ho-chi-minh/san-bong-thach-da-quan-go-vap-l370777.html","2026-10-03T08:31:13.713Z","180000","350000","","court_match","","","price_range_only","approximate","1","0.6875","Giá thuê Sân Bóng Thạch Đà- Quận Gò Vấp là 180.000 – 350.000/ trận, tùy thuộc vào khung giờ thuê sân."
"9b0c12781047adce","VN_0298","Sân bóng đá Thạch Đà","Chợ tạm Thạch Đà, Số 34 đường 59, Tổ 2 KP6, Phường 14, Hồ Chí Minh","Bóng đá","Sân Bóng Thạch Đà- Quận Gò Vấp","Số 34 đường 59, Phường 14, Quận Gò Vấp, Thành phố Hồ Chí Minh","Bóng đá","https://diadiem247.com/tp-ho-chi-minh/san-bong-thach-da-quan-go-vap-l370777.html","2026-10-03T08:31:13.713Z","150000","350000","","court_unknown_duration","","","price_range_only","approximate","1","0.6428571428571429","Giá dịch vụ : 150.000 - 350.000 VND"
"d0faa33d38b345ae","VN_0301","Sân Bóng Đá phương Nam 2","Hẻm 158 Phạm Văn Chiêu, Phường 9, Hồ Chí Minh","Bóng đá","Sân Bóng Phương Nam 2- Quận Gò Vấp"," Hẻm 158 Phạm Văn Chiêu, Phường 9, Quận Gò Vấp, Thành phố Hồ Chí Minh","Bóng đá","https://diadiem247.com/tp-ho-chi-minh/san-bong-phuong-nam-2-quan-go-vap-l370775.html","2026-10-03T08:31:14.626Z","170000","330000","","court_match","","","price_range_only","approximate","1","1","Giá thuê Sân Bóng Phương Nam 2 dao động từ 170.000 – 330.000/ trận, tùy thuộc vào khung giờ thuê sân"
"b60835bcc01c7c9c","VN_0301","Sân Bóng Đá phương Nam 2","Hẻm 158 Phạm Văn Chiêu, Phường 9, Hồ Chí Minh","Bóng đá","Sân Bóng Phương Nam 2- Quận Gò Vấp","Hẻm 158 Phạm Văn Chiêu, Phường 9, Quận Gò Vấp, Thành phố Hồ Chí Minh","Bóng đá","https://diadiem247.com/tp-ho-chi-minh/san-bong-phuong-nam-2-quan-go-vap-l370775.html","2026-10-03T08:31:14.626Z","170000","330000","","court_unknown_duration","","","price_range_only","approximate","1","1","Giá dịch vụ : 170.000 - 330.000 VND"
"9f14ebdf75685197","VN_0312","công ty TNHH sân cỏ nhân tạo Kinh Đô","110 Đường Số 4, khu phố 6, Hồ Chí Minh","Cầu lông","Sân Bóng Đá Cầu Đỏ","516 Đường Phạm Văn Đồng, Phường 13, Quận Bình Thạnh, Thành phố Hồ Chí Minh","Bóng đá","https://diadiem247.com/tp-ho-chi-minh/san-bong-da-cau-do-l370822.html","2026-10-03T08:31:03.498Z","170000","360000","","court_unknown_duration","","","price_range_only","approximate","1","0.5","Giá dịch vụ : 170.000 - 360.000 VND"
"db696f688fec2d3e","VN_0352","Sân Bóng Trí Nguyễn","Đ.Thạnh Xuân 14, Thạnh Xuân, Hồ Chí Minh","Bóng đá","Sân Bóng Hồ Bơi Nguyễn Tri Phương"," 27 Đồng Nai, Phường 15, Quận 10, Thành phố Hồ Chí Minh","Bóng đá","https://diadiem247.com/tp-ho-chi-minh/san-bong-ho-boi-nguyen-tri-phuong-l370906.html","2026-10-03T08:30:53.134Z","250000","400000","","court_match","","","price_range_only","approximate","1","0.5714285714285714","Giá thuê sân bóng Nguyễn Tri Phương dao động từ 250.000đ - 400.000đ/ trận, tùy từng khung giờ."
"b93cedcf2ec4a325","VN_0352","Sân Bóng Trí Nguyễn","Đ.Thạnh Xuân 14, Thạnh Xuân, Hồ Chí Minh","Bóng đá","Sân Bóng Hồ Bơi Nguyễn Tri Phương","27 Đồng Nai, Phường 15, Quận 10, Thành phố Hồ Chí Minh","Bóng đá","https://diadiem247.com/tp-ho-chi-minh/san-bong-ho-boi-nguyen-tri-phuong-l370906.html","2026-10-03T08:30:53.134Z","250000","400000","","court_unknown_duration","","","price_range_only","approximate","1","0.5714285714285714","Giá dịch vụ : 250.000 - 400.000 VND"
"64d529777700a801","VN_0356","Sân Bưu Điện","50B Nguyễn Du, Thạch Thang, Đà Nẵng","Cầu lông","Tìm hiểu sân cầu lông Bưu Điện Đà Nẵng chi tiết về quy mô, chất lượng và dịch vụ"," Sân Bưu Điện, 50B Nguyễn Du, Hải Châu, Đà Nẵng","Cầu lông","https://shopvnb.com/san-cau-long-buu-dien-da-nang.html","2026-10-03T08:23:26.387Z","70000","100000","60","court_hour","","","price_range_only","approximate","1","0.7142857142857143","Giá thuê sân cầu lông Bưu Điện Đà Nẵng dao động khoảng 70.000 – 100.000 VNĐ/giờ, tùy vào từng khung giờ trong ngày"
"fc5cdcd31cc2cae1","VN_0357","Sông Hàn Pickleball - 17 Lê Duẩn","17 Lê Duẩn, Đà Nẵng","Pickleball","Review sân Pickleball Sông Hàn chất lượng và xịn xò tại quận Hải Châu, TP. Đà Nẵng"," 17 Lê Duẩn, Phường Hải Châu, Quận Hải Châu, TP. Đà Nẵng - ","Pickleball","https://shopvnb.com/san-pickleball-song-han.html","2026-10-03T08:28:07.996Z","60000","180000","60","court_hour","","","price_range_only","approximate","1","1","Giá thuê sân Pickleball Sông Hàn sẽ dao động từ 60.000đ - 180.000đ/giờ tuỳ theo giờ chơi"
"4a8db5516483be40","VN_0357","Sông Hàn Pickleball - 17 Lê Duẩn","17 Lê Duẩn, Đà Nẵng","Pickleball","Sân Pickleball Sông Hàn","17 Đ. Lê Duẩn, Phường Hải Châu, Quận Hải Châu, Đà Nẵng","Pickleball","https://thegioithethao.vn/san-pickleball-song-han-f-zrCVv","2026-10-04T14:12:58.131Z","140000","180000","","court_unknown_duration","","","price_range_only","approximate","1","1","Giá sân: 140.000 đ - 180.000 đ"
"43946399b16838c1","VN_0357","Sông Hàn Pickleball - 17 Lê Duẩn","17 Lê Duẩn, Đà Nẵng","Pickleball","Sân Pickleball Sông Hàn","17 Đ. Lê Duẩn, Phường Hải Châu, Quận Hải Châu, Đà Nẵng","Pickleball","https://thegioithethao.vn/san-pickleball-song-han-f-zrCVv","2026-10-04T14:12:58.131Z","180000","180000","","court_unknown_duration","","","price_only","peak_unspecified","1","1","Giá sân giờ vàng: 180.000 đ"
"e02dcff3b35135d5","VN_0359","Pickleball Đà Nẵng Unity - 271 Nguyễn Văn Linh","271 Nguyễn Văn Linh, Đà Nẵng","Pickleball","Review sân Pickleball Da Nang Unity chất lượng đáng để chơi tại TP. Đà Nẵng"," 271 Nguyễn Văn Linh, Hải Châu, Đà Nẵng - ","Pickleball","https://shopvnb.com/san-pickleball-da-nang-unity.html","2026-10-03T08:31:03.707Z","100000","150000","60","court_hour","","","price_range_only","approximate","1","1","Giá thuê sân Pickleball Da Nang Unity theo tham khảo sẽ dao động từ 100.000đ - 150.000đ/giờ tuỳ theo giờ chơi"
"55604aad491f0f22","VN_0360","Miami Pickleball - 73-75 Nguyễn Đình Thi","73-75 Nguyễn Đình Thi, Đà Nẵng","Pickleball","Sân Pickleball Miami - Đà Nẵng","75 Nguyễn Đình Thi, Phường Hòa Xuân, Quận Cẩm Lệ, Đà Nẵng","Pickleball","https://thegioithethao.vn/san-pickleball-miami-da-nang-f-2zoZ9","2026-10-04T14:13:00.964Z","90000","140000","","court_unknown_duration","","","price_range_only","approximate","1","0.8571428571428571","Giá sân: 90.000 đ - 140.000 đ"
"974f8432bcf0862c","VN_0360","Miami Pickleball - 73-75 Nguyễn Đình Thi","73-75 Nguyễn Đình Thi, Đà Nẵng","Pickleball","Sân Pickleball Miami - Đà Nẵng","75 Nguyễn Đình Thi, Phường Hòa Xuân, Quận Cẩm Lệ, Đà Nẵng","Pickleball","https://thegioithethao.vn/san-pickleball-miami-da-nang-f-2zoZ9","2026-10-04T14:13:00.964Z","140000","140000","","court_unknown_duration","","","price_only","peak_unspecified","1","0.8571428571428571","Giá sân giờ vàng: 140.000 đ"
"326e996dfb75a819","VN_0361","Fairplay Pickleball - 239 Diên Hồng, ngã tư Diên Hồng và 29/3","239 Diên Hồng, ngã tư Diên Hồng và 29/3, Đà Nẵng","Pickleball","Sân PickleBall FairPlay","239 Diên Hồng, Phường Hòa Xuân, Quận Cẩm Lệ, Đà Nẵng","Pickleball","https://thegioithethao.vn/san-pickleball-fairplay-f-ymWYx","2026-10-04T14:12:58.163Z","120000","160000","","court_unknown_duration","","","price_range_only","approximate","1","0.5","Giá sân: 120.000 đ - 160.000 đ"
"5f8044a79a97c66f","VN_0361","Fairplay Pickleball - 239 Diên Hồng, ngã tư Diên Hồng và 29/3","239 Diên Hồng, ngã tư Diên Hồng và 29/3, Đà Nẵng","Pickleball","Sân PickleBall FairPlay","239 Diên Hồng, Phường Hòa Xuân, Quận Cẩm Lệ, Đà Nẵng","Pickleball","https://thegioithethao.vn/san-pickleball-fairplay-f-ymWYx","2026-10-04T14:12:58.163Z","160000","160000","","court_unknown_duration","","","price_only","peak_unspecified","1","0.5","Giá sân giờ vàng: 160.000 đ"
"5a860e6b0678840f","VN_0363","Tuấn Nhàn Pickleball - 27 Vũ Trọng Hoàng","27 Vũ Trọng Hoàng, Đà Nẵng","Pickleball","Sân Pickleball Tuấn Nhàn","27 Đ. Vũ Trọng Hoàng, Phường Hòa An, Quận Cẩm Lệ, Đà Nẵng","Pickleball","https://thegioithethao.vn/san-pickleball-tuan-nhan-f-cxACs","2026-10-04T14:12:47.073Z","120000","150000","","court_unknown_duration","","","price_range_only","approximate","1","1","Giá sân: 120.000 đ - 150.000 đ"
"14ed92947649c214","VN_0363","Tuấn Nhàn Pickleball - 27 Vũ Trọng Hoàng","27 Vũ Trọng Hoàng, Đà Nẵng","Pickleball","Sân Pickleball Tuấn Nhàn","27 Đ. Vũ Trọng Hoàng, Phường Hòa An, Quận Cẩm Lệ, Đà Nẵng","Pickleball","https://thegioithethao.vn/san-pickleball-tuan-nhan-f-cxACs","2026-10-04T14:12:47.073Z","150000","150000","","court_unknown_duration","","","price_only","peak_unspecified","1","1","Giá sân giờ vàng: 150.000 đ"
"6c084a014fa248d2","VN_0364","Nam Hải Vân Sport Pickleball - 01 Đỗ Đăng Tuyển","01 Đỗ Đăng Tuyển, Đà Nẵng","Pickleball","Nam Hải Vân Sport","1 Đỗ Đăng Tuyển, Phường Khuê Trung, Quận Cẩm Lệ, Đà Nẵng","","https://thegioithethao.vn/nam-hai-van-sport-f-vz8Ue","2026-10-04T14:13:10.958Z","120000","180000","","court_unknown_duration","","","price_range_only","approximate","1","0.8333333333333334","Giá sân: 120.000 đ - 180.000 đ"
"ddab66b5aab7f71e","VN_0364","Nam Hải Vân Sport Pickleball - 01 Đỗ Đăng Tuyển","01 Đỗ Đăng Tuyển, Đà Nẵng","Pickleball","Nam Hải Vân Sport","1 Đỗ Đăng Tuyển, Phường Khuê Trung, Quận Cẩm Lệ, Đà Nẵng","","https://thegioithethao.vn/nam-hai-van-sport-f-vz8Ue","2026-10-04T14:13:10.958Z","180000","180000","","court_unknown_duration","","","price_only","peak_unspecified","1","0.8333333333333334","Giá sân giờ vàng: 180.000 đ"
"00c9c0410e0ef5af","VN_0365","Ngũ Hành Sơn Pickleball - 03 Sơn Thủy 11","03 Sơn Thủy 11, Đà Nẵng","Pickleball","Review sân Pickleball Picklehead My Khe Beach chất lượng và xịn xò tại quận Ngũ Hành Sơn, TP. Đà Nẵng"," 84 Chế Lan Viên, Phường Bắc Mỹ An, Quận Ngũ Hành Sơn, TP. Đà Nẵng - ","Pickleball","https://shopvnb.com/san-pickleball-picklehead-my-khe-beach.html","2026-10-03T08:29:06.796Z","90000","180000","60","court_hour","","","price_range_only","approximate","1","0.5","Giá thuê sân Pickleball Picklehead My Khe Beach sẽ dao động từ 90.000đ - 180.000đ/giờ tuỳ theo giờ chơi"
"2581ee3739c7975f","VN_0365","Ngũ Hành Sơn Pickleball - 03 Sơn Thủy 11","03 Sơn Thủy 11, Đà Nẵng","Pickleball","Review sân Pickleball Thép Việt đẹp và chất lượng tại quận Ngũ Hành Sơn, Đà Nẵng"," 117 Nghiêm Xuân Yêm, Khuê Mỹ, Ngũ Hành Sơn, Đà Nẵng - ","Pickleball","https://shopvnb.com/san-pickleball-thep-viet.html","2026-10-03T08:31:00.271Z","90000","160000","60","court_hour","","","price_range_only","approximate","1","0.5","Giá thuê sân Pickleball Thép Việt sẽ dao động từ 90.000đ - 160.000đ/giờ tuỳ theo giờ chơi"
"9cfd53bf5af2d713","VN_0365","Ngũ Hành Sơn Pickleball - 03 Sơn Thủy 11","03 Sơn Thủy 11, Đà Nẵng","Pickleball","Ngu Hanh Son Pickleball","3 Sơn Thủy 11, Phường Hoà Hải, Quận Ngũ Hành Sơn, Đà Nẵng","Pickleball","https://thegioithethao.vn/ngu-hanh-son-pickleball-f-XhMAk","2026-10-04T14:13:03.737Z","100000","120000","","court_unknown_duration","","","price_range_only","approximate","1","0.8333333333333334","Giá sân: 100.000 đ - 120.000 đ"
"191dae25db94beef","VN_0365","Ngũ Hành Sơn Pickleball - 03 Sơn Thủy 11","03 Sơn Thủy 11, Đà Nẵng","Pickleball","Ngu Hanh Son Pickleball","3 Sơn Thủy 11, Phường Hoà Hải, Quận Ngũ Hành Sơn, Đà Nẵng","Pickleball","https://thegioithethao.vn/ngu-hanh-son-pickleball-f-XhMAk","2026-10-04T14:13:03.737Z","120000","120000","","court_unknown_duration","","","price_only","peak_unspecified","1","0.8333333333333334","Giá sân giờ vàng: 120.000 đ"
"a9de2fb9b97d3d5c","VN_0366","Mitsuba Pickleball - 453 Ngô Quyền","453 Ngô Quyền, Đà Nẵng","Pickleball","4. Sân Pickleball Mitsuba"," 451 Ngô Quyền, Phường An Hải Bắc, Quận Sơn Trà, TP. Đà Nẵng","Pickleball","https://shopvnb.com/san-pickleball-son-tra.html","2026-10-03T08:25:25.116Z","120000","180000","60","court_hour","","","price_range_only","approximate","1","0.8","- Giá tham khảo: 120.000đ - 180.000đ/giờ"
"6de6e780d57b5b91","VN_0366","Mitsuba Pickleball - 453 Ngô Quyền","453 Ngô Quyền, Đà Nẵng","Pickleball","Sân Pickleball Mitsuba","453 Ngô Quyền, Phường An Hải Bắc, Quận Sơn Trà, Đà Nẵng","Pickleball","https://thegioithethao.vn/san-pickleball-mitsuba-f-CAKrZ","2026-10-04T14:13:00.814Z","100000","140000","","court_unknown_duration","","","price_range_only","approximate","1","1","Giá sân: 100.000 đ - 140.000 đ"
"ef1dceae888fe228","VN_0366","Mitsuba Pickleball - 453 Ngô Quyền","453 Ngô Quyền, Đà Nẵng","Pickleball","Sân Pickleball Mitsuba","453 Ngô Quyền, Phường An Hải Bắc, Quận Sơn Trà, Đà Nẵng","Pickleball","https://thegioithethao.vn/san-pickleball-mitsuba-f-CAKrZ","2026-10-04T14:13:00.814Z","140000","140000","","court_unknown_duration","","","price_only","peak_unspecified","1","1","Giá sân giờ vàng: 140.000 đ"
"e6bda472a1f126d4","VN_0367","Đảo Xanh Pickleball - Khu biệt thự Đảo Xanh","Khu biệt thự Đảo Xanh, Đà Nẵng","Pickleball","Review sân Pickleball Đảo Xanh đẹp và chất lượng tại Đà Nẵng"," Khu biệt thự Đảo Xanh, Đường Đảo Xanh 3, Hòa Cường Bắc, Hải Châu, Đà Nẵng - ","Pickleball","https://shopvnb.com/san-pickleball-dao-xanh.html","2026-10-03T08:30:29.583Z","120000","180000","60","court_hour","","","price_range_only","approximate","1","1","Giá thuê sân Pickleball Đảo Xanh sẽ dao động từ 120.000đ - 180.000đ/giờ tuỳ theo giờ chơi"
"9c341fdbeea639e4","VN_0367","Đảo Xanh Pickleball - Khu biệt thự Đảo Xanh","Khu biệt thự Đảo Xanh, Đà Nẵng","Pickleball","Đảo Xanh Pickleball","Đảo Xanh 3, Phường Hòa Cường Bắc, Quận Hải Châu, Đà Nẵng","Pickleball","https://thegioithethao.vn/dao-xanh-pickleball-f-XD9NC","2026-10-04T14:13:07.734Z","120000","180000","","court_unknown_duration","","","price_range_only","approximate","1","0.5714285714285714","Giá sân: 120.000 đ - 180.000 đ"
"5cf50ca63b920f36","VN_0367","Đảo Xanh Pickleball - Khu biệt thự Đảo Xanh","Khu biệt thự Đảo Xanh, Đà Nẵng","Pickleball","Đảo Xanh Pickleball","Đảo Xanh 3, Phường Hòa Cường Bắc, Quận Hải Châu, Đà Nẵng","Pickleball","https://thegioithethao.vn/dao-xanh-pickleball-f-XD9NC","2026-10-04T14:13:07.734Z","180000","180000","","court_unknown_duration","","","price_only","peak_unspecified","1","0.5714285714285714","Giá sân giờ vàng: 180.000 đ"
"e1e598950ee3f3fb","VN_0368","Sông Thu Pickleball - 36D Dương Đình Nghệ","36D Dương Đình Nghệ, Đà Nẵng","Pickleball","10. Sân Pickleball Sông Thu"," 36D, Dương Đình Nghệ, Phường An Hải, TP Đà Nẵng (Phường An Hải, Quận Sơn Trà, TP. Đà Nẵng cũ)","Pickleball","https://shopvnb.com/san-pickleball-son-tra.html","2026-10-03T08:25:25.116Z","100000","160000","60","court_hour","","","price_range_only","approximate","1","1","- Giá tham khảo: 100.000đ - 160.000đ/giờ"
"1e8dfba61d6f51ba","VN_0368","Sông Thu Pickleball - 36D Dương Đình Nghệ","36D Dương Đình Nghệ, Đà Nẵng","Pickleball","Sân Pickleball Sông Thu","36D D. Đình Nghệ, Phường An Hải Nam, Quận Sơn Trà, Đà Nẵng","Pickleball","https://thegioithethao.vn/san-pickleball-song-thu-f-OkbKd","2026-10-04T14:12:59.542Z","120000","160000","","court_unknown_duration","","","price_range_only","approximate","1","0.8333333333333334","Giá sân: 120.000 đ - 160.000 đ"
"e157a251c54769d6","VN_0368","Sông Thu Pickleball - 36D Dương Đình Nghệ","36D Dương Đình Nghệ, Đà Nẵng","Pickleball","Sân Pickleball Sông Thu","36D D. Đình Nghệ, Phường An Hải Nam, Quận Sơn Trà, Đà Nẵng","Pickleball","https://thegioithethao.vn/san-pickleball-song-thu-f-OkbKd","2026-10-04T14:12:59.542Z","160000","160000","","court_unknown_duration","","","price_only","peak_unspecified","1","0.8333333333333334","Giá sân giờ vàng: 160.000 đ"
"af095b5b234c0311","VN_0369","Fit Fun Pickleball - 86 Duy Tân","86 Duy Tân, Đà Nẵng","Pickleball","Review sân Pickleball Fit Fun chất lượng và hiện đại nhất tại Đà Nẵng"," 86 Duy Tân, Hòa Thuận Nam, Hải Châu, Đà Nẵng - ","Pickleball","https://shopvnb.com/san-pickleball-fit-fun.html","2026-10-03T08:31:01.398Z","140000","200000","60","court_hour","","","price_range_only","approximate","1","1","Giá thuê sân Pickleball Fit Fun sẽ dao động từ 140.000đ - 200.000đ/giờ tuỳ theo giờ chơi"
"50f337e67d46bc25","VN_0369","Fit Fun Pickleball - 86 Duy Tân","86 Duy Tân, Đà Nẵng","Pickleball","Sân Pickleball Fit Fun","86 Duy Tân, Phường Hòa Thuận Tây, Quận Hải Châu, Đà Nẵng","Pickleball","https://thegioithethao.vn/san-pickleball-fit-fun-f-mizyo","2026-10-04T14:12:44.318Z","120000","160000","","court_unknown_duration","","","price_range_only","approximate","1","1","Giá sân: 120.000 đ - 160.000 đ"
"df0ed4b6c82ba7a1","VN_0369","Fit Fun Pickleball - 86 Duy Tân","86 Duy Tân, Đà Nẵng","Pickleball","Sân Pickleball Fit Fun","86 Duy Tân, Phường Hòa Thuận Tây, Quận Hải Châu, Đà Nẵng","Pickleball","https://thegioithethao.vn/san-pickleball-fit-fun-f-mizyo","2026-10-04T14:12:44.318Z","160000","160000","","court_unknown_duration","","","price_only","peak_unspecified","1","1","Giá sân giờ vàng: 160.000 đ"
"94488b388556493d","VN_0370","SeaMart Pickleball - 146 Duy Tân","146 Duy Tân, Đà Nẵng","Pickleball","SeaMart Pickleball","146 Duy Tân, Phường Hòa Thuận Tây, Quận Hải Châu, Đà Nẵng","Pickleball","https://thegioithethao.vn/seamart-pickleball-f-t0BVW","2026-10-04T14:13:07.697Z","120000","180000","","court_unknown_duration","","","price_range_only","approximate","1","1","Giá sân: 120.000 đ - 180.000 đ"
"eaa40ca235c8df72","VN_0370","SeaMart Pickleball - 146 Duy Tân","146 Duy Tân, Đà Nẵng","Pickleball","SeaMart Pickleball","146 Duy Tân, Phường Hòa Thuận Tây, Quận Hải Châu, Đà Nẵng","Pickleball","https://thegioithethao.vn/seamart-pickleball-f-t0BVW","2026-10-04T14:13:07.697Z","180000","180000","","court_unknown_duration","","","price_only","peak_unspecified","1","1","Giá sân giờ vàng: 180.000 đ"
"dcb7a815fac7765d","VN_0374","KaKa Pickleball - 2 Đường Giáng Hương 9, TTTT Euro Village 2","2 Đường Giáng Hương 9, TTTT Euro Village 2, Đà Nẵng","Pickleball","Sân Pickleball KaKa Euro Village 2","Euro Village 2, Phường Hòa Xuân, Quận Cẩm Lệ, Đà Nẵng","Pickleball","https://thegioithethao.vn/san-pickleball-kaka-euro-village-2-f-Vi4YS","2026-10-04T14:13:02.220Z","100000","150000","","court_unknown_duration","","","price_range_only","approximate","1","0.5","Giá sân: 100.000 đ - 150.000 đ"
"72c42b87c438d6f8","VN_0374","KaKa Pickleball - 2 Đường Giáng Hương 9, TTTT Euro Village 2","2 Đường Giáng Hương 9, TTTT Euro Village 2, Đà Nẵng","Pickleball","Sân Pickleball KaKa Euro Village 2","Euro Village 2, Phường Hòa Xuân, Quận Cẩm Lệ, Đà Nẵng","Pickleball","https://thegioithethao.vn/san-pickleball-kaka-euro-village-2-f-Vi4YS","2026-10-04T14:13:02.220Z","150000","150000","","court_unknown_duration","","","price_only","peak_unspecified","1","0.5","Giá sân giờ vàng: 150.000 đ"
"4302d9f9855e7fbc","VN_0376","Smile Pickleball - 26-28 Giáng Hương 6, Khu Euro Village 2","26-28 Giáng Hương 6, Khu Euro Village 2, Đà Nẵng","Pickleball","Sân Pickleball Smile","26-28 Giáng Hương 6, Khu Euro Village 2, Phường Hòa Xuân, Quận Cẩm Lệ, Đà Nẵng","Pickleball","https://thegioithethao.vn/san-pickleball-smile-f-mtIUe","2026-10-04T14:13:00.801Z","80000","140000","","court_unknown_duration","","","price_range_only","approximate","1","1","Giá sân: 80.000 đ - 140.000 đ"
"1461f882cdce3bef","VN_0376","Smile Pickleball - 26-28 Giáng Hương 6, Khu Euro Village 2","26-28 Giáng Hương 6, Khu Euro Village 2, Đà Nẵng","Pickleball","Sân Pickleball Smile","26-28 Giáng Hương 6, Khu Euro Village 2, Phường Hòa Xuân, Quận Cẩm Lệ, Đà Nẵng","Pickleball","https://thegioithethao.vn/san-pickleball-smile-f-mtIUe","2026-10-04T14:13:00.801Z","140000","140000","","court_unknown_duration","","","price_only","peak_unspecified","1","1","Giá sân giờ vàng: 140.000 đ"
"3fe6776700c6264c","VN_0377","Nana Pickleball - 01 Phan Tứ","01 Phan Tứ, Đà Nẵng","Pickleball","Sân pickleball Nana","01 Phan Tứ, Phường Mỹ An, Quận Ngũ Hành Sơn, Đà Nẵng","Pickleball","https://thegioithethao.vn/san-pickleball-nana-f-HI9RC","2026-10-04T14:12:56.726Z","120000","140000","","court_unknown_duration","","","price_range_only","approximate","1","1","Giá sân: 120.000 đ - 140.000 đ"
"5329cc420db553de","VN_0377","Nana Pickleball - 01 Phan Tứ","01 Phan Tứ, Đà Nẵng","Pickleball","Sân pickleball Nana","01 Phan Tứ, Phường Mỹ An, Quận Ngũ Hành Sơn, Đà Nẵng","Pickleball","https://thegioithethao.vn/san-pickleball-nana-f-HI9RC","2026-10-04T14:12:56.726Z","140000","140000","","court_unknown_duration","","","price_only","peak_unspecified","1","1","Giá sân giờ vàng: 140.000 đ"
"cd74030d74fe32c6","VN_0378","Hợp Thành Phát Pickleball - Lô 3-4 Dự án ven sông","Lô 3-4 Dự án ven sông, Đà Nẵng","Pickleball","Hợp Thành Phát Pickleball Club","Lô 3-4 góc đường Nguyễn Phước Lan - Minh Mạng, Phường Hòa Xuân, Quận Cẩm Lệ, Đà Nẵng","Pickleball","https://thegioithethao.vn/hop-thanh-phat-pickleball-club-f-MQCeV","2026-10-04T14:13:04.932Z","120000","150000","","court_unknown_duration","","","price_range_only","approximate","1","0.5555555555555556","Giá sân: 120.000 đ - 150.000 đ"
"900721edb27b4281","VN_0378","Hợp Thành Phát Pickleball - Lô 3-4 Dự án ven sông","Lô 3-4 Dự án ven sông, Đà Nẵng","Pickleball","Hợp Thành Phát Pickleball Club","Lô 3-4 góc đường Nguyễn Phước Lan - Minh Mạng, Phường Hòa Xuân, Quận Cẩm Lệ, Đà Nẵng","Pickleball","https://thegioithethao.vn/hop-thanh-phat-pickleball-club-f-MQCeV","2026-10-04T14:13:04.932Z","150000","150000","","court_unknown_duration","","","price_only","peak_unspecified","1","0.5555555555555556","Giá sân giờ vàng: 150.000 đ"
"7070d67a88980543","VN_0380","Picklehead My Khe Beach - 84 Chế Lan Viên","84 Chế Lan Viên, Đà Nẵng","Pickleball","Review sân Pickleball Picklehead My Khe Beach chất lượng và xịn xò tại quận Ngũ Hành Sơn, TP. Đà Nẵng"," 84 Chế Lan Viên, Phường Bắc Mỹ An, Quận Ngũ Hành Sơn, TP. Đà Nẵng - ","Pickleball","https://shopvnb.com/san-pickleball-picklehead-my-khe-beach.html","2026-10-03T08:29:06.796Z","90000","180000","60","court_hour","","","price_range_only","approximate","1","1","Giá thuê sân Pickleball Picklehead My Khe Beach sẽ dao động từ 90.000đ - 180.000đ/giờ tuỳ theo giờ chơi"
"4850005f795412d7","VN_0380","Picklehead My Khe Beach - 84 Chế Lan Viên","84 Chế Lan Viên, Đà Nẵng","Pickleball","CLB Pickleball Picklehead My Khe Beach","84 Chế Lan Viên, Bắc Mỹ An, Phường Mỹ An, Quận Ngũ Hành Sơn, Đà Nẵng","Pickleball","https://thegioithethao.vn/clb-pickleball-picklehead-my-khe-beach-f-doz7t","2026-10-04T14:12:54.688Z","120000","160000","","court_unknown_duration","","","price_range_only","approximate","1","1","Giá sân: 120.000 đ - 160.000 đ"
"60d0a4d59db27c5f","VN_0380","Picklehead My Khe Beach - 84 Chế Lan Viên","84 Chế Lan Viên, Đà Nẵng","Pickleball","CLB Pickleball Picklehead My Khe Beach","84 Chế Lan Viên, Bắc Mỹ An, Phường Mỹ An, Quận Ngũ Hành Sơn, Đà Nẵng","Pickleball","https://thegioithethao.vn/clb-pickleball-picklehead-my-khe-beach-f-doz7t","2026-10-04T14:12:54.688Z","160000","160000","","court_unknown_duration","","","price_only","peak_unspecified","1","1","Giá sân giờ vàng: 160.000 đ"
"57f526cf8e601e30","VN_0387","Thép Việt Pickleball","115 Đ. Nghiêm Xuân Yêm, Khuê Mỹ, Đà Nẵng","Pickleball","Review sân Pickleball Thép Việt đẹp và chất lượng tại quận Ngũ Hành Sơn, Đà Nẵng"," 117 Nghiêm Xuân Yêm, Khuê Mỹ, Ngũ Hành Sơn, Đà Nẵng - ","Pickleball","https://shopvnb.com/san-pickleball-thep-viet.html","2026-10-03T08:31:00.271Z","90000","160000","60","court_hour","","","price_range_only","approximate","1","0.7777777777777778","Giá thuê sân Pickleball Thép Việt sẽ dao động từ 90.000đ - 160.000đ/giờ tuỳ theo giờ chơi"
"aab674c9a19e27f3","VN_0387","Thép Việt Pickleball","115 Đ. Nghiêm Xuân Yêm, Khuê Mỹ, Đà Nẵng","Pickleball","Thép Việt Pickleball - Football","117 Đ. Nghiêm Xuân Yêm, Phường Khuê Mỹ, Quận Ngũ Hành Sơn, Đà Nẵng","Pickleball","https://thegioithethao.vn/thep-viet-pickleball-football-f-rORxf","2026-10-04T14:12:41.576Z","100000","150000","","court_unknown_duration","","","price_range_only","approximate","1","0.8888888888888888","Giá sân: 100.000 đ - 150.000 đ"
"1fd586552abab337","VN_0387","Thép Việt Pickleball","115 Đ. Nghiêm Xuân Yêm, Khuê Mỹ, Đà Nẵng","Pickleball","Thép Việt Pickleball - Football","117 Đ. Nghiêm Xuân Yêm, Phường Khuê Mỹ, Quận Ngũ Hành Sơn, Đà Nẵng","Pickleball","https://thegioithethao.vn/thep-viet-pickleball-football-f-rORxf","2026-10-04T14:12:41.576Z","150000","150000","","court_unknown_duration","","","price_only","peak_unspecified","1","0.8888888888888888","Giá sân giờ vàng: 150.000 đ"
"12522f4f2e896871","VN_0387","Thép Việt Pickleball","115 Đ. Nghiêm Xuân Yêm, Khuê Mỹ, Đà Nẵng","Pickleball","5. Sân Pickleball Thép Việt"," 117 Nghiêm Xuân Yêm, Khuê Mỹ, Ngũ Hành Sơn, Đà Nẵng","Pickleball","https://www.alobo.vn/san-cau-long-da-nang-san-pickleball-da-nang/","2026-10-03T08:17:14.029Z","90000","160000","60","court_hour","","","price_range_only","approximate","1","0.7777777777777778","– Giá thuê sân: dao động từ 90.000-160.000 đồng/giờ"
"0b35cdd0d629f205","VN_0389","Sân bóng đá Harmony","Phạm Văn Đồng, An Hải Bắc, Đà Nẵng","Bóng đá","Sân Bóng Đá Cỏ Nhân Tạo Harmony","Lô A5 đường Phạm Văn Đồng, Quận Sơn Trà, Thành phố Đà Nẵng","Bóng đá","https://diadiem247.com/da-nang/san-bong-da-co-nhan-tao-harmony-l371100.html","2026-10-03T08:30:21.480Z","300000","800000","","court_unknown_duration","","","price_range_only","approximate","1","0.625","Giá dịch vụ : 300.000 - 800.000 VND"
"ba24a6b369041076","VN_0400","Sân Bóng Lindo Sport","395 Đ. 29 Tháng 3, Hoà Xuân, Đà Nẵng","Bóng đá","Sân bóng Lindo Sport","395 Đ. 29 Tháng 3, Phường Khuê Trung, Quận Cẩm Lệ, Đà Nẵng","Bóng đá","https://thegioithethao.vn/san-bong-lindo-sport-f-OuKW9","2026-10-04T14:14:46.522Z","350000","350000","","court_unknown_duration","","","price_only","approximate","1","0.7777777777777778","Giá sân: 350.000 đ"
"b118ec5e777d2c75","VN_0400","Sân Bóng Lindo Sport","395 Đ. 29 Tháng 3, Hoà Xuân, Đà Nẵng","Bóng đá","Sân bóng Lindo Sport","395 Đ. 29 Tháng 3, Phường Khuê Trung, Quận Cẩm Lệ, Đà Nẵng","Bóng đá","https://thegioithethao.vn/san-bong-lindo-sport-f-OuKW9","2026-10-04T14:14:46.522Z","350000","350000","","court_unknown_duration","","","price_only","peak_unspecified","1","0.7777777777777778","Giá sân giờ vàng: 350.000 đ"
"cb4d81aee0d5c63c","VN_0402","Sân bóng đá Ngọc Thạch Khu Công Nghiệp","347X+5P9, Hoà Khánh Nam, Đà Nẵng","Bóng đá","Sân Bóng Đá Ngọc Thạch","Đường Số 2 Khu Công Nghiệp Hòa Khánh,, Phường Hòa Khánh Bắc, Quận Liên Chiểu, Thành phố Đà Nẵng","Bóng đá","https://diadiem247.com/da-nang/san-bong-da-ngoc-thach-l371103.html","2026-10-03T08:30:20.593Z","200000","400000","","court_unknown_duration","","","price_range_only","approximate","1","0.5714285714285714","Giá dịch vụ : 200.000 - 400.000 VND"
"9431a69884fe69ac","VN_0405","Clb Bóng Đá Mini An Phúc","36P8+WWW, Nguyễn Hữu Cảnh, Thuận Phước, Đà Nẵng","Bóng đá","CLB bóng đá Mini An Phúc","Nguyễn Hữu Cảnh, Phường Thuận Phước, Quận Hải Châu, Đà Nẵng","Bóng đá","https://thegioithethao.vn/clb-bong-da-mini-an-phuc-f-rbdJE","2026-10-04T14:15:48.598Z","300000","300000","","court_unknown_duration","","","price_only","approximate","1","0.7777777777777778","Giá sân: 300.000 đ"
"10c76aaf87016353","VN_0405","Clb Bóng Đá Mini An Phúc","36P8+WWW, Nguyễn Hữu Cảnh, Thuận Phước, Đà Nẵng","Bóng đá","CLB bóng đá Mini An Phúc","Nguyễn Hữu Cảnh, Phường Thuận Phước, Quận Hải Châu, Đà Nẵng","Bóng đá","https://thegioithethao.vn/clb-bong-da-mini-an-phuc-f-rbdJE","2026-10-04T14:15:48.598Z","300000","300000","","court_unknown_duration","","","price_only","peak_unspecified","1","0.7777777777777778","Giá sân giờ vàng: 300.000 đ"
"0ed19bdfd8865a1e","VN_0420","Sân bóng đá Mỹ Nhật Quang","498 Nguyễn Hữu Thọ, Khuê Trung, Đà Nẵng","Bóng đá","Sân Bóng Cỏ Nhân Tạo Mỹ Nhật Quang Đà Nẵng","số 498, Nguyễn Hữu Thọ, Phường Khuê Trung, Quận Cẩm Lệ, Thành phố Đà Nẵng","Bóng đá","https://diadiem247.com/da-nang/san-bong-co-nhan-tao-my-nhat-quang-da-nang-l371073.html","2026-10-03T08:30:23.496Z","300000","400000","","court_unknown_duration","","","price_range_only","approximate","1","1","Giá dịch vụ : 300.000 - 400.000 VND"
"4d01e733c8535687","VN_0420","Sân bóng đá Mỹ Nhật Quang","498 Nguyễn Hữu Thọ, Khuê Trung, Đà Nẵng","Bóng đá","Sân bóng đá Mỹ Nhật Quang","498 Nguyễn Hữu Thọ, Phường Khuê Trung, Quận Cẩm Lệ, Đà Nẵng","Bóng đá","https://thegioithethao.vn/san-bong-da-my-nhat-quang-f-BE8Ja","2026-10-04T14:15:48.618Z","300000","300000","","court_unknown_duration","","","price_only","approximate","1","1","Giá sân: 300.000 đ"
"480ce144d000d6c2","VN_0420","Sân bóng đá Mỹ Nhật Quang","498 Nguyễn Hữu Thọ, Khuê Trung, Đà Nẵng","Bóng đá","Sân bóng đá Mỹ Nhật Quang","498 Nguyễn Hữu Thọ, Phường Khuê Trung, Quận Cẩm Lệ, Đà Nẵng","Bóng đá","https://thegioithethao.vn/san-bong-da-my-nhat-quang-f-BE8Ja","2026-10-04T14:15:48.618Z","300000","300000","","court_unknown_duration","","","price_only","peak_unspecified","1","1","Giá sân giờ vàng: 300.000 đ"
"5a955d57348f14f5","VN_0425","Sân Bóng đá An Phúc 2","409 Trưng Nữ Vương, Hòa Thuận Nam, Đà Nẵng","Bóng đá","Sân bóng An Phúc 2","409 Trưng Nữ Vương, Phường Hòa Thuận Tây, Quận Hải Châu, Đà Nẵng","Bóng đá","https://thegioithethao.vn/san-bong-an-phuc-2-f-c9Ir4","2026-10-04T14:15:51.977Z","500000","500000","","court_unknown_duration","","","price_only","approximate","1","0.8888888888888888","Giá sân: 500.000 đ"
"5b5877c5539cd9ab","VN_0425","Sân Bóng đá An Phúc 2","409 Trưng Nữ Vương, Hòa Thuận Nam, Đà Nẵng","Bóng đá","Sân bóng An Phúc 2","409 Trưng Nữ Vương, Phường Hòa Thuận Tây, Quận Hải Châu, Đà Nẵng","Bóng đá","https://thegioithethao.vn/san-bong-an-phuc-2-f-c9Ir4","2026-10-04T14:15:51.977Z","500000","500000","","court_unknown_duration","","","price_only","peak_unspecified","1","0.8888888888888888","Giá sân giờ vàng: 500.000 đ"
"72feccfde9ccce5a","VN_0431","Sân bóng đá Trang Hoàng","86 Duy Tân, Hòa Thuận Nam, Đà Nẵng","Bóng đá","Sân Bóng Cỏ Nhân Tạo Trang Hoàng Đà Nẵng"," Số 86 Duy Tân, Phường Hòa Thuận Tây, Quận Hải Châu, Đà Nẵng","Bóng đá","https://diadiem247.com/da-nang/san-bong-co-nhan-tao-trang-hoang-da-nang-l371068.html","2026-10-03T08:30:27.195Z","200000","400000","","court_unknown_duration","","","price_range_only","approximate","1","0.875","Tùy vào từng khung giờ khác nhau mà giá thuê sân bóng Trang Hoàng dao động từ 200.000 - 400.000 tùy từng thời điểm."
"57708b8ff65be629","VN_0431","Sân bóng đá Trang Hoàng","86 Duy Tân, Hòa Thuận Nam, Đà Nẵng","Bóng đá","Sân Bóng Cỏ Nhân Tạo Trang Hoàng Đà Nẵng","Số 86 Duy Tân, Phường Hòa Thuận Tây, Quận Hải Châu, Thành phố Đà Nẵng","Bóng đá","https://diadiem247.com/da-nang/san-bong-co-nhan-tao-trang-hoang-da-nang-l371068.html","2026-10-03T08:30:27.195Z","200000","400000","","court_unknown_duration","","","price_range_only","approximate","1","0.875","Giá dịch vụ : 200.000 - 400.000 VND"
"828081b7efdab10c","VN_0439","Sân bóng đá Trưng Vương - BK8","403 Trưng Nữ Vương, Hòa Thuận Nam, Đà Nẵng","Bóng đá","Sân Bóng Đá Trưng Vương","560 Trưng Nữ Vương, Phường Hòa Thuận Tây, Quận Hải Châu, Thành phố Đà Nẵng","Bóng đá","https://diadiem247.com/da-nang/san-bong-da-trung-vuong-l371070.html","2026-10-03T08:30:25.449Z","200000","400000","","court_unknown_duration","","","price_range_only","approximate","1","0.7777777777777778","Giá dịch vụ : 200.000 - 400.000 VND"
"12333fad715571ae","VN_0441","Hà Phương Pickleball - 359 Đại lộ Bình Dương","359 Đại lộ Bình Dương, Bình Dương","Pickleball","15. Sân Pickleball Hà Phương"," 359 Đại lộ Bình Dương, Phường Chánh Nghĩa, TP. Thủ Dầu Một, Tỉnh Bình Dương","Pickleball","https://shopvnb.com/san-pickleball-binh-duong.html","2026-10-03T08:30:03.047Z","100000","140000","60","court_hour","","","price_range_only","approximate","1","1","- Giá thuê Tham khảo: 100.000 - 140.000đ/giờ tuỳ theo giờ chơi"
"5e666a3fd5a2a8ec","VN_0441","Hà Phương Pickleball - 359 Đại lộ Bình Dương","359 Đại lộ Bình Dương, Bình Dương","Pickleball","Khám phá sân Pickleball Hà Phương chất lượng và uy tín tại TP. Thủ Dầu Một, tỉnh Bình Dương"," 359 Đại lộ Bình Dương, Phường Chánh Nghĩa, TP. Thủ Dầu Một, Tỉnh Bình Dương - ","Pickleball","https://shopvnb.com/san-pickleball-ha-phuong.html","2026-10-03T08:26:13.196Z","100000","140000","60","court_hour","","","price_range_only","approximate","1","1","Giá thuê sân Pickleball Hà Phương sẽ dao động từ 100.000đ - 140.000đ/giờ tuỳ theo giờ chơi"
"78ee293eb4375fdc","VN_0456","Tison Pickleball - 84K Bùi Hữu Nghĩa","84K Bùi Hữu Nghĩa, Bình Dương","Pickleball","9. Sân Pickleball Tison"," 84K Bùi Hữu Nghĩa, KP. Bình Đáng, Phường Bình Hoà, TP. Thuận An, Bình Dương","Pickleball","https://shopvnb.com/san-pickleball-binh-duong.html","2026-10-03T08:30:03.047Z","100000","180000","60","court_hour","","","price_range_only","approximate","1","1","- Giá thuê Tham khảo: 100.000 - 180.000đ/giờ tuỳ theo giờ chơi"
"be0c641e946046ed","VN_0585","Sân banh Trí Anh","XVHV+2F5, Tân Biên, Đồng Nai","Cầu lông","Sân banh Trí Anh","344/4, Phường Tân Biên, Thành phố Biên Hòa, Đồng Nai","Bóng đá","https://thegioithethao.vn/san-banh-tri-anh-f-xQjB0","2026-10-04T14:13:21.017Z","150000","200000","","court_unknown_duration","","","price_range_only","approximate","1","0.6666666666666666","Giá sân: 150.000 đ - 200.000 đ"
"5365c32b26f1fd4d","VN_0585","Sân banh Trí Anh","XVHV+2F5, Tân Biên, Đồng Nai","Cầu lông","Sân banh Trí Anh","344/4, Phường Tân Biên, Thành phố Biên Hòa, Đồng Nai","Bóng đá","https://thegioithethao.vn/san-banh-tri-anh-f-xQjB0","2026-10-04T14:13:21.017Z","200000","200000","","court_unknown_duration","","","price_only","peak_unspecified","1","0.6666666666666666","Giá sân giờ vàng: 200.000 đ"
"03107441a7d6b61c","VN_0602","Sân bóng đá và cầu lông B5","12 Đ. Dương Tử Giang, Tân Tiến, Đồng Nai","Bóng đá","Sân bóng đá và cầu lông B5","12 Đ. Dương Tử Giang, Phường Tân Mai, Thành phố Biên Hòa, Đồng Nai","Cầu lông","https://thegioithethao.vn/san-bong-da-va-cau-long-b5-f-tgMj8","2026-10-04T14:13:26.997Z","60000","100000","","court_unknown_duration","","","price_range_only","approximate","1","0.8888888888888888","Giá sân: 60.000 đ - 100.000 đ"
"10e9ced06d2cb643","VN_0602","Sân bóng đá và cầu lông B5","12 Đ. Dương Tử Giang, Tân Tiến, Đồng Nai","Bóng đá","Sân bóng đá và cầu lông B5","12 Đ. Dương Tử Giang, Phường Tân Mai, Thành phố Biên Hòa, Đồng Nai","Cầu lông","https://thegioithethao.vn/san-bong-da-va-cau-long-b5-f-tgMj8","2026-10-04T14:13:26.997Z","100000","100000","","court_unknown_duration","","","price_only","peak_unspecified","1","0.8888888888888888","Giá sân giờ vàng: 100.000 đ"
"efe03a3590a6494c","VN_0623","Sân bóng đá Đông Sơn","WMP4+WHG, Đông Sơn, Hải Phòng","Bóng đá","Sân Bóng Đá Đông Sơn","Sân Bóng Đông Sơn, Xã Đông Sơn, Huyện Thuỷ Nguyên, Thành phố Hải Phòng","Bóng đá","https://diadiem247.com/hai-phong/san-bong-da-dong-son-l371145.html","2026-10-03T08:30:11.288Z","150000","350000","","court_unknown_duration","","","price_range_only","approximate","1","0.6666666666666666","Giá dịch vụ : 150.000 - 350.000 VND"
"643f6cfd42889182","VN_0624","Sân bóng đá Việt Tiến","Tổ 3 Khu 2, Tràng Minh, Hải Phòng","Bóng đá","Sân Bóng Việt Tiến Hải Phòng"," 237 Trần Tất Văn, Phường Tràng Minh, Quận Kiến An, Hải Phòng","Bóng đá","https://diadiem247.com/hai-phong/san-bong-viet-tien-hai-phong-l371142.html","2026-10-03T08:30:15.300Z","200000","500000","","court_match","","","price_range_only","approximate","1","0.5","Giá thuê sân ở đây được đánh giá khá bình dân, chỉ dao động từ 200.000đ - 500.000đ/trận tùy mỗi khung giờ đá."
"b960a1034c2f0a7e","VN_0624","Sân bóng đá Việt Tiến","Tổ 3 Khu 2, Tràng Minh, Hải Phòng","Bóng đá","Sân Bóng Việt Tiến Hải Phòng","237 Trần Tất Văn, Phường Tràng Minh, Quận Kiến An, Thành phố Hải Phòng","Bóng đá","https://diadiem247.com/hai-phong/san-bong-viet-tien-hai-phong-l371142.html","2026-10-03T08:30:15.300Z","200000","500000","","court_unknown_duration","","","price_range_only","approximate","1","0.5","Giá dịch vụ : 200.000 - 500.000 VND"
"86d58af24af8024a","VN_0625","K.A Friends Pickleball - 146 hoàng quốc việt","146 hoàng quốc việt, Hải Phòng","Pickleball","Sân Pickleball K.A & FRIENDS","146 P. Hoàng Quốc Việt, Phường Ngọc Sơn, Quận Kiến An, Hải Phòng","Pickleball","https://thegioithethao.vn/san-pickleball-k-a-friends-f-4Q0MS","2026-10-04T14:12:18.999Z","80000","150000","","court_unknown_duration","","","price_range_only","approximate","1","1","Giá sân: 80.000 đ - 150.000 đ"
"c477ac7d089d0519","VN_0625","K.A Friends Pickleball - 146 hoàng quốc việt","146 hoàng quốc việt, Hải Phòng","Pickleball","Sân Pickleball K.A & FRIENDS","146 P. Hoàng Quốc Việt, Phường Ngọc Sơn, Quận Kiến An, Hải Phòng","Pickleball","https://thegioithethao.vn/san-pickleball-k-a-friends-f-4Q0MS","2026-10-04T14:12:18.999Z","150000","150000","","court_unknown_duration","","","price_only","peak_unspecified","1","1","Giá sân giờ vàng: 150.000 đ"
"c9bee60ace2376f4","VN_0626","Starpik Đồi Rồng Pickleball - Khu Du lịch Quốc tế Đồi Rồng – Đồ Sơn – Hải Phòng","Khu Du lịch Quốc tế Đồi Rồng – Đồ Sơn – Hải Phòng, Hải Phòng","Pickleball","CLB Pickleball Starpik Đồi Rồng","Khu du lịch quốc tế Đồi Rồng, Phường Vạn Hương, Quận Đồ Sơn, Hải Phòng","Pickleball","https://thegioithethao.vn/clb-pickleball-starpik-doi-rong-f-gMZXv","2026-10-04T14:11:53.142Z","160000","220000","","court_unknown_duration","","","price_range_only","approximate","1","1","Giá sân: 160.000 đ - 220.000 đ"
"a6d785dcf7583e75","VN_0626","Starpik Đồi Rồng Pickleball - Khu Du lịch Quốc tế Đồi Rồng – Đồ Sơn – Hải Phòng","Khu Du lịch Quốc tế Đồi Rồng – Đồ Sơn – Hải Phòng, Hải Phòng","Pickleball","CLB Pickleball Starpik Đồi Rồng","Khu du lịch quốc tế Đồi Rồng, Phường Vạn Hương, Quận Đồ Sơn, Hải Phòng","Pickleball","https://thegioithethao.vn/clb-pickleball-starpik-doi-rong-f-gMZXv","2026-10-04T14:11:53.142Z","220000","220000","","court_unknown_duration","","","price_only","peak_unspecified","1","1","Giá sân giờ vàng: 220.000 đ"
"7ee62997568d7a6b","VN_0627","Văn Cao Pickleball - Số 2 Văn Cao","Số 2 Văn Cao, Hải Phòng","Pickleball","8. Sân Pickleball Văn Cao"," 2 Văn Cao, Phường Đằng Lâm, Quận Ngô Quyền, TP. Hải Phòng","Pickleball","https://shopvnb.com/san-pickleball-hai-phong.html","2026-10-03T08:30:05.402Z","100000","180000","60","court_hour","","","price_range_only","approximate","1","0.8333333333333334","- Giá thuê Tham khảo: 100.000 - 180.000đ/giờ tuỳ theo giờ chơi"
"713156949a84c6bf","VN_0627","Văn Cao Pickleball - Số 2 Văn Cao","Số 2 Văn Cao, Hải Phòng","Pickleball","Review sân Pickleball Văn Cao uy tín và chất lượng tại quận Ngô Quyền, TP. Hải Phòng"," 2 Văn Cao, Phường Đằng Lâm, Quận Ngô Quyền, TP. Hải Phòng - ","Pickleball","https://shopvnb.com/san-pickleball-van-cao.html","2026-10-03T08:28:19.549Z","100000","180000","60","court_hour","","","price_range_only","approximate","1","0.8333333333333334","Giá thuê sân Pickleball Văn Cao sẽ dao động từ 100.000đ - 180.000đ/giờ tuỳ theo giờ chơi"
"9c5206f23492b810","VN_0627","Văn Cao Pickleball - Số 2 Văn Cao","Số 2 Văn Cao, Hải Phòng","Pickleball","Sân cầu lông Pickleball 174 Văn Cao","4/1/174 Văn Cao, Phường Đằng Giang, Quận Ngô Quyền, Hải Phòng","Pickleball","https://thegioithethao.vn/san-cau-long-pickleball-174-van-cao-f-UYjdq","2026-10-04T14:04:28.913Z","70000","70000","","court_unknown_duration","","","price_only","approximate","1","0.6666666666666666","Giá sân: 70.000 đ"
"b44c8a5372d7a575","VN_0627","Văn Cao Pickleball - Số 2 Văn Cao","Số 2 Văn Cao, Hải Phòng","Pickleball","Sân cầu lông Pickleball 174 Văn Cao","4/1/174 Văn Cao, Phường Đằng Giang, Quận Ngô Quyền, Hải Phòng","Pickleball","https://thegioithethao.vn/san-cau-long-pickleball-174-van-cao-f-UYjdq","2026-10-04T14:04:28.913Z","70000","70000","","court_unknown_duration","","","price_only","peak_unspecified","1","0.6666666666666666","Giá sân giờ vàng: 70.000 đ"
"f8dfb127c2044dd9","VN_0627","Văn Cao Pickleball - Số 2 Văn Cao","Số 2 Văn Cao, Hải Phòng","Pickleball","Sân Pickleball Văn Cao Club","Ngõ 2 Văn Cao, Phường Đằng Giang, Quận Ngô Quyền, Hải Phòng","Pickleball","https://thegioithethao.vn/san-pickleball-van-cao-club-f-OWrb6","2026-10-04T14:12:12.349Z","100000","150000","","court_unknown_duration","","","price_range_only","approximate","1","0.8333333333333334","Giá sân: 100.000 đ - 150.000 đ"
"0ebcf04a5d307d03","VN_0627","Văn Cao Pickleball - Số 2 Văn Cao","Số 2 Văn Cao, Hải Phòng","Pickleball","Sân Pickleball Văn Cao Club","Ngõ 2 Văn Cao, Phường Đằng Giang, Quận Ngô Quyền, Hải Phòng","Pickleball","https://thegioithethao.vn/san-pickleball-van-cao-club-f-OWrb6","2026-10-04T14:12:12.349Z","150000","150000","","court_unknown_duration","","","price_only","peak_unspecified","1","0.8333333333333334","Giá sân giờ vàng: 150.000 đ"
"824a5636c3cb1a12","VN_0628","Thái Sơn Pickleball - 91 P. Nguyễn Văn Hới","91 P. Nguyễn Văn Hới, Hải Phòng","Pickleball","11. Sân Pickleball Thái Sơn"," 91 Phố Nguyễn Văn Hới, Phường Cát Bi, Quận Hải An, TP. Hải Phòng","Pickleball","https://shopvnb.com/san-pickleball-hai-phong.html","2026-10-03T08:30:05.402Z","100000","180000","60","court_hour","","","price_range_only","approximate","1","0.8571428571428571","- Giá thuê Tham khảo: 100.000 - 180.000đ/giờ tuỳ theo giờ chơi"
"8d38c6d690f829e3","VN_0628","Thái Sơn Pickleball - 91 P. Nguyễn Văn Hới","91 P. Nguyễn Văn Hới, Hải Phòng","Pickleball","Khám phá sân Pickleball Thái Sơn đẹp, chất lượng và quy mô lớn tại quận Hải An, TP. Hải Phòng"," 91 Phố Nguyễn Văn Hới, Phường Cát Bi, Quận Hải An, TP. Hải Phòng - ","Pickleball","https://shopvnb.com/san-pickleball-thai-son.html","2026-10-03T08:28:39.125Z","100000","180000","60","court_hour","","","price_range_only","approximate","1","0.8571428571428571","Giá thuê sân Pickleball Thái Sơn theo tham khảo sẽ dao động từ 100.000đ - 180.000đ/giờ tuỳ theo giờ chơi"
"13a3dc1deaad1268","VN_0628","Thái Sơn Pickleball - 91 P. Nguyễn Văn Hới","91 P. Nguyễn Văn Hới, Hải Phòng","Pickleball","Sân Pickleball Thái Sơn - Hải An","91 P. Nguyễn Văn Hới, Phường Cát Bi, Quận Hải An, Hải Phòng","Pickleball","https://thegioithethao.vn/san-pickleball-thai-son-hai-an-f-MN57y","2026-10-04T14:12:16.239Z","120000","190000","","court_unknown_duration","","","price_range_only","approximate","1","1","Giá sân: 120.000 đ - 190.000 đ"
"44eaafa585263a1a","VN_0628","Thái Sơn Pickleball - 91 P. Nguyễn Văn Hới","91 P. Nguyễn Văn Hới, Hải Phòng","Pickleball","Sân Pickleball Thái Sơn - Hải An","91 P. Nguyễn Văn Hới, Phường Cát Bi, Quận Hải An, Hải Phòng","Pickleball","https://thegioithethao.vn/san-pickleball-thai-son-hai-an-f-MN57y","2026-10-04T14:12:16.239Z","190000","190000","","court_unknown_duration","","","price_only","peak_unspecified","1","1","Giá sân giờ vàng: 190.000 đ"
"fbee8e39a820882c","VN_0632","Camela Pickleball - 515A Hùng Vương","515A Hùng Vương, Hải Phòng","Pickleball","17. Sân Camela Pickleball"," 515A Hùng Vương, Phường Quán Toan, Quận Hồng Bàng, TP. Hải Phòng","Pickleball","https://shopvnb.com/san-pickleball-hai-phong.html","2026-10-03T08:30:05.402Z","60000","150000","60","court_hour","","","price_range_only","approximate","1","1","- Giá thuê Tham khảo: 60.000 - 150.000đ/giờ tuỳ theo giờ chơi"
"d8911ce622594db8","VN_0632","Camela Pickleball - 515A Hùng Vương","515A Hùng Vương, Hải Phòng","Pickleball","Camela Pickleball","515A Hùng Vương, Phường Quán Toan, Quận Hồng Bàng, Hải Phòng","Pickleball","https://thegioithethao.vn/camela-pickleball-f-pyJcS","2026-10-04T14:11:51.852Z","80000","150000","","court_unknown_duration","","","price_range_only","approximate","1","1","Giá sân: 80.000 đ - 150.000 đ"
"38198c9e7a642b57","VN_0632","Camela Pickleball - 515A Hùng Vương","515A Hùng Vương, Hải Phòng","Pickleball","Camela Pickleball","515A Hùng Vương, Phường Quán Toan, Quận Hồng Bàng, Hải Phòng","Pickleball","https://thegioithethao.vn/camela-pickleball-f-pyJcS","2026-10-04T14:11:51.852Z","150000","150000","","court_unknown_duration","","","price_only","peak_unspecified","1","1","Giá sân giờ vàng: 150.000 đ"
"bd85dc0a93f87058","VN_0633","C. Happy Pickleball - 26A/654 Ngô Gia Tự","26A/654 Ngô Gia Tự, Hải Phòng","Pickleball","Sân Pickleball C.Happy","26A/654 Ngô Gia Tự, Phường Thành Tô, Quận Hải An, Hải Phòng","Pickleball","https://thegioithethao.vn/san-pickleball-c-happy-f-JAkYz","2026-10-04T14:12:17.413Z","70000","140000","","court_unknown_duration","","","price_range_only","approximate","1","1","Giá sân: 70.000 đ - 140.000 đ"
"d630d7cc4cab9da5","VN_0633","C. Happy Pickleball - 26A/654 Ngô Gia Tự","26A/654 Ngô Gia Tự, Hải Phòng","Pickleball","Sân Pickleball C.Happy","26A/654 Ngô Gia Tự, Phường Thành Tô, Quận Hải An, Hải Phòng","Pickleball","https://thegioithethao.vn/san-pickleball-c-happy-f-JAkYz","2026-10-04T14:12:17.413Z","140000","140000","","court_unknown_duration","","","price_only","peak_unspecified","1","1","Giá sân giờ vàng: 140.000 đ"
"743f3e98956754de","VN_0636","Pickleball Đất Cảng - 1A Cầu Bính","1A Cầu Bính, Hải Phòng","Pickleball","25. Sân Pickleball Đất Cảng Hải Phòng"," 1a Cầu Bính, Thượng Lý, Hồng Bàng, Hải Phòng","Pickleball","https://shopvnb.com/san-pickleball-hai-phong.html","2026-10-03T08:30:05.402Z","80000","160000","60","court_hour","","","price_range_only","approximate","1","1","- Giá thuê tham khảo: 80.000 – 160.000 VNĐ/giờ tuỳ theo giờ chơi"
"ae05d8bb6260e312","VN_0642","TRAY Pickleball - Khu Đô thị ICC","Khu Đô thị ICC, Hải Phòng","Pickleball","TRAY Pickleball Arena","150GH4 Khu đô thị ICC, Quán Mau, Phường Hàng Kênh, Quận Lê Chân, Hải Phòng","Pickleball","https://thegioithethao.vn/tray-pickleball-arena-f-Lif5V","2026-10-04T14:12:12.093Z","120000","200000","","court_unknown_duration","","","price_range_only","approximate","1","1","Giá sân: 120.000 đ - 200.000 đ"
"800a3aaa412f0a99","VN_0642","TRAY Pickleball - Khu Đô thị ICC","Khu Đô thị ICC, Hải Phòng","Pickleball","TRAY Pickleball Arena","150GH4 Khu đô thị ICC, Quán Mau, Phường Hàng Kênh, Quận Lê Chân, Hải Phòng","Pickleball","https://thegioithethao.vn/tray-pickleball-arena-f-Lif5V","2026-10-04T14:12:12.093Z","200000","200000","","court_unknown_duration","","","price_only","peak_unspecified","1","1","Giá sân giờ vàng: 200.000 đ"
"e1e9ecb44f7886f5","VN_0647","Sân cỏ nhân tạo Vinh Quang","95/2 Lạc Xuân Đài, Lạ Viên, Hải Phòng","Cầu lông","Sân Bóng Đá Vinh Quang Hải Phòng","95/2 Lạc Xuân Đài, Phường Lạc Viên, Quận Ngô Quyền, Thành phố Hải Phòng","Bóng đá","https://diadiem247.com/hai-phong/san-bong-da-vinh-quang-hai-phong-l371144.html","2026-10-03T08:30:13.450Z","200000","400000","","court_unknown_duration","","","price_range_only","approximate","1","0.8888888888888888","Giá dịch vụ : 200.000 - 400.000 VND"
"157dc399eb1bea28","VN_0667","Sân bóng Hoa Động","VMQ8+934, Hoa Động, Hải Phòng","Bóng đá","Sân Bóng Đá Hoa Động","Sân Bóng Hoa Động, Xã Hoa Động, Huyện Thuỷ Nguyên, Thành phố Hải Phòng","Bóng đá","https://diadiem247.com/hai-phong/san-bong-da-hoa-dong-l371148.html","2026-10-03T08:30:09.504Z","300000","500000","","court_unknown_duration","","","price_range_only","approximate","1","0.6666666666666666","Giá dịch vụ : 300.000 - 500.000 VND"
"23a385343b527e1e","VN_0672","Sân bóng Hà Anh","RPF9+977, Thành Tô, Hải Phòng","Bóng đá","Sân bóng Hà Anh","Đ. Bùi Viện, Phường Thành Tô, Quận Hải An, Hải Phòng","Bóng đá","https://thegioithethao.vn/san-bong-ha-anh-f-Y8EuN","2026-10-04T14:10:02.547Z","300000","400000","","court_unknown_duration","","","price_range_only","approximate","1","0.6666666666666666","Giá sân: 300.000 đ - 400.000 đ"
"e9e8c0e2c40a2dc5","VN_0672","Sân bóng Hà Anh","RPF9+977, Thành Tô, Hải Phòng","Bóng đá","Sân bóng Hà Anh","Đ. Bùi Viện, Phường Thành Tô, Quận Hải An, Hải Phòng","Bóng đá","https://thegioithethao.vn/san-bong-ha-anh-f-Y8EuN","2026-10-04T14:10:02.547Z","400000","400000","","court_unknown_duration","","","price_only","peak_unspecified","1","0.6666666666666666","Giá sân giờ vàng: 400.000 đ"
"981b8f6b4268b6f1","VN_0675","Sân bóng Việt Tiến","Tràng Minh Kiến An Hải Phòng, Hải Phòng","Bóng đá","Sân Bóng Việt Tiến Hải Phòng"," 237 Trần Tất Văn, Phường Tràng Minh, Quận Kiến An, Hải Phòng","Bóng đá","https://diadiem247.com/hai-phong/san-bong-viet-tien-hai-phong-l371142.html","2026-10-03T08:30:15.300Z","200000","500000","","court_match","","","price_range_only","approximate","1","1","Giá thuê sân ở đây được đánh giá khá bình dân, chỉ dao động từ 200.000đ - 500.000đ/trận tùy mỗi khung giờ đá."
"160110b8b889f289","VN_0675","Sân bóng Việt Tiến","Tràng Minh Kiến An Hải Phòng, Hải Phòng","Bóng đá","Sân Bóng Việt Tiến Hải Phòng","237 Trần Tất Văn, Phường Tràng Minh, Quận Kiến An, Thành phố Hải Phòng","Bóng đá","https://diadiem247.com/hai-phong/san-bong-viet-tien-hai-phong-l371142.html","2026-10-03T08:30:15.300Z","200000","500000","","court_unknown_duration","","","price_range_only","approximate","1","1","Giá dịch vụ : 200.000 - 500.000 VND"
"a4be5da5efd3578b","VN_0678","Sân Bóng Đằng Lâm","Đằng Lâm, Hải Phòng","Bóng đá","Sân Bóng Đá Đằng Lâm"," Lực Hành, Phường Đằng Lâm, Quận Hải An, Hải Phòng","Bóng đá","https://diadiem247.com/hai-phong/san-bong-da-dang-lam-l371151.html","2026-10-03T08:30:07.720Z","300000","600000","","court_match","","","price_range_only","approximate","1","1","Giá thuê sân ở đây được đánh giá khá bình dân, chỉ dao động từ 300.000đ - 600.000đ/trận tùy mỗi khung giờ đá"
"575f508cbd83d782","VN_0678","Sân Bóng Đằng Lâm","Đằng Lâm, Hải Phòng","Bóng đá","Sân Bóng Đá Đằng Lâm","Lực Hành, Phường Đằng Lâm, Quận Hải An, Thành phố Hải Phòng","Bóng đá","https://diadiem247.com/hai-phong/san-bong-da-dang-lam-l371151.html","2026-10-03T08:30:07.720Z","300000","600000","","court_unknown_duration","","","price_range_only","approximate","1","1","Giá dịch vụ : 300.000 - 600.000 VND"
"3cbd2ea41b930ec8","VN_0686","Sân Bóng Đá Đông Hải 1","3/14/274 P. Bùi Thị Từ Nhiên, Đông Hải 1, Hải Phòng","Bóng đá","Sân Bóng Đông Hải 1","3/14/274 Bùi Thị Từ Nhiên, Phường Đông Hải 1, Quận Hải An, Thành phố Hải Phòng","Bóng đá","https://diadiem247.com/hai-phong/san-bong-dong-hai-1-l371152.html","2026-10-03T08:30:06.764Z","250000","450000","","court_unknown_duration","","","price_range_only","approximate","1","0.9166666666666666","Giá dịch vụ : 250.000 - 450.000 VND"
"f09ef2da14d86d6a","VN_0687","Sân bóng đá Quán Nam","76 Ngô Kim Tài, Kênh Dương, Hải Phòng","Bóng đá","Sân bóng đá Quán Nam","76 Ngô Kim Tài., Phường Kênh Dương, Quận Lê Chân, Hải Phòng","Bóng đá","https://thegioithethao.vn/san-bong-da-quan-nam-f-rxiXS","2026-10-04T14:11:54.624Z","300000","400000","","court_unknown_duration","","","price_range_only","approximate","1","1","Giá sân: 300.000 đ - 400.000 đ"
"198069004ad6804b","VN_0687","Sân bóng đá Quán Nam","76 Ngô Kim Tài, Kênh Dương, Hải Phòng","Bóng đá","Sân bóng đá Quán Nam","76 Ngô Kim Tài., Phường Kênh Dương, Quận Lê Chân, Hải Phòng","Bóng đá","https://thegioithethao.vn/san-bong-da-quan-nam-f-rxiXS","2026-10-04T14:11:54.624Z","400000","400000","","court_unknown_duration","","","price_only","peak_unspecified","1","1","Giá sân giờ vàng: 400.000 đ"
"457e5aab238a869d","VN_0693","Sân Bóng An Bình","2P6X+QXX, Hẻm 1, An Bình, Cần Thơ","Bóng đá","Sân Bóng Cỏ Nhân Tạo An Bình","Sân Bóng Cỏ Nhân Tạo An Bình, Phường An Bình, Quận Ninh Kiều, Thành phố Cần Thơ","Bóng đá","https://diadiem247.com/can-tho/san-bong-co-nhan-tao-an-binh-l371166.html","2026-10-03T08:30:04.920Z","200000","350000","","court_unknown_duration","","","price_range_only","approximate","1","0.5","Giá dịch vụ : 200.000 - 350.000 VND"
"209c5113b3c8e527","VN_0696","Cồn Khương Pickleball - 37 Nguyễn Văn Cừ","37 Nguyễn Văn Cừ, Cần Thơ","Pickleball","11. Sân pickleball Cồn Khương"," 37 Đ. Nguyễn Văn Cừ, P, Cái Khế, Cần Thơ","Pickleball","https://shopvnb.com/san-pickleball-can-tho.html","2026-10-03T08:29:55.926Z","50000","100000","60","court_hour","","","price_range_only","approximate","1","1","- Giá thuê tham khảo: 50.000 - 100.000 VNĐ/giờ"
"b6e17b0c54c68a36","VN_0696","Cồn Khương Pickleball - 37 Nguyễn Văn Cừ","37 Nguyễn Văn Cừ, Cần Thơ","Pickleball","Tìm hiểu chi tiết sân pickleball Cồn Khương, cụm sân chất lượng và uy tín tại Cần Thơ"," 37 Đ. Nguyễn Văn Cừ, P, Cái Khế, Cần Thơ","Pickleball","https://shopvnb.com/san-pickleball-con-khuong.html","2026-10-03T08:24:37.737Z","50000","100000","60","court_hour","","","price_range_only","approximate","1","1","- Khung giờ 6:00 – 16:00: 50.000 VNĐ/giờ - Khung giờ 16:00 – 22:00: 100.000 VNĐ/giờ"
"5ac948658cb12fa0","VN_0699","Sân Bóng Đá 150A Cần Thơ","2QGC+68G, Khu dân cư số 5, Cần Thơ","Bóng đá","Sân Bóng Đá 150A Cần Thơ"," Khu dân cư số 5, Phường Xuân Khánh, Quận Ninh Kiều, Cần Thơ","Bóng đá","https://diadiem247.com/can-tho/san-bong-da-150a-can-tho-l371162.html","2026-10-03T08:30:05.814Z","300000","450000","","court_match","","","price_range_only","approximate","1","0.7777777777777778","Giá thuê dao động từ khoảng 300.000đ- 450.000đ/ trận tùy thuộc vào từng khung giờ thuê sân."
"cbe3d6896f2f0d14","VN_0699","Sân Bóng Đá 150A Cần Thơ","2QGC+68G, Khu dân cư số 5, Cần Thơ","Bóng đá","Sân Bóng Đá 150A Cần Thơ","Khu dân cư số 5, Phường Xuân Khánh, Quận Ninh Kiều, Thành phố Cần Thơ","Bóng đá","https://diadiem247.com/can-tho/san-bong-da-150a-can-tho-l371162.html","2026-10-03T08:30:05.814Z","300000","450000","","court_unknown_duration","","","price_range_only","approximate","1","0.7777777777777778","Giá dịch vụ : 300.000 - 450.000 VND"
"0feff3415ac66818","VN_0703","Olala Pickleball - Khu CCO1 Đường Thích Quảng Đức","Khu CCO1 Đường Thích Quảng Đức, Khánh Hòa","Pickleball","9. Sân Pickleball Olala"," Khu CC01, Đường Thích Quảng Đức, Phường Phước Long, TP. Nha Trang, Khánh Hoà","Pickleball","https://shopvnb.com/san-pickleball-nha-trang.html","2026-10-03T08:29:58.289Z","80000","180000","60","court_hour","","","price_range_only","approximate","1","0.875","- Giá thuê Tham khảo: 80.000 - 180.000đ/giờ tuỳ theo giờ chơi"
"e1b7aa036225f13d","VN_0712","DSD Pickleball Nha Trang","Đ. Số 94, Khu đô thị Thái Hưng, Khánh Hòa","Pickleball","Khám phá sân Pickleball DSD Nha Trang chất lượng và uy tín tại TP. Nha Trang, Khánh Hoà"," Khu đô thị Thái Hưng, Đường số 94, Phường Vĩnh Thái, TP. Nha Trang, Khánh Hoà - ","Pickleball","https://shopvnb.com/san-pickleball-dsd-nha-trang.html","2026-10-03T08:28:29.991Z","150000","230000","60","court_hour","","","price_range_only","approximate","1","0.9","Giá thuê sân Pickleball DSD Nha Trang sẽ dao động từ 150.000đ - 230.000đ/giờ tuỳ theo giờ chơi"
"2e13ace95e5b821c","VN_0712","DSD Pickleball Nha Trang","Đ. Số 94, Khu đô thị Thái Hưng, Khánh Hòa","Pickleball","7. Sân Pickleball DSD Nha Trang"," Khu đô thị Thái Hưng, Đường số 94, Phường Vĩnh Thái, TP. Nha Trang, Khánh Hoà","Pickleball","https://shopvnb.com/san-pickleball-nha-trang.html","2026-10-03T08:29:58.289Z","150000","230000","60","court_hour","","","price_range_only","approximate","1","0.9","- Giá thuê Tham khảo: 150.000 - 230.000đ/giờ tuỳ theo giờ chơi"
"5c945971696e5cdc","VN_0712","DSD Pickleball Nha Trang","Đ. Số 94, Khu đô thị Thái Hưng, Khánh Hòa","Pickleball","3. DSD Pickleball Nha Trang"," Đ. Số 94, Khu đô thị Thái Hưng (Mỹ Gia), Nha Trang, Khánh Hòa","Pickleball","https://www.alobo.vn/san-cau-long-nha-trang-san-pickleball-nha-trang/","2026-10-03T08:17:12.784Z","130000","200000","60","court_hour","","","price_range_only","approximate","1","1","– Giá thuê sân: dao động từ 130.000-200.000 đồng/giờ"
"500894356f1fb7dc","VN_0716","Banuri Pickleball - 199 Ngô Đến","199 Ngô Đến, Khánh Hòa","Pickleball","5. Sân Pickleball Banuri"," 199 Ngô Đến, Tháp Bà, Vĩnh Phước, Nha Trang, Khánh Hoà","Pickleball","https://shopvnb.com/san-pickleball-nha-trang.html","2026-10-03T08:29:58.289Z","50000","140000","60","court_hour","","","price_range_only","approximate","1","1","- Giá thuê Tham khảo: 50.000 - 140.000đ/giờ tuỳ theo giờ chơi"
"43252f2c25b507b0","VN_0718","K29 Pickleball Club - 29 Thủy Xưởng","29 Thủy Xưởng, Khánh Hòa","Pickleball","12. Sân K29 Pickleball"," 29 Thuỷ Xưởng, Phường Phương Sơn, TP. Nha Trang, Tỉnh Khánh Hoà","Pickleball","https://shopvnb.com/san-pickleball-nha-trang.html","2026-10-03T08:29:58.289Z","159000","199000","60","court_hour","","","price_range_only","approximate","1","1","- Giá thuê Tham khảo: 159.000 - 199.000đ/giờ tuỳ theo giờ chơi"
"92f3116e0cfacb85","VN_0719","OP Pickleball Nha Trang","96 Lê Hồng Phong, Phước Tân, Khánh Hòa","Pickleball","2. Sân Pickleball OP Nha Trang"," 96 Lê Hồng Phong, Phường Phước Tân, TP. Nha Trang, Khánh Hòa","Pickleball","https://shopvnb.com/san-pickleball-nha-trang.html","2026-10-03T08:29:58.289Z","100000","180000","60","court_hour","","","price_range_only","approximate","1","1","- Giá thuê Tham khảo: 100.000 - 180.000đ/giờ tuỳ theo giờ chơi"
"1be63d53f1709b7f","VN_0719","OP Pickleball Nha Trang","96 Lê Hồng Phong, Phước Tân, Khánh Hòa","Pickleball","Review sân Pickleball OP Nha Trang chất lượng tại TP. Nha Trang, Khánh Hoà"," 96 Lê Hồng Phong, Phường Phước Tân, TP. Nha Trang, Khánh Hòa - ","Pickleball","https://shopvnb.com/san-pickleball-op-nha-trang.html","2026-10-03T08:30:27.382Z","100000","180000","60","court_hour","","","price_range_only","approximate","1","1","Giá thuê sân Pickleball OP Nha Trang sẽ dao động từ 100.000đ - 180.000đ/giờ tuỳ theo giờ chơi"
"9e25e2e6a103c0fa","VN_0726","DSD Pickleball - Số 94, Khu đô thị Thái Hưng","Số 94, Khu đô thị Thái Hưng, Khánh Hòa","Pickleball","Khám phá sân Pickleball DSD Nha Trang chất lượng và uy tín tại TP. Nha Trang, Khánh Hoà"," Khu đô thị Thái Hưng, Đường số 94, Phường Vĩnh Thái, TP. Nha Trang, Khánh Hoà - ","Pickleball","https://shopvnb.com/san-pickleball-dsd-nha-trang.html","2026-10-03T08:28:29.991Z","150000","230000","60","court_hour","","","price_range_only","approximate","1","1","Giá thuê sân Pickleball DSD Nha Trang sẽ dao động từ 150.000đ - 230.000đ/giờ tuỳ theo giờ chơi"
"6864c480e464823f","VN_0726","DSD Pickleball - Số 94, Khu đô thị Thái Hưng","Số 94, Khu đô thị Thái Hưng, Khánh Hòa","Pickleball","7. Sân Pickleball DSD Nha Trang"," Khu đô thị Thái Hưng, Đường số 94, Phường Vĩnh Thái, TP. Nha Trang, Khánh Hoà","Pickleball","https://shopvnb.com/san-pickleball-nha-trang.html","2026-10-03T08:29:58.289Z","150000","230000","60","court_hour","","","price_range_only","approximate","1","1","- Giá thuê Tham khảo: 150.000 - 230.000đ/giờ tuỳ theo giờ chơi"
"b5e9054bdc623ec2","VN_0726","DSD Pickleball - Số 94, Khu đô thị Thái Hưng","Số 94, Khu đô thị Thái Hưng, Khánh Hòa","Pickleball","3. DSD Pickleball Nha Trang"," Đ. Số 94, Khu đô thị Thái Hưng (Mỹ Gia), Nha Trang, Khánh Hòa","Pickleball","https://www.alobo.vn/san-cau-long-nha-trang-san-pickleball-nha-trang/","2026-10-03T08:17:12.784Z","130000","200000","60","court_hour","","","price_range_only","approximate","1","1","– Giá thuê sân: dao động từ 130.000-200.000 đồng/giờ"
"19fd8e70c57dfb6d","VN_0729","Sân cầu lông Khánh Việt","Đặng Lộ, Vĩnh Hải, Khánh Hòa","Cầu lông","Tìm hiểu chi tiết dịch vụ và chất lượng tại sân cầu lông Khánh Việt Nha Trang"," 06 Đặng Lộ, Vĩnh Hải, Nha Trang, Khánh Hoà","Cầu lông","https://shopvnb.com/san-cau-long-khanh-viet-nha-trang.html","2026-10-03T08:24:12.630Z","50000","80000","60","court_hour","","","price_range_only","approximate","1","1","Giá thuê tại sân cầu lông Khánh Việt Nha Trang dao động từ khoảng 50.000 – 80.000 đồng/giờ, tùy theo khung giờ chơi và hình thức thuê sân như thuê cố định hoặc thuê vãng lai"
"53193e99f36c3ad6","VN_0729","Sân cầu lông Khánh Việt","Đặng Lộ, Vĩnh Hải, Khánh Hòa","Cầu lông","7. Sân cầu lông Khánh Việt"," Đăng Lộ, Vĩnh Hải, Nha Trang, Khánh Hòa","Cầu lông","https://www.alobo.vn/san-cau-long-nha-trang-san-pickleball-nha-trang/","2026-10-03T08:17:12.784Z","65000","80000","60","court_hour","","","price_range_only","approximate","1","1","– Giá thuê sân: dao động từ 65.000-80.000 đồng/giờ"
"e9423a12d5ff25ce","VN_0731","Sân bóng Vĩnh Phước - Nha Trang","Chung Cư, Vĩnh Phước, Khánh Hòa","Bóng đá","Sân Bóng Đá Vĩnh Phước","Phía sau chung Cư Vĩnh Phước, Đường 2/4, Phường Vĩnh Phước, Thành phố Nha Trang, Tỉnh Khánh Hòa","Bóng đá","https://diadiem247.com/khanh-hoa/san-bong-da-vinh-phuoc-l371216.html","2026-10-03T08:29:55.716Z","300000","800000","","court_unknown_duration","","","price_range_only","approximate","1","1","Giá dịch vụ : 300.000 - 800.000 VND"
"a9d9e9aa37d33cd7","VN_0737","Nhà thi đấu Khánh Hoà","Yersin, Phương Sài, Khánh Hòa","Cầu lông","4. Nhà thi đấu Khánh Hòa"," Yersin, Phương Sài, TP. Nha Trang, Khánh Hòa","","https://shopvnb.com/san-tennis-nha-trang.html","2026-10-03T08:32:28.430Z","70000","250000","60","court_hour","","","price_range_only","approximate","1","1","- Giá thuê sân: 70.000 - 250.000đ/giờ tùy thời điểm đặt sân"
"fb841babc68e61ae","VN_0738","Sân bóng tennis Không quân","105B Nguyễn Thị Minh Khai, Phước Hoà, Khánh Hòa","Bóng đá","2. Sân tennis Không Quân"," 105B Nguyễn Thị Minh Khai, P. Phước Hoà, TP. Nha Trang, Khánh Hòa","Tennis","https://shopvnb.com/san-tennis-nha-trang.html","2026-10-03T08:32:28.430Z","100000","300000","60","court_hour","","","price_range_only","approximate","1","1","- Giá thuê sân: 100.000 - 300.000đ/giờ tùy thời điểm đặt sân"
"b1745a30ce62e5fc","VN_0741","Sân Bóng Mini Ruby Sport","75QV+7F4, Điện Biên Phủ, Vĩnh Hải, Khánh Hòa","Bóng đá","Sân Bóng Mini Ruby Sport","45 Điện Biên Phủ, Phường Vĩnh Hòa, Thành phố Nha Trang, Tỉnh Khánh Hòa","Bóng đá","https://diadiem247.com/khanh-hoa/san-bong-mini-ruby-sport-l371213.html","2026-10-03T08:29:56.693Z","300000","800000","","court_unknown_duration","","","price_range_only","approximate","1","0.6666666666666666","Giá dịch vụ : 300.000 - 800.000 VND"
"3f67516f5d39e21d","VN_0742","Sân Cầu Lông LITA","442 Lê Hồng Phong, Phước Hoà, Khánh Hòa","Cầu lông","8. LITA Badminton Court"," 442 Lê Hồng Phong, phường Phước Hòa, Nha Trang, Khánh Hòa","Cầu lông","https://www.alobo.vn/san-cau-long-nha-trang-san-pickleball-nha-trang/","2026-10-03T08:17:12.784Z","90000","110000","60","court_hour","","","price_range_only","approximate","1","1","– Giá thuê sân: dao động từ 90.000-110.000 đồng/giờ"
"5cfbfc85abd0d3df","VN_0746","Sân bóng mini Mỹ Gia 2","65P9+F65, Đường Số 21, Vĩnh Thái, Khánh Hòa","Bóng đá","Sân Bóng Mỹ Gia","Đường Võ Nguyên Giáp,, Xã Vĩnh Thái, Thành phố Nha Trang, Tỉnh Khánh Hòa","Bóng đá","https://diadiem247.com/khanh-hoa/san-bong-my-gia-l371210.html","2026-10-03T08:29:57.580Z","300000","800000","","court_unknown_duration","","","price_range_only","approximate","1","0.5555555555555556","Giá dịch vụ : 300.000 - 800.000 VND"
"0e1c826d02fb18b9","VN_0754","Sân Pickleball Đa Quốc","75C Nguyễn Thị Minh Khai, Tân Lập, Khánh Hòa","Pickleball","19. Sân Pickleball Đa Quốc Nha Trang"," 75C Nguyễn Thị Minh Khai, Tân Tiến, Nha Trang, Khánh Hòa","Pickleball","https://shopvnb.com/san-pickleball-nha-trang.html","2026-10-03T08:29:58.289Z","80000","140000","60","court_hour","","","price_range_only","approximate","1","0.8888888888888888","- Giá thuê tham khảo: 80.000 - 140.000đ/giờ"
"dc46f3bcd93cbc4a","VN_0770","Pickleball Bảo Lộc","Hẻm 159 Lam Sơn, Lộc Sơn, Lâm Đồng","Pickleball","Khám phá sân Pickleball Bảo Lộc đẹp, chất lượng và uy tín tại TP. Bảo Lộc, tỉnh Lâm Đồng"," Hẻm 159 Lam Sơn, Phường Lộc Sơn, TP. Bảo Lộc, Tỉnh Lâm Đồng - ","Pickleball","https://shopvnb.com/san-pickleball-bao-loc.html","2026-10-03T08:28:10.250Z","80000","120000","60","court_hour","","","price_range_only","approximate","1","1","Giá thuê sân Pickleball Bảo Lộc sẽ dao động từ 80.000đ - 120.000đ/giờ tuỳ theo giờ chơi"
"644964bc8407d082","VN_0770","Pickleball Bảo Lộc","Hẻm 159 Lam Sơn, Lộc Sơn, Lâm Đồng","Pickleball","8. Sân Pickleball Bảo Lộc"," Hẻm 159 Lam Sơn, Phường Lộc Sơn, TP. Bảo Lộc, Tỉnh Lâm Đồng","Pickleball","https://shopvnb.com/san-pickleball-lam-dong.html","2026-10-03T08:28:44.796Z","80000","120000","60","court_hour","","","price_range_only","approximate","1","1","- Giá thuê Tham khảo: 80.000 - 120.000đ/giờ tuỳ theo giờ chơi"
"9ad48cc0d587d838","VN_0790","Jupy Pickleball - cột 8, Hồng Hà","cột 8, Hồng Hà, Quảng Ninh","Pickleball","27. Sân Pickleball Jupy"," Ô 128, Lô 10 - KDC Du Lịch Đông Hùng Thắng, Đường Nguyễn Văn Linh, Phường Bãi Cháy, TP. Hạ Long, Tỉnh Quảng Ninh","Pickleball","https://shopvnb.com/san-pickleball-quang-ninh.html","2026-10-03T08:29:59.495Z","110000","170000","60","court_hour","","","price_range_only","approximate","1","0.5","- Giá thuê Tham khảo: 110.000đ - 170.000đ/giờ tuỳ theo giờ chơi"
"7ab6d83346ebfb8f","VN_0795","HT Pickleball Hạ Long - 76 - 78 Đặng Thùy Trâm","76 - 78 Đặng Thùy Trâm, Quảng Ninh","Pickleball","Review sân Pickleball HT Hạ Long chất lượng và uy tín tại TP. Hạ Long, tỉnh Quảng Ninh"," 76-78 Đặng Thùy Trâm, Phường Hồng Hà, TP. Hạ Long, Tỉnh Quảng Ninh - ","Pickleball","https://shopvnb.com/san-pickleball-ht-ha-long.html","2026-10-03T08:26:46.734Z","100000","200000","60","court_hour","","","price_range_only","approximate","1","1","Giá thuê sân Pickleball HT Hạ Long sẽ dao động từ 100.000đ - 200.000đ/giờ tuỳ theo giờ chơi"
"d4025229e6e35aa4","VN_0795","HT Pickleball Hạ Long - 76 - 78 Đặng Thùy Trâm","76 - 78 Đặng Thùy Trâm, Quảng Ninh","Pickleball","28. Sân Pickleball HT Hạ Long"," 76-78 Đặng Thùy Trâm, Phường Hồng Hà, TP. Hạ Long, Tỉnh Quảng Ninh","Pickleball","https://shopvnb.com/san-pickleball-quang-ninh.html","2026-10-03T08:29:59.495Z","100000","200000","60","court_hour","","","price_range_only","approximate","1","1","- Giá thuê Tham khảo: 100.000đ - 200.000đ/giờ tuỳ theo giờ chơi"
"48f0d865c510e5f6","VN_0800","Watson Pickleball - : Đường Lạc Long Quân, C87 lô 9, Khu dân cư Du lịch Đông Hùng Thắng","Đường Lạc Long Quân, C87 lô 9, Khu dân cư Du lịch Đông Hùng Thắng, Quảng Ninh","Pickleball","20. Sân Pickleball Watson Hạ Long"," C87-C88 Lô 9 Khu du lịch Đông Hùng Thắng, Phường Bãi Cháy, TP. Hạ Long, Tỉnh Quảng Ninh","Pickleball","https://shopvnb.com/san-pickleball-quang-ninh.html","2026-10-03T08:29:59.495Z","100000","160000","60","court_hour","","","price_range_only","approximate","1","0.7058823529411765","- Giá thuê Tham khảo: 100.000đ - 160.000đ/giờ tuỳ theo giờ chơi"
"beadc3bda129cc14","VN_0813","Sân pickleball JuPy","X23C+38X, Nguyễn Văn Linh, Bãi Cháy, Quảng Ninh","Pickleball","27. Sân Pickleball Jupy"," Ô 128, Lô 10 - KDC Du Lịch Đông Hùng Thắng, Đường Nguyễn Văn Linh, Phường Bãi Cháy, TP. Hạ Long, Tỉnh Quảng Ninh","Pickleball","https://shopvnb.com/san-pickleball-quang-ninh.html","2026-10-03T08:29:59.495Z","110000","170000","60","court_hour","","","price_range_only","approximate","1","0.7777777777777778","- Giá thuê Tham khảo: 110.000đ - 170.000đ/giờ tuỳ theo giờ chơi"
"29d6a1d58095bb3e","VN_0822","Sân Cầu lông Trường Anh - Hạ Long","93 Huỳnh Thúc Kháng, Hồng Hà, Quảng Ninh","Cầu lông","Sân cầu lông Trường Anh","93 Huỳnh Thúc Kháng, Phường Hồng Hà, Thành phố Hạ Long, Quảng Ninh","Cầu lông","https://thegioithethao.vn/san-cau-long-truong-anh-f-rksA8","2026-10-04T14:13:34.960Z","80000","80000","","court_unknown_duration","","","price_only","approximate","1","1","Giá sân: 80.000 đ"
"36f15f6db45b62c3","VN_0822","Sân Cầu lông Trường Anh - Hạ Long","93 Huỳnh Thúc Kháng, Hồng Hà, Quảng Ninh","Cầu lông","Sân cầu lông Trường Anh","93 Huỳnh Thúc Kháng, Phường Hồng Hà, Thành phố Hạ Long, Quảng Ninh","Cầu lông","https://thegioithethao.vn/san-cau-long-truong-anh-f-rksA8","2026-10-04T14:13:34.960Z","80000","80000","","court_unknown_duration","","","price_only","peak_unspecified","1","1","Giá sân giờ vàng: 80.000 đ"
"767473452a6331df","VN_0824","Sân cầu lông Trà My","X239+JW5, Bãi Cháy, Quảng Ninh","Cầu lông","Sân cầu lông Trà My - Hạ Long","Ô C98, Đường Lạc Long Quân, KĐT Đông Hùng Thắng, Phường Bãi Cháy, Thành phố Hạ Long, Quảng Ninh","Cầu lông","https://thegioithethao.vn/san-cau-long-tra-my-ha-long-f-f64Ge","2026-10-04T14:13:35.006Z","90000","120000","","court_unknown_duration","","","price_range_only","approximate","1","0.6666666666666666","Giá sân: 90.000 đ - 120.000 đ"
"dfe472bc19fb5de9","VN_0824","Sân cầu lông Trà My","X239+JW5, Bãi Cháy, Quảng Ninh","Cầu lông","Sân cầu lông Trà My - Hạ Long","Ô C98, Đường Lạc Long Quân, KĐT Đông Hùng Thắng, Phường Bãi Cháy, Thành phố Hạ Long, Quảng Ninh","Cầu lông","https://thegioithethao.vn/san-cau-long-tra-my-ha-long-f-f64Ge","2026-10-04T14:13:35.006Z","120000","120000","","court_unknown_duration","","","price_only","peak_unspecified","1","0.6666666666666666","Giá sân giờ vàng: 120.000 đ"
"a41e2a6b15c943ea","VN_0830","Sân Bóng nhân tạo Cung Văn hóa thiếu nhi Quảng Ninh","176 Lê Thánh Tông, P. Bạch Đằng, Quảng Ninh","Bóng đá","Sân bóng nhân tạo Cung văn hóa thiếu nhi Quảng Ninh","176 Lê Thánh Tông, Phường Bạch Đằng, Thành phố Hạ Long, Quảng Ninh","Bóng đá","https://thegioithethao.vn/san-bong-nhan-tao-cung-van-hoa-thieu-nhi-quang-ninh-f-RTBKD","2026-10-04T14:13:20.377Z","300000","500000","","court_unknown_duration","","","price_range_only","approximate","1","0.8888888888888888","Giá sân: 300.000 đ - 500.000 đ"
"bf354573bebeb55d","VN_0830","Sân Bóng nhân tạo Cung Văn hóa thiếu nhi Quảng Ninh","176 Lê Thánh Tông, P. Bạch Đằng, Quảng Ninh","Bóng đá","Sân bóng nhân tạo Cung văn hóa thiếu nhi Quảng Ninh","176 Lê Thánh Tông, Phường Bạch Đằng, Thành phố Hạ Long, Quảng Ninh","Bóng đá","https://thegioithethao.vn/san-bong-nhan-tao-cung-van-hoa-thieu-nhi-quang-ninh-f-RTBKD","2026-10-04T14:13:20.377Z","500000","500000","","court_unknown_duration","","","price_only","peak_unspecified","1","0.8888888888888888","Giá sân giờ vàng: 500.000 đ"
"5bd77c3bbbfd05ba","VN_0908","Sân bóng nhân tạo Đại Đồng","3XQQ+PMV, Đại Thượng, Bắc Ninh","Bóng đá","Sân Bóng Đại Đồng","Đại Thượng, Xã Đại Đồng, Huyện Tiên Du, Tỉnh Bắc Ninh","Bóng đá","https://diadiem247.com/bac-ninh/san-bong-dai-dong-l371238.html","2026-10-03T08:29:51.203Z","200000","700000","","court_unknown_duration","","","price_range_only","approximate","1","0.6666666666666666","Giá dịch vụ : 200.000 - 700.000 VND"
"4e3fe7f5db1f47c4","VN_0911","Bean's Pickleball - Khu đô thị Dabaco Đền Đô","Khu đô thị Dabaco Đền Đô, Bắc Ninh","Pickleball","Review sân Pickleball Bean's đẹp và chất lượng tại TP. Từ Sơn, tỉnh Bắc Ninh"," Khu đô thị Dabaco Đền Đô, Phường Đình Bảng, TP. Từ Sơn, Tỉnh Bắc Ninh - ","Pickleball","https://shopvnb.com/san-pickleball-bean-s.html","2026-10-03T08:27:38.766Z","120000","200000","60","court_hour","","","price_range_only","approximate","1","1","Giá thuê sân Pickleball Bean's sẽ dao động từ 120.000đ - 200.000đ/giờ tuỳ theo giờ chơi"
"fb2622e54fa6be09","VN_0922","Sân Bóng Phương Cầu","54G2+5WP, Phương Liễu, Bắc Ninh","Bóng đá","Sân Vận Động Phường Đình Bảng","Thọ Môn Vạn Hạnh, Phường Đình Bảng, Thị xã Từ Sơn, Tỉnh Bắc Ninh","","https://diadiem247.com/bac-ninh/san-van-dong-phuong-dinh-bang-l371231.html","2026-10-03T08:29:54.713Z","200000","400000","","court_unknown_duration","","","price_range_only","approximate","1","0.5","Giá dịch vụ : 200.000 - 400.000 VND"
"c853846888fec945","VN_0939","Sân Bóng An Lạc Gia","Lương Tân, Bắc Ninh","Bóng đá","Sân Bóng An Gia Lạc","Lương Tân, Xã Yên Trung, Huyện Yên Phong, Tỉnh Bắc Ninh","Bóng đá","https://diadiem247.com/bac-ninh/san-bong-an-gia-lac-l371237.html","2026-10-03T08:29:52.088Z","300000","800000","","court_unknown_duration","","","price_range_only","approximate","1","1","Giá dịch vụ : 300.000 - 800.000 VND"
"f4800023a93bd974","VN_0956","Sân vận động phường Đình Bảng","Thọ Môn Vạn Hạnh, Đình Bảng, Bắc Ninh","Cầu lông","Sân Vận Động Phường Đình Bảng","Thọ Môn Vạn Hạnh, Phường Đình Bảng, Thị xã Từ Sơn, Tỉnh Bắc Ninh","","https://diadiem247.com/bac-ninh/san-van-dong-phuong-dinh-bang-l371231.html","2026-10-03T08:29:54.713Z","200000","400000","","court_unknown_duration","","","price_range_only","approximate","1","1","Giá dịch vụ : 200.000 - 400.000 VND"
"83eb949cf7695e06","VN_0981","PICKLEBALL BẾN THỦY - VINH RIVERSIDE","Khu tổ hợp VINH RIVERSIDE - đường Dũng Quyết, phường Trung Đô, Nghệ An","Pickleball","Review sân Pickleball Bến Thuỷ đẹp và chất lượng tại TP. Vinh, Nghệ An"," Khu đô thị Vinh Riverside - Đường Dũng Quyết, Phường Trung Đô, TP. Vinh, Nghệ An - ","Pickleball","https://shopvnb.com/san-pickleball-ben-thuy.html","2026-10-03T08:29:22.938Z","100000","160000","60","court_hour","","","price_range_only","approximate","1","0.8461538461538461","Giá thuê sân Pickleball Bến Thuỷ sẽ dao động từ 100.000đ - 160.000đ/giờ tuỳ theo giờ chơi"
"5d1f4007aa888712","VN_0981","PICKLEBALL BẾN THỦY - VINH RIVERSIDE","Khu tổ hợp VINH RIVERSIDE - đường Dũng Quyết, phường Trung Đô, Nghệ An","Pickleball","6. Sân Pickleball Bến Thuỷ"," Khu đô thị Vinh Riverside - Đường Dũng Quyết, Phường Trung Đô, TP. Vinh, Nghệ An","Pickleball","https://shopvnb.com/san-pickleball-nghe-an.html","2026-10-03T08:29:45.224Z","100000","160000","60","court_hour","","","price_range_only","approximate","1","0.8461538461538461","- Giá thuê Tham khảo: 100.000đ - 160.000đ/giờ tuỳ theo giờ chơi"
"93d9ddc9e71a06b9","VN_1009","Hue Pickleball Arena - Đường Lưu Nhân Chú, KQH Thủy Thanh 3","Đường Lưu Nhân Chú, KQH Thủy Thanh 3, Thừa Thiên Huế","Pickleball","1. Hue Pickleball Arena"," Lưu Nhân Chú, Thủy Thanh, Hương Thủy, Thừa Thiên Huế","Pickleball","https://www.alobo.vn/san-cau-long-thua-thien-hue-pickleball-thua-thien-hue/","2026-10-03T08:17:17.357Z","100000","180000","60","court_hour","","","price_range_only","approximate","1","0.8888888888888888","– Giá thuê sân: dao động từ 100.000-180.000 đồng/giờ"
"db0dcde66a45ea9a","VN_1065","Sân Trung Tâm Nam Định - 445 Đặng Xuân Bảng","445 Đặng Xuân Bảng, Nam Định","Pickleball","Review sân Pickleball Lạc Quần uy tín và chất lượng tại huyện Xuân Trường, tỉnh Nam Định"," Phố Lạc Quần, Xã Xuân Ninh, Huyện Xuân Trường, Tỉnh Nam Định - ","Pickleball","https://shopvnb.com/san-pickleball-lac-quan.html","2026-10-03T08:27:00.399Z","80000","140000","60","court_hour","","","price_range_only","approximate","1","0.5","Giá thuê sân Pickleball Lạc Quần theo tham khảo sẽ dao động từ 80.000đ - 140.000đ/giờ tuỳ theo giờ chơi"
"58fb8e7b4b6bd740","VN_1065","Sân Trung Tâm Nam Định - 445 Đặng Xuân Bảng","445 Đặng Xuân Bảng, Nam Định","Pickleball","Review sân Pickleball Nam Định chất lượng đáng để trải nghiệm"," 445 Đặng Xuân Bảng, Phường Nam Vân, TP. Nam Định, Tỉnh Nam Định - ","Pickleball","https://shopvnb.com/san-pickleball-nam-dinh.html","2026-10-03T08:30:40.912Z","70000","140000","60","court_hour","","","price_range_only","approximate","1","1","Giá thuê sân Pickleball Nam Định sẽ dao động từ 70.000đ - 140.000đ/giờ tuỳ theo giờ chơi"
"4dcaa5a74abdc7d1","VN_1066","Double T pickleball -  25 Nguyễn Trãi","25 Nguyễn Trãi, Nam Định","Pickleball","Review sân Pickleball Double T chất lượng tại Nam Định"," 25 Nguyễn Trãi, Phường Phan Đình Phùng, TP. Nam Định, Tỉnh Nam Định - ","Pickleball","https://shopvnb.com/san-pickleball-double-t.html","2026-10-03T08:29:05.653Z","110000","170000","60","court_hour","","","price_range_only","approximate","1","1","Giá thuê sân Pickleball Double T sẽ dao động từ 110.000đ - 170.000đ/giờ tuỳ theo giờ chơi"
"5380fc4648a067bd","VN_1071","Nam Sông Đào Pickleball - 121 Lạc Long Quân","121 Lạc Long Quân, Nam Định","Pickleball","Review sân Pickleball Nam Sông Đào đẹp và chất lượng tại phường Cửa Nam, TP. Nam Định"," 121 Lạc Long Quân, Phường Cửa Nam, TP. Nam Định, Tỉnh Nam Định - ","Pickleball","https://shopvnb.com/san-pickleball-nam-song-dao.html","2026-10-03T08:27:34.399Z","50000","140000","60","court_hour","","","price_range_only","approximate","1","1","Giá thuê sân Pickleball Nam Sông Đào sẽ dao động từ 50.000đ - 140.000đ/giờ tuỳ theo giờ chơi"
"2271d115965ac6b3","VN_1072","Nghĩa Hưng Pickleball - Trung tâm sân vận động huyện Nghĩa Hưng","Trung tâm sân vận động huyện Nghĩa Hưng, Nam Định","Pickleball","Review sân Pickleball Nghĩa Hưng chất lượng tại huyện Nghĩa Hưng, Nam Định"," Trung tâm sân vận động huyện Nghĩa Hưng, Xã Nghĩa Trung, Huyện Nghĩa Hưng, Tỉnh Nam Định - ","Pickleball","https://shopvnb.com/san-pickleball-nghia-hung.html","2026-10-03T08:29:28.801Z","80000","130000","60","court_hour","","","price_range_only","approximate","1","1","Giá thuê sân Pickleball Nghĩa Hưng sẽ dao động từ 80.000đ - 130.000đ/giờ tuỳ theo giờ chơi"
"7e8e9386f797fda7","VN_1081","SÂN BÓNG CHÙA NÔM","Xã Đại Đồng, Hưng Yên","Bóng đá","Sân Bóng Đá Mini Chùa Nôm","Đường Chùa Nôm, Xã Đại Đồng, Huyện Văn Lâm, Tỉnh Hưng Yên","Bóng đá","https://diadiem247.com/hung-yen/san-bong-da-mini-chua-nom-l371306.html","2026-10-03T08:29:38.585Z","300000","800000","","court_unknown_duration","","","price_range_only","approximate","1","1","Giá dịch vụ : 300.000 - 800.000 VND"
"6e07679fee903def","VN_1082","Sân bóng Tú Nam","W3M8+5H8, Phố Nối, Hưng Yên","Bóng đá","Sân Bóng Đá Tú Nam","Sân Bóng Tú Nam, Phố Nối, Huyện Yên Mỹ, Tỉnh Hưng Yên","Bóng đá","https://diadiem247.com/hung-yen/san-bong-da-tu-nam-l371284.html","2026-10-03T08:29:42.103Z","200000","400000","","court_unknown_duration","","","price_range_only","approximate","1","0.6666666666666666","Giá dịch vụ : 200.000 - 400.000 VND"
"a46b7bf53f0634f5","VN_1084","Sân bóng Thủy lợi, Cơ sở Hưng Yên","M4P2+44C, An Viên, Hưng Yên","Bóng đá","Sân Bóng Đại Học Thủy Lợi Cơ Sở Hưng Yên","Đại Học Thủy Lợi 2, Xã An Viên, Huyện Tiên Lữ, Tỉnh Hưng Yên","Bóng đá","https://diadiem247.com/hung-yen/san-bong-dai-hoc-thuy-loi-co-so-hung-yen-l371309.html","2026-10-03T08:29:37.686Z","300000","800000","","court_unknown_duration","","","price_range_only","approximate","1","0.6666666666666666","Giá dịch vụ : 300.000 - 800.000 VND"
"8868d95ccc59b8be","VN_1086","Sân bóng đá Ecopark","Thủy Nguyên, Hưng Yên","Bóng đá","Sân Bóng Đá Ecopark - Hưng Yên","Khu đô thị Ecopark, Xã Phụng Công, Huyện Văn Giang, Tỉnh Hưng Yên","Bóng đá","https://diadiem247.com/hung-yen/san-bong-da-ecopark-hung-yen-l371303.html","2026-10-03T08:29:39.471Z","300000","800000","","court_unknown_duration","","","price_range_only","approximate","1","0.5","Giá dịch vụ : 300.000 - 800.000 VND"
"96b9e4a4f9405be7","VN_1089","Sân Bóng Đá Mỹ Yên","Đường Mỹ Yên - Tân Bửu, Hưng Yên","Bóng đá","Sân Bóng TPG - Yên Mỹ","TT Vòng xuyến Ngã 5 Yên Mỹ, Xã Tân Lập, Huyện Yên Mỹ, Tỉnh Hưng Yên","Bóng đá","https://diadiem247.com/hung-yen/san-bong-tpg-yen-my-l371313.html","2026-10-03T08:29:35.922Z","300000","700000","","court_unknown_duration","","","price_range_only","approximate","1","0.6666666666666666","Giá dịch vụ : 300.000 - 700.000 VND"
"1de8027a27ada38a","VN_1091","Long Hưng Pickleball - Tỉnh lộ 379","Tỉnh lộ 379, Hưng Yên","Pickleball","Khám phá sân Pickleball Hùng Vương chất lượng đáng để trải nghiệm tại huyện Văn Lâm, tỉnh Hưng Yên"," Ga Lạc Đạo, Xã Lạc Đạo, Huyện Văn Lâm, Tỉnh Hưng Yên - ","Pickleball","https://shopvnb.com/san-pickleball-hung-vuong.html","2026-10-03T08:27:36.536Z","100000","150000","60","court_hour","","","price_range_only","approximate","1","0.6","Giá thuê sân Pickleball Hùng Vương theo tham khảo sẽ dao động từ 100.000đ - 150.000đ/giờ tuỳ theo giờ chơi"
"2e1dad83ee3feed0","VN_1091","Long Hưng Pickleball - Tỉnh lộ 379","Tỉnh lộ 379, Hưng Yên","Pickleball","2. Sân Pickleball Hùng Vương"," Ga Lạc Đạo, Xã Lạc Đạo, Huyện Văn Lâm, Tỉnh Hưng Yên","Pickleball","https://shopvnb.com/san-pickleball-hung-yen.html","2026-10-03T08:27:35.391Z","100000","150000","60","court_hour","","","price_range_only","approximate","1","0.6","- Giá thuê Tham khảo: 100.000đ - 150.000đ/giờ tuỳ theo giờ chơi"
"4f66f8d5dca67862","VN_1091","Long Hưng Pickleball - Tỉnh lộ 379","Tỉnh lộ 379, Hưng Yên","Pickleball","7. Sân Pickleball Long Hưng"," Đường 379, Xã Long Hưng, Huyện Văn Giang, Tỉnh Hưng Yên (Đối diện Công an huyện Văn Giang)","Pickleball","https://shopvnb.com/san-pickleball-hung-yen.html","2026-10-03T08:27:35.391Z","110000","210000","60","court_hour","","","price_range_only","approximate","1","0.8","- Giá thuê Tham khảo: 110.000đ - 210.000đ/giờ tuỳ theo giờ chơi"
"55ce19d736669eb8","VN_1091","Long Hưng Pickleball - Tỉnh lộ 379","Tỉnh lộ 379, Hưng Yên","Pickleball","Review sân Pickleball Long Hưng đẹp, chất lượng và quy mô lớn tại huyện Văn Giang, tỉnh Hưng Yên"," Đường 379, Xã Long Hưng, Huyện Văn Giang, Tỉnh Hưng Yên - ","Pickleball","https://shopvnb.com/san-pickleball-long-hung.html","2026-10-03T08:26:41.243Z","110000","210000","60","court_hour","","","price_range_only","approximate","1","0.8","Giá thuê sân Pickleball Long Hưng sẽ dao động từ 110.000đ - 210.000đ/giờ tuỳ theo giờ chơi"
"c7d9bf2345179544","VN_1091","Long Hưng Pickleball - Tỉnh lộ 379","Tỉnh lộ 379, Hưng Yên","Pickleball","5. Sân Pickleball Hưng Nhân"," Khu Đầu, Xã Long Hưng, Tỉnh Hưng Yên (Thị trấn Hưng Nhân, Huyện Hưng Hà, Tỉnh Thái Bình cũ)","Pickleball","https://shopvnb.com/san-pickleball-thai-binh.html","2026-10-03T08:28:35.674Z","39000","89000","60","court_hour","","","price_range_only","approximate","1","0.6","- Giá thuê Tham khảo: 39.000đ - 89.000đ/giờ tuỳ theo giờ chơi"
"decc02f4f9c1fc7c","VN_1091","Long Hưng Pickleball - Tỉnh lộ 379","Tỉnh lộ 379, Hưng Yên","Pickleball","Khám phá sân Pickleball Yên Phú đẹp và chất lượng tại huyện Yên Mỹ, tỉnh Hưng Yên"," Thôn Từ Tây, Xã Yên Phú, Huyện Yên Mỹ, Tỉnh Hưng Yên - ","Pickleball","https://shopvnb.com/san-pickleball-yen-phu.html","2026-10-03T08:26:39.127Z","80000","170000","60","court_hour","","","price_range_only","approximate","1","0.6","Giá thuê sân Pickleball Yên Phú sẽ dao động từ 80.000đ - 170.000đ/giờ tuỳ theo giờ chơi"
"c0dd4137665b87a0","VN_1091","Long Hưng Pickleball - Tỉnh lộ 379","Tỉnh lộ 379, Hưng Yên","Pickleball","1. Sân Pickleball Long Hưng – Địa điểm chơi pickleball tại Hưng Yên"," Đường 379 Xã Long Hưng, huyện Văn Giang, Hưng Yên.","Pickleball","https://www.alobo.vn/san-cau-long-hung-yen-san-pickleball-hung-yen/","2026-10-03T08:16:49.516Z","60000","210000","60","court_hour","","","price_range_only","approximate","1","0.6","– Giá thuê sân: dao động từ 60.000-210.000 đồng/giờ."
"0451cc2c3b2d4c52","VN_1099","Sân Bóng Chùa Nôm","X3RJ+3G3, Đường Chùa Nôm Xã, Đại Đồng, Hưng Yên","Bóng đá","Sân Bóng Đá Mini Chùa Nôm","Đường Chùa Nôm, Xã Đại Đồng, Huyện Văn Lâm, Tỉnh Hưng Yên","Bóng đá","https://diadiem247.com/hung-yen/san-bong-da-mini-chua-nom-l371306.html","2026-10-03T08:29:38.585Z","300000","800000","","court_unknown_duration","","","price_range_only","approximate","1","0.8","Giá dịch vụ : 300.000 - 800.000 VND"
"570e920cc6b2b44b","VN_1100","Sân bóng TPG - Yên Mỹ","V2RW+5W4, ĐT200, Tân Lập, Hưng Yên","Bóng đá","Sân Bóng TPG - Yên Mỹ","TT Vòng xuyến Ngã 5 Yên Mỹ, Xã Tân Lập, Huyện Yên Mỹ, Tỉnh Hưng Yên","Bóng đá","https://diadiem247.com/hung-yen/san-bong-tpg-yen-my-l371313.html","2026-10-03T08:29:35.922Z","300000","700000","","court_unknown_duration","","","price_range_only","approximate","1","0.5714285714285714","Giá dịch vụ : 300.000 - 700.000 VND"
"148eebcda86d573c","VN_1103","Sân bóng đá Cỏ Nhân Tạo Huyện Tứ Kỳ","Thị trấn Tứ Kỳ - Huyện Tứ Kỳ - Tỉnh Hải Dương, Hải Dương","Bóng đá","Sân Vận Động Huyện Tứ Kỳ","Đường Tình Yêu, Thị trấn Tứ Kỳ, Huyện Tứ Kỳ, Hải Dương","","https://thegioithethao.vn/san-van-dong-huyen-tu-ky-f-po9SL","2026-10-04T14:14:00.727Z","600000","900000","","court_unknown_duration","","","price_range_only","approximate","1","1","Giá sân: 600.000 đ - 900.000 đ"
"786a00ea2b2cd2d4","VN_1103","Sân bóng đá Cỏ Nhân Tạo Huyện Tứ Kỳ","Thị trấn Tứ Kỳ - Huyện Tứ Kỳ - Tỉnh Hải Dương, Hải Dương","Bóng đá","Sân Vận Động Huyện Tứ Kỳ","Đường Tình Yêu, Thị trấn Tứ Kỳ, Huyện Tứ Kỳ, Hải Dương","","https://thegioithethao.vn/san-van-dong-huyen-tu-ky-f-po9SL","2026-10-04T14:14:00.727Z","900000","900000","","court_unknown_duration","","","price_only","peak_unspecified","1","1","Giá sân giờ vàng: 900.000 đ"
"724ae02f7129a703","VN_1105","Sân bóng Thành Đông","Đường Nguyễn Dữ, Khu đô thị mới Tuệ Tĩnh , Hải Dương","Cầu lông","Sân Bóng Thành Đông Hải Dương","Đường Nguyễn Dữ, Khu đô thị mới Tuệ Tĩnh, Phường Cẩm Thượng, Thành phố Hải Dương, Tỉnh Hải Dương","Bóng đá","https://diadiem247.com/hai-duong/san-bong-thanh-dong-hai-duong-l371275.html","2026-10-03T08:29:48.299Z","200000","700000","","court_unknown_duration","","","price_range_only","approximate","1","1","Giá dịch vụ : 200.000 - 700.000 VND"
"9de424a9d0db36be","VN_1105","Sân bóng Thành Đông","Đường Nguyễn Dữ, Khu đô thị mới Tuệ Tĩnh , Hải Dương","Cầu lông","Sân Bóng Đá Thành Đông Bravo","Khu Đô Thị Nam Hải Dương, Xã Liên Hồng, Thành phố Hải Dương, Hải Dương","Bóng đá","https://thegioithethao.vn/san-bong-da-thanh-dong-bravo-f-kOdvg","2026-10-04T14:11:53.195Z","600000","600000","","court_unknown_duration","","","price_only","approximate","1","0.5","Giá sân: 600.000 đ"
"2076aee81708c038","VN_1105","Sân bóng Thành Đông","Đường Nguyễn Dữ, Khu đô thị mới Tuệ Tĩnh , Hải Dương","Cầu lông","Sân Bóng Đá Thành Đông Bravo","Khu Đô Thị Nam Hải Dương, Xã Liên Hồng, Thành phố Hải Dương, Hải Dương","Bóng đá","https://thegioithethao.vn/san-bong-da-thanh-dong-bravo-f-kOdvg","2026-10-04T14:11:53.195Z","600000","600000","","court_unknown_duration","","","price_only","peak_unspecified","1","0.5","Giá sân giờ vàng: 600.000 đ"
"1c914f7a2c187e74","VN_1106","Sân bóng Đô Lương","Đại lộ Trần Hưng Đạo, Hải Dương","Cầu lông","Sân Bóng Đô Lương","Đường Trần Hưng Đạo, Phường Ngọc Châu, Thành phố Hải Dương, Tỉnh Hải Dương","Bóng đá","https://diadiem247.com/hai-duong/san-bong-do-luong-l371278.html","2026-10-03T08:29:46.533Z","250000","500000","","court_unknown_duration","","","price_range_only","approximate","1","0.7142857142857143","Giá dịch vụ : 250.000 - 500.000 VND"
"d66faaed092188df","VN_1106","Sân bóng Đô Lương","Đại lộ Trần Hưng Đạo, Hải Dương","Cầu lông","Sân bóng Đô Lương - Hải Dương","Trần Hưng Đạo, Phường Ngọc Châu, Thành phố Hải Dương, Hải Dương","Bóng đá","https://thegioithethao.vn/san-bong-do-luong-hai-duong-f-iT91A","2026-10-04T14:11:50.612Z","500000","500000","","court_unknown_duration","","","price_only","approximate","1","0.7142857142857143","Giá sân: 500.000 đ"
"db8e6d7fc50f0e12","VN_1106","Sân bóng Đô Lương","Đại lộ Trần Hưng Đạo, Hải Dương","Cầu lông","Sân bóng Đô Lương - Hải Dương","Trần Hưng Đạo, Phường Ngọc Châu, Thành phố Hải Dương, Hải Dương","Bóng đá","https://thegioithethao.vn/san-bong-do-luong-hai-duong-f-iT91A","2026-10-04T14:11:50.612Z","500000","500000","","court_unknown_duration","","","price_only","peak_unspecified","1","0.7142857142857143","Giá sân giờ vàng: 500.000 đ"
"08f68ff914dba3ce","VN_1114","Sân Bắc Giang ","Bích Động , Bắc Giang","Cầu lông","9. Sân cầu lông Start Badminton Bắc Giang"," 1033 Lê Lợi, Dĩnh Kế, Bắc Giang","Cầu lông","https://shopvnb.com/tong-hop-danh-sach-san-cau-long-bac-giang-uy-tin-chat-luong.html","2026-10-03T08:32:44.255Z","50000","120000","60","court_hour","","","price_range_only","approximate","1","0.5","Giá thuê tham khảo: khoảng 50.000 - 120.000đ/giờ"
"02f3445abe68eace","VN_1114","Sân Bắc Giang ","Bích Động , Bắc Giang","Cầu lông","4. Start Badminton – sân cầu lông Bắc Giang"," 1033 Lê Lợi, Dĩnh Kế, Bắc Giang","Cầu lông","https://www.alobo.vn/san-cau-long-bac-giang-pickleball-bac-giang/","2026-10-03T08:17:22.599Z","50000","120000","60","court_hour","","","price_range_only","approximate","1","0.5","– Giá thuê sân: dao động 50.000-120.000 đồng/giờ tùy vào từng khung giờ"
"65850d1c6ed2c49d","VN_1195","Sân cầu lông Minh Anh - Minh Anh Badminton Club","32A Xuân Hòa 1, Lợi Bình Nhơn, Long An","Cầu lông","6. Minh Anh Badminton Club"," 32A Xuân Hòa 1, Xã Lợi Bình Nhơn, Tân An, Long An","Cầu lông","https://www.alobo.vn/san-cau-long-long-an-san-pickleball-long-an/","2026-10-03T08:17:21.579Z","50000","50000","60","court_hour","","","price_only","approximate","1","1","– Giá thuê sân: 50.000 đồng/giờ"
"66a2de00eb4d392e","VN_1255","Happy Sport Pickleball - Số 86B Nguyễn Văn Tư","Số 86B Nguyễn Văn Tư, Bến Tre","Pickleball","3. Sân Pickleball Happy Sport - pickleball.club"," 86B, Đường Nguyễn Văn Tư, Phường Bến Tre, Tỉnh Vĩnh Long (Phường 7, Thành phố Bến Tre cũ)","Pickleball","https://shopvnb.com/san-pickleball-ben-tre.html","2026-10-03T08:27:18.634Z","100000","160000","60","court_hour","","","price_range_only","approximate","1","0.8571428571428571","- Giá thuê Tham khảo: 100.000 - 160.000đ/giờ tuỳ theo giờ chơi"
"6dddf43c7f272ec3","VN_1354","Phu Quoc Dynamics Center Pickleball - 318/18 Nguyễn Trung Trực","318/18 Nguyễn Trung Trực, Kiên Giang","Pickleball","2. Sân cầu lông & Pickleball Phú Quốc Dynamics Center"," 318/18 Nguyễn Trung Trực, Phường Dương Đông, TP. Phú Quốc, Tỉnh Kiên Giang","Pickleball","https://shopvnb.com/san-cau-long-phu-quoc.html","2026-10-03T08:27:37.637Z","60000","100000","60","court_hour","","","price_range_only","approximate","1","1","- Giá thuê Tham khảo của sân cầu lông: 60.000 - 100.000đ/giờ tuỳ theo giờ chơi"
"6d850b4a1ec3d07a","VN_1719","Sân Bóng Tân Thành (Sân Bóng Gia Viên)","Định Hoà, Ninh Bình","Bóng đá","Sân Bóng Đá Tân Thành","Sân Bóng Tân Thành, Xã Lưu Phương, Huyện Kim Sơn, Tỉnh Ninh Bình","Bóng đá","https://diadiem247.com/ninh-binh/san-bong-da-tan-thanh-l371448.html","2026-10-03T08:29:27.958Z","300000","500000","","court_unknown_duration","","","price_range_only","approximate","1","0.5","Giá dịch vụ : 300.000 - 500.000 VND"
"269400b261599812","VN_1732","Sân cầu lông Nghĩa Dũng","101 Nguyễn Thiếp, P. Diên Hồng, Gia Lai","Cầu lông","Sân cầu lông Nghĩa Dũng: Đánh giá chi tiết không gian và dịch vụ tại sân"," 101 Nguyễn Thiếp, Diên Hồng, Gia Lai","Cầu lông","https://shopvnb.com/san-cau-long-nghia-dung.html","2026-10-03T08:23:18.319Z","70000","70000","60","court_hour","","","price_only","approximate","1","1","Mức giá thuê tại sân cầu lông Nghĩa Dũng Gia Lai hiện dao động ở mức 70.000 đồng/giờ/sân"
